color,word,pos,flavors,per_1000,z,作成日
白,者,名詞,275,83.87,2.63,2026-10-01
白,光,名詞,128,39.04,11.81,2026-10-01
白,守る,動詞,124,37.82,10.16,2026-10-01
白,力,名詞,106,32.33,-0.42,2026-10-01
白,手,名詞,95,28.97,1.55,2026-10-01
白,立つ,動詞,92,28.06,4.42,2026-10-01
白,自分,名詞,87,26.53,-1.25,2026-10-01
白,思う,動詞,86,26.23,-0.7,2026-10-01
白,世界,名詞,84,25.62,-0.76,2026-10-01
白,持つ,動詞,82,25.01,0.52,2026-10-01
白,知る,動詞,81,24.7,-1.68,2026-10-01
白,敵,名詞,80,24.4,3.93,2026-10-01
白,与える,動詞,80,24.4,4.46,2026-10-01
白,剣,名詞,77,23.48,7.75,2026-10-01
白,空,名詞,74,22.57,3.87,2026-10-01
白,必要,名詞,73,22.26,1.91,2026-10-01
白,戦う,動詞,72,21.96,5.34,2026-10-01
白,心,名詞,72,21.96,2.59,2026-10-01
白,取る,動詞,72,21.96,0.39,2026-10-01
白,太陽,名詞,70,21.35,6.7,2026-10-01
白,天使,名詞,70,21.35,9.59,2026-10-01
白,神,名詞,69,21.04,1.78,2026-10-01
白,魂,名詞,67,20.43,3.7,2026-10-01
白,死,名詞,66,20.13,-2.2,2026-10-01
白,生きる,動詞,65,19.82,0.69,2026-10-01
白,前,名詞,61,18.6,0.63,2026-10-01
白,言う,動詞,61,18.6,-0.44,2026-10-01
白,今,名詞,60,18.3,-0.06,2026-10-01
白,戦い,名詞,59,17.99,4.62,2026-10-01
白,目,名詞,59,17.99,-0.97,2026-10-01
白,最も,副詞,58,17.69,0.68,2026-10-01
白,武器,名詞,57,17.38,3.46,2026-10-01
白,刃,名詞,55,16.77,5.55,2026-10-01
白,場所,名詞,54,16.47,0.04,2026-10-01
白,とる,動詞,51,15.55,-1.16,2026-10-01
白,地,名詞,50,15.25,-0.64,2026-10-01
白,後,名詞,50,15.25,0.67,2026-10-01
白,強い,形容詞,49,14.94,0.99,2026-10-01
白,闇,名詞,49,14.94,2.88,2026-10-01
白,受ける,動詞,49,14.94,1.69,2026-10-01
白,騎士,名詞,49,14.94,6.83,2026-10-01
白,人々,名詞,49,14.94,4.32,2026-10-01
白,道,名詞,48,14.64,0.67,2026-10-01
白,希望,名詞,48,14.64,6.35,2026-10-01
白,呼ぶ,動詞,47,14.33,-0.39,2026-10-01
白,残る,動詞,46,14.03,0.22,2026-10-01
白,間,名詞,46,14.03,-0.03,2026-10-01
白,身,名詞,44,13.42,1.94,2026-10-01
白,戦争,名詞,44,13.42,3.32,2026-10-01
白,戦士,名詞,44,13.42,3.38,2026-10-01
白,飛ぶ,動詞,43,13.11,1.43,2026-10-01
白,気,名詞,43,13.11,-0.1,2026-10-01
白,命,名詞,43,13.11,0.66,2026-10-01
白,王,名詞,42,12.81,2.54,2026-10-01
白,死ぬ,動詞,42,12.81,-1.82,2026-10-01
白,翼,名詞,40,12.2,5.14,2026-10-01
白,群れ,名詞,40,12.2,2.83,2026-10-01
白,日,名詞,40,12.2,2.24,2026-10-01
白,正義,名詞,39,11.89,7.46,2026-10-01
白,求める,動詞,39,11.89,-0.99,2026-10-01
白,他,名詞,39,11.89,-0.28,2026-10-01
白,奴,名詞,39,11.89,-0.75,2026-10-01
白,引く,動詞,39,11.89,-1.69,2026-10-01
白,祝福,名詞,38,11.59,5.13,2026-10-01
白,入れる,動詞,38,11.59,0.08,2026-10-01
白,信仰,名詞,38,11.59,6.96,2026-10-01
白,多く,名詞,37,11.28,0.56,2026-10-01
白,盾,名詞,37,11.28,6.83,2026-10-01
白,兵士,名詞,37,11.28,5.67,2026-10-01
白,姿,名詞,37,11.28,1.14,2026-10-01
白,下,名詞,36,10.98,2.04,2026-10-01
白,仲間,名詞,36,10.98,2.61,2026-10-01
白,どう,副詞,36,10.98,-1.02,2026-10-01
白,もたらす,動詞,36,10.98,1.32,2026-10-01
白,上,名詞,35,10.67,1.26,2026-10-01
白,追う,動詞,35,10.67,-0.43,2026-10-01
白,失う,動詞,35,10.67,0.43,2026-10-01
白,神々,名詞,35,10.67,5.12,2026-10-01
白,対する,動詞,35,10.67,1.21,2026-10-01
白,変わる,動詞,35,10.67,2.27,2026-10-01
白,一人,名詞,35,10.67,2.21,2026-10-01
白,向かう,動詞,35,10.67,3.05,2026-10-01
白,存在,名詞,34,10.37,-0.73,2026-10-01
白,導く,動詞,34,10.37,5.37,2026-10-01
白,英雄,名詞,34,10.37,5.2,2026-10-01
白,風,名詞,34,10.37,1.67,2026-10-01
白,名誉,名詞,33,10.06,6.05,2026-10-01
白,最後,名詞,33,10.06,-0.09,2026-10-01
白,平和,名詞,33,10.06,5.21,2026-10-01
白,栄光,名詞,33,10.06,4.56,2026-10-01
白,戦場,名詞,33,10.06,3.87,2026-10-01
白,勇気,名詞,33,10.06,6.13,2026-10-01
白,出る,動詞,33,10.06,-1.19,2026-10-01
白,そう,副詞,33,10.06,-2.04,2026-10-01
白,恐怖,名詞,33,10.06,-0.25,2026-10-01
白,血,名詞,32,9.76,-3.2,2026-10-01
白,人,名詞,32,9.76,1.94,2026-10-01
白,止める,動詞,32,9.76,1.08,2026-10-01
白,自身,名詞,32,9.76,-0.03,2026-10-01
白,勝利,名詞,31,9.45,2.56,2026-10-01
白,高い,形容詞,31,9.45,1.49,2026-10-01
白,魔法,名詞,31,9.45,-0.98,2026-10-01
白,見つける,動詞,30,9.15,-1.13,2026-10-01
白,教える,動詞,30,9.15,2.26,2026-10-01
白,自ら,名詞,30,9.15,0.85,2026-10-01
白,残す,動詞,30,9.15,1.66,2026-10-01
白,共,名詞,30,9.15,1.27,2026-10-01
白,方,名詞,30,9.15,-1.16,2026-10-01
白,かつて,副詞,30,9.15,-0.79,2026-10-01
白,生まれる,動詞,29,8.84,0.02,2026-10-01
白,使う,動詞,29,8.84,-0.25,2026-10-01
白,言葉,名詞,29,8.84,0.73,2026-10-01
白,レオニン,名詞,29,8.84,5.9,2026-10-01
白,恐れる,動詞,29,8.84,0.58,2026-10-01
白,石,名詞,28,8.54,1.48,2026-10-01
白,戻す,動詞,28,8.54,2.77,2026-10-01
白,もう,副詞,28,8.54,-2.26,2026-10-01
白,物,名詞,27,8.23,-2.27,2026-10-01
白,音,名詞,27,8.23,-1.82,2026-10-01
白,わけ,名詞,27,8.23,-1.1,2026-10-01
白,消える,動詞,27,8.23,0.8,2026-10-01
白,常,名詞,27,8.23,1.02,2026-10-01
白,長い,形容詞,27,8.23,-0.09,2026-10-01
白,忠誠,名詞,27,8.23,4.89,2026-10-01
白,鍛える,動詞,26,7.93,4.25,2026-10-01
白,選ぶ,動詞,26,7.93,2.12,2026-10-01
白,影,名詞,26,7.93,0.21,2026-10-01
白,落ちる,動詞,26,7.93,0.07,2026-10-01
白,最初,名詞,26,7.93,0.36,2026-10-01
白,都市,名詞,25,7.62,1.29,2026-10-01
白,民,名詞,25,7.62,3.7,2026-10-01
白,ところ,名詞,25,7.62,-1.49,2026-10-01
白,再び,副詞,25,7.62,1.86,2026-10-01
白,見える,動詞,25,7.62,-1.3,2026-10-01
白,軍,名詞,25,7.62,3.88,2026-10-01
白,すぐ,副詞,25,7.62,0.44,2026-10-01
白,望む,動詞,25,7.62,1.17,2026-10-01
白,しれる,動詞,25,7.62,0.82,2026-10-01
白,声,名詞,25,7.62,-0.29,2026-10-01
白,信ずる,動詞,25,7.62,2.35,2026-10-01
白,わかる,動詞,25,7.62,-1.18,2026-10-01
白,学ぶ,動詞,25,7.62,-0.1,2026-10-01
白,真,名詞,25,7.62,1.11,2026-10-01
白,人間,名詞,25,7.62,-0.86,2026-10-01
白,まま,名詞,25,7.62,0.44,2026-10-01
白,生命,名詞,25,7.62,-2.28,2026-10-01
白,意味,名詞,25,7.62,0.66,2026-10-01
白,体,名詞,25,7.62,-0.52,2026-10-01
白,アヴァシン,名詞,25,7.62,4.82,2026-10-01
白,輝く,動詞,24,7.32,3.51,2026-10-01
白,永遠,名詞,24,7.32,-1.42,2026-10-01
白,とも,名詞,24,7.32,2.08,2026-10-01
白,素早い,形容詞,24,7.32,3.08,2026-10-01
白,時間,名詞,24,7.32,-2.16,2026-10-01
白,魔道,名詞,24,7.32,-1.82,2026-10-01
白,また,副詞,24,7.32,-0.04,2026-10-01
白,作る,動詞,24,7.32,-2.42,2026-10-01
白,夜,名詞,24,7.32,-0.14,2026-10-01
白,訓練,名詞,24,7.32,3.78,2026-10-01
白,殺す,動詞,24,7.32,-0.77,2026-10-01
白,救う,動詞,24,7.32,3.25,2026-10-01
白,法,名詞,24,7.32,3.25,2026-10-01
白,霊,名詞,24,7.32,1.8,2026-10-01
白,倒す,動詞,24,7.32,1.6,2026-10-01
白,度,名詞,23,7.01,-0.12,2026-10-01
白,捨てる,動詞,23,7.01,1.21,2026-10-01
白,僧侶,名詞,23,7.01,5.24,2026-10-01
白,安全,名詞,23,7.01,0.56,2026-10-01
白,ギデオン,名詞,23,7.01,5.33,2026-10-01
白,火,名詞,23,7.01,-3.12,2026-10-01
白,相手,名詞,22,6.71,-0.0,2026-10-01
白,皆,名詞,22,6.71,1.68,2026-10-01
白,入る,動詞,22,6.71,-1.44,2026-10-01
白,聞く,動詞,22,6.71,-1.63,2026-10-01
白,張る,動詞,22,6.71,0.48,2026-10-01
白,名,名詞,22,6.71,1.08,2026-10-01
白,つく,動詞,22,6.71,0.21,2026-10-01
白,罪,名詞,21,6.4,3.74,2026-10-01
白,上がる,動詞,21,6.4,-0.39,2026-10-01
白,勝つ,動詞,21,6.4,2.38,2026-10-01
白,巨人,名詞,21,6.4,0.94,2026-10-01
白,もつ,動詞,21,6.4,3.45,2026-10-01
白,現れる,動詞,21,6.4,0.51,2026-10-01
白,鋼,名詞,21,6.4,2.89,2026-10-01
白,攻撃,名詞,21,6.4,1.2,2026-10-01
白,戻る,動詞,21,6.4,-0.29,2026-10-01
白,待つ,動詞,21,6.4,-1.64,2026-10-01
白,以上,名詞,21,6.4,-0.04,2026-10-01
白,キスキン,名詞,21,6.4,4.47,2026-10-01
白,事,名詞,21,6.4,1.33,2026-10-01
白,獣,名詞,21,6.4,0.69,2026-10-01
白,打つ,動詞,20,6.1,-0.07,2026-10-01
白,エルドラージ,名詞,20,6.1,1.55,2026-10-01
白,考える,動詞,20,6.1,-2.06,2026-10-01
白,月,名詞,20,6.1,0.99,2026-10-01
白,故郷,名詞,20,6.1,2.0,2026-10-01
白,嵐,名詞,20,6.1,-1.13,2026-10-01
白,夜明け,名詞,20,6.1,5.0,2026-10-01
白,兵,名詞,20,6.1,2.5,2026-10-01
白,戦,名詞,20,6.1,1.69,2026-10-01
白,まだ,副詞,20,6.1,-0.28,2026-10-01
白,黄金,名詞,20,6.1,3.04,2026-10-01
白,真実,名詞,20,6.1,1.69,2026-10-01
白,龍,名詞,20,6.1,1.26,2026-10-01
白,怒り,名詞,19,5.79,-2.63,2026-10-01
白,未来,名詞,19,5.79,-0.22,2026-10-01
白,自由,名詞,19,5.79,0.78,2026-10-01
白,口,名詞,19,5.79,0.17,2026-10-01
白,許す,動詞,19,5.79,2.82,2026-10-01
白,運命,名詞,19,5.79,-0.05,2026-10-01
白,家族,名詞,19,5.79,2.92,2026-10-01
白,頭,名詞,19,5.79,-1.55,2026-10-01
白,先,名詞,19,5.79,-0.86,2026-10-01
白,大きい,形容詞,19,5.79,-0.95,2026-10-01
白,示す,動詞,19,5.79,1.55,2026-10-01
白,決して,副詞,19,5.79,1.05,2026-10-01
白,探す,動詞,19,5.79,-1.55,2026-10-01
白,歴史,名詞,19,5.79,3.01,2026-10-01
白,矢,名詞,19,5.79,1.7,2026-10-01
白,鋭い,形容詞,19,5.79,2.54,2026-10-01
白,家,名詞,19,5.79,2.92,2026-10-01
白,ただ,副詞,19,5.79,0.06,2026-10-01
白,壁,名詞,19,5.79,1.94,2026-10-01
白,落とす,動詞,19,5.79,1.26,2026-10-01
白,最高,名詞,19,5.79,0.0,2026-10-01
白,ラヴニカ,名詞,19,5.79,0.65,2026-10-01
白,全て,名詞,19,5.79,0.35,2026-10-01
白,瞬間,名詞,19,5.79,1.33,2026-10-01
白,怪物,名詞,19,5.79,-0.52,2026-10-01
白,旅,名詞,19,5.79,1.4,2026-10-01
白,歩く,動詞,19,5.79,0.72,2026-10-01
白,肉体,名詞,18,5.49,-0.26,2026-10-01
白,祈り,名詞,18,5.49,3.96,2026-10-01
白,国,名詞,18,5.49,0.76,2026-10-01
白,傷,名詞,18,5.49,2.59,2026-10-01
白,炎,名詞,18,5.49,-4.31,2026-10-01
白,踏む,動詞,18,5.49,0.14,2026-10-01
白,鎧,名詞,18,5.49,1.97,2026-10-01
白,危険,名詞,18,5.49,-3.11,2026-10-01
白,身体,名詞,18,5.49,1.48,2026-10-01
白,耳,名詞,18,5.49,-0.26,2026-10-01
白,離れる,動詞,18,5.49,1.26,2026-10-01
白,破壊,名詞,18,5.49,-2.55,2026-10-01
白,仕事,名詞,18,5.49,-0.52,2026-10-01
白,眠り,名詞,18,5.49,2.05,2026-10-01
白,息,名詞,18,5.49,-0.42,2026-10-01
白,舞う,動詞,18,5.49,4.3,2026-10-01
白,消す,動詞,18,5.49,1.26,2026-10-01
白,届く,動詞,18,5.49,1.04,2026-10-01
白,立てる,動詞,18,5.49,-0.91,2026-10-01
白,会,名詞,18,5.49,1.26,2026-10-01
白,時代,名詞,18,5.49,1.04,2026-10-01
白,分かる,動詞,18,5.49,0.38,2026-10-01
白,眠る,動詞,18,5.49,0.7,2026-10-01
白,邪悪,名詞,17,5.18,1.1,2026-10-01
白,従う,動詞,17,5.18,0.16,2026-10-01
白,過去,名詞,17,5.18,0.48,2026-10-01
白,もっと,副詞,17,5.18,-0.19,2026-10-01
白,進む,動詞,17,5.18,0.1,2026-10-01
白,変える,動詞,17,5.18,-0.77,2026-10-01
白,隠れる,動詞,17,5.18,1.41,2026-10-01
白,必ず,副詞,17,5.18,1.74,2026-10-01
白,物語,名詞,17,5.18,1.99,2026-10-01
白,子,名詞,17,5.18,0.23,2026-10-01
白,槍,名詞,17,5.18,1.74,2026-10-01
白,さらに,副詞,17,5.18,0.82,2026-10-01
白,機械,名詞,17,5.18,0.48,2026-10-01
白,星,名詞,17,5.18,1.49,2026-10-01
白,雲,名詞,17,5.18,0.54,2026-10-01
白,思考,名詞,17,5.18,0.89,2026-10-01
白,方法,名詞,17,5.18,0.1,2026-10-01
白,狩り,名詞,17,5.18,0.1,2026-10-01
白,運ぶ,動詞,16,4.88,1.93,2026-10-01
白,ずっと,副詞,16,4.88,-0.34,2026-10-01
白,勇者,名詞,16,4.88,3.62,2026-10-01
白,ベナリア,名詞,16,4.88,4.51,2026-10-01
白,刻む,動詞,16,4.88,2.12,2026-10-01
白,向ける,動詞,16,4.88,0.87,2026-10-01
白,やつ,名詞,16,4.88,-1.3,2026-10-01
白,話,名詞,16,4.88,-0.82,2026-10-01
白,一部,名詞,16,4.88,0.39,2026-10-01
白,信念,名詞,16,4.88,4.77,2026-10-01
白,込める,動詞,16,4.88,0.73,2026-10-01
白,癒す,動詞,16,4.88,3.62,2026-10-01
白,連れる,動詞,16,4.88,1.93,2026-10-01
白,山,名詞,16,4.88,-0.82,2026-10-01
白,越える,動詞,16,4.88,0.95,2026-10-01
白,深い,形容詞,16,4.88,-2.26,2026-10-01
白,輝き,名詞,16,4.88,4.11,2026-10-01
白,みんな,名詞,16,4.88,2.41,2026-10-01
白,昇る,動詞,16,4.88,3.62,2026-10-01
白,逃げる,動詞,16,4.88,-2.26,2026-10-01
白,うち,名詞,16,4.88,0.59,2026-10-01
白,互い,名詞,16,4.88,1.58,2026-10-01
白,少ない,形容詞,16,4.88,-0.11,2026-10-01
白,王国,名詞,16,4.88,2.94,2026-10-01
白,歌う,動詞,15,4.57,1.51,2026-10-01
白,夢,名詞,15,4.57,-1.83,2026-10-01
白,帰る,動詞,15,4.57,2.27,2026-10-01
白,悪,名詞,15,4.57,4.36,2026-10-01
白,目的,名詞,15,4.57,0.78,2026-10-01
白,ほとんど,名詞,15,4.57,-0.97,2026-10-01
白,定命,名詞,15,4.57,0.64,2026-10-01
白,払う,動詞,15,4.57,-0.15,2026-10-01
白,限り,名詞,15,4.57,1.97,2026-10-01
白,守護,名詞,15,4.57,2.91,2026-10-01
白,あと,名詞,15,4.57,0.49,2026-10-01
白,歩む,動詞,15,4.57,3.03,2026-10-01
白,数,名詞,15,4.57,-0.33,2026-10-01
白,誓う,動詞,15,4.57,3.15,2026-10-01
白,重い,形容詞,15,4.57,2.91,2026-10-01
白,襲う,動詞,15,4.57,-0.77,2026-10-01
白,戦闘,名詞,15,4.57,1.25,2026-10-01
白,乗る,動詞,15,4.57,-0.09,2026-10-01
白,捧げる,動詞,15,4.57,2.07,2026-10-01
白,友,名詞,15,4.57,2.27,2026-10-01
白,おく,動詞,15,4.57,0.64,2026-10-01
白,糸,名詞,15,4.57,2.16,2026-10-01
白,門,名詞,15,4.57,2.69,2026-10-01
白,顔,名詞,14,4.27,-1.18,2026-10-01
白,ドラゴン,名詞,14,4.27,-2.05,2026-10-01
白,侵略,名詞,14,4.27,1.71,2026-10-01
白,昔,名詞,14,4.27,0.19,2026-10-01
白,成す,動詞,14,4.27,0.54,2026-10-01
白,今日,名詞,14,4.27,0.47,2026-10-01
白,感ずる,動詞,14,4.27,-0.44,2026-10-01
白,エルズペス,名詞,14,4.27,4.03,2026-10-01
白,いつも,名詞,14,4.27,0.85,2026-10-01
白,突く,動詞,14,4.27,0.19,2026-10-01
白,破る,動詞,14,4.27,1.26,2026-10-01
白,腕,名詞,14,4.27,0.69,2026-10-01
白,まず,副詞,14,4.27,1.01,2026-10-01
白,セラ,名詞,14,4.27,4.44,2026-10-01
白,終わり,名詞,14,4.27,-0.32,2026-10-01
白,奪う,動詞,14,4.27,-1.13,2026-10-01
白,羽,名詞,14,4.27,4.03,2026-10-01
白,狩る,動詞,14,4.27,1.62,2026-10-01
白,一撃,名詞,14,4.27,3.02,2026-10-01
白,理由,名詞,14,4.27,0.4,2026-10-01
白,通る,動詞,14,4.27,0.54,2026-10-01
白,悪い,形容詞,14,4.27,-1.97,2026-10-01
白,より,副詞,14,4.27,-0.83,2026-10-01
白,年,名詞,14,4.27,-2.13,2026-10-01
白,街,名詞,14,4.27,0.85,2026-10-01
白,起こす,動詞,14,4.27,-1.03,2026-10-01
白,行動,名詞,14,4.27,2.22,2026-10-01
白,目覚める,動詞,14,4.27,-0.32,2026-10-01
白,なぜ,副詞,14,4.27,0.19,2026-10-01
白,探検,名詞,14,4.27,0.69,2026-10-01
白,もと,名詞,14,4.27,3.39,2026-10-01
白,帝国,名詞,14,4.27,1.43,2026-10-01
白,燃える,動詞,13,3.96,-2.73,2026-10-01
白,応える,動詞,13,3.96,1.64,2026-10-01
白,一度,名詞,13,3.96,-1.2,2026-10-01
白,恐ろしい,形容詞,13,3.96,-2.42,2026-10-01
白,まるで,副詞,13,3.96,0.08,2026-10-01
白,世代,名詞,13,3.96,1.17,2026-10-01
白,蹄,名詞,13,3.96,3.67,2026-10-01
白,喜ぶ,動詞,13,3.96,1.17,2026-10-01
白,延びる,動詞,13,3.96,0.44,2026-10-01
白,よく,副詞,13,3.96,-1.2,2026-10-01
白,バント,名詞,13,3.96,4.16,2026-10-01
白,閉じる,動詞,13,3.96,0.83,2026-10-01
白,死す,動詞,13,3.96,1.85,2026-10-01
白,復讐,名詞,13,3.96,-0.25,2026-10-01
白,意思,名詞,13,3.96,1.64,2026-10-01
白,結ぶ,動詞,13,3.96,2.39,2026-10-01
白,たとえ,副詞,13,3.96,1.85,2026-10-01
白,備える,動詞,13,3.96,1.64,2026-10-01
白,オーリオック,名詞,13,3.96,1.59,2026-10-01
白,砦,名詞,13,3.96,2.63,2026-10-01
白,価値,名詞,13,3.96,0.22,2026-10-01
白,狩人,名詞,13,3.96,0.22,2026-10-01
白,秩序,名詞,13,3.96,3.01,2026-10-01
白,爪,名詞,13,3.96,-0.12,2026-10-01
白,振る,動詞,13,3.96,1.09,2026-10-01
白,軍勢,名詞,13,3.96,2.63,2026-10-01
白,着く,動詞,13,3.96,0.52,2026-10-01
白,部隊,名詞,13,3.96,3.14,2026-10-01
白,獲物,名詞,13,3.96,-2.8,2026-10-01
白,ギルド,名詞,13,3.96,1.09,2026-10-01
白,死者,名詞,13,3.96,-2.0,2026-10-01
白,精神,名詞,13,3.96,-2.77,2026-10-01
白,次,名詞,13,3.96,-1.66,2026-10-01
白,吸血,名詞,13,3.96,-1.53,2026-10-01
白,アブザン,名詞,13,3.96,2.28,2026-10-01
白,ドロモカ,名詞,13,3.96,3.53,2026-10-01
白,感じる,動詞,12,3.66,-0.03,2026-10-01
白,意志,名詞,12,3.66,-0.84,2026-10-01
白,返す,動詞,12,3.66,-1.31,2026-10-01
白,歌,名詞,12,3.66,-0.1,2026-10-01
白,裂く,動詞,12,3.66,0.26,2026-10-01
白,祈る,動詞,12,3.66,2.0,2026-10-01
白,贈り物,名詞,12,3.66,1.18,2026-10-01
白,開く,動詞,12,3.66,-1.26,2026-10-01
白,聞こえる,動詞,12,3.66,-1.21,2026-10-01
白,素晴らしい,形容詞,12,3.66,0.11,2026-10-01
白,誓い,名詞,12,3.66,3.56,2026-10-01
白,脅かす,動詞,12,3.66,2.48,2026-10-01
白,決める,動詞,12,3.66,-0.1,2026-10-01
白,訪れる,動詞,12,3.66,0.49,2026-10-01
白,投げる,動詞,12,3.66,0.26,2026-10-01
白,足,名詞,12,3.66,-0.89,2026-10-01
白,恐れ,名詞,12,3.66,2.0,2026-10-01
白,行い,名詞,12,3.66,3.56,2026-10-01
白,浄化,名詞,12,3.66,3.0,2026-10-01
白,ノーン,名詞,12,3.66,3.95,2026-10-01
白,流す,動詞,12,3.66,0.57,2026-10-01
白,新しい,形容詞,12,3.66,-1.46,2026-10-01
白,荒野,名詞,12,3.66,2.24,2026-10-01
白,一族,名詞,12,3.66,1.78,2026-10-01
白,全員,名詞,12,3.66,-0.03,2026-10-01
白,本能,名詞,12,3.66,1.68,2026-10-01
白,鳥,名詞,12,3.66,0.91,2026-10-01
白,最大,名詞,12,3.66,-0.16,2026-10-01
白,放つ,動詞,12,3.66,-2.23,2026-10-01
白,準備,名詞,12,3.66,1.18,2026-10-01
白,喜び,名詞,12,3.66,2.0,2026-10-01
白,寄せる,動詞,12,3.66,-0.72,2026-10-01
白,崩れる,動詞,12,3.66,1.18,2026-10-01
白,馬,名詞,12,3.66,2.12,2026-10-01
白,エルフ,名詞,12,3.66,-3.79,2026-10-01
白,光る,動詞,12,3.66,1.09,2026-10-01
白,一緒,名詞,12,3.66,1.37,2026-10-01
白,教会,名詞,12,3.66,2.36,2026-10-01
白,ゼンディカー,名詞,12,3.66,-0.78,2026-10-01
白,上空,名詞,12,3.66,3.14,2026-10-01
白,なし,名詞,12,3.66,0.33,2026-10-01
白,領事,名詞,12,3.66,1.37,2026-10-01
白,府,名詞,12,3.66,1.68,2026-10-01
白,天,名詞,11,3.35,3.01,2026-10-01
白,覚える,動詞,11,3.35,-1.43,2026-10-01
白,悲しい,形容詞,11,3.35,0.55,2026-10-01
白,ヘリオッド,名詞,11,3.35,3.96,2026-10-01
白,侵入,名詞,11,3.35,-0.42,2026-10-01
白,縛る,動詞,11,3.35,0.46,2026-10-01
白,耐える,動詞,11,3.35,-0.0,2026-10-01
白,精霊,名詞,11,3.35,-0.28,2026-10-01
白,ふさわしい,形容詞,11,3.35,2.32,2026-10-01
白,指揮,名詞,11,3.35,3.3,2026-10-01
白,迎える,動詞,11,3.35,-0.48,2026-10-01
白,失敗,名詞,11,3.35,-0.85,2026-10-01
白,遊牧,名詞,11,3.35,3.72,2026-10-01
白,静寂,名詞,11,3.35,2.58,2026-10-01
白,理想,名詞,11,3.35,1.95,2026-10-01
白,神聖,名詞,11,3.35,2.32,2026-10-01
白,通り,名詞,11,3.35,-1.43,2026-10-01
白,古代,名詞,11,3.35,-0.22,2026-10-01
白,愛,名詞,11,3.35,1.83,2026-10-01
白,誇り,名詞,11,3.35,1.29,2026-10-01
白,語る,動詞,11,3.35,-0.35,2026-10-01
白,一番,名詞,11,3.35,-2.06,2026-10-01
白,はず,名詞,11,3.35,-1.53,2026-10-01
白,呪文,名詞,11,3.35,-2.42,2026-10-01
白,場,名詞,11,3.35,0.81,2026-10-01
白,それぞれ,名詞,11,3.35,1.83,2026-10-01
白,倒れる,動詞,11,3.35,1.72,2026-10-01
白,解く,動詞,11,3.35,-0.85,2026-10-01
白,満ちる,動詞,11,3.35,-1.12,2026-10-01
白,骨,名詞,11,3.35,-2.9,2026-10-01
白,一瞬,名詞,11,3.35,0.46,2026-10-01
白,おかげ,名詞,11,3.35,2.19,2026-10-01
白,隠す,動詞,11,3.35,-1.23,2026-10-01
白,日々,名詞,11,3.35,2.19,2026-10-01
白,唯一,名詞,11,3.35,1.19,2026-10-01
白,脅威,名詞,11,3.35,0.38,2026-10-01
白,飛行,名詞,11,3.35,1.5,2026-10-01
白,主,名詞,11,3.35,-0.22,2026-10-01
白,送る,動詞,11,3.35,-0.35,2026-10-01
白,宇宙,名詞,11,3.35,-0.15,2026-10-01
白,霊気,名詞,11,3.35,0.55,2026-10-01
白,分ける,動詞,10,3.05,-0.2,2026-10-01
白,国家,名詞,10,3.05,3.6,2026-10-01
白,道具,名詞,10,3.05,0.99,2026-10-01
白,生,名詞,10,3.05,-1.25,2026-10-01
白,響く,動詞,10,3.05,-0.86,2026-10-01
白,振るう,動詞,10,3.05,3.71,2026-10-01
白,問題,名詞,10,3.05,-0.97,2026-10-01
白,刈る,動詞,10,3.05,3.6,2026-10-01
白,焼く,動詞,10,3.05,-1.3,2026-10-01
白,多い,形容詞,10,3.05,-1.25,2026-10-01
白,知恵,名詞,10,3.05,-0.92,2026-10-01
白,斧,名詞,10,3.05,1.42,2026-10-01
白,任務,名詞,10,3.05,3.17,2026-10-01
白,術,名詞,10,3.05,-1.75,2026-10-01
白,印,名詞,10,3.05,2.29,2026-10-01
白,生存,名詞,10,3.05,1.53,2026-10-01
白,触れる,動詞,10,3.05,-1.03,2026-10-01
白,みな,名詞,10,3.05,1.09,2026-10-01
白,満たす,動詞,10,3.05,-0.73,2026-10-01
白,砕ける,動詞,10,3.05,1.3,2026-10-01
白,動く,動詞,10,3.05,-1.88,2026-10-01
白,慈悲,名詞,10,3.05,0.89,2026-10-01
白,犠牲,名詞,10,3.05,-2.06,2026-10-01
白,ミラディン,名詞,10,3.05,-0.54,2026-10-01
白,番,名詞,10,3.05,0.8,2026-10-01
白,押す,動詞,10,3.05,-0.54,2026-10-01
白,敬意,名詞,10,3.05,2.87,2026-10-01
白,降りる,動詞,10,3.05,2.72,2026-10-01
白,巣,名詞,10,3.05,-0.73,2026-10-01
白,護衛,名詞,10,3.05,2.02,2026-10-01
白,アゾリウス,名詞,10,3.05,1.89,2026-10-01
白,信頼,名詞,10,3.05,2.15,2026-10-01
白,胸,名詞,10,3.05,1.77,2026-10-01
白,癒し,名詞,10,3.05,3.6,2026-10-01
白,分,名詞,10,3.05,-0.41,2026-10-01
白,食べる,動詞,10,3.05,-1.56,2026-10-01
白,銀,名詞,10,3.05,2.72,2026-10-01
白,ついに,副詞,10,3.05,0.61,2026-10-01
白,近く,名詞,10,3.05,0.02,2026-10-01
白,ゆえ,名詞,10,3.05,1.89,2026-10-01
白,調和,名詞,10,3.05,1.3,2026-10-01
白,アジャニ,名詞,10,3.05,3.32,2026-10-01
白,ドワーフ,名詞,10,3.05,1.09,2026-10-01
白,値,名詞,10,3.05,1.65,2026-10-01
白,連中,名詞,10,3.05,0.35,2026-10-01
白,女王,名詞,10,3.05,0.8,2026-10-01
白,生徒,名詞,10,3.05,-0.05,2026-10-01
白,氏族,名詞,10,3.05,2.29,2026-10-01
白,弱い,形容詞,9,2.74,-0.02,2026-10-01
白,美しい,形容詞,9,2.74,-1.78,2026-10-01
白,完璧,名詞,9,2.74,-1.54,2026-10-01
白,癒し手,名詞,9,2.74,2.88,2026-10-01
白,空気,名詞,9,2.74,1.33,2026-10-01
白,驚く,動詞,9,2.74,0.4,2026-10-01
白,初めて,副詞,9,2.74,0.4,2026-10-01
白,子供,名詞,9,2.74,0.22,2026-10-01
白,大地,名詞,9,2.74,-3.04,2026-10-01
白,走る,動詞,9,2.74,-1.33,2026-10-01
白,近づく,動詞,9,2.74,-0.68,2026-10-01
白,食う,動詞,9,2.74,-2.14,2026-10-01
白,限る,動詞,9,2.74,0.31,2026-10-01
白,形,名詞,9,2.74,-1.69,2026-10-01
白,正しい,形容詞,9,2.74,0.06,2026-10-01
白,集う,動詞,9,2.74,3.57,2026-10-01
白,除く,動詞,9,2.74,1.7,2026-10-01
白,放浪,名詞,9,2.74,1.57,2026-10-01
白,エリシュ,名詞,9,2.74,3.57,2026-10-01
白,記憶,名詞,9,2.74,-2.57,2026-10-01
白,生き物,名詞,9,2.74,-2.34,2026-10-01
白,注ぐ,動詞,9,2.74,2.72,2026-10-01
白,優れる,動詞,9,2.74,1.45,2026-10-01
白,塵,名詞,9,2.74,2.41,2026-10-01
白,崇拝,名詞,9,2.74,1.45,2026-10-01
白,守り,名詞,9,2.74,0.14,2026-10-01
白,要塞,名詞,9,2.74,1.45,2026-10-01
白,避ける,動詞,9,2.74,0.14,2026-10-01
白,鉄,名詞,9,2.74,-0.18,2026-10-01
白,ロクソドン,名詞,9,2.74,3.57,2026-10-01
白,平原,名詞,9,2.74,3.2,2026-10-01
白,金属,名詞,9,2.74,-0.33,2026-10-01
白,心臓,名詞,9,2.74,-0.02,2026-10-01
白,止まる,動詞,9,2.74,0.89,2026-10-01
白,起こる,動詞,9,2.74,-1.16,2026-10-01
白,内,名詞,9,2.74,0.59,2026-10-01
白,解放,名詞,9,2.74,0.49,2026-10-01
白,大義,名詞,9,2.74,3.57,2026-10-01
白,狐,名詞,9,2.74,3.57,2026-10-01
白,影響,名詞,9,2.74,0.06,2026-10-01
白,義務,名詞,9,2.74,2.72,2026-10-01
白,向く,動詞,9,2.74,1.21,2026-10-01
白,全土,名詞,9,2.74,2.11,2026-10-01
白,流れる,動詞,9,2.74,-1.54,2026-10-01
白,指示,名詞,9,2.74,1.97,2026-10-01
白,防御,名詞,9,2.74,2.11,2026-10-01
白,セレズニア,名詞,9,2.74,2.11,2026-10-01
白,招く,動詞,9,2.74,1.7,2026-10-01
白,オルゾフ,名詞,9,2.74,1.7,2026-10-01
白,経つ,動詞,9,2.74,1.97,2026-10-01
白,貫く,動詞,9,2.74,1.21,2026-10-01
白,集まる,動詞,9,2.74,1.1,2026-10-01
白,超える,動詞,9,2.74,0.78,2026-10-01
白,死後,名詞,9,2.74,1.57,2026-10-01
白,雪,名詞,9,2.74,1.57,2026-10-01
白,統一,名詞,9,2.74,3.57,2026-10-01
白,次第,名詞,9,2.74,0.99,2026-10-01
白,たび,名詞,9,2.74,0.06,2026-10-01
白,外,名詞,9,2.74,0.59,2026-10-01
白,手段,名詞,9,2.74,0.06,2026-10-01
白,もはや,副詞,9,2.74,1.33,2026-10-01
白,逃れる,動詞,9,2.74,-0.26,2026-10-01
白,小村,名詞,9,2.74,3.57,2026-10-01
白,乗り手,名詞,9,2.74,2.41,2026-10-01
白,中心,名詞,9,2.74,1.1,2026-10-01
白,かぎり,名詞,9,2.74,0.89,2026-10-01
白,少し,副詞,9,2.74,-1.64,2026-10-01
白,ワカンダ,名詞,9,2.74,3.04,2026-10-01
白,厳しい,形容詞,9,2.74,1.7,2026-10-01
白,土地,名詞,9,2.74,-0.81,2026-10-01
白,救い,名詞,9,2.74,3.57,2026-10-01
白,面,名詞,9,2.74,0.59,2026-10-01
白,次元,名詞,9,2.74,-1.78,2026-10-01
白,固い,形容詞,9,2.74,1.83,2026-10-01
白,絶望,名詞,9,2.74,1.1,2026-10-01
白,能力,名詞,9,2.74,0.22,2026-10-01
白,多元,名詞,9,2.74,0.06,2026-10-01
白,皇,名詞,9,2.74,2.88,2026-10-01
白,犬,名詞,9,2.74,1.97,2026-10-01
白,スレイベン,名詞,9,2.74,1.57,2026-10-01
白,点,名詞,9,2.74,0.4,2026-10-01
白,授ける,動詞,9,2.74,1.21,2026-10-01
白,角,名詞,9,2.74,0.89,2026-10-01
白,オケチラ,名詞,9,2.74,3.32,2026-10-01
白,信じる,動詞,8,2.44,1.24,2026-10-01
白,仕える,動詞,8,2.44,-0.24,2026-10-01
白,残り,名詞,8,2.44,0.46,2026-10-01
白,咆哮,名詞,8,2.44,1.0,2026-10-01
白,こう,副詞,8,2.44,-0.54,2026-10-01
白,救済,名詞,8,2.44,3.22,2026-10-01
白,自然,名詞,8,2.44,-5.19,2026-10-01
白,過ごす,動詞,8,2.44,1.0,2026-10-01
白,町,名詞,8,2.44,1.64,2026-10-01
白,気づく,動詞,8,2.44,-0.68,2026-10-01
白,技,名詞,8,2.44,-0.24,2026-10-01
白,継ぐ,動詞,8,2.44,1.78,2026-10-01
白,高潔,名詞,8,2.44,1.24,2026-10-01
白,まえ,名詞,8,2.44,1.78,2026-10-01
白,岩,名詞,8,2.44,-0.88,2026-10-01
白,携える,動詞,8,2.44,3.07,2026-10-01
白,砂,名詞,8,2.44,1.64,2026-10-01
白,保護,名詞,8,2.44,1.78,2026-10-01
白,機会,名詞,8,2.44,0.67,2026-10-01
白,絶対,名詞,8,2.44,0.01,2026-10-01
白,墓,名詞,8,2.44,-0.47,2026-10-01
白,覚悟,名詞,8,2.44,1.12,2026-10-01
白,教え,名詞,8,2.44,1.78,2026-10-01
白,結束,名詞,8,2.44,3.34,2026-10-01
白,恩寵,名詞,8,2.44,3.34,2026-10-01
白,理解,名詞,8,2.44,-2.85,2026-10-01
白,負う,動詞,8,2.44,1.37,2026-10-01
白,広がる,動詞,8,2.44,-1.13,2026-10-01
白,武勇,名詞,8,2.44,2.9,2026-10-01
白,助ける,動詞,8,2.44,0.78,2026-10-01
白,暗黒,名詞,8,2.44,1.78,2026-10-01
白,隊長,名詞,8,2.44,1.92,2026-10-01
白,スリヴァー,名詞,8,2.44,0.01,2026-10-01
白,回,名詞,8,2.44,0.78,2026-10-01
白,不浄,名詞,8,2.44,3.07,2026-10-01
白,遠く,名詞,8,2.44,1.24,2026-10-01
白,裁き,名詞,8,2.44,3.22,2026-10-01
白,白,名詞,8,2.44,3.38,2026-10-01
白,達する,動詞,8,2.44,2.08,2026-10-01
白,いま,名詞,8,2.44,0.78,2026-10-01
白,牢獄,名詞,8,2.44,3.38,2026-10-01
白,役,名詞,8,2.44,-1.47,2026-10-01
白,死体,名詞,8,2.44,-2.61,2026-10-01
白,重荷,名詞,8,2.44,3.34,2026-10-01
白,固める,動詞,8,2.44,2.73,2026-10-01
白,吹く,動詞,8,2.44,-1.57,2026-10-01
白,弓,名詞,8,2.44,1.92,2026-10-01
白,独り,名詞,8,2.44,2.73,2026-10-01
白,支配,名詞,8,2.44,-2.53,2026-10-01
白,知識,名詞,8,2.44,-2.92,2026-10-01
白,速い,形容詞,8,2.44,0.37,2026-10-01
白,負ける,動詞,8,2.44,1.12,2026-10-01
白,巡回,名詞,8,2.44,1.5,2026-10-01
白,怖い,形容詞,8,2.44,0.46,2026-10-01
白,助け,名詞,8,2.44,0.09,2026-10-01
白,しっかり,副詞,8,2.44,1.92,2026-10-01
白,つもり,名詞,8,2.44,-0.95,2026-10-01
白,全部,名詞,8,2.44,-0.88,2026-10-01
白,埋める,動詞,8,2.44,-0.08,2026-10-01
白,地平,名詞,8,2.44,2.08,2026-10-01
白,アルガイヴ,名詞,8,2.44,1.24,2026-10-01
白,報告,名詞,8,2.44,2.9,2026-10-01
白,未だ,副詞,8,2.44,1.92,2026-10-01
白,そのまま,名詞,8,2.44,2.9,2026-10-01
白,ドミナリア,名詞,8,2.44,0.09,2026-10-01
白,猫,名詞,8,2.44,1.12,2026-10-01
白,捕らえる,動詞,8,2.44,0.01,2026-10-01
白,たてがみ,名詞,8,2.44,3.38,2026-10-01
白,保つ,動詞,8,2.44,0.89,2026-10-01
白,なくなる,動詞,8,2.44,0.18,2026-10-01
白,犯す,動詞,8,2.44,1.37,2026-10-01
白,征服,名詞,8,2.44,0.01,2026-10-01
白,金,名詞,8,2.44,-0.4,2026-10-01
白,地上,名詞,8,2.44,0.18,2026-10-01
白,組む,動詞,8,2.44,0.46,2026-10-01
白,難しい,形容詞,8,2.44,0.18,2026-10-01
白,迫る,動詞,8,2.44,-0.47,2026-10-01
白,覚ます,動詞,8,2.44,1.64,2026-10-01
白,地面,名詞,8,2.44,-0.68,2026-10-01
白,決意,名詞,8,2.44,2.4,2026-10-01
白,悪魔,名詞,8,2.44,-1.87,2026-10-01
白,間違い,名詞,8,2.44,-0.75,2026-10-01
白,将軍,名詞,8,2.44,1.78,2026-10-01
白,別,名詞,8,2.44,-2.26,2026-10-01
白,遺跡,名詞,8,2.44,1.37,2026-10-01
白,冒険,名詞,8,2.44,0.78,2026-10-01
白,支援,名詞,8,2.44,3.38,2026-10-01
白,築く,動詞,8,2.44,1.64,2026-10-01
白,感,名詞,8,2.44,1.0,2026-10-01
白,包む,動詞,8,2.44,0.57,2026-10-01
白,技術,名詞,8,2.44,-0.47,2026-10-01
白,アクロス,名詞,8,2.44,1.92,2026-10-01
白,陽光,名詞,8,2.44,2.4,2026-10-01
白,生涯,名詞,8,2.44,1.12,2026-10-01
白,シガルダ,名詞,8,2.44,3.38,2026-10-01
白,発明,名詞,8,2.44,-0.32,2026-10-01
白,市民,名詞,8,2.44,2.08,2026-10-01
白,気付く,動詞,8,2.44,0.46,2026-10-01
白,薄暮,名詞,8,2.44,1.78,2026-10-01
白,ファートリ,名詞,8,2.44,2.9,2026-10-01
白,楽しい,形容詞,8,2.44,-0.4,2026-10-01
白,支える,動詞,7,2.13,1.88,2026-10-01
白,陽,名詞,7,2.13,0.65,2026-10-01
白,創造,名詞,7,2.13,-0.55,2026-10-01
白,純潔,名詞,7,2.13,1.16,2026-10-01
白,造る,動詞,7,2.13,1.88,2026-10-01
白,万物,名詞,7,2.13,3.08,2026-10-01
白,数える,動詞,7,2.13,0.43,2026-10-01
白,花,名詞,7,2.13,-0.47,2026-10-01
白,種,名詞,7,2.13,-1.71,2026-10-01
白,小さい,形容詞,7,2.13,-0.55,2026-10-01
白,復活,名詞,7,2.13,1.88,2026-10-01
白,作物,名詞,7,2.13,2.4,2026-10-01
白,集める,動詞,7,2.13,-1.51,2026-10-01
白,分かつ,動詞,7,2.13,1.01,2026-10-01
白,覆う,動詞,7,2.13,-1.28,2026-10-01
白,掲げる,動詞,7,2.13,2.05,2026-10-01
白,照らす,動詞,7,2.13,0.89,2026-10-01
白,気持ち,名詞,7,2.13,0.65,2026-10-01
白,評価,名詞,7,2.13,1.72,2026-10-01
白,経験,名詞,7,2.13,1.14,2026-10-01
白,武装,名詞,7,2.13,2.76,2026-10-01
白,容易い,形容詞,7,2.13,1.28,2026-10-01
白,着る,動詞,7,2.13,2.22,2026-10-01
白,始まる,動詞,7,2.13,-1.71,2026-10-01
白,注意,名詞,7,2.13,-1.39,2026-10-01
白,問う,動詞,7,2.13,1.14,2026-10-01
白,ひるむ,動詞,7,2.13,3.16,2026-10-01
白,生む,動詞,7,2.13,-2.14,2026-10-01
白,忘却,名詞,7,2.13,1.42,2026-10-01
白,地獄,名詞,7,2.13,1.88,2026-10-01
白,優しい,形容詞,7,2.13,0.77,2026-10-01
白,最強,名詞,7,2.13,0.23,2026-10-01
白,現在,名詞,7,2.13,0.13,2026-10-01
白,印章,名詞,7,2.13,3.08,2026-10-01
白,鷲,名詞,7,2.13,3.08,2026-10-01
白,降る,動詞,7,2.13,0.65,2026-10-01
白,賢い,形容詞,7,2.13,0.04,2026-10-01
白,他人,名詞,7,2.13,0.04,2026-10-01
白,挑む,動詞,7,2.13,0.77,2026-10-01
白,祖先,名詞,7,2.13,0.54,2026-10-01
白,事実,名詞,7,2.13,1.28,2026-10-01
白,廃墟,名詞,7,2.13,1.42,2026-10-01
白,大勢,名詞,7,2.13,2.05,2026-10-01
白,現実,名詞,7,2.13,-2.09,2026-10-01
白,生活,名詞,7,2.13,1.28,2026-10-01
白,争い,名詞,7,2.13,0.54,2026-10-01
白,休息,名詞,7,2.13,1.88,2026-10-01
白,薬,名詞,7,2.13,2.4,2026-10-01
白,鳴る,動詞,7,2.13,0.04,2026-10-01
白,管区,名詞,7,2.13,2.22,2026-10-01
白,母,名詞,7,2.13,1.42,2026-10-01
白,近い,形容詞,7,2.13,1.28,2026-10-01
白,つめる,動詞,7,2.13,0.54,2026-10-01
白,神秘,名詞,7,2.13,1.72,2026-10-01
白,儀式,名詞,7,2.13,-0.31,2026-10-01
白,試練,名詞,7,2.13,-1.34,2026-10-01
白,美,名詞,7,2.13,-0.9,2026-10-01
白,乱,名詞,7,2.13,1.14,2026-10-01
白,住む,動詞,7,2.13,-1.61,2026-10-01
白,塔,名詞,7,2.13,0.23,2026-10-01
白,高し,形容詞,7,2.13,2.22,2026-10-01
白,加わる,動詞,7,2.13,0.77,2026-10-01
白,世紀,名詞,7,2.13,-0.47,2026-10-01
白,一家,名詞,7,2.13,1.01,2026-10-01
白,象徴,名詞,7,2.13,0.77,2026-10-01
白,やがて,副詞,7,2.13,0.13,2026-10-01
白,意識,名詞,7,2.13,-0.39,2026-10-01
白,描く,動詞,7,2.13,0.54,2026-10-01
白,人物,名詞,7,2.13,1.28,2026-10-01
白,働く,動詞,7,2.13,0.89,2026-10-01
白,役割,名詞,7,2.13,2.05,2026-10-01
白,沈む,動詞,7,2.13,0.77,2026-10-01
白,届ける,動詞,7,2.13,1.14,2026-10-01
白,防ぐ,動詞,7,2.13,1.72,2026-10-01
白,古い,形容詞,7,2.13,-1.03,2026-10-01
白,自己,名詞,7,2.13,1.14,2026-10-01
白,防衛,名詞,7,2.13,-0.05,2026-10-01
白,到来,名詞,7,2.13,1.72,2026-10-01
白,伸ばす,動詞,7,2.13,1.01,2026-10-01
白,広める,動詞,7,2.13,2.05,2026-10-01
白,色,名詞,7,2.13,-0.97,2026-10-01
白,市場,名詞,7,2.13,1.42,2026-10-01
白,エスパー,名詞,7,2.13,2.22,2026-10-01
白,ただ,名詞,7,2.13,-0.69,2026-10-01
白,会う,動詞,7,2.13,-0.23,2026-10-01
白,用意,名詞,7,2.13,0.89,2026-10-01
白,なお,副詞,7,2.13,0.23,2026-10-01
白,潜む,動詞,7,2.13,-1.03,2026-10-01
白,マイル,名詞,7,2.13,1.28,2026-10-01
白,答える,動詞,7,2.13,0.54,2026-10-01
白,返る,動詞,7,2.13,0.65,2026-10-01
白,対抗,名詞,7,2.13,2.4,2026-10-01
白,竜,名詞,7,2.13,-0.14,2026-10-01
白,相応しい,形容詞,7,2.13,1.57,2026-10-01
白,最期,名詞,7,2.13,0.23,2026-10-01
白,告げる,動詞,7,2.13,1.14,2026-10-01
白,発見,名詞,7,2.13,0.04,2026-10-01
白,聖戦,名詞,7,2.13,0.77,2026-10-01
白,霊魂,名詞,7,2.13,2.22,2026-10-01
白,飼う,動詞,7,2.13,1.14,2026-10-01
白,動物,名詞,7,2.13,-0.55,2026-10-01
白,安心,名詞,7,2.13,1.72,2026-10-01
白,状況,名詞,7,2.13,1.57,2026-10-01
白,好む,動詞,7,2.13,-0.47,2026-10-01
白,二人,名詞,7,2.13,-0.39,2026-10-01
白,テーロス,名詞,7,2.13,2.05,2026-10-01
白,維持,名詞,7,2.13,1.72,2026-10-01
白,認める,動詞,7,2.13,0.13,2026-10-01
白,情報,名詞,7,2.13,0.33,2026-10-01
白,約束,名詞,7,2.13,0.13,2026-10-01
白,迷う,動詞,7,2.13,0.43,2026-10-01
白,皇国,名詞,7,2.13,2.58,2026-10-01
白,ケラン,名詞,7,2.13,2.76,2026-10-01
白,伝説,名詞,6,1.83,-0.02,2026-10-01
白,同じく,副詞,6,1.83,1.34,2026-10-01
白,後悔,名詞,6,1.83,-0.3,2026-10-01
白,ホビット,名詞,6,1.83,1.18,2026-10-01
白,根,名詞,6,1.83,-2.35,2026-10-01
白,騎兵,名詞,6,1.83,2.22,2026-10-01
白,魔女,名詞,6,1.83,-0.21,2026-10-01
白,絡む,動詞,6,1.83,-0.39,2026-10-01
白,明日,名詞,6,1.83,-0.39,2026-10-01
白,キイェルドー,名詞,6,1.83,2.91,2026-10-01
白,凍る,動詞,6,1.83,0.4,2026-10-01
白,兄弟,名詞,6,1.83,-0.3,2026-10-01
白,戦略,名詞,6,1.83,1.34,2026-10-01
白,飲む,動詞,6,1.83,-2.55,2026-10-01
白,祖神,名詞,6,1.83,1.08,2026-10-01
白,寺院,名詞,6,1.83,1.5,2026-10-01
白,ゴブリン,名詞,6,1.83,-4.81,2026-10-01
白,叫び声,名詞,6,1.83,-0.21,2026-10-01
白,達人,名詞,6,1.83,0.08,2026-10-01
白,本当,名詞,6,1.83,-2.39,2026-10-01
白,単に,副詞,6,1.83,-1.32,2026-10-01
白,宝物,名詞,6,1.83,-0.55,2026-10-01
白,戦線,名詞,6,1.83,2.91,2026-10-01
白,歩哨,名詞,6,1.83,2.03,2026-10-01
白,不滅,名詞,6,1.83,0.77,2026-10-01
白,歓迎,名詞,6,1.83,-1.13,2026-10-01
白,代わり,名詞,6,1.83,-1.19,2026-10-01
白,見いだす,動詞,6,1.83,2.85,2026-10-01
白,道士,名詞,6,1.83,2.79,2026-10-01
白,程度,名詞,6,1.83,0.08,2026-10-01
白,不死,名詞,6,1.83,-0.21,2026-10-01
白,涙,名詞,6,1.83,0.9,2026-10-01
白,物質,名詞,6,1.83,2.22,2026-10-01
白,思い,名詞,6,1.83,-0.21,2026-10-01
白,突然,副詞,6,1.83,-1.0,2026-10-01
白,掻く,動詞,6,1.83,1.5,2026-10-01
白,際,名詞,6,1.83,1.5,2026-10-01
白,殻,名詞,6,1.83,0.9,2026-10-01
白,一切,名詞,6,1.83,1.04,2026-10-01
白,地区,名詞,6,1.83,1.34,2026-10-01
白,川,名詞,6,1.83,-2.31,2026-10-01
白,栄誉,名詞,6,1.83,1.34,2026-10-01
白,様子,名詞,6,1.83,0.64,2026-10-01
白,森,名詞,6,1.83,-5.77,2026-10-01
白,選択,名詞,6,1.83,-1.26,2026-10-01
白,溶ける,動詞,6,1.83,0.18,2026-10-01
白,毒,名詞,6,1.83,-2.05,2026-10-01
白,合わせる,動詞,6,1.83,-2.05,2026-10-01
白,最悪,名詞,6,1.83,0.64,2026-10-01
白,若い,形容詞,6,1.83,0.29,2026-10-01
白,水,名詞,6,1.83,-2.66,2026-10-01
白,流れ,名詞,6,1.83,-1.13,2026-10-01
白,文明,名詞,6,1.83,-0.12,2026-10-01
白,応ずる,動詞,6,1.83,1.04,2026-10-01
白,ラクシャ,名詞,6,1.83,1.08,2026-10-01
白,成功,名詞,6,1.83,-0.71,2026-10-01
白,頼む,動詞,6,1.83,1.34,2026-10-01
白,白い,形容詞,6,1.83,1.67,2026-10-01
白,農夫,名詞,6,1.83,1.34,2026-10-01
白,いまだ,副詞,6,1.83,0.9,2026-10-01
白,秘密,名詞,6,1.83,-3.91,2026-10-01
白,下ろす,動詞,6,1.83,1.34,2026-10-01
白,巻く,動詞,6,1.83,-1.19,2026-10-01
白,視界,名詞,6,1.83,1.5,2026-10-01
白,苦難,名詞,6,1.83,1.08,2026-10-01
白,最善,名詞,6,1.83,2.03,2026-10-01
白,率いる,動詞,6,1.83,1.04,2026-10-01
白,鍛冶,名詞,6,1.83,2.79,2026-10-01
白,汚す,動詞,6,1.83,1.5,2026-10-01
白,駆ける,動詞,6,1.83,0.77,2026-10-01
白,側,名詞,6,1.83,0.18,2026-10-01
白,伝える,動詞,6,1.83,-0.3,2026-10-01
白,蛾,名詞,6,1.83,2.42,2026-10-01
白,海,名詞,6,1.83,-3.81,2026-10-01
白,揃う,動詞,6,1.83,2.03,2026-10-01
白,犯罪,名詞,6,1.83,0.08,2026-10-01
白,商人,名詞,6,1.83,1.04,2026-10-01
白,飛ばす,動詞,6,1.83,-0.71,2026-10-01
白,使命,名詞,6,1.83,0.64,2026-10-01
白,ダリアン,名詞,6,1.83,1.08,2026-10-01
白,嗅ぐ,動詞,6,1.83,0.64,2026-10-01
白,斥候,名詞,6,1.83,0.77,2026-10-01
白,寒い,形容詞,6,1.83,1.04,2026-10-01
白,散る,動詞,6,1.83,0.9,2026-10-01
白,城壁,名詞,6,1.83,2.03,2026-10-01
白,氷,名詞,6,1.83,-0.71,2026-10-01
白,撃つ,動詞,6,1.83,0.4,2026-10-01
白,信奉,名詞,6,1.83,1.5,2026-10-01
白,留まる,動詞,6,1.83,0.64,2026-10-01
白,突撃,名詞,6,1.83,-0.02,2026-10-01
白,視線,名詞,6,1.83,1.34,2026-10-01
白,砂漠,名詞,6,1.83,-0.39,2026-10-01
白,削る,動詞,6,1.83,2.42,2026-10-01
白,眺める,動詞,6,1.83,0.9,2026-10-01
白,霧,名詞,6,1.83,-0.78,2026-10-01
白,生物,名詞,6,1.83,-1.26,2026-10-01
白,呪い,名詞,6,1.83,-1.66,2026-10-01
白,肉,名詞,6,1.83,-3.24,2026-10-01
白,飾る,動詞,6,1.83,2.79,2026-10-01
白,輪,名詞,6,1.83,1.34,2026-10-01
白,愛する,動詞,6,1.83,-0.12,2026-10-01
白,話す,動詞,6,1.83,0.18,2026-10-01
白,鍛冶屋,名詞,6,1.83,2.61,2026-10-01
白,行為,名詞,6,1.83,-0.21,2026-10-01
白,寄る,動詞,6,1.83,0.08,2026-10-01
白,周り,名詞,6,1.83,-0.55,2026-10-01
白,願い,名詞,6,1.83,0.4,2026-10-01
白,危機,名詞,6,1.83,1.18,2026-10-01
白,治療,名詞,6,1.83,2.91,2026-10-01
白,夜中,名詞,6,1.83,0.77,2026-10-01
白,罠,名詞,6,1.83,-1.38,2026-10-01
白,階級,名詞,6,1.83,1.84,2026-10-01
白,容赦,名詞,6,1.83,-0.12,2026-10-01
白,屈する,動詞,6,1.83,1.34,2026-10-01
白,決まる,動詞,6,1.83,1.04,2026-10-01
白,柱,名詞,6,1.83,2.42,2026-10-01
白,離す,動詞,6,1.83,1.18,2026-10-01
白,呪う,動詞,6,1.83,0.52,2026-10-01
白,客,名詞,6,1.83,1.04,2026-10-01
白,宝,名詞,6,1.83,-0.63,2026-10-01
白,朝日,名詞,6,1.83,2.85,2026-10-01
白,拒む,動詞,6,1.83,1.18,2026-10-01
白,象,名詞,6,1.83,2.91,2026-10-01
白,テューン,名詞,6,1.83,2.22,2026-10-01
白,証明,名詞,6,1.83,1.18,2026-10-01
白,反撃,名詞,6,1.83,2.22,2026-10-01
白,囁く,動詞,6,1.83,-1.55,2026-10-01
白,軍団,名詞,6,1.83,-1.49,2026-10-01
白,気分,名詞,6,1.83,0.18,2026-10-01
白,才能,名詞,6,1.83,0.4,2026-10-01
白,アラゴルン,名詞,6,1.83,2.42,2026-10-01
白,休む,動詞,6,1.83,0.64,2026-10-01
白,居,名詞,6,1.83,1.5,2026-10-01
白,さも,副詞,6,1.83,0.29,2026-10-01
白,差す,動詞,6,1.83,-1.6,2026-10-01
白,帰還,名詞,6,1.83,0.9,2026-10-01
白,イニストラード,名詞,6,1.83,-0.63,2026-10-01
白,村,名詞,6,1.83,-1.71,2026-10-01
白,ほう,名詞,6,1.83,-1.55,2026-10-01
白,拘束,名詞,6,1.83,2.61,2026-10-01
白,タルキール,名詞,6,1.83,0.4,2026-10-01
白,鱗,名詞,6,1.83,0.18,2026-10-01
白,頼り,名詞,6,1.83,2.91,2026-10-01
白,勝る,動詞,6,1.83,1.67,2026-10-01
白,ジェイス,名詞,6,1.83,-2.18,2026-10-01
白,チャンス,名詞,6,1.83,1.67,2026-10-01
白,後ろ,名詞,6,1.83,0.4,2026-10-01
白,ギラプール,名詞,6,1.83,1.84,2026-10-01
白,監視,名詞,6,1.83,0.77,2026-10-01
白,静まる,動詞,6,1.83,1.67,2026-10-01
白,場合,名詞,6,1.83,-1.38,2026-10-01
白,到着,名詞,6,1.83,1.67,2026-10-01
白,来世,名詞,6,1.83,1.34,2026-10-01
白,恐竜,名詞,6,1.83,-0.3,2026-10-01
白,軽い,形容詞,6,1.83,1.84,2026-10-01
白,ベイル,名詞,6,1.83,2.91,2026-10-01
白,オルテカ,名詞,6,1.83,1.5,2026-10-01
白,探偵,名詞,6,1.83,2.03,2026-10-01
白,ゆっくり,副詞,6,1.83,-0.12,2026-10-01
白,献身,名詞,5,1.52,1.43,2026-10-01
白,買う,動詞,5,1.52,-0.19,2026-10-01
白,壊れる,動詞,5,1.52,0.25,2026-10-01
白,権力,名詞,5,1.52,1.08,2026-10-01
白,命令,名詞,5,1.52,-1.03,2026-10-01
白,北境,名詞,5,1.52,2.64,2026-10-01
白,戦術,名詞,5,1.52,-0.29,2026-10-01
白,咲く,動詞,5,1.52,1.08,2026-10-01
白,古し,形容詞,5,1.52,-0.96,2026-10-01
白,植える,動詞,5,1.52,0.77,2026-10-01
白,叫び,名詞,5,1.52,-0.09,2026-10-01
白,邪魔,名詞,5,1.52,-1.03,2026-10-01
白,繋がり,名詞,5,1.52,0.5,2026-10-01
白,頃,名詞,5,1.52,-1.24,2026-10-01
白,冷たい,形容詞,5,1.52,-0.96,2026-10-01
白,知れる,動詞,5,1.52,-0.96,2026-10-01
白,管理,名詞,5,1.52,0.63,2026-10-01
白,組織,名詞,5,1.52,1.25,2026-10-01
白,もし,副詞,5,1.52,0.37,2026-10-01
白,天空,名詞,5,1.52,1.82,2026-10-01
白,下がる,動詞,5,1.52,1.25,2026-10-01
白,熱,名詞,5,1.52,-1.17,2026-10-01
白,疲れ,名詞,5,1.52,1.82,2026-10-01
白,沈黙,名詞,5,1.52,0.92,2026-10-01
白,稲妻,名詞,5,1.52,-1.71,2026-10-01
白,臆病,名詞,5,1.52,0.25,2026-10-01
白,貸す,動詞,5,1.52,0.02,2026-10-01
白,最良,名詞,5,1.52,1.43,2026-10-01
白,興味,名詞,5,1.52,-0.96,2026-10-01
白,収穫,名詞,5,1.52,-0.88,2026-10-01
白,頼る,動詞,5,1.52,1.43,2026-10-01
白,極める,動詞,5,1.52,0.77,2026-10-01
白,名前,名詞,5,1.52,-0.81,2026-10-01
白,書く,動詞,5,1.52,-0.81,2026-10-01
白,愛す,動詞,5,1.52,2.45,2026-10-01
白,違う,動詞,5,1.52,-1.71,2026-10-01
白,許し,名詞,5,1.52,2.63,2026-10-01
白,部族,名詞,5,1.52,0.37,2026-10-01
白,荒れる,動詞,5,1.52,-0.09,2026-10-01
白,狂う,動詞,5,1.52,-1.54,2026-10-01
白,増える,動詞,5,1.52,-0.73,2026-10-01
白,舌,名詞,5,1.52,0.25,2026-10-01
白,獅子,名詞,5,1.52,2.63,2026-10-01
白,明るい,形容詞,5,1.52,0.63,2026-10-01
白,眼,名詞,5,1.52,-0.73,2026-10-01
白,広まる,動詞,5,1.52,1.43,2026-10-01
白,遂げる,動詞,5,1.52,0.37,2026-10-01
白,草原,名詞,5,1.52,1.62,2026-10-01
白,世の中,名詞,5,1.52,2.45,2026-10-01
白,都,名詞,5,1.52,0.77,2026-10-01
白,持ち主,名詞,5,1.52,0.63,2026-10-01
白,団結,名詞,5,1.52,0.63,2026-10-01
白,利用,名詞,5,1.52,-1.24,2026-10-01
白,誓約,名詞,5,1.52,2.64,2026-10-01
白,屍,名詞,5,1.52,-2.77,2026-10-01
白,賊,名詞,5,1.52,1.62,2026-10-01
白,拒絶,名詞,5,1.52,2.03,2026-10-01
白,ドラニス,名詞,5,1.52,0.98,2026-10-01
白,もん,名詞,5,1.52,-1.6,2026-10-01
白,崩壊,名詞,5,1.52,0.5,2026-10-01
白,日の出,名詞,5,1.52,2.03,2026-10-01
白,刺す,動詞,5,1.52,-0.29,2026-10-01
白,証,名詞,5,1.52,-0.09,2026-10-01
白,十分,副詞,5,1.52,0.37,2026-10-01
白,作業,名詞,5,1.52,0.37,2026-10-01
白,結果,名詞,5,1.52,-1.6,2026-10-01
白,阻む,動詞,5,1.52,1.43,2026-10-01
白,無し,名詞,5,1.52,2.24,2026-10-01
白,煙,名詞,5,1.52,-1.1,2026-10-01
白,侍,名詞,5,1.52,1.82,2026-10-01
白,進める,動詞,5,1.52,1.62,2026-10-01
白,崩す,動詞,5,1.52,2.24,2026-10-01
白,構える,動詞,5,1.52,0.02,2026-10-01
白,僧,名詞,5,1.52,-0.65,2026-10-01
白,人生,名詞,5,1.52,-1.71,2026-10-01
白,無限,名詞,5,1.52,-0.65,2026-10-01
白,橋,名詞,5,1.52,0.92,2026-10-01
白,作品,名詞,5,1.52,0.37,2026-10-01
白,暴力,名詞,5,1.52,-0.38,2026-10-01
白,関係,名詞,5,1.52,-0.88,2026-10-01
白,父,名詞,5,1.52,0.02,2026-10-01
白,怒る,動詞,5,1.52,-1.91,2026-10-01
白,いかに,副詞,5,1.52,1.43,2026-10-01
白,元,名詞,5,1.52,-1.71,2026-10-01
白,塩,名詞,5,1.52,0.37,2026-10-01
白,面倒,名詞,5,1.52,1.08,2026-10-01
白,葉,名詞,5,1.52,-1.71,2026-10-01
白,髪,名詞,5,1.52,1.43,2026-10-01
白,映る,動詞,5,1.52,0.5,2026-10-01
白,鍵,名詞,5,1.52,-0.29,2026-10-01
白,扉,名詞,5,1.52,-1.3,2026-10-01
白,群,名詞,5,1.52,2.03,2026-10-01
白,売る,動詞,5,1.52,0.63,2026-10-01
白,支払う,動詞,5,1.52,0.13,2026-10-01
白,書類,名詞,5,1.52,2.64,2026-10-01
白,市,名詞,5,1.52,0.25,2026-10-01
白,化する,動詞,5,1.52,0.92,2026-10-01
白,帯びる,動詞,5,1.52,0.37,2026-10-01
白,樹,名詞,5,1.52,-1.6,2026-10-01
白,動き,名詞,5,1.52,-0.56,2026-10-01
白,痛い,形容詞,5,1.52,-1.96,2026-10-01
白,無視,名詞,5,1.52,1.25,2026-10-01
白,逸する,動詞,5,1.52,0.98,2026-10-01
白,安息,名詞,5,1.52,0.92,2026-10-01
白,狙う,動詞,5,1.52,-1.17,2026-10-01
白,日誌,名詞,5,1.52,1.25,2026-10-01
白,以外,名詞,5,1.52,-2.19,2026-10-01
白,同時,名詞,5,1.52,-1.24,2026-10-01
白,旅人,名詞,5,1.52,-0.73,2026-10-01
白,いずれ,副詞,5,1.52,-0.73,2026-10-01
白,均衡,名詞,5,1.52,1.62,2026-10-01
白,この世,名詞,5,1.52,0.02,2026-10-01
白,距離,名詞,5,1.52,0.37,2026-10-01
白,船,名詞,5,1.52,-2.19,2026-10-01
白,畑,名詞,5,1.52,2.24,2026-10-01
白,術師,名詞,5,1.52,-1.81,2026-10-01
白,穴,名詞,5,1.52,-0.38,2026-10-01
白,種族,名詞,5,1.52,-0.19,2026-10-01
白,正確,名詞,5,1.52,-0.73,2026-10-01
白,牛,名詞,5,1.52,2.45,2026-10-01
白,記録,名詞,5,1.52,0.5,2026-10-01
白,定める,動詞,5,1.52,0.77,2026-10-01
白,すでに,副詞,5,1.52,-0.81,2026-10-01
白,勇猛,名詞,5,1.52,1.82,2026-10-01
白,狙い,名詞,5,1.52,-1.03,2026-10-01
白,壊す,動詞,5,1.52,-1.6,2026-10-01
白,疲れる,動詞,5,1.52,1.08,2026-10-01
白,似る,動詞,5,1.52,-0.38,2026-10-01
白,全体,名詞,5,1.52,-0.56,2026-10-01
白,動かす,動詞,5,1.52,-0.38,2026-10-01
白,苦悶,名詞,5,1.52,0.25,2026-10-01
白,叩く,動詞,5,1.52,-1.71,2026-10-01
白,敗北,名詞,5,1.52,1.62,2026-10-01
白,育つ,動詞,5,1.52,-1.42,2026-10-01
白,線,名詞,5,1.52,2.45,2026-10-01
白,エイヴン,名詞,5,1.52,1.62,2026-10-01
白,信心,名詞,5,1.52,2.64,2026-10-01
白,軍隊,名詞,5,1.52,-1.03,2026-10-01
白,友情,名詞,5,1.52,1.25,2026-10-01
白,回す,動詞,5,1.52,0.25,2026-10-01
白,位置,名詞,5,1.52,1.25,2026-10-01
白,例外,名詞,5,1.52,1.25,2026-10-01
白,退屈,名詞,5,1.52,0.92,2026-10-01
白,雨,名詞,5,1.52,-0.47,2026-10-01
白,深し,形容詞,5,1.52,2.24,2026-10-01
白,些細,名詞,5,1.52,1.62,2026-10-01
白,指,名詞,5,1.52,0.02,2026-10-01
白,特に,副詞,5,1.52,-0.29,2026-10-01
白,ロープ,名詞,5,1.52,2.03,2026-10-01
白,エメリア,名詞,5,1.52,2.45,2026-10-01
白,荷物,名詞,5,1.52,2.03,2026-10-01
白,タール,名詞,5,1.52,1.62,2026-10-01
白,ゴーマ,名詞,5,1.52,0.98,2026-10-01
白,ファーダ,名詞,5,1.52,0.98,2026-10-01
白,予想,名詞,5,1.52,0.77,2026-10-01
白,溢れる,動詞,5,1.52,-0.65,2026-10-01
白,まあ,副詞,5,1.52,-0.38,2026-10-01
白,そば,名詞,5,1.52,1.43,2026-10-01
白,恩恵,名詞,5,1.52,1.82,2026-10-01
白,実際,名詞,5,1.52,-0.73,2026-10-01
白,度胸,名詞,5,1.52,1.62,2026-10-01
白,防壁,名詞,5,1.52,2.03,2026-10-01
白,1人,名詞,5,1.52,1.62,2026-10-01
白,建設,名詞,5,1.52,1.82,2026-10-01
白,抵抗,名詞,5,1.52,-0.19,2026-10-01
白,成長,名詞,5,1.52,-2.67,2026-10-01
白,プレインズウォーカー,名詞,5,1.52,0.77,2026-10-01
白,ボーラス,名詞,5,1.52,-1.48,2026-10-01
白,尊敬,名詞,5,1.52,0.77,2026-10-01
白,工匠,名詞,5,1.52,-0.19,2026-10-01
白,遥か,副詞,5,1.52,0.25,2026-10-01
白,陛下,名詞,5,1.52,2.03,2026-10-01
白,移動,名詞,5,1.52,-0.65,2026-10-01
白,陥落,名詞,5,1.52,2.45,2026-10-01
白,グール,名詞,5,1.52,-1.86,2026-10-01
白,今度,名詞,5,1.52,-0.96,2026-10-01
白,破滅,名詞,5,1.52,-0.96,2026-10-01
白,処刑,名詞,5,1.52,0.92,2026-10-01
白,協力,名詞,5,1.52,1.25,2026-10-01
白,違い,名詞,5,1.52,-0.47,2026-10-01
白,好奇,名詞,5,1.52,0.37,2026-10-01
白,諸君,名詞,5,1.52,2.63,2026-10-01
白,時期,名詞,5,1.52,0.77,2026-10-01
白,詰める,動詞,5,1.52,-0.19,2026-10-01
白,並ぶ,動詞,5,1.52,0.25,2026-10-01
白,隼,名詞,5,1.52,2.64,2026-10-01
白,繰る,動詞,5,1.52,0.5,2026-10-01
白,広げる,動詞,5,1.52,0.37,2026-10-01
白,出現,名詞,5,1.52,0.77,2026-10-01
白,もがく,動詞,5,1.52,2.45,2026-10-01
白,命ずる,動詞,5,1.52,0.25,2026-10-01
白,奉仕,名詞,5,1.52,2.03,2026-10-01
白,評議,名詞,5,1.52,2.03,2026-10-01
白,言える,動詞,5,1.52,-0.88,2026-10-01
白,掘る,動詞,5,1.52,-0.88,2026-10-01
白,メレティス,名詞,5,1.52,1.43,2026-10-01
白,一体,副詞,5,1.52,0.25,2026-10-01
白,静けさ,名詞,5,1.52,2.03,2026-10-01
白,マルドゥ,名詞,5,1.52,-0.65,2026-10-01
白,孤独,名詞,5,1.52,0.02,2026-10-01
白,朝,名詞,5,1.52,0.92,2026-10-01
白,サルカン,名詞,5,1.52,-0.09,2026-10-01
白,目撃,名詞,5,1.52,0.63,2026-10-01
白,変容,名詞,5,1.52,1.82,2026-10-01
白,瓦礫,名詞,5,1.52,1.08,2026-10-01
白,ラッパ,名詞,5,1.52,2.63,2026-10-01
白,キテオン,名詞,5,1.52,2.64,2026-10-01
白,海門,名詞,5,1.52,1.62,2026-10-01
白,平穏,名詞,5,1.52,0.92,2026-10-01
白,以前,名詞,5,1.52,-0.65,2026-10-01
白,育てる,動詞,5,1.52,-0.47,2026-10-01
白,博覧,名詞,5,1.52,1.25,2026-10-01
白,グレムリン,名詞,5,1.52,1.43,2026-10-01
白,修復,名詞,5,1.52,1.43,2026-10-01
白,テゼレット,名詞,5,1.52,1.08,2026-10-01
白,印象,名詞,5,1.52,1.43,2026-10-01
白,野生,名詞,5,1.52,-1.86,2026-10-01
白,じっと,副詞,5,1.52,1.08,2026-10-01
白,侍臣,名詞,5,1.52,0.5,2026-10-01
白,キンジャーリ,名詞,5,1.52,0.98,2026-10-01
白,一層,副詞,5,1.52,1.62,2026-10-01
白,競争,名詞,5,1.52,1.43,2026-10-01
白,早い,形容詞,5,1.52,-1.48,2026-10-01
白,絆,名詞,5,1.52,-0.19,2026-10-01
白,見つかる,動詞,5,1.52,-1.6,2026-10-01
白,士気,名詞,5,1.52,2.63,2026-10-01
白,シュタルンハイム,名詞,5,1.52,2.24,2026-10-01
白,機,名詞,5,1.52,1.62,2026-10-01
白,アルケヴィオス,名詞,5,1.52,2.24,2026-10-01
白,ケイヤ,名詞,5,1.52,1.62,2026-10-01
白,つまり,副詞,5,1.52,0.5,2026-10-01
白,ひとり,名詞,5,1.52,0.77,2026-10-01
白,講義,名詞,5,1.52,1.82,2026-10-01
白,ノーム,名詞,5,1.52,2.64,2026-10-01
白,社,名詞,5,1.52,0.77,2026-10-01
白,フォーク,名詞,5,1.52,-0.38,2026-10-01
白,ベンダー,名詞,5,1.52,1.25,2026-10-01
白,憎悪,名詞,4,1.22,-0.92,2026-10-01
白,善良,名詞,4,1.22,2.39,2026-10-01
白,他者,名詞,4,1.22,1.16,2026-10-01
白,片付ける,動詞,4,1.22,1.36,2026-10-01
白,詩編,名詞,4,1.22,nan,2026-10-01
白,美徳,名詞,4,1.22,1.16,2026-10-01
白,足跡,名詞,4,1.22,-0.06,2026-10-01
白,負える,動詞,4,1.22,1.58,2026-10-01
白,想定,名詞,4,1.22,1.16,2026-10-01
白,筋肉,名詞,4,1.22,0.19,2026-10-01
白,養う,動詞,4,1.22,1.36,2026-10-01
白,繁栄,名詞,4,1.22,0.07,2026-10-01
白,使い,名詞,4,1.22,0.19,2026-10-01
白,奇跡,名詞,4,1.22,1.36,2026-10-01
白,メムナーク,名詞,4,1.22,1.36,2026-10-01
白,狼,名詞,4,1.22,-2.29,2026-10-01
白,ひざまずく,動詞,4,1.22,1.36,2026-10-01
白,闇夜,名詞,4,1.22,2.28,2026-10-01
白,ちょっと,副詞,4,1.22,-2.52,2026-10-01
白,面する,動詞,4,1.22,2.28,2026-10-01
白,勝ち目,名詞,4,1.22,0.97,2026-10-01
白,歯,名詞,4,1.22,-1.87,2026-10-01
白,射手,名詞,4,1.22,-0.38,2026-10-01
白,撤退,名詞,4,1.22,1.81,2026-10-01
白,衰える,動詞,4,1.22,1.36,2026-10-01
白,侵す,動詞,4,1.22,1.16,2026-10-01
白,確認,名詞,4,1.22,0.63,2026-10-01
白,導き,名詞,4,1.22,0.63,2026-10-01
白,集団,名詞,4,1.22,0.33,2026-10-01
白,社会,名詞,4,1.22,-0.38,2026-10-01
白,体力,名詞,4,1.22,2.39,2026-10-01
白,よろめく,動詞,4,1.22,1.16,2026-10-01
白,関する,動詞,4,1.22,-0.48,2026-10-01
白,久しい,形容詞,4,1.22,2.05,2026-10-01
白,司祭,名詞,4,1.22,1.81,2026-10-01
白,扱う,動詞,4,1.22,0.19,2026-10-01
白,苦痛,名詞,4,1.22,-2.37,2026-10-01
白,一掃,名詞,4,1.22,1.36,2026-10-01
白,ひどい,形容詞,4,1.22,-0.67,2026-10-01
白,軍旗,名詞,4,1.22,2.05,2026-10-01
白,切望,名詞,4,1.22,2.05,2026-10-01
白,傾ける,動詞,4,1.22,0.47,2026-10-01
白,羽ばたき,名詞,4,1.22,2.39,2026-10-01
白,高貴,名詞,4,1.22,0.19,2026-10-01
白,輝かしい,形容詞,4,1.22,1.36,2026-10-01
白,実現,名詞,4,1.22,0.63,2026-10-01
白,本来,名詞,4,1.22,2.05,2026-10-01
白,滅びる,動詞,4,1.22,0.47,2026-10-01
白,目の当たり,名詞,4,1.22,0.07,2026-10-01
白,錆びる,動詞,4,1.22,1.36,2026-10-01
白,報いる,動詞,4,1.22,2.39,2026-10-01
白,編む,動詞,4,1.22,0.07,2026-10-01
白,壊滅,名詞,4,1.22,0.79,2026-10-01
白,剃刀,名詞,4,1.22,2.05,2026-10-01
白,反射,名詞,4,1.22,1.58,2026-10-01
白,瞬き,名詞,4,1.22,0.97,2026-10-01
白,踊る,動詞,4,1.22,-0.92,2026-10-01
白,攻める,動詞,4,1.22,1.36,2026-10-01
白,臭い,名詞,4,1.22,-0.92,2026-10-01
白,悪党,名詞,4,1.22,1.16,2026-10-01
白,捕まる,動詞,4,1.22,0.97,2026-10-01
白,罰,名詞,4,1.22,1.36,2026-10-01
白,巡る,動詞,4,1.22,0.19,2026-10-01
白,頭上,名詞,4,1.22,0.47,2026-10-01
白,タージ,名詞,4,1.22,nan,2026-10-01
白,ナール,名詞,4,1.22,2.39,2026-10-01
白,古老,名詞,4,1.22,0.47,2026-10-01
白,魔力,名詞,4,1.22,-0.38,2026-10-01
白,洞窟,名詞,4,1.22,-0.92,2026-10-01
白,教義,名詞,4,1.22,1.58,2026-10-01
白,嘆き,名詞,4,1.22,0.63,2026-10-01
白,大将,名詞,4,1.22,2.05,2026-10-01
白,君主,名詞,4,1.22,1.36,2026-10-01
白,想像,名詞,4,1.22,-1.71,2026-10-01
白,刀,名詞,4,1.22,1.16,2026-10-01
白,最中,名詞,4,1.22,0.47,2026-10-01
白,基礎,名詞,4,1.22,1.81,2026-10-01
白,風景,名詞,4,1.22,1.16,2026-10-01
白,唱える,動詞,4,1.22,0.33,2026-10-01
白,請う,動詞,4,1.22,1.81,2026-10-01
白,機嫌,名詞,4,1.22,0.79,2026-10-01
白,信者,名詞,4,1.22,0.79,2026-10-01
白,称える,動詞,4,1.22,1.81,2026-10-01
白,叫ぶ,動詞,4,1.22,-2.2,2026-10-01
白,一方,名詞,4,1.22,-0.92,2026-10-01
白,若し,形容詞,4,1.22,0.79,2026-10-01
白,吸う,動詞,4,1.22,-1.65,2026-10-01
白,悲劇,名詞,4,1.22,0.63,2026-10-01
白,裂け目,名詞,4,1.22,-0.76,2026-10-01
白,なす,動詞,4,1.22,0.19,2026-10-01
白,蜘蛛,名詞,4,1.22,-1.87,2026-10-01
白,戦乱,名詞,4,1.22,1.81,2026-10-01
白,垂れる,動詞,4,1.22,1.36,2026-10-01
白,誉れ,名詞,4,1.22,0.97,2026-10-01
白,被害,名詞,4,1.22,-0.38,2026-10-01
白,展開,名詞,4,1.22,1.58,2026-10-01
白,善,名詞,4,1.22,2.28,2026-10-01
白,光景,名詞,4,1.22,-0.28,2026-10-01
白,青い,形容詞,4,1.22,0.79,2026-10-01
白,揃える,動詞,4,1.22,nan,2026-10-01
白,嘆く,動詞,4,1.22,-0.17,2026-10-01
白,うろつく,動詞,4,1.22,-0.38,2026-10-01
白,考え,名詞,4,1.22,-1.48,2026-10-01
白,泣く,動詞,4,1.22,0.47,2026-10-01
白,歪む,動詞,4,1.22,0.33,2026-10-01
白,怒鳴り声,名詞,4,1.22,1.58,2026-10-01
白,雷,名詞,4,1.22,-1.48,2026-10-01
白,もちろん,副詞,4,1.22,-0.84,2026-10-01
白,額,名詞,4,1.22,1.81,2026-10-01
白,大理,名詞,4,1.22,nan,2026-10-01
白,しかり,動詞,4,1.22,1.81,2026-10-01
白,下す,動詞,4,1.22,0.63,2026-10-01
白,判事,名詞,4,1.22,nan,2026-10-01
白,悪鬼,名詞,4,1.22,1.58,2026-10-01
白,外す,動詞,4,1.22,0.47,2026-10-01
白,味わう,動詞,4,1.22,-1.87,2026-10-01
白,束縛,名詞,4,1.22,1.58,2026-10-01
白,庇護,名詞,4,1.22,1.58,2026-10-01
白,夜空,名詞,4,1.22,1.36,2026-10-01
白,達成,名詞,4,1.22,2.39,2026-10-01
白,磨く,動詞,4,1.22,0.19,2026-10-01
白,常軌,名詞,4,1.22,nan,2026-10-01
白,一角,名詞,4,1.22,2.05,2026-10-01
白,地図,名詞,4,1.22,-0.84,2026-10-01
白,散り散り,名詞,4,1.22,2.05,2026-10-01
白,実行,名詞,4,1.22,0.97,2026-10-01
白,駆る,動詞,4,1.22,-0.38,2026-10-01
白,傷つける,動詞,4,1.22,0.33,2026-10-01
白,混ざる,動詞,4,1.22,1.58,2026-10-01
白,用いる,動詞,4,1.22,-1.0,2026-10-01
白,今後,名詞,4,1.22,1.58,2026-10-01
白,蛇,名詞,4,1.22,-0.76,2026-10-01
白,暴君,名詞,4,1.22,0.07,2026-10-01
白,無垢,名詞,4,1.22,2.05,2026-10-01
白,背後,名詞,4,1.22,0.19,2026-10-01
白,暁,名詞,4,1.22,2.28,2026-10-01
白,安定,名詞,4,1.22,-0.28,2026-10-01
白,治癒,名詞,4,1.22,1.81,2026-10-01
白,待ち伏せ,名詞,4,1.22,1.58,2026-10-01
白,皮膚,名詞,4,1.22,0.19,2026-10-01
白,諦める,動詞,4,1.22,1.16,2026-10-01
白,原因,名詞,4,1.22,0.97,2026-10-01
白,つなぐ,動詞,4,1.22,0.47,2026-10-01
白,ローウィン,名詞,4,1.22,-0.28,2026-10-01
白,広い,形容詞,4,1.22,0.07,2026-10-01
白,国境,名詞,4,1.22,2.28,2026-10-01
白,無駄,名詞,4,1.22,-1.48,2026-10-01
白,オジュタイ,名詞,4,1.22,0.47,2026-10-01
白,高める,動詞,4,1.22,0.97,2026-10-01
白,文字,名詞,4,1.22,0.79,2026-10-01
白,責任,名詞,4,1.22,0.33,2026-10-01
白,済む,動詞,4,1.22,-0.17,2026-10-01
白,警告,名詞,4,1.22,-1.48,2026-10-01
白,暗い,形容詞,4,1.22,-1.82,2026-10-01
白,うねり,名詞,4,1.22,0.79,2026-10-01
白,前線,名詞,4,1.22,1.36,2026-10-01
白,ぶつ,動詞,4,1.22,-0.67,2026-10-01
白,ジャック,名詞,4,1.22,2.28,2026-10-01
白,スプリング,名詞,4,1.22,2.28,2026-10-01
白,普通,名詞,4,1.22,-0.92,2026-10-01
白,発する,動詞,4,1.22,0.63,2026-10-01
白,牙,名詞,4,1.22,-1.82,2026-10-01
白,砕く,動詞,4,1.22,-1.22,2026-10-01
白,忍ぶ,動詞,4,1.22,-0.67,2026-10-01
白,土,名詞,4,1.22,-1.48,2026-10-01
白,足元,名詞,4,1.22,0.33,2026-10-01
白,呑む,動詞,4,1.22,0.97,2026-10-01
白,あたる,動詞,4,1.22,0.19,2026-10-01
白,悲鳴,名詞,4,1.22,-1.0,2026-10-01
白,星々,名詞,4,1.22,0.79,2026-10-01
白,サバンナ,名詞,4,1.22,nan,2026-10-01
白,禁ずる,動詞,4,1.22,1.58,2026-10-01
白,償う,動詞,4,1.22,2.28,2026-10-01
白,灯す,動詞,4,1.22,1.36,2026-10-01
白,務め,名詞,4,1.22,1.16,2026-10-01
白,エーテリウム,名詞,4,1.22,2.05,2026-10-01
白,抑える,動詞,4,1.22,0.07,2026-10-01
白,もっとも,副詞,4,1.22,1.36,2026-10-01
白,富,名詞,4,1.22,-0.92,2026-10-01
白,過ち,名詞,4,1.22,-0.17,2026-10-01
白,サルレナ,名詞,4,1.22,2.39,2026-10-01
白,退治,名詞,4,1.22,1.36,2026-10-01
白,加える,動詞,4,1.22,-0.38,2026-10-01
白,一体,名詞,4,1.22,-0.17,2026-10-01
白,鎖,名詞,4,1.22,0.79,2026-10-01
白,兵器,名詞,4,1.22,0.47,2026-10-01
白,落とし,名詞,4,1.22,2.39,2026-10-01
白,寄進,名詞,4,1.22,nan,2026-10-01
白,しばしば,副詞,4,1.22,-0.76,2026-10-01
白,匂い,名詞,4,1.22,-0.67,2026-10-01
白,背中,名詞,4,1.22,-0.67,2026-10-01
白,背負う,動詞,4,1.22,2.05,2026-10-01
白,ソリン,名詞,4,1.22,-0.06,2026-10-01
白,住まう,動詞,4,1.22,-0.48,2026-10-01
白,決心,名詞,4,1.22,2.39,2026-10-01
白,気まぐれ,名詞,4,1.22,0.07,2026-10-01
白,利益,名詞,4,1.22,1.58,2026-10-01
白,巡礼,名詞,4,1.22,1.81,2026-10-01
白,望み,名詞,4,1.22,-0.17,2026-10-01
白,悲惨,名詞,4,1.22,1.16,2026-10-01
白,蹂躙,名詞,4,1.22,1.16,2026-10-01
白,染める,動詞,4,1.22,0.47,2026-10-01
白,見返り,名詞,4,1.22,1.58,2026-10-01
白,鍛錬,名詞,4,1.22,1.81,2026-10-01
白,殺戮,名詞,4,1.22,-0.48,2026-10-01
白,圧倒,名詞,4,1.22,1.16,2026-10-01
白,構造,名詞,4,1.22,0.79,2026-10-01
白,異端,名詞,4,1.22,0.97,2026-10-01
白,裏切り,名詞,4,1.22,-0.06,2026-10-01
白,宿る,動詞,4,1.22,-0.06,2026-10-01
白,方向,名詞,4,1.22,-0.67,2026-10-01
白,従者,名詞,4,1.22,1.81,2026-10-01
白,罰する,動詞,4,1.22,1.81,2026-10-01
白,ガツタフ,名詞,4,1.22,1.16,2026-10-01
白,人狼,名詞,4,1.22,-0.58,2026-10-01
白,むしろ,副詞,4,1.22,0.47,2026-10-01
白,結界,名詞,4,1.22,0.47,2026-10-01
白,強大,名詞,4,1.22,-0.06,2026-10-01
白,烏合,名詞,4,1.22,nan,2026-10-01
白,衆,名詞,4,1.22,2.39,2026-10-01
白,内側,名詞,4,1.22,0.97,2026-10-01
白,周囲,名詞,4,1.22,-0.38,2026-10-01
白,揺るぎない,形容詞,4,1.22,2.28,2026-10-01
白,開ける,動詞,4,1.22,-1.29,2026-10-01
白,悪戯,名詞,4,1.22,0.47,2026-10-01
白,終末,名詞,4,1.22,0.63,2026-10-01
白,決闘,名詞,4,1.22,0.07,2026-10-01
白,任せる,動詞,4,1.22,-0.84,2026-10-01
白,裏,名詞,4,1.22,0.33,2026-10-01
白,乗せる,動詞,4,1.22,1.16,2026-10-01
白,一歩,名詞,4,1.22,1.36,2026-10-01
白,オレリア,名詞,4,1.22,1.81,2026-10-01
白,工作,名詞,4,1.22,-0.28,2026-10-01
白,及ぶ,動詞,4,1.22,-0.06,2026-10-01
白,月光,名詞,4,1.22,2.05,2026-10-01
白,満足,名詞,4,1.22,-0.76,2026-10-01
白,司令,名詞,4,1.22,1.81,2026-10-01
白,木,名詞,4,1.22,-3.0,2026-10-01
白,掴む,動詞,4,1.22,0.07,2026-10-01
白,悪夢,名詞,4,1.22,-1.87,2026-10-01
白,有する,動詞,4,1.22,1.58,2026-10-01
白,捕獲,名詞,4,1.22,1.58,2026-10-01
白,長年,名詞,4,1.22,0.63,2026-10-01
白,速度,名詞,4,1.22,0.79,2026-10-01
白,たっぷり,副詞,4,1.22,0.79,2026-10-01
白,たどる,動詞,4,1.22,-0.28,2026-10-01
白,落下,名詞,4,1.22,1.16,2026-10-01
白,大いに,副詞,4,1.22,1.16,2026-10-01
白,凱旋,名詞,4,1.22,nan,2026-10-01
白,災害,名詞,4,1.22,0.07,2026-10-01
白,こたえる,動詞,4,1.22,2.28,2026-10-01
白,デザイン,名詞,4,1.22,-0.38,2026-10-01
白,捕える,動詞,4,1.22,1.81,2026-10-01
白,カン,名詞,4,1.22,0.33,2026-10-01
白,始まり,名詞,4,1.22,-1.29,2026-10-01
白,領地,名詞,4,1.22,0.19,2026-10-01
白,アラシン,名詞,4,1.22,2.39,2026-10-01
白,警戒,名詞,4,1.22,0.47,2026-10-01
白,新兵,名詞,4,1.22,2.05,2026-10-01
白,つける,動詞,4,1.22,1.81,2026-10-01
白,心配,名詞,4,1.22,-1.82,2026-10-01
白,拳,名詞,4,1.22,-0.84,2026-10-01
白,フェリダー,名詞,4,1.22,2.28,2026-10-01
白,余地,名詞,4,1.22,0.07,2026-10-01
白,トラフト,名詞,4,1.22,2.28,2026-10-01
白,一種,名詞,4,1.22,1.58,2026-10-01
白,自動,名詞,4,1.22,0.97,2026-10-01
白,愛情,名詞,4,1.22,1.16,2026-10-01
白,あり,名詞,4,1.22,-0.28,2026-10-01
白,証拠,名詞,4,1.22,-0.17,2026-10-01
白,空中,名詞,4,1.22,1.16,2026-10-01
白,飛べる,動詞,4,1.22,1.58,2026-10-01
白,取引,名詞,4,1.22,0.47,2026-10-01
白,出来事,名詞,4,1.22,1.58,2026-10-01
白,ミイラ,名詞,4,1.22,2.39,2026-10-01
白,ナクタムン,名詞,4,1.22,0.07,2026-10-01
白,全力,名詞,4,1.22,0.33,2026-10-01
白,大抵,副詞,4,1.22,-0.28,2026-10-01
白,障壁,名詞,4,1.22,1.58,2026-10-01
白,貴族,名詞,4,1.22,0.79,2026-10-01
白,源泉,名詞,4,1.22,nan,2026-10-01
白,ユニコーン,名詞,4,1.22,nan,2026-10-01
白,酒杯,名詞,4,1.22,2.28,2026-10-01
白,抱く,動詞,4,1.22,-0.67,2026-10-01
白,渡す,動詞,4,1.22,-0.58,2026-10-01
白,通ずる,動詞,4,1.22,0.79,2026-10-01
白,かける,動詞,4,1.22,0.07,2026-10-01
白,安堵,名詞,4,1.22,1.81,2026-10-01
白,装置,名詞,4,1.22,0.79,2026-10-01
白,絶える,動詞,4,1.22,-0.38,2026-10-01
白,きっと,副詞,4,1.22,-0.38,2026-10-01
白,起きる,動詞,4,1.22,-1.35,2026-10-01
白,現場,名詞,4,1.22,0.47,2026-10-01
白,潰す,動詞,4,1.22,-1.35,2026-10-01
白,滅ぼす,動詞,4,1.22,-0.17,2026-10-01
白,スピリット,名詞,4,1.22,1.81,2026-10-01
白,ネズミ,名詞,4,1.22,-1.92,2026-10-01
白,共通,名詞,4,1.22,0.33,2026-10-01
白,至る,動詞,4,1.22,-1.29,2026-10-01
白,ほか,名詞,4,1.22,2.05,2026-10-01
白,ストリクスヘイヴン,名詞,4,1.22,0.33,2026-10-01
白,読む,動詞,4,1.22,-1.48,2026-10-01
白,教授,名詞,4,1.22,0.79,2026-10-01
白,伏せる,動詞,4,1.22,1.58,2026-10-01
白,免れる,動詞,4,1.22,2.05,2026-10-01
白,兄,名詞,4,1.22,0.97,2026-10-01
白,侵攻,名詞,4,1.22,-0.67,2026-10-01
白,指輪,名詞,4,1.22,-0.28,2026-10-01
白,キャップ,名詞,4,1.22,1.16,2026-10-01
白,レッド,名詞,4,1.22,0.33,2026-10-01
白,ガイド,名詞,4,1.22,2.28,2026-10-01
白,吐く,動詞,4,1.22,-0.92,2026-10-01
白,すっかり,副詞,4,1.22,1.81,2026-10-01
白,ヒーロー,名詞,4,1.22,0.47,2026-10-01
白,突如,副詞,3,0.91,-0.15,2026-10-01
白,背,名詞,3,0.91,-0.5,2026-10-01
白,羽ばたく,動詞,3,0.91,1.3,2026-10-01
白,礎,名詞,3,0.91,1.57,2026-10-01
白,授かる,動詞,3,0.91,1.06,2026-10-01
白,最終,名詞,3,0.91,-0.61,2026-10-01
白,賜物,名詞,3,0.91,1.85,2026-10-01
白,伝わる,動詞,3,0.91,0.84,2026-10-01
白,硬い,形容詞,3,0.91,0.45,2026-10-01
白,浮かぶ,動詞,3,0.91,-1.21,2026-10-01
白,密集,名詞,3,0.91,nan,2026-10-01
白,抱える,動詞,3,0.91,-0.01,2026-10-01
白,ごく,副詞,3,0.91,0.13,2026-10-01
白,あふれる,動詞,3,0.91,-0.15,2026-10-01
白,なるほど,副詞,3,0.91,1.3,2026-10-01
白,ドクター,名詞,3,0.91,0.64,2026-10-01
白,研究,名詞,3,0.91,-3.17,2026-10-01
白,vault,名詞,3,0.91,1.85,2026-10-01
白,使える,動詞,3,0.91,-1.13,2026-10-01
白,巣穴,名詞,3,0.91,-1.13,2026-10-01
白,神話,名詞,3,0.91,0.28,2026-10-01
白,面々,名詞,3,0.91,1.85,2026-10-01
白,騎馬,名詞,3,0.91,nan,2026-10-01
白,反乱,名詞,3,0.91,0.64,2026-10-01
白,無敵,名詞,3,0.91,0.84,2026-10-01
白,微笑む,動詞,3,0.91,0.28,2026-10-01
白,タペストリー,名詞,3,0.91,1.85,2026-10-01
白,歳,名詞,3,0.91,nan,2026-10-01
白,乾く,動詞,3,0.91,-0.15,2026-10-01
白,辺り,名詞,3,0.91,0.28,2026-10-01
白,説明,名詞,3,0.91,-0.01,2026-10-01
白,困る,動詞,3,0.91,0.45,2026-10-01
白,尊い,形容詞,3,0.91,1.57,2026-10-01
白,蹴る,動詞,3,0.91,-0.15,2026-10-01
白,当たる,動詞,3,0.91,-0.15,2026-10-01
白,護法,名詞,3,0.91,1.57,2026-10-01
白,僻境,名詞,3,0.91,0.13,2026-10-01
白,修練,名詞,3,0.91,-1.98,2026-10-01
白,悪漢,名詞,3,0.91,nan,2026-10-01
白,規律,名詞,3,0.91,nan,2026-10-01
白,逃亡,名詞,3,0.91,1.57,2026-10-01
白,化す,動詞,3,0.91,1.3,2026-10-01
白,堕落,名詞,3,0.91,-0.01,2026-10-01
白,断固,副詞,3,0.91,1.85,2026-10-01
白,教訓,名詞,3,0.91,1.06,2026-10-01
白,困難,名詞,3,0.91,-1.06,2026-10-01
白,真理,名詞,3,0.91,1.85,2026-10-01
白,想い,名詞,3,0.91,1.57,2026-10-01
白,名声,名詞,3,0.91,1.06,2026-10-01
白,杯,名詞,3,0.91,1.06,2026-10-01
白,両方,名詞,3,0.91,-2.03,2026-10-01
白,笑み,名詞,3,0.91,0.28,2026-10-01
白,浮かべる,動詞,3,0.91,-0.15,2026-10-01
白,たぶん,副詞,3,0.91,0.84,2026-10-01
白,報復,名詞,3,0.91,0.13,2026-10-01
白,野心,名詞,3,0.91,-0.39,2026-10-01
白,退ける,動詞,3,0.91,1.85,2026-10-01
白,かなり,副詞,3,0.91,1.85,2026-10-01
白,部,名詞,3,0.91,-0.61,2026-10-01
白,比類,名詞,3,0.91,1.3,2026-10-01
白,ボス,名詞,3,0.91,1.85,2026-10-01
白,覆す,動詞,3,0.91,1.3,2026-10-01
白,アクローマ,名詞,3,0.91,nan,2026-10-01
白,嘘,名詞,3,0.91,-1.13,2026-10-01
白,疑念,名詞,3,0.91,0.28,2026-10-01
白,風向き,名詞,3,0.91,nan,2026-10-01
白,踵,名詞,3,0.91,1.57,2026-10-01
白,冷酷,名詞,3,0.91,0.28,2026-10-01
白,ペン,名詞,3,0.91,1.57,2026-10-01
白,クリーチャー,名詞,3,0.91,-0.8,2026-10-01
白,懺悔,名詞,3,0.91,nan,2026-10-01
白,斃れる,動詞,3,0.91,1.57,2026-10-01
白,つかむ,動詞,3,0.91,0.45,2026-10-01
白,仮面,名詞,3,0.91,-0.27,2026-10-01
白,洞穴,名詞,3,0.91,nan,2026-10-01
白,反応,名詞,3,0.91,0.45,2026-10-01
白,突破,名詞,3,0.91,0.84,2026-10-01
白,合図,名詞,3,0.91,-0.01,2026-10-01
白,角笛,名詞,3,0.91,1.3,2026-10-01
白,向こう,名詞,3,0.91,-1.28,2026-10-01
白,彫像,名詞,3,0.91,nan,2026-10-01
白,生く,動詞,3,0.91,-1.35,2026-10-01
白,惹く,動詞,3,0.91,-0.61,2026-10-01
白,戦える,動詞,3,0.91,1.57,2026-10-01
白,同盟,名詞,3,0.91,0.13,2026-10-01
白,闘い,名詞,3,0.91,1.57,2026-10-01
白,長老,名詞,3,0.91,0.84,2026-10-01
白,恐る,動詞,3,0.91,-0.8,2026-10-01
白,芸術,名詞,3,0.91,-0.8,2026-10-01
白,当初,名詞,3,0.91,1.57,2026-10-01
白,見張り,名詞,3,0.91,0.64,2026-10-01
白,秘める,動詞,3,0.91,-0.01,2026-10-01
白,熟練,名詞,3,0.91,1.06,2026-10-01
白,つくる,動詞,3,0.91,0.13,2026-10-01
白,優雅,名詞,3,0.91,-1.13,2026-10-01
白,屑鉄,名詞,3,0.91,1.3,2026-10-01
白,忍耐,名詞,3,0.91,-0.01,2026-10-01
白,先祖,名詞,3,0.91,-1.28,2026-10-01
白,何者,名詞,3,0.91,-0.5,2026-10-01
白,かざす,動詞,3,0.91,nan,2026-10-01
白,娘,名詞,3,0.91,0.45,2026-10-01
白,遺物,名詞,3,0.91,-0.89,2026-10-01
白,死する,動詞,3,0.91,0.45,2026-10-01
白,虜,名詞,3,0.91,1.85,2026-10-01
白,さき,名詞,3,0.91,-0.15,2026-10-01
白,低い,形容詞,3,0.91,0.28,2026-10-01
白,抱擁,名詞,3,0.91,0.84,2026-10-01
白,眼差し,名詞,3,0.91,-0.01,2026-10-01
白,発揮,名詞,3,0.91,0.45,2026-10-01
白,只中,名詞,3,0.91,nan,2026-10-01
白,短い,形容詞,3,0.91,0.28,2026-10-01
白,極めて,副詞,3,0.91,-0.39,2026-10-01
白,徳,名詞,3,0.91,nan,2026-10-01
白,年月,名詞,3,0.91,-0.61,2026-10-01
白,結びつき,名詞,3,0.91,1.06,2026-10-01
白,報う,動詞,3,0.91,1.06,2026-10-01
白,無用,名詞,3,0.91,1.06,2026-10-01
白,護る,動詞,3,0.91,-0.61,2026-10-01
白,縄,名詞,3,0.91,1.85,2026-10-01
白,反逆,名詞,3,0.91,0.84,2026-10-01
白,折れる,動詞,3,0.91,-0.27,2026-10-01
白,蝋燭,名詞,3,0.91,1.06,2026-10-01
白,隔てる,動詞,3,0.91,1.06,2026-10-01
白,無力,名詞,3,0.91,0.45,2026-10-01
白,担う,動詞,3,0.91,1.57,2026-10-01
白,放る,動詞,3,0.91,-0.39,2026-10-01
白,わらわ,名詞,3,0.91,nan,2026-10-01
白,歩兵,名詞,3,0.91,1.85,2026-10-01
白,ウォジェク,名詞,3,0.91,1.85,2026-10-01
白,雄叫び,名詞,3,0.91,-0.15,2026-10-01
白,害する,動詞,3,0.91,nan,2026-10-01
白,菓子,名詞,3,0.91,1.85,2026-10-01
白,流血,名詞,3,0.91,0.45,2026-10-01
白,呼び声,名詞,3,0.91,-0.15,2026-10-01
白,ため息,名詞,3,0.91,1.57,2026-10-01
白,垣根,名詞,3,0.91,nan,2026-10-01
白,我慢,名詞,3,0.91,-0.97,2026-10-01
白,鷹,名詞,3,0.91,1.06,2026-10-01
白,庭,名詞,3,0.91,-0.15,2026-10-01
白,古,名詞,3,0.91,-0.01,2026-10-01
白,明ける,動詞,3,0.91,0.84,2026-10-01
白,あまり,名詞,3,0.91,1.06,2026-10-01
白,不幸,名詞,3,0.91,0.45,2026-10-01
白,愚かしい,形容詞,3,0.91,nan,2026-10-01
白,喧騒,名詞,3,0.91,1.85,2026-10-01
白,グルール,名詞,3,0.91,-1.06,2026-10-01
白,脱走,名詞,3,0.91,1.3,2026-10-01
白,議事,名詞,3,0.91,0.64,2026-10-01
白,乗馬,名詞,3,0.91,nan,2026-10-01
白,空っぽ,名詞,3,0.91,0.45,2026-10-01
白,兵団,名詞,3,0.91,0.64,2026-10-01
白,巾着,名詞,3,0.91,nan,2026-10-01
白,納める,動詞,3,0.91,nan,2026-10-01
白,曲げる,動詞,3,0.91,-0.7,2026-10-01
白,判決,名詞,3,0.91,nan,2026-10-01
白,署名,名詞,3,0.91,1.3,2026-10-01
白,槌,名詞,3,0.91,-0.27,2026-10-01
白,意見,名詞,3,0.91,0.64,2026-10-01
白,逆,名詞,3,0.91,-0.01,2026-10-01
白,赤い,形容詞,3,0.91,-0.5,2026-10-01
白,ガーゴイル,名詞,3,0.91,1.57,2026-10-01
白,脆い,形容詞,3,0.91,-0.61,2026-10-01
白,白し,形容詞,3,0.91,nan,2026-10-01
白,偉業,名詞,3,0.91,nan,2026-10-01
白,為,名詞,3,0.91,1.85,2026-10-01
白,魔術,名詞,3,0.91,-3.09,2026-10-01
白,仕掛ける,動詞,3,0.91,-0.5,2026-10-01
白,尽きる,動詞,3,0.91,-1.21,2026-10-01
白,琥珀,名詞,3,0.91,1.85,2026-10-01
白,森林,名詞,3,0.91,-0.15,2026-10-01
白,汚れる,動詞,3,0.91,1.06,2026-10-01
白,見習い,名詞,3,0.91,1.3,2026-10-01
白,あっけない,形容詞,3,0.91,nan,2026-10-01
白,消滅,名詞,3,0.91,1.3,2026-10-01
白,荒廃,名詞,3,0.91,0.13,2026-10-01
白,心得る,動詞,3,0.91,1.85,2026-10-01
白,疫病,名詞,3,0.91,-0.61,2026-10-01
白,住処,名詞,3,0.91,-1.28,2026-10-01
白,人気,名詞,3,0.91,1.06,2026-10-01
白,首,名詞,3,0.91,-1.48,2026-10-01
白,泣き言,名詞,3,0.91,nan,2026-10-01
白,暑い,形容詞,3,0.91,1.85,2026-10-01
白,盲,名詞,3,0.91,1.85,2026-10-01
白,一生,名詞,3,0.91,-1.21,2026-10-01
白,謎,名詞,3,0.91,-1.48,2026-10-01
白,羊,名詞,3,0.91,0.64,2026-10-01
白,学者,名詞,3,0.91,1.06,2026-10-01
白,震える,動詞,3,0.91,-0.7,2026-10-01
白,孤立,名詞,3,0.91,nan,2026-10-01
白,繋がる,動詞,3,0.91,-0.15,2026-10-01
白,伝統,名詞,3,0.91,0.28,2026-10-01
白,ずいぶん,副詞,3,0.91,0.64,2026-10-01
白,悪名,名詞,3,0.91,1.06,2026-10-01
白,見通し,名詞,3,0.91,1.57,2026-10-01
白,農,名詞,3,0.91,nan,2026-10-01
白,穀物,名詞,3,0.91,1.57,2026-10-01
白,確保,名詞,3,0.91,0.13,2026-10-01
白,宙,名詞,3,0.91,1.57,2026-10-01
白,防護,名詞,3,0.91,1.3,2026-10-01
白,女神,名詞,3,0.91,0.84,2026-10-01
白,野郎,名詞,3,0.91,-0.8,2026-10-01
白,村人,名詞,3,0.91,-0.61,2026-10-01
白,不利,名詞,3,0.91,1.3,2026-10-01
白,マーフォーク,名詞,3,0.91,-1.42,2026-10-01
白,眼下,名詞,3,0.91,0.84,2026-10-01
白,とどめる,動詞,3,0.91,0.84,2026-10-01
白,突風,名詞,3,0.91,1.06,2026-10-01
白,冬,名詞,3,0.91,-1.48,2026-10-01
白,寿命,名詞,3,0.91,0.64,2026-10-01
白,靴,名詞,3,0.91,1.06,2026-10-01
白,木々,名詞,3,0.91,-1.93,2026-10-01
白,運,名詞,3,0.91,-0.39,2026-10-01
白,殺し,名詞,3,0.91,-0.39,2026-10-01
白,書,名詞,3,0.91,-0.8,2026-10-01
白,エイルドゥ,名詞,3,0.91,nan,2026-10-01
白,幸運,名詞,3,0.91,-0.89,2026-10-01
白,長生き,名詞,3,0.91,0.64,2026-10-01
白,学び,名詞,3,0.91,0.84,2026-10-01
白,毛,名詞,3,0.91,1.3,2026-10-01
白,塗る,動詞,3,0.91,-0.01,2026-10-01
白,鎮める,動詞,3,0.91,-0.27,2026-10-01
白,パン,名詞,3,0.91,nan,2026-10-01
白,恥,名詞,3,0.91,0.45,2026-10-01
白,繊細,名詞,3,0.91,-0.61,2026-10-01
白,倍,名詞,3,0.91,-1.06,2026-10-01
白,多少,名詞,3,0.91,1.3,2026-10-01
白,不思議,名詞,3,0.91,-0.89,2026-10-01
白,増す,動詞,3,0.91,-1.06,2026-10-01
白,信徒,名詞,3,0.91,1.3,2026-10-01
白,密林,名詞,3,0.91,0.84,2026-10-01
白,強制,名詞,3,0.91,1.3,2026-10-01
白,よっぽど,副詞,3,0.91,1.06,2026-10-01
白,下層,名詞,3,0.91,0.28,2026-10-01
白,つれる,動詞,3,0.91,-1.72,2026-10-01
白,計画,名詞,3,0.91,-2.12,2026-10-01
白,研ぐ,動詞,3,0.91,0.64,2026-10-01
白,かく,動詞,3,0.91,-1.21,2026-10-01
白,廃棄,名詞,3,0.91,1.57,2026-10-01
白,清浄,名詞,3,0.91,nan,2026-10-01
白,跳ねる,動詞,3,0.91,0.13,2026-10-01
白,耕す,動詞,3,0.91,1.85,2026-10-01
白,地位,名詞,3,0.91,1.3,2026-10-01
白,野望,名詞,3,0.91,0.64,2026-10-01
白,執行,名詞,3,0.91,0.28,2026-10-01
白,帰す,動詞,3,0.91,1.06,2026-10-01
白,議論,名詞,3,0.91,1.3,2026-10-01
白,忌まわしい,形容詞,3,0.91,-0.61,2026-10-01
白,足音,名詞,3,0.91,0.84,2026-10-01
白,夏,名詞,3,0.91,1.3,2026-10-01
白,持ち場,名詞,3,0.91,0.84,2026-10-01
白,卿,名詞,3,0.91,0.64,2026-10-01
白,振り,名詞,3,0.91,1.06,2026-10-01
白,看板,名詞,3,0.91,nan,2026-10-01
白,以来,名詞,3,0.91,-0.27,2026-10-01
白,現す,動詞,3,0.91,-0.5,2026-10-01
白,担当,名詞,3,0.91,1.3,2026-10-01
白,様,名詞,3,0.91,-0.27,2026-10-01
白,援軍,名詞,3,0.91,1.3,2026-10-01
白,技量,名詞,3,0.91,0.28,2026-10-01
白,虫,名詞,3,0.91,-1.72,2026-10-01
白,狩場,名詞,3,0.91,0.64,2026-10-01
白,捕食,名詞,3,0.91,-2.29,2026-10-01
白,か細い,形容詞,3,0.91,nan,2026-10-01
白,集中,名詞,3,0.91,-0.89,2026-10-01
白,信用,名詞,3,0.91,1.06,2026-10-01
白,尾,名詞,3,0.91,-0.27,2026-10-01
白,カムサ,名詞,3,0.91,1.85,2026-10-01
白,一致,名詞,3,0.91,0.84,2026-10-01
白,数々,名詞,3,0.91,0.84,2026-10-01
白,介入,名詞,3,0.91,1.85,2026-10-01
白,ハリマー,名詞,3,0.91,0.45,2026-10-01
白,ザール,名詞,3,0.91,1.57,2026-10-01
白,セジーリ,名詞,3,0.91,nan,2026-10-01
白,腹,名詞,3,0.91,-2.07,2026-10-01
白,外套,名詞,3,0.91,0.64,2026-10-01
白,帆,名詞,3,0.91,1.3,2026-10-01
白,漁る,動詞,3,0.91,1.06,2026-10-01
白,縫う,動詞,3,0.91,0.45,2026-10-01
白,つまる,動詞,3,0.91,-0.15,2026-10-01
白,開拓,名詞,3,0.91,1.85,2026-10-01
白,報酬,名詞,3,0.91,1.3,2026-10-01
白,物理,名詞,3,0.91,1.57,2026-10-01
白,縄張り,名詞,3,0.91,-1.98,2026-10-01
白,チーム,名詞,3,0.91,0.13,2026-10-01
白,南,名詞,3,0.91,0.64,2026-10-01
白,北,名詞,3,0.91,-0.01,2026-10-01
白,二本足,名詞,3,0.91,1.57,2026-10-01
白,飛空,名詞,3,0.91,1.57,2026-10-01
白,連合,名詞,3,0.91,-0.89,2026-10-01
白,匹敵,名詞,3,0.91,1.06,2026-10-01
白,シミック,名詞,3,0.91,-0.89,2026-10-01
白,薄い,形容詞,3,0.91,-0.15,2026-10-01
白,自体,名詞,3,0.91,-1.54,2026-10-01
白,再建,名詞,3,0.91,1.06,2026-10-01
白,指導,名詞,3,0.91,1.06,2026-10-01
白,妥協,名詞,3,0.91,nan,2026-10-01
白,哲人,名詞,3,0.91,0.84,2026-10-01
白,ほぼ,副詞,3,0.91,1.06,2026-10-01
白,等しい,形容詞,3,0.91,-0.89,2026-10-01
白,業,名詞,3,0.91,-0.01,2026-10-01
白,正典,名詞,3,0.91,1.57,2026-10-01
白,絶滅,名詞,3,0.91,-0.27,2026-10-01
白,完成化,名詞,3,0.91,0.13,2026-10-01
白,悩む,動詞,3,0.91,1.57,2026-10-01
白,開始,名詞,3,0.91,0.84,2026-10-01
白,設計,名詞,3,0.91,0.64,2026-10-01
白,機能,名詞,3,0.91,0.13,2026-10-01
白,構想,名詞,3,0.91,1.3,2026-10-01
白,きらめく,動詞,3,0.91,1.06,2026-10-01
白,完成,名詞,3,0.91,-1.28,2026-10-01
白,金床,名詞,3,0.91,1.85,2026-10-01
白,記す,動詞,3,0.91,-0.01,2026-10-01
白,無理,名詞,3,0.91,-0.15,2026-10-01
白,あの世,名詞,3,0.91,nan,2026-10-01
白,教区,名詞,3,0.91,nan,2026-10-01
白,ミケウス,名詞,3,0.91,nan,2026-10-01
白,狼男,名詞,3,0.91,-0.7,2026-10-01
白,期,名詞,3,0.91,-0.15,2026-10-01
白,善行,名詞,3,0.91,1.85,2026-10-01
白,神殿,名詞,3,0.91,0.13,2026-10-01
白,悟る,動詞,3,0.91,-0.01,2026-10-01
白,盗む,動詞,3,0.91,-2.21,2026-10-01
白,皮,名詞,3,0.91,-1.35,2026-10-01
白,基づく,動詞,3,0.91,1.57,2026-10-01
白,なかなか,副詞,3,0.91,-0.27,2026-10-01
白,庄,名詞,3,0.91,1.85,2026-10-01
白,スープ,名詞,3,0.91,1.85,2026-10-01
白,食事,名詞,3,0.91,-1.13,2026-10-01
白,集結,名詞,3,0.91,1.06,2026-10-01
白,足りる,動詞,3,0.91,-1.72,2026-10-01
白,訳,名詞,3,0.91,1.06,2026-10-01
白,無害,名詞,3,0.91,0.45,2026-10-01
白,佇む,動詞,3,0.91,nan,2026-10-01
白,暇,名詞,3,0.91,1.06,2026-10-01
白,哲学,名詞,3,0.91,1.06,2026-10-01
白,教わる,動詞,3,0.91,1.3,2026-10-01
白,審問,名詞,3,0.91,-0.15,2026-10-01
白,痕跡,名詞,3,0.91,-0.8,2026-10-01
白,休み,名詞,3,0.91,1.57,2026-10-01
白,ようやく,副詞,3,0.91,-0.01,2026-10-01
白,安らぎ,名詞,3,0.91,0.13,2026-10-01
白,奮う,動詞,3,0.91,1.57,2026-10-01
白,威厳,名詞,3,0.91,0.64,2026-10-01
白,警備,名詞,3,0.91,0.28,2026-10-01
白,オドリック,名詞,3,0.91,1.85,2026-10-01
白,アーギヴィーア,名詞,3,0.91,nan,2026-10-01
白,圧政,名詞,3,0.91,1.85,2026-10-01
白,入り口,名詞,3,0.91,0.64,2026-10-01
白,商売,名詞,3,0.91,0.45,2026-10-01
白,調査,名詞,3,0.91,-0.39,2026-10-01
白,枝,名詞,3,0.91,-1.6,2026-10-01
白,個人,名詞,3,0.91,0.28,2026-10-01
白,なか,名詞,3,0.91,-1.06,2026-10-01
白,参加,名詞,3,0.91,-0.7,2026-10-01
白,寄付,名詞,3,0.91,nan,2026-10-01
白,状態,名詞,3,0.91,-1.72,2026-10-01
白,地域,名詞,3,0.91,0.45,2026-10-01
白,鞍,名詞,3,0.91,1.3,2026-10-01
白,テイサ,名詞,3,0.91,1.57,2026-10-01
白,せい,名詞,3,0.91,-1.21,2026-10-01
白,運動,名詞,3,0.91,1.57,2026-10-01
白,屋上,名詞,3,0.91,nan,2026-10-01
白,失せる,動詞,3,0.91,0.45,2026-10-01
白,隙,名詞,3,0.91,0.84,2026-10-01
白,思し召し,名詞,3,0.91,nan,2026-10-01
白,エファラ,名詞,3,0.91,nan,2026-10-01
白,深淵,名詞,3,0.91,0.13,2026-10-01
白,恩,名詞,3,0.91,nan,2026-10-01
白,仕留める,動詞,3,0.91,0.28,2026-10-01
白,前触れ,名詞,3,0.91,1.85,2026-10-01
白,鞭,名詞,3,0.91,0.13,2026-10-01
白,関心,名詞,3,0.91,0.28,2026-10-01
白,熟考,名詞,3,0.91,nan,2026-10-01
白,先頭,名詞,3,0.91,1.57,2026-10-01
白,西方,名詞,3,0.91,1.3,2026-10-01
白,必殺,名詞,3,0.91,nan,2026-10-01
白,円,名詞,3,0.91,1.57,2026-10-01
白,通過,名詞,3,0.91,0.45,2026-10-01
白,血管,名詞,3,0.91,-0.97,2026-10-01
白,通う,動詞,3,0.91,1.06,2026-10-01
白,駒,名詞,3,0.91,1.57,2026-10-01
白,不在,名詞,3,0.91,1.3,2026-10-01
白,喧嘩,名詞,3,0.91,0.64,2026-10-01
白,赴く,動詞,3,0.91,0.45,2026-10-01
白,辿る,動詞,3,0.91,-0.15,2026-10-01
白,ジェスカイ,名詞,3,0.91,-0.15,2026-10-01
白,暗殺,名詞,3,0.91,-0.97,2026-10-01
白,カドリ,名詞,3,0.91,nan,2026-10-01
白,アナフェンザ,名詞,3,0.91,1.85,2026-10-01
白,進軍,名詞,3,0.91,nan,2026-10-01
白,大嵐,名詞,3,0.91,1.3,2026-10-01
白,子孫,名詞,3,0.91,0.84,2026-10-01
白,ペット,名詞,3,0.91,-1.06,2026-10-01
白,好機,名詞,3,0.91,0.84,2026-10-01
白,道筋,名詞,3,0.91,1.57,2026-10-01
白,アバター,名詞,3,0.91,-0.5,2026-10-01
白,改良,名詞,3,0.91,-0.01,2026-10-01
白,ウギン,名詞,3,0.91,0.13,2026-10-01
白,大空,名詞,3,0.91,1.57,2026-10-01
白,標,名詞,3,0.91,1.57,2026-10-01
白,ウルドナン,名詞,3,0.91,nan,2026-10-01
白,打撃,名詞,3,0.91,1.3,2026-10-01
白,意,名詞,3,0.91,-0.27,2026-10-01
白,核,名詞,3,0.91,-0.01,2026-10-01
白,絹,名詞,3,0.91,0.28,2026-10-01
白,現代,名詞,3,0.91,1.85,2026-10-01
白,繰り返し,名詞,3,0.91,1.57,2026-10-01
白,闘う,動詞,3,0.91,1.57,2026-10-01
白,異なる,動詞,3,0.91,-0.27,2026-10-01
白,街路,名詞,3,0.91,-0.5,2026-10-01
白,近頃,名詞,3,0.91,1.57,2026-10-01
白,急ぐ,動詞,3,0.91,-0.27,2026-10-01
白,避難,名詞,3,0.91,-0.15,2026-10-01
白,気概,名詞,3,0.91,nan,2026-10-01
白,輩,名詞,3,0.91,0.84,2026-10-01
白,堂々,副詞,3,0.91,1.85,2026-10-01
白,ゲート,名詞,3,0.91,-0.01,2026-10-01
白,篤い,形容詞,3,0.91,nan,2026-10-01
白,生前,名詞,3,0.91,0.45,2026-10-01
白,はっきり,副詞,3,0.91,-0.7,2026-10-01
白,エムラクール,名詞,3,0.91,-0.39,2026-10-01
白,人類,名詞,3,0.91,0.84,2026-10-01
白,出発,名詞,3,0.91,1.57,2026-10-01
白,リリアナ,名詞,3,0.91,-2.45,2026-10-01
白,化け物,名詞,3,0.91,-0.39,2026-10-01
白,上級,名詞,3,0.91,1.06,2026-10-01
白,延長,名詞,3,0.91,1.3,2026-10-01
白,仕組み,名詞,3,0.91,0.64,2026-10-01
白,規制,名詞,3,0.91,1.85,2026-10-01
白,ピア,名詞,3,0.91,1.06,2026-10-01
白,新品,名詞,3,0.91,1.85,2026-10-01
白,ボルト,名詞,3,0.91,nan,2026-10-01
白,詐欺,名詞,3,0.91,1.85,2026-10-01
白,基,名詞,3,0.91,nan,2026-10-01
白,降下,名詞,3,0.91,1.3,2026-10-01
白,急,名詞,3,0.91,0.84,2026-10-01
白,試す,動詞,3,0.91,-1.72,2026-10-01
白,欠点,名詞,3,0.91,nan,2026-10-01
白,阻止,名詞,3,0.91,1.85,2026-10-01
白,処理,名詞,3,0.91,nan,2026-10-01
白,感謝,名詞,3,0.91,-0.61,2026-10-01
白,砂嵐,名詞,3,0.91,1.3,2026-10-01
白,一門,名詞,3,0.91,-0.5,2026-10-01
白,たか,名詞,3,0.91,nan,2026-10-01
白,冠羽,名詞,3,0.91,1.85,2026-10-01
白,イザマ,名詞,3,0.91,1.85,2026-10-01
白,トレゾン,名詞,3,0.91,1.85,2026-10-01
白,皇帝,名詞,3,0.91,1.3,2026-10-01
白,カパロクティ,名詞,3,0.91,nan,2026-10-01
白,サンボーン,名詞,3,0.91,nan,2026-10-01
白,土くれ,名詞,3,0.91,nan,2026-10-01
白,オラーズカ,名詞,3,0.91,1.3,2026-10-01
白,始末,名詞,3,0.91,0.64,2026-10-01
白,渇望,名詞,3,0.91,-1.35,2026-10-01
白,体現,名詞,3,0.91,0.84,2026-10-01
白,たまる,動詞,3,0.91,0.28,2026-10-01
白,誠実,名詞,3,0.91,1.3,2026-10-01
白,窓,名詞,3,0.91,-0.27,2026-10-01
白,男,名詞,3,0.91,-1.13,2026-10-01
白,ウルザ,名詞,3,0.91,-0.8,2026-10-01
白,神性,名詞,3,0.91,1.06,2026-10-01
白,役目,名詞,3,0.91,-0.15,2026-10-01
白,幻,名詞,3,0.91,1.3,2026-10-01
白,努力,名詞,3,0.91,-0.01,2026-10-01
白,最近,名詞,3,0.91,0.13,2026-10-01
白,一員,名詞,3,0.91,0.28,2026-10-01
白,神経,名詞,3,0.91,1.06,2026-10-01
白,種類,名詞,3,0.91,-0.39,2026-10-01
白,苦しい,形容詞,3,0.91,-0.8,2026-10-01
白,革新,名詞,3,0.91,0.84,2026-10-01
白,マスター,名詞,3,0.91,1.85,2026-10-01
白,政治,名詞,3,0.91,1.06,2026-10-01
白,兜,名詞,3,0.91,1.06,2026-10-01
白,揺らぐ,動詞,3,0.91,1.57,2026-10-01
白,煌めく,動詞,3,0.91,1.85,2026-10-01
白,殺せる,動詞,3,0.91,1.85,2026-10-01
白,いったい,副詞,3,0.91,0.84,2026-10-01
白,隊列,名詞,3,0.91,1.3,2026-10-01
白,塞ぐ,動詞,3,0.91,0.84,2026-10-01
白,パーティー,名詞,3,0.91,-0.01,2026-10-01
白,フェアリー,名詞,3,0.91,0.13,2026-10-01
白,抗う,動詞,3,0.91,-0.97,2026-10-01
白,水晶,名詞,3,0.91,-0.8,2026-10-01
白,共有,名詞,3,0.91,1.3,2026-10-01
白,相棒,名詞,3,0.91,-0.5,2026-10-01
白,遺産,名詞,3,0.91,-0.15,2026-10-01
白,練習,名詞,3,0.91,-0.01,2026-10-01
白,乙女,名詞,3,0.91,nan,2026-10-01
白,上昇,名詞,3,0.91,1.06,2026-10-01
白,驚き,名詞,3,0.91,1.3,2026-10-01
白,理論,名詞,3,0.91,-0.8,2026-10-01
白,晩,名詞,3,0.91,0.84,2026-10-01
白,クイントリウス,名詞,3,0.91,1.57,2026-10-01
白,時点,名詞,3,0.91,1.57,2026-10-01
白,エネルギー,名詞,3,0.91,-1.93,2026-10-01
白,弱し,形容詞,3,0.91,0.13,2026-10-01
白,手掛かり,名詞,3,0.91,1.3,2026-10-01
白,追跡,名詞,3,0.91,-0.15,2026-10-01
白,ドゥーム,名詞,3,0.91,1.06,2026-10-01
白,忍者,名詞,3,0.91,1.3,2026-10-01
白,テフェリー,名詞,3,0.91,-0.7,2026-10-01
白,シルバー,名詞,3,0.91,1.57,2026-10-01
白,召喚,名詞,3,0.91,-1.21,2026-10-01
白,明かす,動詞,3,0.91,-0.39,2026-10-01
白,客人,名詞,3,0.91,0.64,2026-10-01
白,脚,名詞,3,0.91,0.45,2026-10-01
白,香,名詞,3,0.91,1.57,2026-10-01
白,醍,名詞,3,0.91,nan,2026-10-01
白,精鋭,名詞,3,0.91,-0.39,2026-10-01
白,犯人,名詞,3,0.91,0.84,2026-10-01
白,喋る,動詞,3,0.91,1.85,2026-10-01
白,信条,名詞,3,0.91,0.64,2026-10-01
白,キャプテン,名詞,3,0.91,nan,2026-10-01
白,行える,動詞,3,0.91,1.57,2026-10-01
白,玉座,名詞,3,0.91,0.13,2026-10-01
白,座る,動詞,3,0.91,0.45,2026-10-01
白,チミル,名詞,3,0.91,0.84,2026-10-01
白,マラメト,名詞,3,0.91,1.85,2026-10-01
白,事件,名詞,3,0.91,-0.15,2026-10-01
白,答え,名詞,3,0.91,-1.98,2026-10-01
白,地球,名詞,3,0.91,1.3,2026-10-01
白,渓間,名詞,3,0.91,-0.15,2026-10-01
白,願望,名詞,3,0.91,1.06,2026-10-01
白,ライト,名詞,3,0.91,1.57,2026-10-01
白,ボヤージャーズ,名詞,3,0.91,nan,2026-10-01
白,しるし,名詞,3,0.91,1.85,2026-10-01
白,かく,副詞,3,0.91,-0.39,2026-10-01
白,ミュータント,名詞,3,0.91,1.3,2026-10-01
白,しでかす,動詞,3,0.91,1.85,2026-10-01
白,つながる,動詞,3,0.91,0.13,2026-10-01
白,報い,名詞,3,0.91,0.28,2026-10-01
白,マット,名詞,3,0.91,nan,2026-10-01
白,息子,名詞,3,0.91,0.84,2026-10-01
白,ゴンドール,名詞,3,0.91,0.84,2026-10-01
白,統治,名詞,3,0.91,0.13,2026-10-01
白,アベンジャーズ,名詞,3,0.91,1.06,2026-10-01
白,激怒,名詞,2,0.61,0.44,2026-10-01
白,デイマン,名詞,2,0.61,nan,2026-10-01
白,聖歌,名詞,2,0.61,0.96,2026-10-01
白,児,名詞,2,0.61,nan,2026-10-01
白,獲得,名詞,2,0.61,0.23,2026-10-01
白,全く,副詞,2,0.61,-0.41,2026-10-01
白,陣営,名詞,2,0.61,nan,2026-10-01
白,負かす,動詞,2,0.61,0.05,2026-10-01
白,議会,名詞,2,0.61,nan,2026-10-01
白,直面,名詞,2,0.61,0.96,2026-10-01
白,諺,名詞,2,0.61,nan,2026-10-01
白,申す,動詞,2,0.61,0.05,2026-10-01
白,変更,名詞,2,0.61,nan,2026-10-01
白,農業,名詞,2,0.61,nan,2026-10-01
白,MR.,名詞,2,0.61,nan,2026-10-01
白,回復,名詞,2,0.61,-0.12,2026-10-01
白,たまに,副詞,2,0.61,nan,2026-10-01
白,キャベツ,名詞,2,0.61,0.68,2026-10-01
白,ナメクジ,名詞,2,0.61,0.44,2026-10-01
白,腐り,名詞,2,0.61,0.23,2026-10-01
白,野,名詞,2,0.61,0.96,2026-10-01
白,気味,名詞,2,0.61,-0.96,2026-10-01
白,リーダー,名詞,2,0.61,0.05,2026-10-01
白,祝宴,名詞,2,0.61,0.68,2026-10-01
白,人並み,名詞,2,0.61,nan,2026-10-01
白,背丈,名詞,2,0.61,0.96,2026-10-01
白,まみれる,動詞,2,0.61,0.05,2026-10-01
白,矛,名詞,2,0.61,nan,2026-10-01
白,暮らせる,動詞,2,0.61,nan,2026-10-01
白,従順,名詞,2,0.61,0.68,2026-10-01
白,つる,名詞,2,0.61,nan,2026-10-01
白,正当,名詞,2,0.61,0.23,2026-10-01
白,体系,名詞,2,0.61,0.68,2026-10-01
白,開放,名詞,2,0.61,nan,2026-10-01
白,一日,名詞,2,0.61,0.05,2026-10-01
白,馬鹿,名詞,2,0.61,-1.36,2026-10-01
白,戦列,名詞,2,0.61,nan,2026-10-01
白,苦い,形容詞,2,0.61,0.44,2026-10-01
白,祈祷,名詞,2,0.61,nan,2026-10-01
白,ふたたび,副詞,2,0.61,0.44,2026-10-01
白,ヴェク,名詞,2,0.61,nan,2026-10-01
白,弱点,名詞,2,0.61,-0.86,2026-10-01
白,賢者,名詞,2,0.61,-2.12,2026-10-01
白,御供,名詞,2,0.61,nan,2026-10-01
白,タルズ,名詞,2,0.61,nan,2026-10-01
白,人身,名詞,2,0.61,nan,2026-10-01
白,ブーツ,名詞,2,0.61,0.96,2026-10-01
白,気質,名詞,2,0.61,0.68,2026-10-01
白,地帯,名詞,2,0.61,-0.54,2026-10-01
白,抹殺,名詞,2,0.61,0.96,2026-10-01
白,辛抱,名詞,2,0.61,-0.12,2026-10-01
白,一般,名詞,2,0.61,-0.27,2026-10-01
白,タダ,名詞,2,0.61,0.96,2026-10-01
白,幸せ,名詞,2,0.61,-0.27,2026-10-01
白,怒れる,動詞,2,0.61,-0.41,2026-10-01
白,思い出,名詞,2,0.61,0.23,2026-10-01
白,拠点,名詞,2,0.61,nan,2026-10-01
白,使者,名詞,2,0.61,-0.27,2026-10-01
白,歌声,名詞,2,0.61,-0.27,2026-10-01
白,拍車,名詞,2,0.61,0.44,2026-10-01
白,合唱,名詞,2,0.61,-0.12,2026-10-01
白,上る,動詞,2,0.61,-0.27,2026-10-01
白,エルニア,名詞,2,0.61,nan,2026-10-01
白,ゾギャイ,名詞,2,0.61,nan,2026-10-01
白,武力,名詞,2,0.61,nan,2026-10-01
白,霊薬,名詞,2,0.61,nan,2026-10-01
白,混ぜる,動詞,2,0.61,nan,2026-10-01
白,味,名詞,2,0.61,-1.78,2026-10-01
白,サマイト,名詞,2,0.61,nan,2026-10-01
白,滴,名詞,2,0.61,nan,2026-10-01
白,いきなり,副詞,2,0.61,nan,2026-10-01
白,試みる,動詞,2,0.61,0.23,2026-10-01
白,沼,名詞,2,0.61,-2.07,2026-10-01
白,バエ,名詞,2,0.61,nan,2026-10-01
白,射程,名詞,2,0.61,0.96,2026-10-01
白,半ば,名詞,2,0.61,nan,2026-10-01
白,唇,名詞,2,0.61,nan,2026-10-01
白,エサ,名詞,2,0.61,-0.86,2026-10-01
白,若者,名詞,2,0.61,0.05,2026-10-01
白,とらえる,動詞,2,0.61,0.68,2026-10-01
白,杖,名詞,2,0.61,0.23,2026-10-01
白,半分,名詞,2,0.61,-1.05,2026-10-01
白,改めて,副詞,2,0.61,nan,2026-10-01
白,熱意,名詞,2,0.61,0.96,2026-10-01
白,甘い,形容詞,2,0.61,-0.54,2026-10-01
白,崇高,名詞,2,0.61,0.96,2026-10-01
白,あまねく,副詞,2,0.61,nan,2026-10-01
白,亀裂,名詞,2,0.61,0.44,2026-10-01
白,宿命,名詞,2,0.61,0.96,2026-10-01
白,確信,名詞,2,0.61,-0.12,2026-10-01
白,峰,名詞,2,0.61,0.23,2026-10-01
白,吼える,動詞,2,0.61,0.96,2026-10-01
白,跡,名詞,2,0.61,-0.96,2026-10-01
白,遠ざける,動詞,2,0.61,0.96,2026-10-01
白,休まる,動詞,2,0.61,nan,2026-10-01
白,感動,名詞,2,0.61,0.68,2026-10-01
白,永久,名詞,2,0.61,-0.27,2026-10-01
白,毎夜,名詞,2,0.61,0.44,2026-10-01
白,星座,名詞,2,0.61,nan,2026-10-01
白,模様,名詞,2,0.61,0.23,2026-10-01
白,詩人,名詞,2,0.61,0.05,2026-10-01
白,告白,名詞,2,0.61,nan,2026-10-01
白,さなか,名詞,2,0.61,nan,2026-10-01
白,保障,名詞,2,0.61,nan,2026-10-01
白,糧,名詞,2,0.61,-1.13,2026-10-01
白,塊,名詞,2,0.61,0.44,2026-10-01
白,秒,名詞,2,0.61,-0.27,2026-10-01
白,躊躇,名詞,2,0.61,0.68,2026-10-01
白,包囲,名詞,2,0.61,0.68,2026-10-01
白,音楽,名詞,2,0.61,-0.12,2026-10-01
白,配置,名詞,2,0.61,-0.12,2026-10-01
白,轟音,名詞,2,0.61,-0.41,2026-10-01
白,収める,動詞,2,0.61,-0.27,2026-10-01
白,展示,名詞,2,0.61,nan,2026-10-01
白,拘引,名詞,2,0.61,0.44,2026-10-01
白,留置,名詞,2,0.61,nan,2026-10-01
白,償い,名詞,2,0.61,nan,2026-10-01
白,スリス,名詞,2,0.61,0.44,2026-10-01
白,巻物,名詞,2,0.61,-0.65,2026-10-01
白,地ならし,名詞,2,0.61,0.96,2026-10-01
白,台,名詞,2,0.61,-0.27,2026-10-01
白,渡せる,動詞,2,0.61,nan,2026-10-01
白,究極,名詞,2,0.61,-0.76,2026-10-01
白,公平,名詞,2,0.61,0.23,2026-10-01
白,保証,名詞,2,0.61,0.23,2026-10-01
白,制圧,名詞,2,0.61,-0.12,2026-10-01
白,逆らう,動詞,2,0.61,-1.43,2026-10-01
白,トンネル,名詞,2,0.61,-0.86,2026-10-01
白,強襲,名詞,2,0.61,nan,2026-10-01
白,はだかる,動詞,2,0.61,0.68,2026-10-01
白,強要,名詞,2,0.61,nan,2026-10-01
白,みなす,動詞,2,0.61,-0.12,2026-10-01
白,執る,動詞,2,0.61,nan,2026-10-01
白,宗教,名詞,2,0.61,nan,2026-10-01
白,大群,名詞,2,0.61,-0.96,2026-10-01
白,傲慢,名詞,2,0.61,0.68,2026-10-01
白,光明,名詞,2,0.61,0.96,2026-10-01
白,はるか,副詞,2,0.61,0.96,2026-10-01
白,守り手,名詞,2,0.61,0.23,2026-10-01
白,翼竜,名詞,2,0.61,nan,2026-10-01
白,騎,名詞,2,0.61,0.96,2026-10-01
白,単位,名詞,2,0.61,nan,2026-10-01
白,巡視,名詞,2,0.61,nan,2026-10-01
白,乗,名詞,2,0.61,0.96,2026-10-01
白,夢見る,動詞,2,0.61,-0.27,2026-10-01
白,構え,名詞,2,0.61,nan,2026-10-01
白,ふさぐ,動詞,2,0.61,0.96,2026-10-01
白,大型,名詞,2,0.61,0.68,2026-10-01
白,ヴィダルケン,名詞,2,0.61,-1.73,2026-10-01
白,歩み,名詞,2,0.61,0.44,2026-10-01
白,逸る,動詞,2,0.61,nan,2026-10-01
白,蝕む,動詞,2,0.61,-0.76,2026-10-01
白,落つ,動詞,2,0.61,0.96,2026-10-01
白,調べ,名詞,2,0.61,0.96,2026-10-01
白,所,名詞,2,0.61,-1.43,2026-10-01
白,主君,名詞,2,0.61,0.96,2026-10-01
白,素晴らし,形容詞,2,0.61,nan,2026-10-01
白,なでる,動詞,2,0.61,nan,2026-10-01
白,うなり声,名詞,2,0.61,0.96,2026-10-01
白,鼻,名詞,2,0.61,-0.54,2026-10-01
白,鳩,名詞,2,0.61,nan,2026-10-01
白,効果,名詞,2,0.61,-1.94,2026-10-01
白,拓く,動詞,2,0.61,0.44,2026-10-01
白,凍える,動詞,2,0.61,0.23,2026-10-01
白,揺らめく,動詞,2,0.61,0.23,2026-10-01
白,灯籠,名詞,2,0.61,nan,2026-10-01
白,悪し,形容詞,2,0.61,-0.12,2026-10-01
白,睨む,動詞,2,0.61,nan,2026-10-01
白,鼠,名詞,2,0.61,-1.21,2026-10-01
白,稼ぐ,動詞,2,0.61,0.23,2026-10-01
白,一見,副詞,2,0.61,0.68,2026-10-01
白,奥,名詞,2,0.61,-0.12,2026-10-01
白,網,名詞,2,0.61,-0.86,2026-10-01
白,形作る,動詞,2,0.61,-0.27,2026-10-01
白,裁く,動詞,2,0.61,nan,2026-10-01
白,接ぐ,動詞,2,0.61,nan,2026-10-01
白,妨げ,名詞,2,0.61,nan,2026-10-01
白,悟り,名詞,2,0.61,0.05,2026-10-01
白,紙,名詞,2,0.61,-0.41,2026-10-01
白,灯り,名詞,2,0.61,0.96,2026-10-01
白,折る,動詞,2,0.61,-0.76,2026-10-01
白,しもべ,名詞,2,0.61,0.05,2026-10-01
白,大口,名詞,2,0.61,0.44,2026-10-01
白,怖れ,名詞,2,0.61,nan,2026-10-01
白,峡谷,名詞,2,0.61,-0.12,2026-10-01
白,箱,名詞,2,0.61,0.05,2026-10-01
白,射る,動詞,2,0.61,0.23,2026-10-01
白,中身,名詞,2,0.61,-1.05,2026-10-01
白,奇怪,名詞,2,0.61,0.23,2026-10-01
白,正気,名詞,2,0.61,-0.65,2026-10-01
白,如何に,副詞,2,0.61,nan,2026-10-01
白,無事,名詞,2,0.61,nan,2026-10-01
白,同然,名詞,2,0.61,0.44,2026-10-01
白,埃,名詞,2,0.61,-0.65,2026-10-01
白,訪れ,名詞,2,0.61,0.05,2026-10-01
白,経る,動詞,2,0.61,0.05,2026-10-01
白,通り道,名詞,2,0.61,0.23,2026-10-01
白,傷跡,名詞,2,0.61,0.23,2026-10-01
白,無尽,名詞,2,0.61,nan,2026-10-01
白,模する,動詞,2,0.61,nan,2026-10-01
白,結局,名詞,2,0.61,-0.96,2026-10-01
白,憤怒,名詞,2,0.61,-1.62,2026-10-01
白,ラマスー,名詞,2,0.61,nan,2026-10-01
白,鎚,名詞,2,0.61,0.96,2026-10-01
白,鍛冶場,名詞,2,0.61,nan,2026-10-01
白,深める,動詞,2,0.61,nan,2026-10-01
白,自信,名詞,2,0.61,-0.76,2026-10-01
白,福音,名詞,2,0.61,nan,2026-10-01
白,疑う,動詞,2,0.61,0.05,2026-10-01
白,根っこ,名詞,2,0.61,0.68,2026-10-01
白,点在,名詞,2,0.61,nan,2026-10-01
白,一団,名詞,2,0.61,0.44,2026-10-01
白,くじける,動詞,2,0.61,nan,2026-10-01
白,祝祭,名詞,2,0.61,nan,2026-10-01
白,建てる,動詞,2,0.61,-0.65,2026-10-01
白,埋葬,名詞,2,0.61,-0.27,2026-10-01
白,散らばる,動詞,2,0.61,0.68,2026-10-01
白,情けない,形容詞,2,0.61,nan,2026-10-01
白,ジョスリ,名詞,2,0.61,nan,2026-10-01
白,全然,副詞,2,0.61,0.23,2026-10-01
白,抜け殻,名詞,2,0.61,nan,2026-10-01
白,紋章,名詞,2,0.61,0.68,2026-10-01
白,楯,名詞,2,0.61,nan,2026-10-01
白,許可,名詞,2,0.61,-0.86,2026-10-01
白,詰まる,動詞,2,0.61,-1.21,2026-10-01
白,轟く,動詞,2,0.61,-0.65,2026-10-01
白,助手,名詞,2,0.61,-0.12,2026-10-01
白,計算,名詞,2,0.61,-0.12,2026-10-01
白,優位,名詞,2,0.61,0.23,2026-10-01
白,漆喰,名詞,2,0.61,nan,2026-10-01
白,悪人,名詞,2,0.61,nan,2026-10-01
白,罪人,名詞,2,0.61,nan,2026-10-01
白,格子,名詞,2,0.61,-0.12,2026-10-01
白,幽霊,名詞,2,0.61,0.05,2026-10-01
白,ラクドス,名詞,2,0.61,-1.73,2026-10-01
白,翔る,動詞,2,0.61,nan,2026-10-01
白,楽,名詞,2,0.61,-0.54,2026-10-01
白,強化,名詞,2,0.61,-0.76,2026-10-01
白,強靭,名詞,2,0.61,0.44,2026-10-01
白,隷属,名詞,2,0.61,0.68,2026-10-01
白,脈打つ,動詞,2,0.61,0.23,2026-10-01
白,生やす,動詞,2,0.61,nan,2026-10-01
白,とんでも,副詞,2,0.61,0.68,2026-10-01
白,洪水,名詞,2,0.61,0.68,2026-10-01
白,蘇る,動詞,2,0.61,-1.36,2026-10-01
白,荒原,名詞,2,0.61,nan,2026-10-01
白,北方,名詞,2,0.61,0.23,2026-10-01
白,霧氷,名詞,2,0.61,0.05,2026-10-01
白,傾向,名詞,2,0.61,nan,2026-10-01
白,矛盾,名詞,2,0.61,0.05,2026-10-01
白,偵察,名詞,2,0.61,0.05,2026-10-01
白,度々,副詞,2,0.61,nan,2026-10-01
白,倣う,動詞,2,0.61,nan,2026-10-01
白,知らせ,名詞,2,0.61,0.96,2026-10-01
白,審判,名詞,2,0.61,-0.12,2026-10-01
白,うろうろ,副詞,2,0.61,nan,2026-10-01
白,探る,動詞,2,0.61,-0.12,2026-10-01
白,手首,名詞,2,0.61,0.44,2026-10-01
白,枝分かれ,名詞,2,0.61,nan,2026-10-01
白,ほつれる,動詞,2,0.61,nan,2026-10-01
白,惨劇,名詞,2,0.61,nan,2026-10-01
白,邪霊,名詞,2,0.61,nan,2026-10-01
白,予兆,名詞,2,0.61,0.05,2026-10-01
白,家畜,名詞,2,0.61,0.05,2026-10-01
白,こっそり,副詞,2,0.61,nan,2026-10-01
白,囲う,動詞,2,0.61,0.96,2026-10-01
白,税,名詞,2,0.61,nan,2026-10-01
白,財宝,名詞,2,0.61,-0.27,2026-10-01
白,苦々しい,形容詞,2,0.61,nan,2026-10-01
白,生気,名詞,2,0.61,nan,2026-10-01
白,分岐,名詞,2,0.61,nan,2026-10-01
白,到達,名詞,2,0.61,-0.65,2026-10-01
白,模索,名詞,2,0.61,nan,2026-10-01
白,廊下,名詞,2,0.61,nan,2026-10-01
白,ダスクモーン,名詞,2,0.61,0.23,2026-10-01
白,煮る,動詞,2,0.61,0.68,2026-10-01
白,疲弊,名詞,2,0.61,nan,2026-10-01
白,マラク,名詞,2,0.61,nan,2026-10-01
白,筋,名詞,2,0.61,0.96,2026-10-01
白,腺,名詞,2,0.61,nan,2026-10-01
白,分泌,名詞,2,0.61,nan,2026-10-01
白,キチン,名詞,2,0.61,nan,2026-10-01
白,要求,名詞,2,0.61,-0.41,2026-10-01
白,賛歌,名詞,2,0.61,0.68,2026-10-01
白,侮蔑,名詞,2,0.61,nan,2026-10-01
白,ドーヨー,名詞,2,0.61,nan,2026-10-01
白,悪巧み,名詞,2,0.61,nan,2026-10-01
白,砂丘,名詞,2,0.61,0.68,2026-10-01
白,屈服,名詞,2,0.61,nan,2026-10-01
白,欺瞞,名詞,2,0.61,-0.27,2026-10-01
白,ガラス,名詞,2,0.61,-0.27,2026-10-01
白,最上,名詞,2,0.61,0.44,2026-10-01
白,メルカディア,名詞,2,0.61,nan,2026-10-01
白,馴らす,動詞,2,0.61,nan,2026-10-01
白,以つ,動詞,2,0.61,-0.76,2026-10-01
白,まとめる,動詞,2,0.61,nan,2026-10-01
白,ほどける,動詞,2,0.61,nan,2026-10-01
白,民兵,名詞,2,0.61,0.68,2026-10-01
白,噛む,動詞,2,0.61,-1.98,2026-10-01
白,湿布,名詞,2,0.61,nan,2026-10-01
白,病,名詞,2,0.61,-0.86,2026-10-01
白,直接,副詞,2,0.61,0.23,2026-10-01
白,喉,名詞,2,0.61,-1.21,2026-10-01
白,生える,動詞,2,0.61,-1.05,2026-10-01
白,目玉,名詞,2,0.61,0.96,2026-10-01
白,悲哀,名詞,2,0.61,0.96,2026-10-01
白,嬉しい,形容詞,2,0.61,-0.41,2026-10-01
白,毎年,名詞,2,0.61,nan,2026-10-01
白,炉,名詞,2,0.61,-2.36,2026-10-01
白,居心地,名詞,2,0.61,nan,2026-10-01
白,丘,名詞,2,0.61,-0.96,2026-10-01
白,荷車,名詞,2,0.61,nan,2026-10-01
白,ズシーン,副詞,2,0.61,nan,2026-10-01
白,処罰,名詞,2,0.61,nan,2026-10-01
白,シルムガル,名詞,2,0.61,-1.49,2026-10-01
白,変わり身,名詞,2,0.61,-0.27,2026-10-01
白,少々,名詞,2,0.61,-0.76,2026-10-01
白,肩,名詞,2,0.61,-0.27,2026-10-01
白,叶える,動詞,2,0.61,-0.41,2026-10-01
白,聞ける,動詞,2,0.61,0.68,2026-10-01
白,果敢,名詞,2,0.61,nan,2026-10-01
白,例,名詞,2,0.61,nan,2026-10-01
白,腕っぷし,名詞,2,0.61,nan,2026-10-01
白,ブロード,名詞,2,0.61,nan,2026-10-01
白,バーク,名詞,2,0.61,nan,2026-10-01
白,挑める,動詞,2,0.61,nan,2026-10-01
白,割る,動詞,2,0.61,-1.13,2026-10-01
白,意図,名詞,2,0.61,0.68,2026-10-01
白,動揺,名詞,2,0.61,nan,2026-10-01
白,墓石,名詞,2,0.61,0.68,2026-10-01
白,瓶,名詞,2,0.61,0.44,2026-10-01
白,さまよう,動詞,2,0.61,-0.54,2026-10-01
白,燃えがら,名詞,2,0.61,-0.27,2026-10-01
白,医者,名詞,2,0.61,nan,2026-10-01
白,スプーン,名詞,2,0.61,nan,2026-10-01
白,外部,名詞,2,0.61,nan,2026-10-01
白,囚人,名詞,2,0.61,0.68,2026-10-01
白,空ける,動詞,2,0.61,0.96,2026-10-01
白,暴く,動詞,2,0.61,-0.27,2026-10-01
白,象形,名詞,2,0.61,0.05,2026-10-01
白,揺るがす,動詞,2,0.61,0.23,2026-10-01
白,苦しむ,動詞,2,0.61,-1.62,2026-10-01
白,オルカ,名詞,2,0.61,nan,2026-10-01
白,ミストメドウ,名詞,2,0.61,nan,2026-10-01
白,弾ける,動詞,2,0.61,0.23,2026-10-01
白,遙か,副詞,2,0.61,nan,2026-10-01
白,煎ずる,動詞,2,0.61,nan,2026-10-01
白,矮村,名詞,2,0.61,0.68,2026-10-01
白,繋ぐ,動詞,2,0.61,-0.27,2026-10-01
白,鈍い,形容詞,2,0.61,-0.41,2026-10-01
白,親切,名詞,2,0.61,-0.12,2026-10-01
白,盗賊,名詞,2,0.61,0.96,2026-10-01
白,楽しむ,動詞,2,0.61,-1.98,2026-10-01
白,よこす,動詞,2,0.61,0.23,2026-10-01
白,仰ぐ,動詞,2,0.61,nan,2026-10-01
白,トーリアン,名詞,2,0.61,nan,2026-10-01
白,極刑,名詞,2,0.61,nan,2026-10-01
白,ずる賢い,形容詞,2,0.61,0.96,2026-10-01
白,肌,名詞,2,0.61,-0.65,2026-10-01
白,ラフィーク,名詞,2,0.61,nan,2026-10-01
白,数多,名詞,2,0.61,-0.65,2026-10-01
白,構成,名詞,2,0.61,-0.41,2026-10-01
白,きわめて,副詞,2,0.61,0.44,2026-10-01
白,器,名詞,2,0.61,0.05,2026-10-01
白,押さえる,動詞,2,0.61,0.23,2026-10-01
白,好ましい,形容詞,2,0.61,0.96,2026-10-01
白,外れる,動詞,2,0.61,0.68,2026-10-01
白,表情,名詞,2,0.61,0.44,2026-10-01
白,弱者,名詞,2,0.61,-1.36,2026-10-01
白,教徒,名詞,2,0.61,nan,2026-10-01
白,眼前,名詞,2,0.61,nan,2026-10-01
白,未知,名詞,2,0.61,-0.41,2026-10-01
白,恨み,名詞,2,0.61,-0.86,2026-10-01
白,案内,名詞,2,0.61,-0.12,2026-10-01
白,訪問,名詞,2,0.61,0.96,2026-10-01
白,まとう,動詞,2,0.61,-0.54,2026-10-01
白,肖像,名詞,2,0.61,nan,2026-10-01
白,模範,名詞,2,0.61,0.44,2026-10-01
白,アーシャ,名詞,2,0.61,nan,2026-10-01
白,攻城,名詞,2,0.61,nan,2026-10-01
白,アヴィトーラ,名詞,2,0.61,nan,2026-10-01
白,ロウクス,名詞,2,0.61,nan,2026-10-01
白,命じる,動詞,2,0.61,nan,2026-10-01
白,寓話,名詞,2,0.61,nan,2026-10-01
白,食物,名詞,2,0.61,0.05,2026-10-01
白,金持ち,名詞,2,0.61,0.68,2026-10-01
白,奈落,名詞,2,0.61,0.44,2026-10-01
白,聖堂,名詞,2,0.61,0.96,2026-10-01
白,有罪,名詞,2,0.61,0.68,2026-10-01
白,落とし子,名詞,2,0.61,0.23,2026-10-01
白,守れる,動詞,2,0.61,-0.12,2026-10-01
白,推奨,名詞,2,0.61,nan,2026-10-01
白,返還,名詞,2,0.61,nan,2026-10-01
白,疑い,名詞,2,0.61,0.05,2026-10-01
白,しき,名詞,2,0.61,nan,2026-10-01
白,屠る,動詞,2,0.61,0.23,2026-10-01
白,封ずる,動詞,2,0.61,0.96,2026-10-01
白,黙考,名詞,2,0.61,nan,2026-10-01
白,しばし,副詞,2,0.61,0.68,2026-10-01
白,はびこる,動詞,2,0.61,0.68,2026-10-01
白,滅する,動詞,2,0.61,nan,2026-10-01
白,探険,名詞,2,0.61,nan,2026-10-01
白,鳴き声,名詞,2,0.61,-0.54,2026-10-01
白,鉤,名詞,2,0.61,0.44,2026-10-01
白,概念,名詞,2,0.61,0.23,2026-10-01
白,雇う,動詞,2,0.61,-0.76,2026-10-01
白,クレリック,名詞,2,0.61,nan,2026-10-01
白,制限,名詞,2,0.61,0.44,2026-10-01
白,動,名詞,2,0.61,-1.36,2026-10-01
白,杭,名詞,2,0.61,0.68,2026-10-01
白,派手,名詞,2,0.61,0.68,2026-10-01
白,栄える,動詞,2,0.61,-0.27,2026-10-01
白,雌牛,名詞,2,0.61,nan,2026-10-01
白,空く,動詞,2,0.61,-0.12,2026-10-01
白,被る,動詞,2,0.61,0.23,2026-10-01
白,ゲーム,名詞,2,0.61,0.68,2026-10-01
白,枯れる,動詞,2,0.61,-0.27,2026-10-01
白,顎,名詞,2,0.61,-0.41,2026-10-01
白,凧,名詞,2,0.61,0.68,2026-10-01
白,うまい,形容詞,2,0.61,-2.28,2026-10-01
白,探索,名詞,2,0.61,-0.27,2026-10-01
白,溶岩,名詞,2,0.61,-1.05,2026-10-01
白,残酷,名詞,2,0.61,-1.67,2026-10-01
白,優先,名詞,2,0.61,0.44,2026-10-01
白,協会,名詞,2,0.61,0.05,2026-10-01
白,手綱,名詞,2,0.61,nan,2026-10-01
白,ハルダ,名詞,2,0.61,nan,2026-10-01
白,行き来,名詞,2,0.61,nan,2026-10-01
白,観察,名詞,2,0.61,-0.54,2026-10-01
白,乱す,動詞,2,0.61,0.44,2026-10-01
白,快い,形容詞,2,0.61,nan,2026-10-01
白,オンドゥ,名詞,2,0.61,0.05,2026-10-01
白,苦悩,名詞,2,0.61,-1.13,2026-10-01
白,残忍,名詞,2,0.61,-0.76,2026-10-01
白,灰,名詞,2,0.61,-2.16,2026-10-01
白,境,名詞,2,0.61,-0.12,2026-10-01
白,故,名詞,2,0.61,-0.54,2026-10-01
白,締める,動詞,2,0.61,nan,2026-10-01
白,握る,動詞,2,0.61,-0.76,2026-10-01
白,歩,名詞,2,0.61,-1.21,2026-10-01
白,本物,名詞,2,0.61,-0.96,2026-10-01
白,失くす,動詞,2,0.61,0.96,2026-10-01
白,雛,名詞,2,0.61,nan,2026-10-01
白,何事,名詞,2,0.61,nan,2026-10-01
白,餌食,名詞,2,0.61,-1.49,2026-10-01
白,惜しみない,形容詞,2,0.61,0.68,2026-10-01
白,報奨,名詞,2,0.61,0.96,2026-10-01
白,足る,動詞,2,0.61,-0.41,2026-10-01
白,ご馳走,名詞,2,0.61,-0.41,2026-10-01
白,ロック,名詞,2,0.61,-1.05,2026-10-01
白,世話,名詞,2,0.61,0.23,2026-10-01
白,支持,名詞,2,0.61,nan,2026-10-01
白,両側,名詞,2,0.61,nan,2026-10-01
白,陽動,名詞,2,0.61,nan,2026-10-01
白,摂政,名詞,2,0.61,nan,2026-10-01
白,精度,名詞,2,0.61,nan,2026-10-01
白,傑作,名詞,2,0.61,nan,2026-10-01
白,造物,名詞,2,0.61,nan,2026-10-01
白,ガルマ,名詞,2,0.61,nan,2026-10-01
白,分かれる,動詞,2,0.61,0.96,2026-10-01
白,生き残り,名詞,2,0.61,-1.49,2026-10-01
白,おののく,動詞,2,0.61,nan,2026-10-01
白,迷信,名詞,2,0.61,0.96,2026-10-01
白,導管,名詞,2,0.61,nan,2026-10-01
白,卵,名詞,2,0.61,-0.54,2026-10-01
白,誕生,名詞,2,0.61,-1.05,2026-10-01
白,地表,名詞,2,0.61,-0.12,2026-10-01
白,板,名詞,2,0.61,nan,2026-10-01
白,服従,名詞,2,0.61,0.44,2026-10-01
白,臓器,名詞,2,0.61,nan,2026-10-01
白,節,名詞,2,0.61,nan,2026-10-01
白,腐れ,名詞,2,0.61,nan,2026-10-01
白,修道,名詞,2,0.61,nan,2026-10-01
白,油,名詞,2,0.61,-1.49,2026-10-01
白,代わる,動詞,2,0.61,0.96,2026-10-01
白,永い,形容詞,2,0.61,nan,2026-10-01
白,ヴェンセール,名詞,2,0.61,nan,2026-10-01
白,脆弱,名詞,2,0.61,nan,2026-10-01
白,援護,名詞,2,0.61,nan,2026-10-01
白,別館,名詞,2,0.61,nan,2026-10-01
白,施す,動詞,2,0.61,0.05,2026-10-01
白,イザテル,名詞,2,0.61,nan,2026-10-01
白,アーマー,名詞,2,0.61,nan,2026-10-01
白,説く,動詞,2,0.61,nan,2026-10-01
白,刻文,名詞,2,0.61,nan,2026-10-01
白,銀白,名詞,2,0.61,nan,2026-10-01
白,正規,名詞,2,0.61,0.68,2026-10-01
白,解体,名詞,2,0.61,0.68,2026-10-01
白,近づける,動詞,2,0.61,-0.12,2026-10-01
白,打ち所,名詞,2,0.61,nan,2026-10-01
白,非,名詞,2,0.61,nan,2026-10-01
白,雪花,名詞,2,0.61,nan,2026-10-01
白,短気,名詞,2,0.61,nan,2026-10-01
白,太鼓,名詞,2,0.61,0.23,2026-10-01
白,屑,名詞,2,0.61,0.05,2026-10-01
白,戯言,名詞,2,0.61,nan,2026-10-01
白,モンスター,名詞,2,0.61,-0.12,2026-10-01
白,装備,名詞,2,0.61,0.23,2026-10-01
白,奥深い,形容詞,2,0.61,-1.43,2026-10-01
白,乗り物,名詞,2,0.61,nan,2026-10-01
白,本質,名詞,2,0.61,-1.05,2026-10-01
白,ランド,名詞,2,0.61,0.23,2026-10-01
白,味方,名詞,2,0.61,-1.78,2026-10-01
白,生者,名詞,2,0.61,-1.21,2026-10-01
白,以降,名詞,2,0.61,0.05,2026-10-01
白,飢え,名詞,2,0.61,-2.07,2026-10-01
白,大患,名詞,2,0.61,nan,2026-10-01
白,話せる,動詞,2,0.61,nan,2026-10-01
白,スカーブ,名詞,2,0.61,-0.27,2026-10-01
白,合わす,動詞,2,0.61,nan,2026-10-01
白,荒々しい,形容詞,2,0.61,-0.86,2026-10-01
白,オーク,名詞,2,0.61,-0.27,2026-10-01
白,堤防,名詞,2,0.61,nan,2026-10-01
白,吠える,動詞,2,0.61,-0.96,2026-10-01
白,贖罪,名詞,2,0.61,nan,2026-10-01
白,道路,名詞,2,0.61,0.68,2026-10-01
白,ならす,動詞,2,0.61,0.68,2026-10-01
白,大人しい,形容詞,2,0.61,nan,2026-10-01
白,ブリッタ,名詞,2,0.61,nan,2026-10-01
白,ぱる,動詞,2,0.61,nan,2026-10-01
白,産婆,名詞,2,0.61,nan,2026-10-01
白,ちっこい,形容詞,2,0.61,nan,2026-10-01
白,師,名詞,2,0.61,-0.96,2026-10-01
白,尋ねる,動詞,2,0.61,-0.54,2026-10-01
白,領主,名詞,2,0.61,nan,2026-10-01
白,真義,名詞,2,0.61,nan,2026-10-01
白,広間,名詞,2,0.61,0.44,2026-10-01
白,厚い,形容詞,2,0.61,0.05,2026-10-01
白,ワニ,名詞,2,0.61,0.96,2026-10-01
白,粛正,名詞,2,0.61,nan,2026-10-01
白,獄,名詞,2,0.61,0.68,2026-10-01
白,埋もれる,動詞,2,0.61,-0.54,2026-10-01
白,越す,動詞,2,0.61,0.68,2026-10-01
白,交差,名詞,2,0.61,0.23,2026-10-01
白,親愛,名詞,2,0.61,nan,2026-10-01
白,オルガード,名詞,2,0.61,nan,2026-10-01
白,スキルト,名詞,2,0.61,nan,2026-10-01
白,非難,名詞,2,0.61,0.68,2026-10-01
白,狂気,名詞,2,0.61,-2.16,2026-10-01
白,住人,名詞,2,0.61,-1.13,2026-10-01
白,否定,名詞,2,0.61,-0.41,2026-10-01
白,経典,名詞,2,0.61,nan,2026-10-01
白,捉える,動詞,2,0.61,0.96,2026-10-01
白,腐敗,名詞,2,0.61,-1.43,2026-10-01
白,囁き,名詞,2,0.61,-1.84,2026-10-01
白,丸腰,名詞,2,0.61,nan,2026-10-01
白,棲家,名詞,2,0.61,nan,2026-10-01
白,尻尾,名詞,2,0.61,0.68,2026-10-01
白,突入,名詞,2,0.61,0.23,2026-10-01
白,街中,名詞,2,0.61,0.96,2026-10-01
白,囚われ,名詞,2,0.61,nan,2026-10-01
白,伏す,動詞,2,0.61,nan,2026-10-01
白,ゴルガリ,名詞,2,0.61,-1.49,2026-10-01
白,正し,形容詞,2,0.61,nan,2026-10-01
白,終焉,名詞,2,0.61,0.23,2026-10-01
白,虚空,名詞,2,0.61,0.05,2026-10-01
白,カラス,名詞,2,0.61,-0.65,2026-10-01
白,投じる,動詞,2,0.61,nan,2026-10-01
白,加勢,名詞,2,0.61,nan,2026-10-01
白,まばたき,名詞,2,0.61,nan,2026-10-01
白,窺う,動詞,2,0.61,nan,2026-10-01
白,物陰,名詞,2,0.61,nan,2026-10-01
白,ディミーア,名詞,2,0.61,-1.62,2026-10-01
白,ネファーラ,名詞,2,0.61,nan,2026-10-01
白,鍵穴,名詞,2,0.61,nan,2026-10-01
白,レン,名詞,2,0.61,-0.41,2026-10-01
白,インチキ,名詞,2,0.61,nan,2026-10-01
白,レディ,名詞,2,0.61,nan,2026-10-01
白,転がる,動詞,2,0.61,0.44,2026-10-01
白,欠ける,動詞,2,0.61,-0.12,2026-10-01
白,言い訳,名詞,2,0.61,nan,2026-10-01
白,一握り,名詞,2,0.61,0.68,2026-10-01
白,前進,名詞,2,0.61,0.44,2026-10-01
白,拒否,名詞,2,0.61,-0.12,2026-10-01
白,トカゲ,名詞,2,0.61,-0.65,2026-10-01
白,まったく,副詞,2,0.61,-2.36,2026-10-01
白,盗み,名詞,2,0.61,0.68,2026-10-01
白,トロスターニ,名詞,2,0.61,0.96,2026-10-01
白,騒ぎ,名詞,2,0.61,0.23,2026-10-01
白,建物,名詞,2,0.61,-1.05,2026-10-01
白,無料,名詞,2,0.61,nan,2026-10-01
白,地元,名詞,2,0.61,0.96,2026-10-01
白,力量,名詞,2,0.61,nan,2026-10-01
白,兵卒,名詞,2,0.61,nan,2026-10-01
白,統率,名詞,2,0.61,-0.41,2026-10-01
白,膝,名詞,2,0.61,0.05,2026-10-01
白,威風,名詞,2,0.61,nan,2026-10-01
白,慣らす,動詞,2,0.61,0.23,2026-10-01
白,いる,動詞,2,0.61,-1.13,2026-10-01
白,嘆願,名詞,2,0.61,0.68,2026-10-01
白,支払い,名詞,2,0.61,-0.27,2026-10-01
白,僧院,名詞,2,0.61,0.23,2026-10-01
白,操る,動詞,2,0.61,-2.12,2026-10-01
白,頭脳,名詞,2,0.61,0.05,2026-10-01
白,樫,名詞,2,0.61,0.44,2026-10-01
白,ドライアド,名詞,2,0.61,-0.65,2026-10-01
白,課する,動詞,2,0.61,nan,2026-10-01
白,慎重,名詞,2,0.61,-0.27,2026-10-01
白,浸る,動詞,2,0.61,nan,2026-10-01
白,ひれ伏す,動詞,2,0.61,0.68,2026-10-01
白,勉学,名詞,2,0.61,nan,2026-10-01
白,気休め,名詞,2,0.61,nan,2026-10-01
白,オレクサ,名詞,2,0.61,nan,2026-10-01
白,サイミーディ,名詞,2,0.61,nan,2026-10-01
白,志願,名詞,2,0.61,0.96,2026-10-01
白,凍てる,動詞,2,0.61,0.44,2026-10-01
白,まさに,副詞,2,0.61,-0.12,2026-10-01
白,積む,動詞,2,0.61,0.05,2026-10-01
白,毎日,名詞,2,0.61,-0.41,2026-10-01
白,抑圧,名詞,2,0.61,0.68,2026-10-01
白,勘違い,名詞,2,0.61,0.23,2026-10-01
白,旧,名詞,2,0.61,0.44,2026-10-01
白,相応,名詞,2,0.61,nan,2026-10-01
白,午後,名詞,2,0.61,nan,2026-10-01
白,昼食,名詞,2,0.61,0.96,2026-10-01
白,余る,動詞,2,0.61,-0.27,2026-10-01
白,ミノタウルス,名詞,2,0.61,-1.78,2026-10-01
白,授業,名詞,2,0.61,0.44,2026-10-01
白,アカデミー,名詞,2,0.61,-0.27,2026-10-01
白,啓示,名詞,2,0.61,0.68,2026-10-01
白,鞍上,名詞,2,0.61,nan,2026-10-01
白,所持,名詞,2,0.61,0.96,2026-10-01
白,浴びる,動詞,2,0.61,-0.12,2026-10-01
白,委ねる,動詞,2,0.61,0.44,2026-10-01
白,ナルシル,名詞,2,0.61,nan,2026-10-01
白,ディル,名詞,2,0.61,nan,2026-10-01
白,焰,名詞,2,0.61,nan,2026-10-01
白,昔日,名詞,2,0.61,nan,2026-10-01
白,燃ゆ,動詞,2,0.61,nan,2026-10-01
白,禁止,名詞,2,0.61,-1.13,2026-10-01
白,カンロス,名詞,2,0.61,nan,2026-10-01
白,少数,名詞,2,0.61,nan,2026-10-01
白,招集,名詞,2,0.61,0.96,2026-10-01
白,健康,名詞,2,0.61,nan,2026-10-01
白,気難しい,形容詞,2,0.61,nan,2026-10-01
白,オレスコス,名詞,2,0.61,nan,2026-10-01
白,薔薇,名詞,2,0.61,0.96,2026-10-01
白,ガヴォニー,名詞,2,0.61,-0.12,2026-10-01
白,天井,名詞,2,0.61,0.68,2026-10-01
白,認識,名詞,2,0.61,-1.05,2026-10-01
白,源,名詞,2,0.61,-0.86,2026-10-01
白,良く,副詞,2,0.61,nan,2026-10-01
白,習得,名詞,2,0.61,-0.27,2026-10-01
白,命取り,名詞,2,0.61,0.44,2026-10-01
白,物資,名詞,2,0.61,0.96,2026-10-01
白,異,名詞,2,0.61,nan,2026-10-01
白,バーズィール,名詞,2,0.61,nan,2026-10-01
白,日間,名詞,2,0.61,0.68,2026-10-01
白,ひび割れる,動詞,2,0.61,nan,2026-10-01
白,麒麟,名詞,2,0.61,nan,2026-10-01
白,伴う,動詞,2,0.61,-1.21,2026-10-01
白,表す,動詞,2,0.61,-0.65,2026-10-01
白,季節,名詞,2,0.61,-0.54,2026-10-01
白,転換,名詞,2,0.61,0.96,2026-10-01
白,閉ざす,動詞,2,0.61,0.44,2026-10-01
白,領土,名詞,2,0.61,-1.29,2026-10-01
白,戦死,名詞,2,0.61,nan,2026-10-01
白,ケット,名詞,2,0.61,-1.13,2026-10-01
白,不能,名詞,2,0.61,-0.27,2026-10-01
白,学習,名詞,2,0.61,nan,2026-10-01
白,ダガタール,名詞,2,0.61,nan,2026-10-01
白,衝撃,名詞,2,0.61,-0.41,2026-10-01
白,手助け,名詞,2,0.61,0.68,2026-10-01
白,予見,名詞,2,0.61,0.23,2026-10-01
白,兆候,名詞,2,0.61,nan,2026-10-01
白,補給,名詞,2,0.61,0.44,2026-10-01
白,臣下,名詞,2,0.61,0.68,2026-10-01
白,怠る,動詞,2,0.61,0.23,2026-10-01
白,吹雪,名詞,2,0.61,0.23,2026-10-01
白,全幅,名詞,2,0.61,nan,2026-10-01
白,エボン,名詞,2,0.61,nan,2026-10-01
白,圧力,名詞,2,0.61,nan,2026-10-01
白,返礼,名詞,2,0.61,nan,2026-10-01
白,パトロール,名詞,2,0.61,nan,2026-10-01
白,翔ける,動詞,2,0.61,nan,2026-10-01
白,賞賛,名詞,2,0.61,0.23,2026-10-01
白,懐く,動詞,2,0.61,nan,2026-10-01
白,ヒクサス,名詞,2,0.61,nan,2026-10-01
白,制御,名詞,2,0.61,-0.76,2026-10-01
白,鎚矛,名詞,2,0.61,nan,2026-10-01
白,光栄,名詞,2,0.61,nan,2026-10-01
白,かぎる,動詞,2,0.61,nan,2026-10-01
白,権威,名詞,2,0.61,nan,2026-10-01
白,殺める,動詞,2,0.61,nan,2026-10-01
白,愛着,名詞,2,0.61,nan,2026-10-01
白,選定,名詞,2,0.61,0.96,2026-10-01
白,乗用,名詞,2,0.61,nan,2026-10-01
白,連絡,名詞,2,0.61,nan,2026-10-01
白,ナヒリ,名詞,2,0.61,-0.65,2026-10-01
白,小型,名詞,2,0.61,nan,2026-10-01
白,難なく,副詞,2,0.61,nan,2026-10-01
白,年間,名詞,2,0.61,0.96,2026-10-01
白,ランタン,名詞,2,0.61,-0.54,2026-10-01
白,暗闇,名詞,2,0.61,-0.86,2026-10-01
白,出でる,動詞,2,0.61,0.96,2026-10-01
白,独立,名詞,2,0.61,0.44,2026-10-01
白,重んずる,動詞,2,0.61,nan,2026-10-01
白,共同,名詞,2,0.61,0.96,2026-10-01
白,跨る,動詞,2,0.61,nan,2026-10-01
白,配る,動詞,2,0.61,nan,2026-10-01
白,揺れる,動詞,2,0.61,0.44,2026-10-01
白,囮,名詞,2,0.61,nan,2026-10-01
白,飛翔,名詞,2,0.61,0.44,2026-10-01
白,ナズラ,名詞,2,0.61,nan,2026-10-01
白,修理,名詞,2,0.61,0.44,2026-10-01
白,命運,名詞,2,0.61,0.68,2026-10-01
白,身振り,名詞,2,0.61,nan,2026-10-01
白,奇襲,名詞,2,0.61,0.96,2026-10-01
白,ウォッチ,名詞,2,0.61,-0.54,2026-10-01
白,店,名詞,2,0.61,nan,2026-10-01
白,遠征,名詞,2,0.61,0.44,2026-10-01
白,昨今,名詞,2,0.61,nan,2026-10-01
白,没収,名詞,2,0.61,nan,2026-10-01
白,農場,名詞,2,0.61,nan,2026-10-01
白,カロラス,名詞,2,0.61,0.05,2026-10-01
白,境界,名詞,2,0.61,-1.13,2026-10-01
白,結成,名詞,2,0.61,0.68,2026-10-01
白,まさか,副詞,2,0.61,0.44,2026-10-01
白,行き先,名詞,2,0.61,nan,2026-10-01
白,まします,動詞,2,0.61,nan,2026-10-01
白,いまさら,副詞,2,0.61,nan,2026-10-01
白,古参,名詞,2,0.61,0.96,2026-10-01
白,手元,名詞,2,0.61,0.05,2026-10-01
白,響き,名詞,2,0.61,-0.12,2026-10-01
白,瞬く,動詞,2,0.61,0.23,2026-10-01
白,共闘,名詞,2,0.61,nan,2026-10-01
白,活路,名詞,2,0.61,nan,2026-10-01
白,堕ちる,動詞,2,0.61,0.23,2026-10-01
白,期限,名詞,2,0.61,nan,2026-10-01
白,基盤,名詞,2,0.61,0.23,2026-10-01
白,個体,名詞,2,0.61,0.05,2026-10-01
白,創る,動詞,2,0.61,-0.76,2026-10-01
白,堪能,名詞,2,0.61,nan,2026-10-01
白,範囲,名詞,2,0.61,-0.65,2026-10-01
白,機構,名詞,2,0.61,0.96,2026-10-01
白,要員,名詞,2,0.61,nan,2026-10-01
白,対応,名詞,2,0.61,0.96,2026-10-01
白,緊急,名詞,2,0.61,0.44,2026-10-01
白,ナラー,名詞,2,0.61,-1.62,2026-10-01
白,鯨,名詞,2,0.61,nan,2026-10-01
白,操縦,名詞,2,0.61,nan,2026-10-01
白,横行,名詞,2,0.61,nan,2026-10-01
白,機体,名詞,2,0.61,nan,2026-10-01
白,チャンドラ,名詞,2,0.61,-2.43,2026-10-01
白,有用,名詞,2,0.61,0.68,2026-10-01
白,苦労,名詞,2,0.61,0.05,2026-10-01
白,大半,名詞,2,0.61,-0.41,2026-10-01
白,情熱,名詞,2,0.61,-1.29,2026-10-01
白,工具,名詞,2,0.61,nan,2026-10-01
白,鉱夫,名詞,2,0.61,nan,2026-10-01
白,継続,名詞,2,0.61,nan,2026-10-01
白,対立,名詞,2,0.61,0.68,2026-10-01
白,世間,名詞,2,0.61,0.05,2026-10-01
白,いたる,動詞,2,0.61,0.96,2026-10-01
白,騙す,動詞,2,0.61,-0.54,2026-10-01
白,収集,名詞,2,0.61,0.23,2026-10-01
白,代,名詞,2,0.61,0.44,2026-10-01
白,漏,名詞,2,0.61,nan,2026-10-01
白,策謀,名詞,2,0.61,nan,2026-10-01
白,本部,名詞,2,0.61,nan,2026-10-01
白,不朽,名詞,2,0.61,nan,2026-10-01
白,テムメト,名詞,2,0.61,nan,2026-10-01
白,ヘクマ,名詞,2,0.61,-0.12,2026-10-01
白,貪欲,名詞,2,0.61,-0.54,2026-10-01
白,時折,副詞,2,0.61,0.05,2026-10-01
白,粒,名詞,2,0.61,0.68,2026-10-01
白,デジェル,名詞,2,0.61,0.96,2026-10-01
白,ター,名詞,2,0.61,0.44,2026-10-01
白,たやすい,形容詞,2,0.61,0.96,2026-10-01
白,渦中,名詞,2,0.61,nan,2026-10-01
白,ありがたい,形容詞,2,0.61,-0.54,2026-10-01
白,アルマサウルス,名詞,2,0.61,nan,2026-10-01
白,力強い,形容詞,2,0.61,-0.41,2026-10-01
白,為す,動詞,2,0.61,0.05,2026-10-01
白,重,名詞,2,0.61,0.44,2026-10-01
白,宮殿,名詞,2,0.61,-0.54,2026-10-01
白,穢れ,名詞,2,0.61,0.44,2026-10-01
白,暮れる,動詞,2,0.61,0.44,2026-10-01
白,循環,名詞,2,0.61,-0.41,2026-10-01
白,聖域,名詞,2,0.61,-0.12,2026-10-01
白,白昼,名詞,2,0.61,nan,2026-10-01
白,しゅうしゅう,副詞,2,0.61,nan,2026-10-01
白,恵み,名詞,2,0.61,-1.13,2026-10-01
白,総司令,名詞,2,0.61,nan,2026-10-01
白,ときどき,名詞,2,0.61,0.23,2026-10-01
白,忠告,名詞,2,0.61,0.68,2026-10-01
白,唸る,動詞,2,0.61,0.68,2026-10-01
白,聖地,名詞,2,0.61,nan,2026-10-01
白,目前,名詞,2,0.61,0.23,2026-10-01
白,屈強,名詞,2,0.61,nan,2026-10-01
白,こねる,動詞,2,0.61,nan,2026-10-01
白,拾う,動詞,2,0.61,0.96,2026-10-01
白,負傷,名詞,2,0.61,nan,2026-10-01
白,プテロドン,名詞,2,0.61,nan,2026-10-01
白,何物,名詞,2,0.61,-0.27,2026-10-01
白,意表,名詞,2,0.61,nan,2026-10-01
白,日暮れ,名詞,2,0.61,nan,2026-10-01
白,幕開け,名詞,2,0.61,nan,2026-10-01
白,激しい,形容詞,2,0.61,-1.94,2026-10-01
白,サーシ,名詞,2,0.61,nan,2026-10-01
白,上回る,動詞,2,0.61,-0.27,2026-10-01
白,ブリンドリ,名詞,2,0.61,nan,2026-10-01
白,遠い,形容詞,2,0.61,-1.62,2026-10-01
白,大陸,名詞,2,0.61,0.96,2026-10-01
白,崩落,名詞,2,0.61,nan,2026-10-01
白,気高い,形容詞,2,0.61,0.96,2026-10-01
白,称号,名詞,2,0.61,0.44,2026-10-01
白,分解,名詞,2,0.61,0.68,2026-10-01
白,医師,名詞,2,0.61,0.68,2026-10-01
白,腕利き,名詞,2,0.61,nan,2026-10-01
白,家系,名詞,2,0.61,nan,2026-10-01
白,カスリン,名詞,2,0.61,nan,2026-10-01
白,制する,動詞,2,0.61,nan,2026-10-01
白,名高い,形容詞,2,0.61,-0.12,2026-10-01
白,負け,名詞,2,0.61,nan,2026-10-01
白,果て,名詞,2,0.61,-0.65,2026-10-01
白,無,名詞,2,0.61,0.44,2026-10-01
白,慰め,名詞,2,0.61,0.96,2026-10-01
白,騎乗,名詞,2,0.61,0.68,2026-10-01
白,保存,名詞,2,0.61,0.68,2026-10-01
白,滅び,名詞,2,0.61,nan,2026-10-01
白,屈辱,名詞,2,0.61,0.96,2026-10-01
白,得意,名詞,2,0.61,-0.41,2026-10-01
白,感じ,名詞,2,0.61,-0.27,2026-10-01
白,不眠,名詞,2,0.61,nan,2026-10-01
白,不休,名詞,2,0.61,nan,2026-10-01
白,暴徒,名詞,2,0.61,0.68,2026-10-01
白,傷つく,動詞,2,0.61,0.23,2026-10-01
白,餌,名詞,2,0.61,-2.99,2026-10-01
白,礼儀,名詞,2,0.61,-0.54,2026-10-01
白,動員,名詞,2,0.61,nan,2026-10-01
白,特定,名詞,2,0.61,0.96,2026-10-01
白,とても,副詞,2,0.61,-1.56,2026-10-01
白,荷,名詞,2,0.61,nan,2026-10-01
白,友達,名詞,2,0.61,-1.13,2026-10-01
白,調べる,動詞,2,0.61,-1.05,2026-10-01
白,敬う,動詞,2,0.61,0.44,2026-10-01
白,大衆,名詞,2,0.61,nan,2026-10-01
白,当て,名詞,2,0.61,nan,2026-10-01
白,聞かせる,動詞,2,0.61,nan,2026-10-01
白,大喜び,名詞,2,0.61,0.23,2026-10-01
白,藁,名詞,2,0.61,nan,2026-10-01
白,笑う,動詞,2,0.61,-1.62,2026-10-01
白,プラーフ,名詞,2,0.61,nan,2026-10-01
白,鳴らす,動詞,2,0.61,-1.62,2026-10-01
白,朝焼け,名詞,2,0.61,nan,2026-10-01
白,中隊,名詞,2,0.61,nan,2026-10-01
白,フェザー,名詞,2,0.61,nan,2026-10-01
白,パルヘリオン,名詞,2,0.61,nan,2026-10-01
白,おとなしい,形容詞,2,0.61,-1.36,2026-10-01
白,普段,名詞,2,0.61,0.05,2026-10-01
白,兼ねる,動詞,2,0.61,nan,2026-10-01
白,行く手,名詞,2,0.61,0.68,2026-10-01
白,陣形,名詞,2,0.61,nan,2026-10-01
白,黒い,形容詞,2,0.61,-1.05,2026-10-01
白,城塞,名詞,2,0.61,nan,2026-10-01
白,代償,名詞,2,0.61,-1.29,2026-10-01
白,裏切る,動詞,2,0.61,-0.65,2026-10-01
白,出口,名詞,2,0.61,0.23,2026-10-01
白,有益,名詞,2,0.61,nan,2026-10-01
白,救える,動詞,2,0.61,0.96,2026-10-01
白,奔流,名詞,2,0.61,nan,2026-10-01
白,黒,名詞,2,0.61,-0.96,2026-10-01
白,巻き添え,名詞,2,0.61,nan,2026-10-01
白,虚しい,形容詞,2,0.61,nan,2026-10-01
白,警報,名詞,2,0.61,0.44,2026-10-01
白,眺め,名詞,2,0.61,0.44,2026-10-01
白,留める,動詞,2,0.61,-0.76,2026-10-01
白,結末,名詞,2,0.61,-0.12,2026-10-01
白,くぐる,動詞,2,0.61,0.44,2026-10-01
白,円環,名詞,2,0.61,0.96,2026-10-01
白,興奮,名詞,2,0.61,-0.27,2026-10-01
白,広野,名詞,2,0.61,nan,2026-10-01
白,雷鳴,名詞,2,0.61,-0.54,2026-10-01
白,城,名詞,2,0.61,-0.27,2026-10-01
白,閃光,名詞,2,0.61,0.96,2026-10-01
白,兆し,名詞,2,0.61,-0.12,2026-10-01
白,明かり,名詞,2,0.61,0.23,2026-10-01
白,もてなす,動詞,2,0.61,nan,2026-10-01
白,西,名詞,2,0.61,0.96,2026-10-01
白,水平,名詞,2,0.61,nan,2026-10-01
白,虎,名詞,2,0.61,nan,2026-10-01
白,ルーカ,名詞,2,0.61,0.96,2026-10-01
白,毛皮,名詞,2,0.61,0.23,2026-10-01
白,今夜,名詞,2,0.61,-0.65,2026-10-01
白,食べ物,名詞,2,0.61,-0.27,2026-10-01
白,浮遊,名詞,2,0.61,0.44,2026-10-01
白,掟,名詞,2,0.61,0.68,2026-10-01
白,切迫,名詞,2,0.61,nan,2026-10-01
白,バスリ,名詞,2,0.61,nan,2026-10-01
白,低下,名詞,2,0.61,nan,2026-10-01
白,勝てる,動詞,2,0.61,-0.12,2026-10-01
白,降ろす,動詞,2,0.61,0.44,2026-10-01
白,傍,名詞,2,0.61,nan,2026-10-01
白,ハンター,名詞,2,0.61,nan,2026-10-01
白,ショー,名詞,2,0.61,0.23,2026-10-01
白,群れる,動詞,2,0.61,0.23,2026-10-01
白,棒,名詞,2,0.61,-0.27,2026-10-01
白,用心,名詞,2,0.61,-0.41,2026-10-01
白,いたって,副詞,2,0.61,nan,2026-10-01
白,ちび,名詞,2,0.61,0.68,2026-10-01
白,憎し,形容詞,2,0.61,0.44,2026-10-01
白,ときおり,副詞,2,0.61,nan,2026-10-01
白,旗,名詞,2,0.61,0.05,2026-10-01
白,傑士,名詞,2,0.61,nan,2026-10-01
白,連ねる,動詞,2,0.61,0.96,2026-10-01
白,衝突,名詞,2,0.61,-0.54,2026-10-01
白,目論む,動詞,2,0.61,nan,2026-10-01
白,イスト,名詞,2,0.61,nan,2026-10-01
白,亡霊,名詞,2,0.61,0.68,2026-10-01
白,カルドハイム,名詞,2,0.61,0.44,2026-10-01
白,アクスガルド,名詞,2,0.61,nan,2026-10-01
白,堅牢,名詞,2,0.61,nan,2026-10-01
白,猛然,副詞,2,0.61,nan,2026-10-01
白,地下,名詞,2,0.61,-1.89,2026-10-01
白,大学,名詞,2,0.61,-0.27,2026-10-01
白,プランティクル,名詞,2,0.61,nan,2026-10-01
白,直前,名詞,2,0.61,0.44,2026-10-01
白,峠,名詞,2,0.61,-0.54,2026-10-01
白,うっかり,名詞,2,0.61,nan,2026-10-01
白,防備,名詞,2,0.61,-0.65,2026-10-01
白,見解,名詞,2,0.61,nan,2026-10-01
白,崖,名詞,2,0.61,-0.65,2026-10-01
白,自力,名詞,2,0.61,nan,2026-10-01
白,無双,名詞,2,0.61,nan,2026-10-01
白,勝負,名詞,2,0.61,0.44,2026-10-01
白,決する,動詞,2,0.61,nan,2026-10-01
白,侮る,動詞,2,0.61,0.68,2026-10-01
白,暗し,形容詞,2,0.61,0.05,2026-10-01
白,天界,名詞,2,0.61,nan,2026-10-01
白,無辜,名詞,2,0.61,nan,2026-10-01
白,思いやり,名詞,2,0.61,nan,2026-10-01
白,ケッシグ,名詞,2,0.61,-2.07,2026-10-01
白,音色,名詞,2,0.61,0.68,2026-10-01
白,唸り,名詞,2,0.61,0.96,2026-10-01
白,捜索,名詞,2,0.61,nan,2026-10-01
白,行方,名詞,2,0.61,0.05,2026-10-01
白,逝く,動詞,2,0.61,nan,2026-10-01
白,魔物,名詞,2,0.61,0.05,2026-10-01
白,重心,名詞,2,0.61,nan,2026-10-01
白,責務,名詞,2,0.61,0.96,2026-10-01
白,勉強,名詞,2,0.61,0.44,2026-10-01
白,害,名詞,2,0.61,0.68,2026-10-01
白,溺れる,動詞,2,0.61,-0.27,2026-10-01
白,ばあ,名詞,2,0.61,nan,2026-10-01
白,引き換え,名詞,2,0.61,0.44,2026-10-01
白,血統,名詞,2,0.61,-0.76,2026-10-01
白,わざわざ,副詞,2,0.61,nan,2026-10-01
白,招待,名詞,2,0.61,0.05,2026-10-01
白,攪乱,名詞,2,0.61,nan,2026-10-01
白,姉,名詞,2,0.61,0.96,2026-10-01
白,断片,名詞,2,0.61,nan,2026-10-01
白,メカ,名詞,2,0.61,0.96,2026-10-01
白,並外れる,動詞,2,0.61,0.96,2026-10-01
白,衛兵,名詞,2,0.61,-0.12,2026-10-01
白,堪える,動詞,2,0.61,nan,2026-10-01
白,武術,名詞,2,0.61,nan,2026-10-01
白,仔,名詞,2,0.61,0.05,2026-10-01
白,施設,名詞,2,0.61,0.44,2026-10-01
白,暴漢,名詞,2,0.61,nan,2026-10-01
白,金庫,名詞,2,0.61,0.44,2026-10-01
白,舞台,名詞,2,0.61,0.05,2026-10-01
白,判明,名詞,2,0.61,0.44,2026-10-01
白,たった,副詞,2,0.61,-0.86,2026-10-01
白,ニュー,名詞,2,0.61,-0.96,2026-10-01
白,電流,名詞,2,0.61,nan,2026-10-01
白,赤,名詞,2,0.61,0.23,2026-10-01
白,斡旋,名詞,2,0.61,nan,2026-10-01
白,一言,名詞,2,0.61,-0.65,2026-10-01
白,初,名詞,2,0.61,0.68,2026-10-01
白,常夜,名詞,2,0.61,0.44,2026-10-01
白,大砲,名詞,2,0.61,0.44,2026-10-01
白,目標,名詞,2,0.61,-0.65,2026-10-01
白,難民,名詞,2,0.61,0.68,2026-10-01
白,側面,名詞,2,0.61,nan,2026-10-01
白,加工,名詞,2,0.61,0.96,2026-10-01
白,裂ける,動詞,2,0.61,0.05,2026-10-01
白,右,名詞,2,0.61,nan,2026-10-01
白,テリシア,名詞,2,0.61,-0.12,2026-10-01
白,ロラン,名詞,2,0.61,nan,2026-10-01
白,エンジン,名詞,2,0.61,0.96,2026-10-01
白,正面,名詞,2,0.61,0.68,2026-10-01
白,塹壕,名詞,2,0.61,nan,2026-10-01
白,悔い,名詞,2,0.61,nan,2026-10-01
白,根性,名詞,2,0.61,nan,2026-10-01
白,ファラジ,名詞,2,0.61,0.96,2026-10-01
白,出力,名詞,2,0.61,0.96,2026-10-01
白,爆風,名詞,2,0.61,nan,2026-10-01
白,コス,名詞,2,0.61,-0.27,2026-10-01
白,珍しい,形容詞,2,0.61,0.05,2026-10-01
白,熱狂,名詞,2,0.61,nan,2026-10-01
白,従僕,名詞,2,0.61,nan,2026-10-01
白,あずかる,動詞,2,0.61,0.96,2026-10-01
白,聴衆,名詞,2,0.61,nan,2026-10-01
白,シンギュラリティ,名詞,2,0.61,nan,2026-10-01
白,片方,名詞,2,0.61,nan,2026-10-01
白,役立つ,動詞,2,0.61,0.96,2026-10-01
白,ゴバカーン,名詞,2,0.61,nan,2026-10-01
白,手中,名詞,2,0.61,0.44,2026-10-01
白,対,名詞,2,0.61,0.68,2026-10-01
白,まだまだ,副詞,2,0.61,0.68,2026-10-01
白,のたうつ,動詞,2,0.61,0.23,2026-10-01
白,タミヨウ,名詞,2,0.61,-0.54,2026-10-01
白,太刀,名詞,2,0.61,nan,2026-10-01
白,止む,動詞,2,0.61,0.68,2026-10-01
白,料理,名詞,2,0.61,-0.54,2026-10-01
白,知らす,動詞,2,0.61,0.68,2026-10-01
白,檻,名詞,2,0.61,-1.05,2026-10-01
白,愛しい,形容詞,2,0.61,0.44,2026-10-01
白,草,名詞,2,0.61,-0.41,2026-10-01
白,冷える,動詞,2,0.61,nan,2026-10-01
白,さらす,動詞,2,0.61,0.68,2026-10-01
白,棄てる,動詞,2,0.61,nan,2026-10-01
白,喰らう,動詞,2,0.61,-0.65,2026-10-01
白,強し,形容詞,2,0.61,-1.21,2026-10-01
白,不変,名詞,2,0.61,nan,2026-10-01
白,おもちゃ,名詞,2,0.61,0.44,2026-10-01
白,治る,動詞,2,0.61,nan,2026-10-01
白,高所,名詞,2,0.61,0.96,2026-10-01
白,盗人,名詞,2,0.61,0.05,2026-10-01
白,頭数,名詞,2,0.61,nan,2026-10-01
白,殺人,名詞,2,0.61,-1.29,2026-10-01
白,プロフト,名詞,2,0.61,0.44,2026-10-01
白,人助け,名詞,2,0.61,nan,2026-10-01
白,さすが,副詞,2,0.61,nan,2026-10-01
白,囚われる,動詞,2,0.61,0.05,2026-10-01
白,しがみつく,動詞,2,0.61,-0.12,2026-10-01
白,サンダー,名詞,2,0.61,0.96,2026-10-01
白,スターリング,名詞,2,0.61,nan,2026-10-01
白,調整,名詞,2,0.61,0.68,2026-10-01
白,兎,名詞,2,0.61,0.44,2026-10-01
白,すぐさま,副詞,2,0.61,-0.65,2026-10-01
白,教え子,名詞,2,0.61,nan,2026-10-01
白,一息,名詞,2,0.61,-0.12,2026-10-01
白,災厄,名詞,2,0.61,-1.05,2026-10-01
白,討つ,動詞,2,0.61,nan,2026-10-01
白,金切り,名詞,2,0.61,0.68,2026-10-01
白,焼ける,動詞,2,0.61,-1.21,2026-10-01
白,飢える,動詞,2,0.61,-1.98,2026-10-01
白,メイブル,名詞,2,0.61,nan,2026-10-01
白,冷静,名詞,2,0.61,0.05,2026-10-01
白,粉砕,名詞,2,0.61,0.44,2026-10-01
白,固まる,動詞,2,0.61,0.96,2026-10-01
白,変化,名詞,2,0.61,-1.62,2026-10-01
白,館,名詞,2,0.61,-0.41,2026-10-01
白,ユニット,名詞,2,0.61,nan,2026-10-01
白,運転,名詞,2,0.61,0.68,2026-10-01
白,レーサー,名詞,2,0.61,nan,2026-10-01
白,レース,名詞,2,0.61,0.68,2026-10-01
白,事態,名詞,2,0.61,-0.76,2026-10-01
白,クポ,名詞,2,0.61,nan,2026-10-01
白,隣人,名詞,2,0.61,0.44,2026-10-01
白,スパイディ,名詞,2,0.61,nan,2026-10-01
白,決定,名詞,2,0.61,0.05,2026-10-01
白,坊や,名詞,2,0.61,0.96,2026-10-01
白,ダンス,名詞,2,0.61,0.68,2026-10-01
白,決着,名詞,2,0.61,0.44,2026-10-01
白,意気,名詞,2,0.61,0.68,2026-10-01
白,島,名詞,2,0.61,0.05,2026-10-01
白,ズーコ,名詞,2,0.61,0.68,2026-10-01
白,恐慌,名詞,2,0.61,0.05,2026-10-01
白,陥る,動詞,2,0.61,-0.65,2026-10-01
白,悼む,動詞,2,0.61,0.23,2026-10-01
白,カメ,名詞,2,0.61,-0.41,2026-10-01
白,視点,名詞,2,0.61,0.23,2026-10-01
白,嫌う,動詞,2,0.61,-1.13,2026-10-01
白,陸,名詞,2,0.61,-0.12,2026-10-01
白,高ぶる,動詞,2,0.61,nan,2026-10-01
白,暮らし,名詞,2,0.61,0.23,2026-10-01
白,戴天,名詞,2,0.61,nan,2026-10-01
白,不倶,名詞,2,0.61,nan,2026-10-01
白,排除,名詞,2,0.61,0.23,2026-10-01
白,永続,名詞,2,0.61,nan,2026-10-01
白,フューリー,名詞,2,0.61,nan,2026-10-01
白,本日,名詞,2,0.61,nan,2026-10-01
白,幼獣,名詞,2,0.61,nan,2026-10-01
白,アニマル,名詞,2,0.61,0.96,2026-10-01
白,ころ,名詞,2,0.61,-0.27,2026-10-01
白,女,名詞,2,0.61,0.44,2026-10-01
白,サウロン,名詞,2,0.61,0.44,2026-10-01
白,今回,名詞,2,0.61,0.44,2026-10-01
白,わびる,動詞,2,0.61,nan,2026-10-01
白,一時,名詞,2,0.61,0.05,2026-10-01
白,バード,名詞,2,0.61,0.68,2026-10-01
白,秘訣,名詞,2,0.61,0.05,2026-10-01
白,手遅れ,名詞,2,0.61,-0.41,2026-10-01
白,天才,名詞,2,0.61,-0.12,2026-10-01
白,会得,名詞,2,0.61,nan,2026-10-01
白,ノール,名詞,2,0.61,nan,2026-10-01
白,若木,名詞,2,0.61,0.44,2026-10-01
白,元気,名詞,2,0.61,0.68,2026-10-01
白,ファラミア,名詞,2,0.61,nan,2026-10-01
白,亡者,名詞,2,0.61,nan,2026-10-01
白,共存,名詞,2,0.61,nan,2026-10-01
白,永し,形容詞,2,0.61,nan,2026-10-01
白,サリッド,名詞,2,0.61,-0.76,2026-10-01
白,絶品,名詞,2,0.61,0.96,2026-10-01
白,表面,名詞,2,0.61,-0.12,2026-10-01
白,石質,名詞,2,0.61,nan,2026-10-01
白,カワウソ,名詞,2,0.61,0.44,2026-10-01
白,荒らす,動詞,2,0.61,-0.65,2026-10-01
白,そう,名詞,2,0.61,-0.54,2026-10-01
白,しばる,動詞,2,0.61,nan,2026-10-01
白,唾,名詞,2,0.61,0.96,2026-10-01
白,ティリス,名詞,2,0.61,nan,2026-10-01
白,治める,動詞,2,0.61,nan,2026-10-01
白,寝る,動詞,2,0.61,-0.12,2026-10-01
白,進化,名詞,2,0.61,-1.36,2026-10-01
白,イコリア,名詞,2,0.61,-0.27,2026-10-01
白,じっくり,副詞,2,0.61,0.96,2026-10-01
白,ウィング,名詞,2,0.61,nan,2026-10-01
白,谷間,名詞,2,0.61,0.68,2026-10-01
白,湖,名詞,2,0.61,0.05,2026-10-01
白,アドリアナ,名詞,2,0.61,nan,2026-10-01
白,警護,名詞,2,0.61,0.96,2026-10-01
白,クラヴ,名詞,2,0.61,nan,2026-10-01
白,焼尽,名詞,2,0.61,nan,2026-10-01
白,争う,動詞,2,0.61,0.23,2026-10-01
白,湾,名詞,2,0.61,nan,2026-10-01
白,モモ,名詞,2,0.61,nan,2026-10-01
白,エージェント,名詞,2,0.61,nan,2026-10-01
白,医療,名詞,2,0.61,nan,2026-10-01
白,貪る,動詞,1,0.3,-2.35,2026-10-01
白,牧草,名詞,1,0.3,nan,2026-10-01
白,写本,名詞,1,0.3,nan,2026-10-01
白,星辰,名詞,1,0.3,nan,2026-10-01
白,両者,名詞,1,0.3,-0.29,2026-10-01
白,沿岸,名詞,1,0.3,-0.29,2026-10-01
白,奢り,名詞,1,0.3,nan,2026-10-01
白,オランチン,名詞,1,0.3,nan,2026-10-01
白,笏,名詞,1,0.3,nan,2026-10-01
白,こわばる,動詞,1,0.3,nan,2026-10-01
白,永らえる,動詞,1,0.3,-0.09,2026-10-01
白,アルダナ,名詞,1,0.3,nan,2026-10-01
白,力ない,形容詞,1,0.3,nan,2026-10-01
白,ライオン,名詞,1,0.3,nan,2026-10-01
白,たれ,名詞,1,0.3,nan,2026-10-01
白,驚かす,動詞,1,0.3,-0.09,2026-10-01
白,オランダー,名詞,1,0.3,nan,2026-10-01
白,道しるべ,名詞,1,0.3,nan,2026-10-01
白,弧状,名詞,1,0.3,nan,2026-10-01
白,マゾム,名詞,1,0.3,nan,2026-10-01
白,住居,名詞,1,0.3,nan,2026-10-01
白,あて,名詞,1,0.3,nan,2026-10-01
白,ウォー,名詞,1,0.3,nan,2026-10-01
白,ハンディ,名詞,1,0.3,nan,2026-10-01
白,センター,名詞,1,0.3,nan,2026-10-01
白,設定,名詞,1,0.3,nan,2026-10-01
白,肥料,名詞,1,0.3,nan,2026-10-01
白,気まま,名詞,1,0.3,nan,2026-10-01
白,巻,名詞,1,0.3,-0.61,2026-10-01
白,キャベジ,名詞,1,0.3,nan,2026-10-01
白,動ける,動詞,1,0.3,-0.74,2026-10-01
白,稲穂,名詞,1,0.3,nan,2026-10-01
白,非情,名詞,1,0.3,nan,2026-10-01
白,選る,動詞,1,0.3,nan,2026-10-01
白,うるさい,形容詞,1,0.3,nan,2026-10-01
白,すぐる,動詞,1,0.3,nan,2026-10-01
白,純血,名詞,1,0.3,nan,2026-10-01
白,凍れる,動詞,1,0.3,nan,2026-10-01
白,あきらめる,動詞,1,0.3,nan,2026-10-01
白,辞儀,名詞,1,0.3,nan,2026-10-01
白,かがめる,動詞,1,0.3,nan,2026-10-01
白,無礼,名詞,1,0.3,nan,2026-10-01
白,眺望,名詞,1,0.3,nan,2026-10-01
白,安らぐ,動詞,1,0.3,nan,2026-10-01
白,そこそこ,副詞,1,0.3,nan,2026-10-01
白,二十歳,名詞,1,0.3,nan,2026-10-01
白,ツンドラ,名詞,1,0.3,nan,2026-10-01
白,ふわふわ,副詞,1,0.3,nan,2026-10-01
白,ほんわか,副詞,1,0.3,nan,2026-10-01
白,シスマ,名詞,1,0.3,-0.09,2026-10-01
白,クロウグ,名詞,1,0.3,nan,2026-10-01
白,蝶,名詞,1,0.3,nan,2026-10-01
白,のんびり,副詞,1,0.3,nan,2026-10-01
白,スコーン,名詞,1,0.3,nan,2026-10-01
白,至極,副詞,1,0.3,nan,2026-10-01
白,王室,名詞,1,0.3,nan,2026-10-01
白,フラシオ,名詞,1,0.3,nan,2026-10-01
白,過小,名詞,1,0.3,nan,2026-10-01
白,文書,名詞,1,0.3,-0.09,2026-10-01
白,整頓,名詞,1,0.3,nan,2026-10-01
白,家宝,名詞,1,0.3,nan,2026-10-01
白,ゾンビ,名詞,1,0.3,-1.86,2026-10-01
白,蛮人,名詞,1,0.3,nan,2026-10-01
白,交戦,名詞,1,0.3,nan,2026-10-01
白,剣士,名詞,1,0.3,nan,2026-10-01
白,熾天,名詞,1,0.3,nan,2026-10-01
白,遊べる,動詞,1,0.3,nan,2026-10-01
白,起つ,動詞,1,0.3,nan,2026-10-01
白,戦役,名詞,1,0.3,nan,2026-10-01
白,端正,名詞,1,0.3,nan,2026-10-01
白,オーラトグ,名詞,1,0.3,nan,2026-10-01
白,よそ,名詞,1,0.3,nan,2026-10-01
白,しりぞける,動詞,1,0.3,nan,2026-10-01
白,おとり,名詞,1,0.3,nan,2026-10-01
白,寸,名詞,1,0.3,nan,2026-10-01
白,一寸,副詞,1,0.3,nan,2026-10-01
白,加齢,名詞,1,0.3,nan,2026-10-01
白,活気,名詞,1,0.3,-0.29,2026-10-01
白,巫女,名詞,1,0.3,-0.09,2026-10-01
白,グリシャ,名詞,1,0.3,nan,2026-10-01
白,腕力,名詞,1,0.3,nan,2026-10-01
白,ったく,副詞,1,0.3,nan,2026-10-01
白,キヅタ,名詞,1,0.3,nan,2026-10-01
白,数え,名詞,1,0.3,nan,2026-10-01
白,時計,名詞,1,0.3,-0.29,2026-10-01
白,在処,名詞,1,0.3,nan,2026-10-01
白,後援,名詞,1,0.3,nan,2026-10-01
白,援助,名詞,1,0.3,-0.09,2026-10-01
白,日頃,名詞,1,0.3,-0.09,2026-10-01
白,人目,名詞,1,0.3,-0.46,2026-10-01
白,絶好,名詞,1,0.3,nan,2026-10-01
白,伺う,動詞,1,0.3,nan,2026-10-01
白,対象,名詞,1,0.3,-0.46,2026-10-01
白,農民,名詞,1,0.3,-0.46,2026-10-01
白,買える,動詞,1,0.3,-0.29,2026-10-01
白,逃避,名詞,1,0.3,nan,2026-10-01
白,狂人,名詞,1,0.3,-0.74,2026-10-01
白,博物,名詞,1,0.3,nan,2026-10-01
白,汚い,形容詞,1,0.3,nan,2026-10-01
白,荒らし,名詞,1,0.3,nan,2026-10-01
白,必滅,名詞,1,0.3,nan,2026-10-01
白,伝言,名詞,1,0.3,nan,2026-10-01
白,詩,名詞,1,0.3,-0.29,2026-10-01
白,聞き手,名詞,1,0.3,nan,2026-10-01
白,躍動,名詞,1,0.3,nan,2026-10-01
白,偶像,名詞,1,0.3,nan,2026-10-01
白,ヘドラクス,名詞,1,0.3,nan,2026-10-01
白,愚者,名詞,1,0.3,nan,2026-10-01
白,悔いる,動詞,1,0.3,nan,2026-10-01
白,諭す,動詞,1,0.3,nan,2026-10-01
白,除け者,名詞,1,0.3,nan,2026-10-01
白,レイディ,名詞,1,0.3,nan,2026-10-01
白,階層,名詞,1,0.3,nan,2026-10-01
白,発表,名詞,1,0.3,nan,2026-10-01
白,求人,名詞,1,0.3,nan,2026-10-01
白,葬送,名詞,1,0.3,-0.29,2026-10-01
白,詩篇,名詞,1,0.3,nan,2026-10-01
白,介する,動詞,1,0.3,nan,2026-10-01
白,敗戦,名詞,1,0.3,nan,2026-10-01
白,疑問,名詞,1,0.3,-1.3,2026-10-01
白,欺く,動詞,1,0.3,nan,2026-10-01
白,雑念,名詞,1,0.3,nan,2026-10-01
白,おろか,名詞,1,0.3,nan,2026-10-01
白,清澄,名詞,1,0.3,nan,2026-10-01
白,アーティファクト,名詞,1,0.3,nan,2026-10-01
白,気迫,名詞,1,0.3,nan,2026-10-01
白,ひとりひとり,名詞,1,0.3,nan,2026-10-01
白,有様,名詞,1,0.3,nan,2026-10-01
白,預言,名詞,1,0.3,nan,2026-10-01
白,しだい,名詞,1,0.3,nan,2026-10-01
白,フーロ,名詞,1,0.3,nan,2026-10-01
白,巣窟,名詞,1,0.3,nan,2026-10-01
白,改悛,名詞,1,0.3,nan,2026-10-01
白,直る,動詞,1,0.3,nan,2026-10-01
白,茶,名詞,1,0.3,nan,2026-10-01
白,甘味,名詞,1,0.3,nan,2026-10-01
白,隕石,名詞,1,0.3,-0.29,2026-10-01
白,喰う,動詞,1,0.3,-1.14,2026-10-01
白,縛れる,動詞,1,0.3,nan,2026-10-01
白,神酒,名詞,1,0.3,nan,2026-10-01
白,泉,名詞,1,0.3,-0.46,2026-10-01
白,渇き,名詞,1,0.3,-0.74,2026-10-01
白,憩う,動詞,1,0.3,nan,2026-10-01
白,至福,名詞,1,0.3,nan,2026-10-01
白,白銀,名詞,1,0.3,nan,2026-10-01
白,オオヤマネコ,名詞,1,0.3,nan,2026-10-01
白,聖職,名詞,1,0.3,nan,2026-10-01
白,すかさず,副詞,1,0.3,nan,2026-10-01
白,ファン,名詞,1,0.3,-0.09,2026-10-01
白,業火,名詞,1,0.3,nan,2026-10-01
白,わな,名詞,1,0.3,nan,2026-10-01
白,蓄える,動詞,1,0.3,nan,2026-10-01
白,霊感,名詞,1,0.3,-0.86,2026-10-01
白,メンバー,名詞,1,0.3,nan,2026-10-01
白,供する,動詞,1,0.3,nan,2026-10-01
白,徒労,名詞,1,0.3,nan,2026-10-01
白,かなえる,動詞,1,0.3,nan,2026-10-01
白,航海,名詞,1,0.3,-0.96,2026-10-01
白,イカーロフ,名詞,1,0.3,nan,2026-10-01
白,流動,名詞,1,0.3,-0.61,2026-10-01
白,ジョリン,名詞,1,0.3,nan,2026-10-01
白,摘む,動詞,1,0.3,nan,2026-10-01
白,イラクサ,名詞,1,0.3,nan,2026-10-01
白,絶美,名詞,1,0.3,nan,2026-10-01
白,萎える,動詞,1,0.3,nan,2026-10-01
白,墓碑,名詞,1,0.3,nan,2026-10-01
白,ラバン,名詞,1,0.3,nan,2026-10-01
白,昼,名詞,1,0.3,-0.96,2026-10-01
白,鷹匠,名詞,1,0.3,nan,2026-10-01
白,アルマイラ,名詞,1,0.3,nan,2026-10-01
白,殆ど,名詞,1,0.3,nan,2026-10-01
白,平気,名詞,1,0.3,nan,2026-10-01
白,作家,名詞,1,0.3,nan,2026-10-01
白,何故,副詞,1,0.3,-1.3,2026-10-01
白,とめる,動詞,1,0.3,-0.09,2026-10-01
白,とりわけ,副詞,1,0.3,-0.09,2026-10-01
白,揺さぶる,動詞,1,0.3,nan,2026-10-01
白,覆る,動詞,1,0.3,nan,2026-10-01
白,イクシドール,名詞,1,0.3,nan,2026-10-01
白,幻影,名詞,1,0.3,-1.44,2026-10-01
白,根ざす,動詞,1,0.3,nan,2026-10-01
白,支え,名詞,1,0.3,nan,2026-10-01
白,小道,名詞,1,0.3,nan,2026-10-01
白,翡翠,名詞,1,0.3,-0.29,2026-10-01
白,権利,名詞,1,0.3,-1.3,2026-10-01
白,かたどる,動詞,1,0.3,nan,2026-10-01
白,色あせる,動詞,1,0.3,nan,2026-10-01
白,フェイジ,名詞,1,0.3,nan,2026-10-01
白,日常,名詞,1,0.3,nan,2026-10-01
白,なじむ,動詞,1,0.3,nan,2026-10-01
白,氷解,名詞,1,0.3,nan,2026-10-01
白,徽章,名詞,1,0.3,nan,2026-10-01
白,契約,名詞,1,0.3,-1.56,2026-10-01
白,入隊,名詞,1,0.3,nan,2026-10-01
白,手続き,名詞,1,0.3,nan,2026-10-01
白,ブリ,名詞,1,0.3,nan,2026-10-01
白,アダン,名詞,1,0.3,nan,2026-10-01
白,ガーン,副詞,1,0.3,nan,2026-10-01
白,チャンピオン,名詞,1,0.3,nan,2026-10-01
白,選別,名詞,1,0.3,-0.29,2026-10-01
白,ヴェルカーン,名詞,1,0.3,nan,2026-10-01
白,一瞥,名詞,1,0.3,nan,2026-10-01
白,オタリア,名詞,1,0.3,-0.09,2026-10-01
白,葡萄,名詞,1,0.3,nan,2026-10-01
白,抜かり,名詞,1,0.3,nan,2026-10-01
白,くらむ,動詞,1,0.3,nan,2026-10-01
白,偽り,名詞,1,0.3,-0.46,2026-10-01
白,周,名詞,1,0.3,nan,2026-10-01
白,原,名詞,1,0.3,nan,2026-10-01
白,急報,名詞,1,0.3,nan,2026-10-01
白,随意,名詞,1,0.3,nan,2026-10-01
白,鐘,名詞,1,0.3,-0.96,2026-10-01
白,追加,名詞,1,0.3,nan,2026-10-01
白,発砲,名詞,1,0.3,nan,2026-10-01
白,空襲,名詞,1,0.3,nan,2026-10-01
白,銅鑼,名詞,1,0.3,nan,2026-10-01
白,旋律,名詞,1,0.3,-0.29,2026-10-01
白,北壁,名詞,1,0.3,nan,2026-10-01
白,まかせる,動詞,1,0.3,nan,2026-10-01
白,立証,名詞,1,0.3,nan,2026-10-01
白,無実,名詞,1,0.3,nan,2026-10-01
白,転がす,動詞,1,0.3,nan,2026-10-01
白,辛い,形容詞,1,0.3,-0.46,2026-10-01
白,段階,名詞,1,0.3,-0.61,2026-10-01
白,爺,名詞,1,0.3,nan,2026-10-01
白,絶え間,名詞,1,0.3,-1.3,2026-10-01
白,供犠,名詞,1,0.3,nan,2026-10-01
白,感染,名詞,1,0.3,-0.61,2026-10-01
白,指名,名詞,1,0.3,nan,2026-10-01
白,論議,名詞,1,0.3,nan,2026-10-01
白,真っ先,名詞,1,0.3,nan,2026-10-01
白,歪める,動詞,1,0.3,nan,2026-10-01
白,従わす,動詞,1,0.3,nan,2026-10-01
白,量る,動詞,1,0.3,nan,2026-10-01
白,しぐさ,名詞,1,0.3,nan,2026-10-01
白,横切る,動詞,1,0.3,-0.09,2026-10-01
白,無言,名詞,1,0.3,nan,2026-10-01
白,成人,名詞,1,0.3,nan,2026-10-01
白,秘宝,名詞,1,0.3,-0.09,2026-10-01
白,たわむ,動詞,1,0.3,nan,2026-10-01
白,剥がす,動詞,1,0.3,-0.29,2026-10-01
白,豪雨,名詞,1,0.3,nan,2026-10-01
白,一筋,名詞,1,0.3,nan,2026-10-01
白,域,名詞,1,0.3,nan,2026-10-01
白,かる,動詞,1,0.3,nan,2026-10-01
白,なだれる,動詞,1,0.3,nan,2026-10-01
白,タイミング,名詞,1,0.3,-0.61,2026-10-01
白,握力,名詞,1,0.3,nan,2026-10-01
白,ものすごい,形容詞,1,0.3,-0.74,2026-10-01
白,和平,名詞,1,0.3,-0.29,2026-10-01
白,要る,動詞,1,0.3,-0.74,2026-10-01
白,不寝,名詞,1,0.3,nan,2026-10-01
白,ともども,副詞,1,0.3,nan,2026-10-01
白,無法,名詞,1,0.3,nan,2026-10-01
白,最古,名詞,1,0.3,-0.29,2026-10-01
白,生まれ変わり,名詞,1,0.3,nan,2026-10-01
白,歴代,名詞,1,0.3,nan,2026-10-01
白,組み合わせ,名詞,1,0.3,nan,2026-10-01
白,上位,名詞,1,0.3,nan,2026-10-01
白,使い捨て,名詞,1,0.3,nan,2026-10-01
白,持たす,動詞,1,0.3,nan,2026-10-01
白,始め,名詞,1,0.3,-0.46,2026-10-01
白,大門,名詞,1,0.3,nan,2026-10-01
白,文句,名詞,1,0.3,-0.09,2026-10-01
白,モンザーカット,名詞,1,0.3,nan,2026-10-01
白,アグナー,名詞,1,0.3,nan,2026-10-01
白,霊体,名詞,1,0.3,nan,2026-10-01
白,なくす,動詞,1,0.3,-0.09,2026-10-01
白,浄火,名詞,1,0.3,nan,2026-10-01
白,本殿,名詞,1,0.3,-0.29,2026-10-01
白,祭殿,名詞,1,0.3,nan,2026-10-01
白,織り布,名詞,1,0.3,nan,2026-10-01
白,平安,名詞,1,0.3,nan,2026-10-01
白,ひくつく,動詞,1,0.3,nan,2026-10-01
白,猟犬,名詞,1,0.3,-0.09,2026-10-01
白,明け,名詞,1,0.3,nan,2026-10-01
白,家来,名詞,1,0.3,nan,2026-10-01
白,怠ける,動詞,1,0.3,nan,2026-10-01
白,傷める,動詞,1,0.3,nan,2026-10-01
白,きもの,名詞,1,0.3,-0.61,2026-10-01
白,振る舞える,動詞,1,0.3,nan,2026-10-01
白,イロアス,名詞,1,0.3,-0.29,2026-10-01
白,無私,名詞,1,0.3,nan,2026-10-01
白,のける,動詞,1,0.3,-0.09,2026-10-01
白,文化,名詞,1,0.3,-0.74,2026-10-01
白,焦がす,動詞,1,0.3,nan,2026-10-01
白,十手,名詞,1,0.3,nan,2026-10-01
白,辛苦,名詞,1,0.3,nan,2026-10-01
白,艱難,名詞,1,0.3,nan,2026-10-01
白,通路,名詞,1,0.3,-0.29,2026-10-01
白,宮,名詞,1,0.3,nan,2026-10-01
白,窯元,名詞,1,0.3,nan,2026-10-01
白,宝石,名詞,1,0.3,-1.22,2026-10-01
白,武士道,名詞,1,0.3,nan,2026-10-01
白,殿,名詞,1,0.3,nan,2026-10-01
白,不承,名詞,1,0.3,nan,2026-10-01
白,受身,名詞,1,0.3,nan,2026-10-01
白,許せる,動詞,1,0.3,nan,2026-10-01
白,三郎,名詞,1,0.3,nan,2026-10-01
白,演じる,動詞,1,0.3,nan,2026-10-01
白,降臨,名詞,1,0.3,nan,2026-10-01
白,漏らす,動詞,1,0.3,nan,2026-10-01
白,混乱,名詞,1,0.3,-1.5,2026-10-01
白,此度,名詞,1,0.3,nan,2026-10-01
白,悔い改め,名詞,1,0.3,nan,2026-10-01
白,仇,名詞,1,0.3,nan,2026-10-01
白,こた,名詞,1,0.3,nan,2026-10-01
白,蜘蛛糸,名詞,1,0.3,nan,2026-10-01
白,うるか,名詞,1,0.3,nan,2026-10-01
白,先ず,副詞,1,0.3,nan,2026-10-01
白,古びる,動詞,1,0.3,nan,2026-10-01
白,明り,名詞,1,0.3,nan,2026-10-01
白,仕上げ,名詞,1,0.3,nan,2026-10-01
白,憶う,動詞,1,0.3,nan,2026-10-01
白,才,名詞,1,0.3,-0.29,2026-10-01
白,要す,動詞,1,0.3,nan,2026-10-01
白,目覚,名詞,1,0.3,nan,2026-10-01
白,見出せる,動詞,1,0.3,nan,2026-10-01
白,会える,動詞,1,0.3,-0.29,2026-10-01
白,芯,名詞,1,0.3,nan,2026-10-01
白,戦ふ,動詞,1,0.3,nan,2026-10-01
白,ひずみ,名詞,1,0.3,nan,2026-10-01
白,暴走,名詞,1,0.3,-0.86,2026-10-01
白,帷,名詞,1,0.3,nan,2026-10-01
白,伝え,名詞,1,0.3,nan,2026-10-01
白,禍,名詞,1,0.3,nan,2026-10-01
白,汰奇,名詞,1,0.3,nan,2026-10-01
白,只管,名詞,1,0.3,nan,2026-10-01
白,垂,名詞,1,0.3,nan,2026-10-01
白,然り,動詞,1,0.3,-0.96,2026-10-01
白,塵受け,名詞,1,0.3,nan,2026-10-01
白,落ち,名詞,1,0.3,nan,2026-10-01
白,施術,名詞,1,0.3,nan,2026-10-01
白,縦横,名詞,1,0.3,nan,2026-10-01
白,きせる,動詞,1,0.3,nan,2026-10-01
白,作,名詞,1,0.3,nan,2026-10-01
白,模,名詞,1,0.3,nan,2026-10-01
白,塗す,動詞,1,0.3,nan,2026-10-01
白,切羽詰る,動詞,1,0.3,nan,2026-10-01
白,砥石,名詞,1,0.3,nan,2026-10-01
白,対策,名詞,1,0.3,nan,2026-10-01
白,隊形,名詞,1,0.3,nan,2026-10-01
白,ふためく,動詞,1,0.3,nan,2026-10-01
白,魚捕り,名詞,1,0.3,nan,2026-10-01
白,慌てる,動詞,1,0.3,nan,2026-10-01
白,分別,名詞,1,0.3,nan,2026-10-01
白,ブリーニ,名詞,1,0.3,nan,2026-10-01
白,お袋,名詞,1,0.3,nan,2026-10-01
白,ぞくっ,副詞,1,0.3,nan,2026-10-01
白,閉める,動詞,1,0.3,nan,2026-10-01
白,背筋,名詞,1,0.3,-0.09,2026-10-01
白,ドア,名詞,1,0.3,nan,2026-10-01
白,ディートリ,名詞,1,0.3,nan,2026-10-01
白,歯向かう,動詞,1,0.3,-0.09,2026-10-01
白,発展,名詞,1,0.3,-0.09,2026-10-01
白,刑罰,名詞,1,0.3,nan,2026-10-01
白,ひっくり返す,動詞,1,0.3,nan,2026-10-01
白,道々,副詞,1,0.3,nan,2026-10-01
白,賑わい,名詞,1,0.3,nan,2026-10-01
白,漂う,動詞,1,0.3,-1.3,2026-10-01
白,まぶた,名詞,1,0.3,nan,2026-10-01
白,静める,動詞,1,0.3,nan,2026-10-01
白,集まり,名詞,1,0.3,nan,2026-10-01
白,ドロー,名詞,1,0.3,nan,2026-10-01
白,マッド,名詞,1,0.3,nan,2026-10-01
白,ニシュカ,名詞,1,0.3,nan,2026-10-01
白,シンス,名詞,1,0.3,nan,2026-10-01
白,進歩,名詞,1,0.3,-0.61,2026-10-01
白,独断,名詞,1,0.3,nan,2026-10-01
白,事業,名詞,1,0.3,nan,2026-10-01
白,有料,名詞,1,0.3,nan,2026-10-01
白,回避,名詞,1,0.3,nan,2026-10-01
白,儲かる,動詞,1,0.3,nan,2026-10-01
白,関所,名詞,1,0.3,nan,2026-10-01
白,伝令,名詞,1,0.3,nan,2026-10-01
白,若返り,名詞,1,0.3,nan,2026-10-01
白,潔癖,名詞,1,0.3,nan,2026-10-01
白,門番,名詞,1,0.3,nan,2026-10-01
白,ヴィン,名詞,1,0.3,nan,2026-10-01
白,ドレイ,名詞,1,0.3,nan,2026-10-01
白,数多く,副詞,1,0.3,-1.72,2026-10-01
白,割合,名詞,1,0.3,nan,2026-10-01
白,占める,動詞,1,0.3,-0.29,2026-10-01
白,ブリキ,名詞,1,0.3,-0.46,2026-10-01
白,スコトフ,名詞,1,0.3,nan,2026-10-01
白,籠,名詞,1,0.3,nan,2026-10-01
白,申請,名詞,1,0.3,nan,2026-10-01
白,手数,名詞,1,0.3,nan,2026-10-01
白,提出,名詞,1,0.3,nan,2026-10-01
白,臭い,形容詞,1,0.3,-0.86,2026-10-01
白,ビン,名詞,1,0.3,nan,2026-10-01
白,液体,名詞,1,0.3,nan,2026-10-01
白,浴びせる,動詞,1,0.3,nan,2026-10-01
白,寄せ餌,名詞,1,0.3,nan,2026-10-01
白,否,名詞,1,0.3,-0.29,2026-10-01
白,彫る,動詞,1,0.3,-0.61,2026-10-01
白,彫刻,名詞,1,0.3,nan,2026-10-01
白,延滞,名詞,1,0.3,nan,2026-10-01
白,ねじる,動詞,1,0.3,nan,2026-10-01
白,戯れ,名詞,1,0.3,nan,2026-10-01
白,広場,名詞,1,0.3,nan,2026-10-01
白,吊るす,動詞,1,0.3,nan,2026-10-01
白,街角,名詞,1,0.3,nan,2026-10-01
白,五感,名詞,1,0.3,nan,2026-10-01
白,アラヴネク,名詞,1,0.3,nan,2026-10-01
白,月日,名詞,1,0.3,nan,2026-10-01
白,騒がしい,形容詞,1,0.3,nan,2026-10-01
白,礼式,名詞,1,0.3,nan,2026-10-01
白,墓所,名詞,1,0.3,-0.29,2026-10-01
白,隙間,名詞,1,0.3,-0.86,2026-10-01
白,幅広い,形容詞,1,0.3,nan,2026-10-01
白,ハズダー,名詞,1,0.3,nan,2026-10-01
白,パクト,名詞,1,0.3,nan,2026-10-01
白,ネフィリム,名詞,1,0.3,nan,2026-10-01
白,無理やり,副詞,1,0.3,nan,2026-10-01
白,ボリアル,名詞,1,0.3,nan,2026-10-01
白,結晶,名詞,1,0.3,nan,2026-10-01
白,毎度,名詞,1,0.3,nan,2026-10-01
白,悪意,名詞,1,0.3,-1.72,2026-10-01
白,吹き溜まり,名詞,1,0.3,nan,2026-10-01
白,ヤヴィマヤ,名詞,1,0.3,-1.67,2026-10-01
白,要請,名詞,1,0.3,nan,2026-10-01
白,敏捷,名詞,1,0.3,nan,2026-10-01
白,エイスサー,名詞,1,0.3,nan,2026-10-01
白,高台,名詞,1,0.3,nan,2026-10-01
白,前哨,名詞,1,0.3,-0.29,2026-10-01
白,天国,名詞,1,0.3,-0.09,2026-10-01
白,戦わす,動詞,1,0.3,nan,2026-10-01
白,挟撃,名詞,1,0.3,nan,2026-10-01
白,ストロームガルド,名詞,1,0.3,nan,2026-10-01
白,両面,名詞,1,0.3,nan,2026-10-01
白,重なる,動詞,1,0.3,-0.61,2026-10-01
白,すます,動詞,1,0.3,nan,2026-10-01
白,アムロー,名詞,1,0.3,nan,2026-10-01
白,信号,名詞,1,0.3,-0.29,2026-10-01
白,本国,名詞,1,0.3,nan,2026-10-01
白,炊く,動詞,1,0.3,nan,2026-10-01
白,ネビニラル,名詞,1,0.3,nan,2026-10-01
白,ふいご,名詞,1,0.3,nan,2026-10-01
白,倒せる,動詞,1,0.3,nan,2026-10-01
白,孵る,動詞,1,0.3,-0.46,2026-10-01
白,タヴァラス,名詞,1,0.3,nan,2026-10-01
白,手始め,名詞,1,0.3,nan,2026-10-01
白,探求,名詞,1,0.3,-0.61,2026-10-01
白,エフラヴァ,名詞,1,0.3,nan,2026-10-01
白,ジェディット,名詞,1,0.3,nan,2026-10-01
白,焦点,名詞,1,0.3,nan,2026-10-01
白,ティヴァダール,名詞,1,0.3,nan,2026-10-01
白,楽園,名詞,1,0.3,-0.09,2026-10-01
白,幻視,名詞,1,0.3,-1.22,2026-10-01
白,消し炭,名詞,1,0.3,nan,2026-10-01
白,アムローヘイヴン,名詞,1,0.3,nan,2026-10-01
白,凝視,名詞,1,0.3,nan,2026-10-01
白,暖かい,形容詞,1,0.3,-0.86,2026-10-01
白,産物,名詞,1,0.3,-0.86,2026-10-01
白,融合,名詞,1,0.3,-0.61,2026-10-01
白,渦,名詞,1,0.3,-1.5,2026-10-01
白,迷い,名詞,1,0.3,nan,2026-10-01
白,コオロギ,名詞,1,0.3,nan,2026-10-01
白,息抜き,名詞,1,0.3,nan,2026-10-01
白,茸,名詞,1,0.3,-0.09,2026-10-01
白,水生,名詞,1,0.3,nan,2026-10-01
白,ピット,名詞,1,0.3,-0.09,2026-10-01
白,怪しい,形容詞,1,0.3,nan,2026-10-01
白,迷宮,名詞,1,0.3,-0.96,2026-10-01
白,侵食,名詞,1,0.3,nan,2026-10-01
白,捻れる,動詞,1,0.3,nan,2026-10-01
白,定め,名詞,1,0.3,-1.3,2026-10-01
白,軸,名詞,1,0.3,-0.09,2026-10-01
白,クロウヴァクス,名詞,1,0.3,-0.09,2026-10-01
白,軟骨,名詞,1,0.3,nan,2026-10-01
白,乱れる,動詞,1,0.3,-0.74,2026-10-01
白,シッセイ,名詞,1,0.3,nan,2026-10-01
白,さざめく,動詞,1,0.3,nan,2026-10-01
白,力説,名詞,1,0.3,nan,2026-10-01
白,著しい,形容詞,1,0.3,nan,2026-10-01
白,即効,名詞,1,0.3,nan,2026-10-01
白,ペンドレル,名詞,1,0.3,nan,2026-10-01
白,幕屋,名詞,1,0.3,nan,2026-10-01
白,レイモス,名詞,1,0.3,nan,2026-10-01
白,けばけばしい,形容詞,1,0.3,nan,2026-10-01
白,婦人,名詞,1,0.3,nan,2026-10-01
白,ファリーサ,名詞,1,0.3,nan,2026-10-01
白,俗,名詞,1,0.3,nan,2026-10-01
白,悪霊,名詞,1,0.3,-0.09,2026-10-01
白,ドーヨ,名詞,1,0.3,nan,2026-10-01
白,鎌,名詞,1,0.3,-0.09,2026-10-01
白,陰謀,名詞,1,0.3,-1.77,2026-10-01
白,浮かす,動詞,1,0.3,nan,2026-10-01
白,抽出,名詞,1,0.3,-0.09,2026-10-01
白,残留,名詞,1,0.3,nan,2026-10-01
白,錬金,名詞,1,0.3,-1.5,2026-10-01
白,香り,名詞,1,0.3,-0.96,2026-10-01
白,原料,名詞,1,0.3,nan,2026-10-01
白,退く,動詞,1,0.3,nan,2026-10-01
白,曙光,名詞,1,0.3,nan,2026-10-01
白,躍る,動詞,1,0.3,-0.09,2026-10-01
白,作戦,名詞,1,0.3,-1.37,2026-10-01
白,延期,名詞,1,0.3,nan,2026-10-01
白,映す,動詞,1,0.3,-0.46,2026-10-01
白,透く,動詞,1,0.3,nan,2026-10-01
白,嫌悪,名詞,1,0.3,nan,2026-10-01
白,リンパ,名詞,1,0.3,nan,2026-10-01
白,胴体,名詞,1,0.3,nan,2026-10-01
白,液状,名詞,1,0.3,nan,2026-10-01
白,効き目,名詞,1,0.3,nan,2026-10-01
白,液,名詞,1,0.3,-0.09,2026-10-01
白,流刑,名詞,1,0.3,nan,2026-10-01
白,オタ,名詞,1,0.3,nan,2026-10-01
白,賄賂,名詞,1,0.3,nan,2026-10-01
白,お喋り,名詞,1,0.3,nan,2026-10-01
白,甘言,名詞,1,0.3,nan,2026-10-01
白,コスト,名詞,1,0.3,nan,2026-10-01
白,通常,名詞,1,0.3,-0.29,2026-10-01
白,ひと塊,名詞,1,0.3,nan,2026-10-01
白,緩む,動詞,1,0.3,nan,2026-10-01
白,複雑,名詞,1,0.3,-1.37,2026-10-01
白,協調,名詞,1,0.3,nan,2026-10-01
白,ナース,名詞,1,0.3,nan,2026-10-01
白,症状,名詞,1,0.3,nan,2026-10-01
白,感情,名詞,1,0.3,-1.37,2026-10-01
白,ちっちゃい,形容詞,1,0.3,nan,2026-10-01
白,禁忌,名詞,1,0.3,nan,2026-10-01
白,飴,名詞,1,0.3,nan,2026-10-01
白,監禁,名詞,1,0.3,nan,2026-10-01
白,取れる,動詞,1,0.3,-1.37,2026-10-01
白,よどみ,名詞,1,0.3,nan,2026-10-01
白,回廊,名詞,1,0.3,-0.09,2026-10-01
白,ミナリン,名詞,1,0.3,nan,2026-10-01
白,こうむる,動詞,1,0.3,nan,2026-10-01
白,化石,名詞,1,0.3,nan,2026-10-01
白,キンズベイル,名詞,1,0.3,nan,2026-10-01
白,弓使い,名詞,1,0.3,nan,2026-10-01
白,言い回し,名詞,1,0.3,-0.61,2026-10-01
白,ひれ,名詞,1,0.3,nan,2026-10-01
白,遺恨,名詞,1,0.3,nan,2026-10-01
白,水路,名詞,1,0.3,-0.29,2026-10-01
白,風船,名詞,1,0.3,nan,2026-10-01
白,途絶える,動詞,1,0.3,nan,2026-10-01
白,癇癪,名詞,1,0.3,nan,2026-10-01
白,ブレンタン,名詞,1,0.3,nan,2026-10-01
白,自明,名詞,1,0.3,nan,2026-10-01
白,川岸,名詞,1,0.3,nan,2026-10-01
白,ディーガン,名詞,1,0.3,nan,2026-10-01
白,妖精,名詞,1,0.3,-1.98,2026-10-01
白,絶叫,名詞,1,0.3,-0.29,2026-10-01
白,何せ,副詞,1,0.3,nan,2026-10-01
白,キラダ,名詞,1,0.3,nan,2026-10-01
白,ヒゲエラ,名詞,1,0.3,nan,2026-10-01
白,背骨,名詞,1,0.3,nan,2026-10-01
白,幹,名詞,1,0.3,-0.96,2026-10-01
白,整える,動詞,1,0.3,-0.46,2026-10-01
白,統括,名詞,1,0.3,nan,2026-10-01
白,伸ばせる,動詞,1,0.3,nan,2026-10-01
白,基本,名詞,1,0.3,nan,2026-10-01
白,ガドック,名詞,1,0.3,nan,2026-10-01
白,蝿,名詞,1,0.3,-0.09,2026-10-01
白,重り,名詞,1,0.3,nan,2026-10-01
白,向き,名詞,1,0.3,nan,2026-10-01
白,フラスコ,名詞,1,0.3,nan,2026-10-01
白,隘路,名詞,1,0.3,nan,2026-10-01
白,怪我,名詞,1,0.3,nan,2026-10-01
白,反目,名詞,1,0.3,nan,2026-10-01
白,ガランダ,名詞,1,0.3,nan,2026-10-01
白,解答,名詞,1,0.3,nan,2026-10-01
白,タイド,名詞,1,0.3,nan,2026-10-01
白,モーニング,名詞,1,0.3,nan,2026-10-01
白,わがまま,名詞,1,0.3,nan,2026-10-01
白,私利,名詞,1,0.3,nan,2026-10-01
白,私欲,名詞,1,0.3,nan,2026-10-01
白,潮,名詞,1,0.3,-1.67,2026-10-01
白,水たまり,名詞,1,0.3,nan,2026-10-01
白,刻み,名詞,1,0.3,nan,2026-10-01
白,おまけ,名詞,1,0.3,-0.29,2026-10-01
白,蚊,名詞,1,0.3,nan,2026-10-01
白,引き合い,名詞,1,0.3,nan,2026-10-01
白,先例,名詞,1,0.3,nan,2026-10-01
白,クローバーデル,名詞,1,0.3,nan,2026-10-01
白,ラン,名詞,1,0.3,nan,2026-10-01
白,学び舎,名詞,1,0.3,nan,2026-10-01
白,つば,名詞,1,0.3,nan,2026-10-01
白,競り合い,名詞,1,0.3,nan,2026-10-01
白,横腹,名詞,1,0.3,nan,2026-10-01
白,利く,動詞,1,0.3,-1.14,2026-10-01
白,要領,名詞,1,0.3,nan,2026-10-01
白,右利き,名詞,1,0.3,nan,2026-10-01
白,左利き,名詞,1,0.3,nan,2026-10-01
白,命中,名詞,1,0.3,nan,2026-10-01
白,カラカラ,副詞,1,0.3,nan,2026-10-01
白,粉,名詞,1,0.3,nan,2026-10-01
白,わびしい,形容詞,1,0.3,nan,2026-10-01
白,安寧,名詞,1,0.3,nan,2026-10-01
白,焼き物,名詞,1,0.3,nan,2026-10-01
白,パニック,名詞,1,0.3,-0.09,2026-10-01
白,軟膏,名詞,1,0.3,nan,2026-10-01
白,シャドウ,名詞,1,0.3,-0.09,2026-10-01
白,ムーア,名詞,1,0.3,nan,2026-10-01
白,ぱたぱた,副詞,1,0.3,nan,2026-10-01
白,周知,名詞,1,0.3,nan,2026-10-01
白,牢屋,名詞,1,0.3,nan,2026-10-01
白,塚,名詞,1,0.3,nan,2026-10-01
白,文様,名詞,1,0.3,nan,2026-10-01
白,晒す,動詞,1,0.3,nan,2026-10-01
白,アウィラ,名詞,1,0.3,nan,2026-10-01
白,強壮,名詞,1,0.3,nan,2026-10-01
白,感知,名詞,1,0.3,nan,2026-10-01
白,先んずる,動詞,1,0.3,nan,2026-10-01
白,新星,名詞,1,0.3,nan,2026-10-01
白,やる気,名詞,1,0.3,nan,2026-10-01
白,偏執,名詞,1,0.3,nan,2026-10-01
白,覆い,名詞,1,0.3,nan,2026-10-01
白,つがえる,動詞,1,0.3,nan,2026-10-01
白,矢筒,名詞,1,0.3,-0.29,2026-10-01
白,短剣,名詞,1,0.3,-0.61,2026-10-01
白,纏める,動詞,1,0.3,nan,2026-10-01
白,ブラエナ,名詞,1,0.3,nan,2026-10-01
白,いと,副詞,1,0.3,nan,2026-10-01
白,ナクスティル,名詞,1,0.3,nan,2026-10-01
白,倍化,名詞,1,0.3,nan,2026-10-01
白,両親,名詞,1,0.3,-0.29,2026-10-01
白,煮汁,名詞,1,0.3,nan,2026-10-01
白,いやらしい,形容詞,1,0.3,nan,2026-10-01
白,チッ,副詞,1,0.3,nan,2026-10-01
白,悩ます,動詞,1,0.3,nan,2026-10-01
白,早耳,名詞,1,0.3,nan,2026-10-01
白,憐れむ,動詞,1,0.3,nan,2026-10-01
白,ドナル,名詞,1,0.3,nan,2026-10-01
白,キンザー,名詞,1,0.3,nan,2026-10-01
白,アロウェイ,名詞,1,0.3,nan,2026-10-01
白,オーロラ,名詞,1,0.3,-0.29,2026-10-01
白,偏屈,名詞,1,0.3,nan,2026-10-01
白,痛覚,名詞,1,0.3,nan,2026-10-01
白,すばしっこい,形容詞,1,0.3,nan,2026-10-01
白,睡魔,名詞,1,0.3,nan,2026-10-01
白,タララ,名詞,1,0.3,nan,2026-10-01
白,遮る,動詞,1,0.3,-0.46,2026-10-01
白,召す,動詞,1,0.3,-0.46,2026-10-01
白,つくばう,動詞,1,0.3,nan,2026-10-01
白,ナカティル,名詞,1,0.3,nan,2026-10-01
白,這う,動詞,1,0.3,-1.67,2026-10-01
白,梢,名詞,1,0.3,-0.86,2026-10-01
白,ガルガンチュアン,名詞,1,0.3,-0.61,2026-10-01
白,サイーナ,名詞,1,0.3,nan,2026-10-01
白,冒涜,名詞,1,0.3,-1.06,2026-10-01
白,シャルム,名詞,1,0.3,nan,2026-10-01
白,分子,名詞,1,0.3,nan,2026-10-01
白,不満,名詞,1,0.3,-0.74,2026-10-01
白,卑屈,名詞,1,0.3,nan,2026-10-01
白,トーパ,名詞,1,0.3,nan,2026-10-01
白,捕らわれる,動詞,1,0.3,-0.29,2026-10-01
白,埋まる,動詞,1,0.3,nan,2026-10-01
白,石弾,名詞,1,0.3,nan,2026-10-01
白,ワイホーン,名詞,1,0.3,nan,2026-10-01
白,火打,名詞,1,0.3,nan,2026-10-01
白,松明,名詞,1,0.3,-0.96,2026-10-01
白,アクラサ,名詞,1,0.3,nan,2026-10-01
白,夜襲,名詞,1,0.3,nan,2026-10-01
白,鉤爪,名詞,1,0.3,-0.46,2026-10-01
白,替える,動詞,1,0.3,-0.61,2026-10-01
白,先達,名詞,1,0.3,nan,2026-10-01
白,ナヤ,名詞,1,0.3,-0.96,2026-10-01
白,水辺,名詞,1,0.3,nan,2026-10-01
白,臣民,名詞,1,0.3,nan,2026-10-01
白,石膏,名詞,1,0.3,nan,2026-10-01
白,供給,名詞,1,0.3,nan,2026-10-01
白,廃物,名詞,1,0.3,nan,2026-10-01
白,化身,名詞,1,0.3,-0.09,2026-10-01
白,象る,動詞,1,0.3,-0.29,2026-10-01
白,不信,名詞,1,0.3,-0.09,2026-10-01
白,天望,名詞,1,0.3,nan,2026-10-01
白,ぶつかる,動詞,1,0.3,-1.06,2026-10-01
白,明かせる,動詞,1,0.3,nan,2026-10-01
白,長寿,名詞,1,0.3,nan,2026-10-01
白,タマロン,名詞,1,0.3,nan,2026-10-01
白,授かり物,名詞,1,0.3,nan,2026-10-01
白,スフィンクス,名詞,1,0.3,-1.44,2026-10-01
白,代理,名詞,1,0.3,nan,2026-10-01
白,ドロマールス,名詞,1,0.3,nan,2026-10-01
白,対称,名詞,1,0.3,nan,2026-10-01
白,撒き,名詞,1,0.3,nan,2026-10-01
白,広々,副詞,1,0.3,nan,2026-10-01
白,計る,動詞,1,0.3,-0.61,2026-10-01
白,従える,動詞,1,0.3,-0.29,2026-10-01
白,召使,名詞,1,0.3,nan,2026-10-01
白,高層,名詞,1,0.3,nan,2026-10-01
白,用,名詞,1,0.3,nan,2026-10-01
白,心深い,形容詞,1,0.3,nan,2026-10-01
白,仕草,名詞,1,0.3,nan,2026-10-01
白,き印,名詞,1,0.3,nan,2026-10-01
白,ベジット,名詞,1,0.3,nan,2026-10-01
白,困惑,名詞,1,0.3,-0.09,2026-10-01
白,ウリエン,名詞,1,0.3,nan,2026-10-01
白,善人,名詞,1,0.3,nan,2026-10-01
白,早死に,名詞,1,0.3,nan,2026-10-01
白,伝染,名詞,1,0.3,-0.96,2026-10-01
白,挫ける,動詞,1,0.3,nan,2026-10-01
白,奏でる,動詞,1,0.3,-0.74,2026-10-01
白,配流,名詞,1,0.3,nan,2026-10-01
白,容貌,名詞,1,0.3,nan,2026-10-01
白,追放,名詞,1,0.3,-1.22,2026-10-01
白,弟,名詞,1,0.3,-0.46,2026-10-01
白,執念,名詞,1,0.3,-0.46,2026-10-01
白,タイゲトス,名詞,1,0.3,nan,2026-10-01
白,不吉,名詞,1,0.3,nan,2026-10-01
白,危害,名詞,1,0.3,nan,2026-10-01
白,国々,名詞,1,0.3,nan,2026-10-01
白,足掛かり,名詞,1,0.3,nan,2026-10-01
白,エルダー,名詞,1,0.3,nan,2026-10-01
白,クーデター,名詞,1,0.3,nan,2026-10-01
白,ネイモア,名詞,1,0.3,nan,2026-10-01
白,金線,名詞,1,0.3,-0.09,2026-10-01
白,ベレイター,名詞,1,0.3,nan,2026-10-01
白,アーハー,名詞,1,0.3,nan,2026-10-01
白,ゲイロー,名詞,1,0.3,nan,2026-10-01
白,フライディウス,名詞,1,0.3,nan,2026-10-01
白,テレミン,名詞,1,0.3,nan,2026-10-01
白,そもそも,名詞,1,0.3,-1.14,2026-10-01
白,舌先,名詞,1,0.3,nan,2026-10-01
白,係,名詞,1,0.3,-0.09,2026-10-01
白,マストドン,名詞,1,0.3,nan,2026-10-01
白,飼育,名詞,1,0.3,-0.46,2026-10-01
白,でっかい,形容詞,1,0.3,nan,2026-10-01
白,煽る,動詞,1,0.3,-0.74,2026-10-01
白,迷彩,名詞,1,0.3,nan,2026-10-01
白,頂点,名詞,1,0.3,-1.61,2026-10-01
白,軽蔑,名詞,1,0.3,-0.74,2026-10-01
白,連鎖,名詞,1,0.3,-0.46,2026-10-01
白,金銀,名詞,1,0.3,nan,2026-10-01
白,戦利,名詞,1,0.3,-0.96,2026-10-01
白,鈍る,動詞,1,0.3,nan,2026-10-01
白,曲がる,動詞,1,0.3,-0.09,2026-10-01
白,蔵,名詞,1,0.3,nan,2026-10-01
白,旅立ち,名詞,1,0.3,nan,2026-10-01
白,遠慮,名詞,1,0.3,nan,2026-10-01
白,トン,名詞,1,0.3,nan,2026-10-01
白,よぎる,動詞,1,0.3,nan,2026-10-01
白,残骸,名詞,1,0.3,-1.37,2026-10-01
白,ヒルネス,名詞,1,0.3,nan,2026-10-01
白,戦火,名詞,1,0.3,nan,2026-10-01
白,羽根,名詞,1,0.3,-1.06,2026-10-01
白,嘲笑,名詞,1,0.3,-0.09,2026-10-01
白,捧ぐ,動詞,1,0.3,nan,2026-10-01
白,冷淡,名詞,1,0.3,nan,2026-10-01
白,口づけ,名詞,1,0.3,nan,2026-10-01
白,恐い,形容詞,1,0.3,nan,2026-10-01
白,赦す,動詞,1,0.3,nan,2026-10-01
白,同情,名詞,1,0.3,nan,2026-10-01
白,ヴァリク,名詞,1,0.3,nan,2026-10-01
白,よれる,動詞,1,0.3,nan,2026-10-01
白,元々,副詞,1,0.3,nan,2026-10-01
白,哀れむ,動詞,1,0.3,nan,2026-10-01
白,教団,名詞,1,0.3,-1.14,2026-10-01
白,クレフ,名詞,1,0.3,nan,2026-10-01
白,ひらく,動詞,1,0.3,nan,2026-10-01
白,あくまで,副詞,1,0.3,nan,2026-10-01
白,先兵,名詞,1,0.3,nan,2026-10-01
白,賄える,動詞,1,0.3,nan,2026-10-01
白,ダメ,名詞,1,0.3,-0.29,2026-10-01
白,アルハーナ,名詞,1,0.3,nan,2026-10-01
白,カザンドゥ,名詞,1,0.3,nan,2026-10-01
白,つかみどころ,名詞,1,0.3,nan,2026-10-01
白,ゴーマゾア,名詞,1,0.3,nan,2026-10-01
白,泣き声,名詞,1,0.3,nan,2026-10-01
白,岩山,名詞,1,0.3,nan,2026-10-01
白,レヴェイン,名詞,1,0.3,-1.5,2026-10-01
白,ニッサ,名詞,1,0.3,-2.23,2026-10-01
白,既知,名詞,1,0.3,nan,2026-10-01
白,食料,名詞,1,0.3,-1.37,2026-10-01
白,欠片,名詞,1,0.3,-1.14,2026-10-01
白,ピクー,名詞,1,0.3,nan,2026-10-01
白,雄猫,名詞,1,0.3,nan,2026-10-01
白,楔,名詞,1,0.3,nan,2026-10-01
白,短刀,名詞,1,0.3,nan,2026-10-01
白,ジレンマ,名詞,1,0.3,nan,2026-10-01
白,売,名詞,1,0.3,nan,2026-10-01
白,アイリ,名詞,1,0.3,nan,2026-10-01
白,光り物,名詞,1,0.3,nan,2026-10-01
白,まっすぐ,副詞,1,0.3,nan,2026-10-01
白,時々,名詞,1,0.3,-1.06,2026-10-01
白,贔屓,名詞,1,0.3,nan,2026-10-01
白,依怙,名詞,1,0.3,nan,2026-10-01
白,保管,名詞,1,0.3,-0.74,2026-10-01
白,アーカイブ,名詞,1,0.3,nan,2026-10-01
白,公,名詞,1,0.3,nan,2026-10-01
白,カタログ,名詞,1,0.3,nan,2026-10-01
白,我,名詞,1,0.3,nan,2026-10-01
白,爪先,名詞,1,0.3,nan,2026-10-01
白,比較,名詞,1,0.3,-0.61,2026-10-01
白,石頭,名詞,1,0.3,nan,2026-10-01
白,蚤,名詞,1,0.3,nan,2026-10-01
白,図体,名詞,1,0.3,nan,2026-10-01
白,阿呆,名詞,1,0.3,nan,2026-10-01
白,老いぼれ,名詞,1,0.3,nan,2026-10-01
白,スッカラカン,名詞,1,0.3,nan,2026-10-01
白,鈍,名詞,1,0.3,nan,2026-10-01
白,勝者,名詞,1,0.3,-0.09,2026-10-01
白,盗難,名詞,1,0.3,nan,2026-10-01
白,酒瓶,名詞,1,0.3,nan,2026-10-01
白,バーテンダー,名詞,1,0.3,nan,2026-10-01
白,金貨,名詞,1,0.3,-0.29,2026-10-01
白,ポケット,名詞,1,0.3,-0.74,2026-10-01
白,寄生,名詞,1,0.3,-0.09,2026-10-01
白,サイダー,名詞,1,0.3,nan,2026-10-01
白,ジョラーガ,名詞,1,0.3,-0.96,2026-10-01
白,助言,名詞,1,0.3,-0.74,2026-10-01
白,アマーディ,名詞,1,0.3,nan,2026-10-01
白,上達,名詞,1,0.3,nan,2026-10-01
白,長,名詞,1,0.3,-1.44,2026-10-01
白,因縁,名詞,1,0.3,nan,2026-10-01
白,任,名詞,1,0.3,nan,2026-10-01
白,山賊,名詞,1,0.3,-0.09,2026-10-01
白,ムラーサ,名詞,1,0.3,-1.3,2026-10-01
白,おとな,名詞,1,0.3,nan,2026-10-01
白,無くなる,動詞,1,0.3,-0.96,2026-10-01
白,天気,名詞,1,0.3,-0.29,2026-10-01
白,散策,名詞,1,0.3,nan,2026-10-01
白,鉱山,名詞,1,0.3,nan,2026-10-01
白,カズール,名詞,1,0.3,nan,2026-10-01
白,こく,動詞,1,0.3,nan,2026-10-01
白,麻痺,名詞,1,0.3,-0.61,2026-10-01
白,厳刑,名詞,1,0.3,nan,2026-10-01
白,面白おかしい,形容詞,1,0.3,nan,2026-10-01
白,たくさん,副詞,1,0.3,-1.56,2026-10-01
白,曲,名詞,1,0.3,-1.14,2026-10-01
白,並,名詞,1,0.3,nan,2026-10-01
白,アニタン,名詞,1,0.3,nan,2026-10-01
白,ウーラ,名詞,1,0.3,nan,2026-10-01
白,発動,名詞,1,0.3,-0.86,2026-10-01
白,コーシ,名詞,1,0.3,nan,2026-10-01
白,計略,名詞,1,0.3,-0.09,2026-10-01
白,革,名詞,1,0.3,nan,2026-10-01
白,ラーヴュル,名詞,1,0.3,nan,2026-10-01
白,大元,名詞,1,0.3,nan,2026-10-01
白,羚羊,名詞,1,0.3,nan,2026-10-01
白,鹿,名詞,1,0.3,-0.46,2026-10-01
白,垂木,名詞,1,0.3,nan,2026-10-01
白,拠り所,名詞,1,0.3,nan,2026-10-01
白,目覚め,名詞,1,0.3,-0.86,2026-10-01
白,うせる,動詞,1,0.3,nan,2026-10-01
白,ウラモグ,名詞,1,0.3,-0.46,2026-10-01
白,にじる,動詞,1,0.3,-0.09,2026-10-01
白,合わさる,動詞,1,0.3,nan,2026-10-01
白,つぶす,動詞,1,0.3,-1.14,2026-10-01
白,挟む,動詞,1,0.3,-0.46,2026-10-01
白,血の海,名詞,1,0.3,nan,2026-10-01
白,かすり傷,名詞,1,0.3,-0.09,2026-10-01
白,マキンディ,名詞,1,0.3,-0.09,2026-10-01
白,ヴェルタン,名詞,1,0.3,nan,2026-10-01
白,言葉遊び,名詞,1,0.3,nan,2026-10-01
白,微力,名詞,1,0.3,nan,2026-10-01
白,雲霧,名詞,1,0.3,nan,2026-10-01
白,卓絶,名詞,1,0.3,nan,2026-10-01
白,縺れる,動詞,1,0.3,nan,2026-10-01
白,ブレザード,名詞,1,0.3,nan,2026-10-01
白,失くなる,動詞,1,0.3,nan,2026-10-01
白,十字,名詞,1,0.3,nan,2026-10-01
白,鏃,名詞,1,0.3,nan,2026-10-01
白,妨げる,動詞,1,0.3,-0.46,2026-10-01
白,盛る,動詞,1,0.3,-1.86,2026-10-01
白,集合,名詞,1,0.3,nan,2026-10-01
白,ジャザル,名詞,1,0.3,nan,2026-10-01
白,複製,名詞,1,0.3,-0.09,2026-10-01
白,銘じる,動詞,1,0.3,nan,2026-10-01
白,肝,名詞,1,0.3,nan,2026-10-01
白,名分,名詞,1,0.3,nan,2026-10-01
白,成就,名詞,1,0.3,nan,2026-10-01
白,アミーラ,名詞,1,0.3,nan,2026-10-01
白,軍曹,名詞,1,0.3,nan,2026-10-01
白,混成,名詞,1,0.3,nan,2026-10-01
白,ライブース,名詞,1,0.3,nan,2026-10-01
白,一口,名詞,1,0.3,-0.74,2026-10-01
白,サイズ,名詞,1,0.3,nan,2026-10-01
白,ひらける,動詞,1,0.3,nan,2026-10-01
白,休憩,名詞,1,0.3,nan,2026-10-01
白,構う,動詞,1,0.3,-1.14,2026-10-01
白,草地,名詞,1,0.3,nan,2026-10-01
白,ろうと,名詞,1,0.3,nan,2026-10-01
白,務める,動詞,1,0.3,nan,2026-10-01
白,答,名詞,1,0.3,nan,2026-10-01
白,和睦,名詞,1,0.3,nan,2026-10-01
白,内紛,名詞,1,0.3,nan,2026-10-01
白,白熱,名詞,1,0.3,nan,2026-10-01
白,ヤヴァシュ,名詞,1,0.3,nan,2026-10-01
白,ラーニャ,名詞,1,0.3,nan,2026-10-01
白,送り火,名詞,1,0.3,nan,2026-10-01
白,目立つ,動詞,1,0.3,-0.29,2026-10-01
白,ゲイン,名詞,1,0.3,nan,2026-10-01
白,ドール,名詞,1,0.3,nan,2026-10-01
白,ユレミデス,名詞,1,0.3,nan,2026-10-01
白,横暴,名詞,1,0.3,nan,2026-10-01
白,遅れ,名詞,1,0.3,nan,2026-10-01
白,目印,名詞,1,0.3,nan,2026-10-01
白,孤児,名詞,1,0.3,nan,2026-10-01
白,孵す,動詞,1,0.3,nan,2026-10-01
白,ちょうど,副詞,1,0.3,-0.46,2026-10-01
白,先制攻撃,名詞,1,0.3,nan,2026-10-01
白,畏敬,名詞,1,0.3,-0.61,2026-10-01
白,褒める,動詞,1,0.3,nan,2026-10-01
白,リエット,名詞,1,0.3,nan,2026-10-01
白,同胞,名詞,1,0.3,-0.86,2026-10-01
白,アクシュ,名詞,1,0.3,nan,2026-10-01
白,奉献,名詞,1,0.3,nan,2026-10-01
白,下位,名詞,1,0.3,nan,2026-10-01
白,シルヴォク,名詞,1,0.3,-0.61,2026-10-01
白,類,名詞,1,0.3,-0.96,2026-10-01
白,知覚,名詞,1,0.3,-0.46,2026-10-01
白,猛禽,名詞,1,0.3,nan,2026-10-01
白,シャ,副詞,1,0.3,nan,2026-10-01
白,諍い,名詞,1,0.3,nan,2026-10-01
白,異議,名詞,1,0.3,nan,2026-10-01
白,ぎらつく,動詞,1,0.3,-0.29,2026-10-01
白,終結,名詞,1,0.3,nan,2026-10-01
白,エトゥ,名詞,1,0.3,nan,2026-10-01
白,下僕,名詞,1,0.3,-1.06,2026-10-01
白,ギタクシア,名詞,1,0.3,-0.46,2026-10-01
白,喜べる,動詞,1,0.3,nan,2026-10-01
白,いくら,名詞,1,0.3,-1.06,2026-10-01
白,軽量,名詞,1,0.3,nan,2026-10-01
白,鍍金,名詞,1,0.3,nan,2026-10-01
白,装着,名詞,1,0.3,nan,2026-10-01
白,勧める,動詞,1,0.3,-0.46,2026-10-01
白,裁量,名詞,1,0.3,nan,2026-10-01
白,欲望,名詞,1,0.3,-0.96,2026-10-01
白,賢人,名詞,1,0.3,nan,2026-10-01
白,日蝕,名詞,1,0.3,nan,2026-10-01
白,ロークスワイン,名詞,1,0.3,nan,2026-10-01
白,論争,名詞,1,0.3,nan,2026-10-01
白,城砦,名詞,1,0.3,-0.09,2026-10-01
白,リーア,名詞,1,0.3,nan,2026-10-01
白,イヴォール,名詞,1,0.3,nan,2026-10-01
白,足枷,名詞,1,0.3,nan,2026-10-01
白,断念,名詞,1,0.3,nan,2026-10-01
白,幽閉,名詞,1,0.3,nan,2026-10-01
白,構築,名詞,1,0.3,-0.86,2026-10-01
白,誓わす,動詞,1,0.3,nan,2026-10-01
白,展望,名詞,1,0.3,nan,2026-10-01
白,派閥,名詞,1,0.3,nan,2026-10-01
白,生成,名詞,1,0.3,-0.09,2026-10-01
白,幼子,名詞,1,0.3,nan,2026-10-01
白,見過ごし,名詞,1,0.3,nan,2026-10-01
白,大使,名詞,1,0.3,nan,2026-10-01
白,仕方,名詞,1,0.3,-0.29,2026-10-01
白,ひく,動詞,1,0.3,-0.46,2026-10-01
白,飽きる,動詞,1,0.3,-0.74,2026-10-01
白,所有,名詞,1,0.3,-1.3,2026-10-01
白,勝手,名詞,1,0.3,nan,2026-10-01
白,だめ,名詞,1,0.3,-1.14,2026-10-01
白,うなる,動詞,1,0.3,nan,2026-10-01
白,休める,動詞,1,0.3,nan,2026-10-01
白,年上,名詞,1,0.3,nan,2026-10-01
白,敗残,名詞,1,0.3,nan,2026-10-01
白,抑止,名詞,1,0.3,nan,2026-10-01
白,迷走,名詞,1,0.3,nan,2026-10-01
白,思想,名詞,1,0.3,-0.29,2026-10-01
白,以下,名詞,1,0.3,nan,2026-10-01
白,発言,名詞,1,0.3,nan,2026-10-01
白,上等,名詞,1,0.3,nan,2026-10-01
白,噛み,名詞,1,0.3,-0.09,2026-10-01
白,トローゲン,名詞,1,0.3,nan,2026-10-01
白,古え,名詞,1,0.3,-0.61,2026-10-01
白,脇,名詞,1,0.3,-0.46,2026-10-01
白,転落,名詞,1,0.3,nan,2026-10-01
白,キバト,名詞,1,0.3,nan,2026-10-01
白,尊崇,名詞,1,0.3,nan,2026-10-01
白,ピリピリ,副詞,1,0.3,nan,2026-10-01
白,弩弓,名詞,1,0.3,nan,2026-10-01
白,シカニ,名詞,1,0.3,nan,2026-10-01
白,ヒンリック,名詞,1,0.3,nan,2026-10-01
白,聖者,名詞,1,0.3,nan,2026-10-01
白,ドゥーネダイン,名詞,1,0.3,nan,2026-10-01
白,ドゥネダイン,名詞,1,0.3,nan,2026-10-01
白,ジラ,名詞,1,0.3,nan,2026-10-01
白,ラムホルト,名詞,1,0.3,-0.09,2026-10-01
白,哀れみ,名詞,1,0.3,nan,2026-10-01
白,長引く,動詞,1,0.3,nan,2026-10-01
白,エルゴード,名詞,1,0.3,nan,2026-10-01
白,靴屋,名詞,1,0.3,nan,2026-10-01
白,職人,名詞,1,0.3,-0.86,2026-10-01
白,愚か者,名詞,1,0.3,-2.06,2026-10-01
白,惜しむ,動詞,1,0.3,-0.29,2026-10-01
白,仁愛,名詞,1,0.3,nan,2026-10-01
白,満月,名詞,1,0.3,-0.09,2026-10-01
白,焼きたて,名詞,1,0.3,nan,2026-10-01
白,支度,名詞,1,0.3,nan,2026-10-01
白,バター,名詞,1,0.3,nan,2026-10-01
白,食べ頃,名詞,1,0.3,nan,2026-10-01
白,冷肉,名詞,1,0.3,nan,2026-10-01
白,美味しい,形容詞,1,0.3,-0.61,2026-10-01
白,テーブル,名詞,1,0.3,nan,2026-10-01
白,きいちご,名詞,1,0.3,nan,2026-10-01
白,パイ,名詞,1,0.3,-0.29,2026-10-01
白,整う,動詞,1,0.3,nan,2026-10-01
白,チーズ,名詞,1,0.3,nan,2026-10-01
白,熱い,形容詞,1,0.3,-1.56,2026-10-01
白,水道,名詞,1,0.3,nan,2026-10-01
白,ガーグ,名詞,1,0.3,nan,2026-10-01
白,苔むす,動詞,1,0.3,nan,2026-10-01
白,横たわる,動詞,1,0.3,-0.46,2026-10-01
白,片隅,名詞,1,0.3,nan,2026-10-01
白,悲しむ,動詞,1,0.3,-0.09,2026-10-01
白,軌道,名詞,1,0.3,nan,2026-10-01
白,教師,名詞,1,0.3,-0.09,2026-10-01
白,マダム,名詞,1,0.3,nan,2026-10-01
白,町民,名詞,1,0.3,nan,2026-10-01
白,通貨,名詞,1,0.3,-0.46,2026-10-01
白,コスパー,名詞,1,0.3,nan,2026-10-01
白,ロウ,名詞,1,0.3,nan,2026-10-01
白,シルバーン,名詞,1,0.3,nan,2026-10-01
白,有能,名詞,1,0.3,-0.29,2026-10-01
白,司教,名詞,1,0.3,nan,2026-10-01
白,アーガスト,名詞,1,0.3,nan,2026-10-01
白,捕らう,動詞,1,0.3,nan,2026-10-01
白,ヴォン,名詞,1,0.3,nan,2026-10-01
白,寒気,名詞,1,0.3,-0.61,2026-10-01
白,さかる,動詞,1,0.3,nan,2026-10-01
白,緩める,動詞,1,0.3,nan,2026-10-01
白,燃料,名詞,1,0.3,-1.67,2026-10-01
白,恨む,動詞,1,0.3,nan,2026-10-01
白,ラトスタイン,名詞,1,0.3,nan,2026-10-01
白,翁,名詞,1,0.3,nan,2026-10-01
白,徴候,名詞,1,0.3,nan,2026-10-01
白,ラダルフ,名詞,1,0.3,nan,2026-10-01
白,ホロウ,名詞,1,0.3,nan,2026-10-01
白,ヘンジ,名詞,1,0.3,nan,2026-10-01
白,辞世,名詞,1,0.3,nan,2026-10-01
白,句,名詞,1,0.3,nan,2026-10-01
白,贅沢,名詞,1,0.3,nan,2026-10-01
白,澄ませる,動詞,1,0.3,nan,2026-10-01
白,澄ます,動詞,1,0.3,-0.61,2026-10-01
白,聖体,名詞,1,0.3,nan,2026-10-01
白,一節,名詞,1,0.3,nan,2026-10-01
白,透かす,動詞,1,0.3,nan,2026-10-01
白,はめ,名詞,1,0.3,-0.29,2026-10-01
白,手渡す,動詞,1,0.3,nan,2026-10-01
白,木製,名詞,1,0.3,nan,2026-10-01
白,手伝う,動詞,1,0.3,-0.09,2026-10-01
白,ひとたび,名詞,1,0.3,nan,2026-10-01
白,絶やす,動詞,1,0.3,nan,2026-10-01
白,征伐,名詞,1,0.3,nan,2026-10-01
白,ほど,名詞,1,0.3,-0.46,2026-10-01
白,しっくい,名詞,1,0.3,nan,2026-10-01
白,ヴァドヴァー,名詞,1,0.3,nan,2026-10-01
白,巨石,名詞,1,0.3,nan,2026-10-01
白,銀塊,名詞,1,0.3,nan,2026-10-01
白,伸びる,動詞,1,0.3,-1.06,2026-10-01
白,らせん,名詞,1,0.3,nan,2026-10-01
白,シグルン,名詞,1,0.3,nan,2026-10-01
白,愚弄,名詞,1,0.3,nan,2026-10-01
白,辱める,動詞,1,0.3,nan,2026-10-01
白,呟く,動詞,1,0.3,-0.09,2026-10-01
白,洗練,名詞,1,0.3,-0.46,2026-10-01
白,立体,名詞,1,0.3,nan,2026-10-01
白,挙動,名詞,1,0.3,nan,2026-10-01
白,崇める,動詞,1,0.3,-1.14,2026-10-01
白,リムハイト,名詞,1,0.3,nan,2026-10-01
白,造れる,動詞,1,0.3,nan,2026-10-01
白,かたち,名詞,1,0.3,nan,2026-10-01
白,まぎれる,動詞,1,0.3,nan,2026-10-01
白,ラット,名詞,1,0.3,-0.09,2026-10-01
白,なまぐさい,形容詞,1,0.3,nan,2026-10-01
白,佇まい,名詞,1,0.3,nan,2026-10-01
白,イドラス,名詞,1,0.3,nan,2026-10-01
白,いざなう,動詞,1,0.3,nan,2026-10-01
白,高鳴る,動詞,1,0.3,nan,2026-10-01
白,ザルファー,名詞,1,0.3,-0.09,2026-10-01
白,天幕,名詞,1,0.3,nan,2026-10-01
白,フィン,名詞,1,0.3,nan,2026-10-01
白,眼光,名詞,1,0.3,nan,2026-10-01
白,リーカス,名詞,1,0.3,nan,2026-10-01
白,避け,名詞,1,0.3,nan,2026-10-01
白,近寄れる,動詞,1,0.3,nan,2026-10-01
白,年老いる,動詞,1,0.3,nan,2026-10-01
白,実戦,名詞,1,0.3,nan,2026-10-01
白,ヴァンガー,名詞,1,0.3,nan,2026-10-01
白,先鋒,名詞,1,0.3,nan,2026-10-01
白,レイエル,名詞,1,0.3,nan,2026-10-01
白,ストーン,名詞,1,0.3,-0.61,2026-10-01
白,パワー,名詞,1,0.3,-0.96,2026-10-01
白,作動,名詞,1,0.3,nan,2026-10-01
白,近寄る,動詞,1,0.3,-0.29,2026-10-01
白,上がれる,動詞,1,0.3,nan,2026-10-01
白,目隠し,名詞,1,0.3,nan,2026-10-01
白,劣化,名詞,1,0.3,nan,2026-10-01
白,ミレーラ,名詞,1,0.3,nan,2026-10-01
白,矢傷,名詞,1,0.3,nan,2026-10-01
白,ジャヴァ,名詞,1,0.3,nan,2026-10-01
白,軍師,名詞,1,0.3,nan,2026-10-01
白,ズーナーク,名詞,1,0.3,nan,2026-10-01
白,品位,名詞,1,0.3,nan,2026-10-01
白,佩く,動詞,1,0.3,nan,2026-10-01
白,黙秘,名詞,1,0.3,nan,2026-10-01
白,うだうだ,副詞,1,0.3,nan,2026-10-01
白,聞かす,動詞,1,0.3,nan,2026-10-01
白,おかす,動詞,1,0.3,nan,2026-10-01
白,取り調べ,名詞,1,0.3,nan,2026-10-01
白,サーヴ,名詞,1,0.3,nan,2026-10-01
白,アグマンド,名詞,1,0.3,nan,2026-10-01
白,都合,名詞,1,0.3,-0.74,2026-10-01
白,板金,名詞,1,0.3,nan,2026-10-01
白,軍事,名詞,1,0.3,-0.09,2026-10-01
白,再会,名詞,1,0.3,nan,2026-10-01
白,レーンス,名詞,1,0.3,nan,2026-10-01
白,劣る,動詞,1,0.3,-0.86,2026-10-01
白,カエル,名詞,1,0.3,-0.86,2026-10-01
白,偏見,名詞,1,0.3,nan,2026-10-01
白,トリウマ,名詞,1,0.3,nan,2026-10-01
白,理不尽,名詞,1,0.3,nan,2026-10-01
白,薄暗い,形容詞,1,0.3,nan,2026-10-01
白,曇り空,名詞,1,0.3,nan,2026-10-01
白,秋,名詞,1,0.3,-0.74,2026-10-01
白,垣間見える,動詞,1,0.3,nan,2026-10-01
白,罰す,動詞,1,0.3,nan,2026-10-01
白,騙し,名詞,1,0.3,nan,2026-10-01
白,アルカウス,名詞,1,0.3,nan,2026-10-01
白,占有,名詞,1,0.3,nan,2026-10-01
白,棺,名詞,1,0.3,-0.46,2026-10-01
白,運び屋,名詞,1,0.3,nan,2026-10-01
白,物流,名詞,1,0.3,nan,2026-10-01
白,組合,名詞,1,0.3,nan,2026-10-01
白,滞る,動詞,1,0.3,nan,2026-10-01
白,徒,名詞,1,0.3,nan,2026-10-01
白,乱痴気,名詞,1,0.3,nan,2026-10-01
白,撃退,名詞,1,0.3,nan,2026-10-01
白,スマーラ,名詞,1,0.3,nan,2026-10-01
白,入館,名詞,1,0.3,nan,2026-10-01
白,銀行,名詞,1,0.3,nan,2026-10-01
白,告知,名詞,1,0.3,nan,2026-10-01
白,ヴィズコーパ,名詞,1,0.3,nan,2026-10-01
白,ゼルゾー,名詞,1,0.3,nan,2026-10-01
白,ザコ,名詞,1,0.3,nan,2026-10-01
白,小数,名詞,1,0.3,nan,2026-10-01
白,熾烈,名詞,1,0.3,nan,2026-10-01
白,金利,名詞,1,0.3,nan,2026-10-01
白,提供,名詞,1,0.3,-0.86,2026-10-01
白,ブリスカ,名詞,1,0.3,nan,2026-10-01
白,充分,副詞,1,0.3,nan,2026-10-01
白,みちる,動詞,1,0.3,nan,2026-10-01
白,最新,名詞,1,0.3,-0.09,2026-10-01
白,出資,名詞,1,0.3,nan,2026-10-01
白,航行,名詞,1,0.3,nan,2026-10-01
白,地底,名詞,1,0.3,-1.44,2026-10-01
白,戸惑い,名詞,1,0.3,nan,2026-10-01
白,プレーダク,名詞,1,0.3,nan,2026-10-01
白,賭する,動詞,1,0.3,nan,2026-10-01
白,法衣,名詞,1,0.3,nan,2026-10-01
白,卑小,名詞,1,0.3,nan,2026-10-01
白,自覚,名詞,1,0.3,nan,2026-10-01
白,手立て,名詞,1,0.3,nan,2026-10-01
白,講じる,動詞,1,0.3,nan,2026-10-01
白,紅,名詞,1,0.3,nan,2026-10-01
白,メル,名詞,1,0.3,nan,2026-10-01
白,キュリア,名詞,1,0.3,nan,2026-10-01
白,聖別,名詞,1,0.3,nan,2026-10-01
白,ザリーチ,名詞,1,0.3,nan,2026-10-01
白,レジミーア,名詞,1,0.3,nan,2026-10-01
白,着地,名詞,1,0.3,nan,2026-10-01
白,下げる,動詞,1,0.3,-0.74,2026-10-01
白,ラザーヴ,名詞,1,0.3,-0.09,2026-10-01
白,ヴェニク,名詞,1,0.3,nan,2026-10-01
白,ジョージカ,名詞,1,0.3,nan,2026-10-01
白,ミラーナ,名詞,1,0.3,nan,2026-10-01
白,ヤーゼン,名詞,1,0.3,nan,2026-10-01
白,住民,名詞,1,0.3,-0.96,2026-10-01
白,バーブ,名詞,1,0.3,nan,2026-10-01
白,法令,名詞,1,0.3,nan,2026-10-01
白,良識,名詞,1,0.3,nan,2026-10-01
白,節度,名詞,1,0.3,nan,2026-10-01
白,皆殺し,名詞,1,0.3,nan,2026-10-01
白,中間,名詞,1,0.3,nan,2026-10-01
白,享受,名詞,1,0.3,nan,2026-10-01
白,落書き,名詞,1,0.3,nan,2026-10-01
白,稼ぎ,名詞,1,0.3,nan,2026-10-01
白,賞金,名詞,1,0.3,nan,2026-10-01
白,見出す,動詞,1,0.3,-1.44,2026-10-01
白,ラーリア,名詞,1,0.3,nan,2026-10-01
白,荷役,名詞,1,0.3,nan,2026-10-01
白,イスペリア,名詞,1,0.3,-0.29,2026-10-01
白,イーカバン,名詞,1,0.3,nan,2026-10-01
白,止まり木,名詞,1,0.3,nan,2026-10-01
白,屋根,名詞,1,0.3,-1.06,2026-10-01
白,和解,名詞,1,0.3,nan,2026-10-01
白,違反,名詞,1,0.3,nan,2026-10-01
白,条例,名詞,1,0.3,nan,2026-10-01
白,たとえば,副詞,1,0.3,nan,2026-10-01
白,デカい,形容詞,1,0.3,-0.74,2026-10-01
白,横たえる,動詞,1,0.3,nan,2026-10-01
白,歓び,名詞,1,0.3,nan,2026-10-01
白,嘴,名詞,1,0.3,nan,2026-10-01
白,邪鬼,名詞,1,0.3,nan,2026-10-01
白,ハストリック,名詞,1,0.3,-0.29,2026-10-01
白,尖腕,名詞,1,0.3,nan,2026-10-01
白,仕込める,動詞,1,0.3,nan,2026-10-01
白,篤信,名詞,1,0.3,nan,2026-10-01
白,将来,名詞,1,0.3,nan,2026-10-01
白,推測,名詞,1,0.3,nan,2026-10-01
白,分け,名詞,1,0.3,nan,2026-10-01
白,グループ,名詞,1,0.3,nan,2026-10-01
白,幼生,名詞,1,0.3,nan,2026-10-01
白,更地,名詞,1,0.3,nan,2026-10-01
白,憶える,動詞,1,0.3,nan,2026-10-01
白,思える,動詞,1,0.3,-1.86,2026-10-01
白,軍馬,名詞,1,0.3,nan,2026-10-01
白,畜生,名詞,1,0.3,nan,2026-10-01
白,ブリゴニー,名詞,1,0.3,nan,2026-10-01
白,侮辱,名詞,1,0.3,-0.61,2026-10-01
白,同義,名詞,1,0.3,nan,2026-10-01
白,テーリアス,名詞,1,0.3,-0.09,2026-10-01
白,敵陣,名詞,1,0.3,nan,2026-10-01
白,日没,名詞,1,0.3,-0.09,2026-10-01
白,解除,名詞,1,0.3,nan,2026-10-01
白,セテッサ,名詞,1,0.3,-1.37,2026-10-01
白,履行,名詞,1,0.3,nan,2026-10-01
白,真夏,名詞,1,0.3,nan,2026-10-01
白,培う,動詞,1,0.3,nan,2026-10-01
白,真冬,名詞,1,0.3,nan,2026-10-01
白,重ねる,動詞,1,0.3,-0.61,2026-10-01
白,年少,名詞,1,0.3,nan,2026-10-01
白,同行,名詞,1,0.3,nan,2026-10-01
白,アルセモニー,名詞,1,0.3,nan,2026-10-01
白,石柱,名詞,1,0.3,nan,2026-10-01
白,首級,名詞,1,0.3,nan,2026-10-01
白,祭壇,名詞,1,0.3,-0.74,2026-10-01
白,ケイラメトラ,名詞,1,0.3,nan,2026-10-01
白,賢明,名詞,1,0.3,-0.96,2026-10-01
白,伏兵,名詞,1,0.3,nan,2026-10-01
白,表彰,名詞,1,0.3,nan,2026-10-01
白,勲章,名詞,1,0.3,nan,2026-10-01
白,憎い,形容詞,1,0.3,nan,2026-10-01
白,くつわ,名詞,1,0.3,nan,2026-10-01
白,損ねる,動詞,1,0.3,nan,2026-10-01
白,灰燼,名詞,1,0.3,nan,2026-10-01
白,エイスリオス,名詞,1,0.3,nan,2026-10-01
白,質問,名詞,1,0.3,-0.86,2026-10-01
白,励み,名詞,1,0.3,nan,2026-10-01
白,敬える,動詞,1,0.3,nan,2026-10-01
白,為せる,動詞,1,0.3,nan,2026-10-01
白,摂る,動詞,1,0.3,nan,2026-10-01
白,陽だまり,名詞,1,0.3,nan,2026-10-01
白,英気,名詞,1,0.3,nan,2026-10-01
白,似合い,名詞,1,0.3,nan,2026-10-01
白,アナックス,名詞,1,0.3,nan,2026-10-01
白,左腕,名詞,1,0.3,nan,2026-10-01
白,双腕,名詞,1,0.3,nan,2026-10-01
白,右腕,名詞,1,0.3,nan,2026-10-01
白,臨む,動詞,1,0.3,-0.46,2026-10-01
白,寵愛,名詞,1,0.3,nan,2026-10-01
白,オドゥノス,名詞,1,0.3,nan,2026-10-01
白,ダーロン,名詞,1,0.3,nan,2026-10-01
白,少なし,形容詞,1,0.3,-0.09,2026-10-01
白,生まれ,名詞,1,0.3,-0.46,2026-10-01
白,槍先,名詞,1,0.3,nan,2026-10-01
白,オーラ,名詞,1,0.3,nan,2026-10-01
白,学生,名詞,1,0.3,-0.61,2026-10-01
白,デカティア,名詞,1,0.3,nan,2026-10-01
白,習う,動詞,1,0.3,-0.09,2026-10-01
白,超越,名詞,1,0.3,-1.14,2026-10-01
白,ヒパティア,名詞,1,0.3,nan,2026-10-01
白,総和,名詞,1,0.3,nan,2026-10-01
白,選び,名詞,1,0.3,nan,2026-10-01
白,アカシカ,名詞,1,0.3,nan,2026-10-01
白,餓死,名詞,1,0.3,nan,2026-10-01
白,睡眠,名詞,1,0.3,nan,2026-10-01
白,アンドゥリル,名詞,1,0.3,nan,2026-10-01
白,アンドゥーリル,名詞,1,0.3,nan,2026-10-01
白,区域,名詞,1,0.3,-0.09,2026-10-01
白,言明,名詞,1,0.3,nan,2026-10-01
白,中庭,名詞,1,0.3,nan,2026-10-01
白,領域,名詞,1,0.3,-1.3,2026-10-01
白,進行,名詞,1,0.3,nan,2026-10-01
白,エイス,名詞,1,0.3,nan,2026-10-01
白,懐疑,名詞,1,0.3,nan,2026-10-01
白,遊戯,名詞,1,0.3,nan,2026-10-01
白,助力,名詞,1,0.3,nan,2026-10-01
白,ポリクシュネー,名詞,1,0.3,nan,2026-10-01
白,渋る,動詞,1,0.3,nan,2026-10-01
白,雛鳥,名詞,1,0.3,nan,2026-10-01
白,一抹,名詞,1,0.3,nan,2026-10-01
白,不安,名詞,1,0.3,-0.86,2026-10-01
白,出撃,名詞,1,0.3,nan,2026-10-01
白,戻せる,動詞,1,0.3,-0.09,2026-10-01
白,青銅,名詞,1,0.3,-0.46,2026-10-01
白,資質,名詞,1,0.3,nan,2026-10-01
白,魅了,名詞,1,0.3,nan,2026-10-01
白,ヶ月,名詞,1,0.3,-0.61,2026-10-01
白,ファラガックス,名詞,1,0.3,nan,2026-10-01
白,周回,名詞,1,0.3,nan,2026-10-01
白,justingary,名詞,1,0.3,nan,2026-10-01
白,ダルガンド,名詞,1,0.3,nan,2026-10-01
白,放逐,名詞,1,0.3,nan,2026-10-01
白,isaiahcartwright,名詞,1,0.3,nan,2026-10-01
白,イカ,名詞,1,0.3,nan,2026-10-01
白,残虐,名詞,1,0.3,-1.3,2026-10-01
白,弄ぶ,動詞,1,0.3,nan,2026-10-01
白,じゃれる,動詞,1,0.3,nan,2026-10-01
白,生まれたて,名詞,1,0.3,nan,2026-10-01
白,可愛い,形容詞,1,0.3,-0.96,2026-10-01
白,纏わる,動詞,1,0.3,nan,2026-10-01
白,へったくれ,名詞,1,0.3,nan,2026-10-01
白,使い方,名詞,1,0.3,nan,2026-10-01
白,的,名詞,1,0.3,nan,2026-10-01
白,ダクラ,名詞,1,0.3,nan,2026-10-01
白,弓術,名詞,1,0.3,nan,2026-10-01
白,式,名詞,1,0.3,-0.86,2026-10-01
白,稼業,名詞,1,0.3,nan,2026-10-01
白,掌,名詞,1,0.3,nan,2026-10-01
白,勝敗,名詞,1,0.3,nan,2026-10-01
白,隊商,名詞,1,0.3,nan,2026-10-01
白,攻勢,名詞,1,0.3,nan,2026-10-01
白,規模,名詞,1,0.3,-0.61,2026-10-01
白,膨れる,動詞,1,0.3,-0.09,2026-10-01
白,換える,動詞,1,0.3,-0.61,2026-10-01
白,耐久,名詞,1,0.3,nan,2026-10-01
白,模倣,名詞,1,0.3,-1.22,2026-10-01
白,クルーマ,名詞,1,0.3,nan,2026-10-01
白,ソマト,名詞,1,0.3,nan,2026-10-01
白,あさ,名詞,1,0.3,nan,2026-10-01
白,シャーマン,名詞,1,0.3,-1.98,2026-10-01
白,チアヌル,名詞,1,0.3,nan,2026-10-01
白,噂,名詞,1,0.3,-1.5,2026-10-01
白,難攻,名詞,1,0.3,nan,2026-10-01
白,ゴルラン,名詞,1,0.3,nan,2026-10-01
白,龍鱗,名詞,1,0.3,nan,2026-10-01
白,不落,名詞,1,0.3,nan,2026-10-01
白,遮断,名詞,1,0.3,nan,2026-10-01
白,瞑想,名詞,1,0.3,-0.61,2026-10-01
白,雲海,名詞,1,0.3,nan,2026-10-01
白,軌跡,名詞,1,0.3,nan,2026-10-01
白,マンダラ,名詞,1,0.3,nan,2026-10-01
白,飢餓,名詞,1,0.3,-1.44,2026-10-01
白,多し,形容詞,1,0.3,nan,2026-10-01
白,格言,名詞,1,0.3,nan,2026-10-01
白,外皮,名詞,1,0.3,nan,2026-10-01
白,形成,名詞,1,0.3,-1.22,2026-10-01
白,法廷,名詞,1,0.3,nan,2026-10-01
白,遺族,名詞,1,0.3,nan,2026-10-01
白,祀る,動詞,1,0.3,nan,2026-10-01
白,表する,動詞,1,0.3,nan,2026-10-01
白,風上,名詞,1,0.3,nan,2026-10-01
白,許容,名詞,1,0.3,nan,2026-10-01
白,ひとえに,副詞,1,0.3,nan,2026-10-01
白,災禍,名詞,1,0.3,nan,2026-10-01
白,経穴,名詞,1,0.3,nan,2026-10-01
白,再起,名詞,1,0.3,nan,2026-10-01
白,生体,名詞,1,0.3,-0.09,2026-10-01
白,停止,名詞,1,0.3,nan,2026-10-01
白,ボタン,名詞,1,0.3,nan,2026-10-01
白,別れ,名詞,1,0.3,nan,2026-10-01
白,不言,名詞,1,0.3,nan,2026-10-01
白,一意,名詞,1,0.3,nan,2026-10-01
白,弁舌,名詞,1,0.3,nan,2026-10-01
白,危急,名詞,1,0.3,nan,2026-10-01
白,樹木,名詞,1,0.3,-0.61,2026-10-01
白,装う,動詞,1,0.3,nan,2026-10-01
白,顔つき,名詞,1,0.3,nan,2026-10-01
白,ヴィブラニウム,名詞,1,0.3,nan,2026-10-01
白,吸収,名詞,1,0.3,-0.61,2026-10-01
白,使用,名詞,1,0.3,-0.96,2026-10-01
白,消火,名詞,1,0.3,nan,2026-10-01
白,クルショク,名詞,1,0.3,nan,2026-10-01
白,適応,名詞,1,0.3,-1.67,2026-10-01
白,様式,名詞,1,0.3,nan,2026-10-01
白,バイヒール,名詞,1,0.3,nan,2026-10-01
白,境地,名詞,1,0.3,-0.29,2026-10-01
白,蛍,名詞,1,0.3,nan,2026-10-01
白,息の根,名詞,1,0.3,nan,2026-10-01
白,詞,名詞,1,0.3,-0.09,2026-10-01
白,翻訳,名詞,1,0.3,nan,2026-10-01
白,活躍,名詞,1,0.3,nan,2026-10-01
白,役立てる,動詞,1,0.3,nan,2026-10-01
白,龍王,名詞,1,0.3,-0.46,2026-10-01
白,殉ずる,動詞,1,0.3,nan,2026-10-01
白,高楼,名詞,1,0.3,nan,2026-10-01
白,孤軍,名詞,1,0.3,nan,2026-10-01
白,大軍,名詞,1,0.3,-0.09,2026-10-01
白,奮闘,名詞,1,0.3,nan,2026-10-01
白,コラガン,名詞,1,0.3,-1.3,2026-10-01
白,下等,名詞,1,0.3,nan,2026-10-01
白,刃先,名詞,1,0.3,nan,2026-10-01
白,丸ごと,名詞,1,0.3,nan,2026-10-01
白,雪片,名詞,1,0.3,nan,2026-10-01
白,エフレイエ,名詞,1,0.3,nan,2026-10-01
白,ベベル,名詞,1,0.3,nan,2026-10-01
白,不可侵,名詞,1,0.3,nan,2026-10-01
白,モハビ,名詞,1,0.3,nan,2026-10-01
白,守備,名詞,1,0.3,nan,2026-10-01
白,スゥルタイ,名詞,1,0.3,-1.81,2026-10-01
白,遡る,動詞,1,0.3,-0.29,2026-10-01
白,改編,名詞,1,0.3,nan,2026-10-01
白,救出,名詞,1,0.3,nan,2026-10-01
白,慣習,名詞,1,0.3,nan,2026-10-01
白,ダルガー,名詞,1,0.3,nan,2026-10-01
白,正解,名詞,1,0.3,nan,2026-10-01
白,ふさがる,動詞,1,0.3,nan,2026-10-01
白,ジアダ,名詞,1,0.3,nan,2026-10-01
白,湧く,動詞,1,0.3,-0.61,2026-10-01
白,放縦,名詞,1,0.3,nan,2026-10-01
白,狭量,名詞,1,0.3,nan,2026-10-01
白,髑髏,名詞,1,0.3,-0.29,2026-10-01
白,障害,名詞,1,0.3,-1.37,2026-10-01
白,蠢く,動詞,1,0.3,nan,2026-10-01
白,勝機,名詞,1,0.3,nan,2026-10-01
白,確約,名詞,1,0.3,nan,2026-10-01
白,素質,名詞,1,0.3,nan,2026-10-01
白,規範,名詞,1,0.3,nan,2026-10-01
白,接触,名詞,1,0.3,nan,2026-10-01
白,安穏,名詞,1,0.3,nan,2026-10-01
白,余裕,名詞,1,0.3,-0.29,2026-10-01
白,療養,名詞,1,0.3,nan,2026-10-01
白,移送,名詞,1,0.3,nan,2026-10-01
白,素人,名詞,1,0.3,-0.29,2026-10-01
白,痛手,名詞,1,0.3,nan,2026-10-01
白,蔓延,名詞,1,0.3,-0.61,2026-10-01
白,次代,名詞,1,0.3,nan,2026-10-01
白,なびく,動詞,1,0.3,nan,2026-10-01
白,うごめく,動詞,1,0.3,-0.29,2026-10-01
白,塞がる,動詞,1,0.3,nan,2026-10-01
白,綱,名詞,1,0.3,nan,2026-10-01
白,アキリ,名詞,1,0.3,nan,2026-10-01
白,投げ,名詞,1,0.3,-0.29,2026-10-01
白,上下,名詞,1,0.3,nan,2026-10-01
白,環境,名詞,1,0.3,-0.86,2026-10-01
白,譲る,動詞,1,0.3,-0.29,2026-10-01
白,脱出,名詞,1,0.3,-1.44,2026-10-01
白,損害,名詞,1,0.3,nan,2026-10-01
白,骨ばる,動詞,1,0.3,nan,2026-10-01
白,野獣,名詞,1,0.3,-0.09,2026-10-01
白,バスレル,名詞,1,0.3,nan,2026-10-01
白,誘う,動詞,1,0.3,-1.3,2026-10-01
白,リーフ,名詞,1,0.3,-0.46,2026-10-01
白,標榜,名詞,1,0.3,nan,2026-10-01
白,万端,名詞,1,0.3,-0.29,2026-10-01
白,連結,名詞,1,0.3,nan,2026-10-01
白,景色,名詞,1,0.3,nan,2026-10-01
白,滑空,名詞,1,0.3,nan,2026-10-01
白,絵,名詞,1,0.3,nan,2026-10-01
白,ベレレン,名詞,1,0.3,-2.02,2026-10-01
白,凪,名詞,1,0.3,-1.14,2026-10-01
白,双肩,名詞,1,0.3,nan,2026-10-01
白,降伏,名詞,1,0.3,nan,2026-10-01
白,通訳,名詞,1,0.3,nan,2026-10-01
白,雄弁,名詞,1,0.3,nan,2026-10-01
白,逆境,名詞,1,0.3,nan,2026-10-01
白,実,名詞,1,0.3,-2.1,2026-10-01
白,眩ます,動詞,1,0.3,nan,2026-10-01
白,日焼け,名詞,1,0.3,nan,2026-10-01
白,炎症,名詞,1,0.3,nan,2026-10-01
白,枯らす,動詞,1,0.3,nan,2026-10-01
白,暖める,動詞,1,0.3,nan,2026-10-01
白,崇敬,名詞,1,0.3,nan,2026-10-01
白,荘園,名詞,1,0.3,nan,2026-10-01
白,弔う,動詞,1,0.3,nan,2026-10-01
白,カスティーン,名詞,1,0.3,nan,2026-10-01
白,薬剤,名詞,1,0.3,nan,2026-10-01
白,いたずら,名詞,1,0.3,-1.44,2026-10-01
白,事情,名詞,1,0.3,nan,2026-10-01
白,弁護,名詞,1,0.3,nan,2026-10-01
白,雄牛,名詞,1,0.3,nan,2026-10-01
白,休耕,名詞,1,0.3,nan,2026-10-01
白,多数,名詞,1,0.3,-0.86,2026-10-01
白,測れる,動詞,1,0.3,nan,2026-10-01
白,止め,名詞,1,0.3,nan,2026-10-01
白,醜い,形容詞,1,0.3,-0.46,2026-10-01
白,奥底,名詞,1,0.3,-0.74,2026-10-01
白,労働,名詞,1,0.3,-0.61,2026-10-01
白,赦罪,名詞,1,0.3,nan,2026-10-01
白,耐性,名詞,1,0.3,-0.29,2026-10-01
白,盟友,名詞,1,0.3,nan,2026-10-01
白,歪み,名詞,1,0.3,nan,2026-10-01
白,先輩,名詞,1,0.3,nan,2026-10-01
白,鳴り,名詞,1,0.3,nan,2026-10-01
白,結集,名詞,1,0.3,nan,2026-10-01
白,呟き,名詞,1,0.3,nan,2026-10-01
白,同体,名詞,1,0.3,nan,2026-10-01
白,一心,名詞,1,0.3,-0.09,2026-10-01
白,グレーテ,名詞,1,0.3,nan,2026-10-01
白,共感,名詞,1,0.3,nan,2026-10-01
白,ヴィデンズ,名詞,1,0.3,nan,2026-10-01
白,主席,名詞,1,0.3,nan,2026-10-01
白,マンフリード,名詞,1,0.3,nan,2026-10-01
白,ウルマック,名詞,1,0.3,nan,2026-10-01
白,加護,名詞,1,0.3,-0.29,2026-10-01
白,エスラ,名詞,1,0.3,nan,2026-10-01
白,傭兵,名詞,1,0.3,nan,2026-10-01
白,ヘイヴングル,名詞,1,0.3,-0.09,2026-10-01
白,スラム,名詞,1,0.3,nan,2026-10-01
白,庭師,名詞,1,0.3,nan,2026-10-01
白,根本,名詞,1,0.3,nan,2026-10-01
白,展覧,名詞,1,0.3,nan,2026-10-01
白,織物,名詞,1,0.3,nan,2026-10-01
白,繊維,名詞,1,0.3,nan,2026-10-01
白,カラデシュ,名詞,1,0.3,-0.86,2026-10-01
白,指令,名詞,1,0.3,nan,2026-10-01
白,号,名詞,1,0.3,-0.46,2026-10-01
白,驚異,名詞,1,0.3,-1.3,2026-10-01
白,来場,名詞,1,0.3,nan,2026-10-01
白,後ろ暗い,形容詞,1,0.3,nan,2026-10-01
白,システム,名詞,1,0.3,-0.29,2026-10-01
白,筋力,名詞,1,0.3,nan,2026-10-01
白,骨格,名詞,1,0.3,nan,2026-10-01
白,増幅,名詞,1,0.3,nan,2026-10-01
白,評判,名詞,1,0.3,nan,2026-10-01
白,独創,名詞,1,0.3,-0.74,2026-10-01
白,改革,名詞,1,0.3,-1.56,2026-10-01
白,停まる,動詞,1,0.3,nan,2026-10-01
白,リプー,名詞,1,0.3,nan,2026-10-01
白,専門,名詞,1,0.3,-0.96,2026-10-01
白,ばらばら,副詞,1,0.3,nan,2026-10-01
白,軸受,名詞,1,0.3,nan,2026-10-01
白,鋳込み,名詞,1,0.3,nan,2026-10-01
白,ネジ,名詞,1,0.3,nan,2026-10-01
白,ドビン,名詞,1,0.3,-0.09,2026-10-01
白,スジ,名詞,1,0.3,nan,2026-10-01
白,限界,名詞,1,0.3,-1.5,2026-10-01
白,整備,名詞,1,0.3,nan,2026-10-01
白,故障,名詞,1,0.3,nan,2026-10-01
白,航空,名詞,1,0.3,nan,2026-10-01
白,格納,名詞,1,0.3,nan,2026-10-01
白,キツい,形容詞,1,0.3,nan,2026-10-01
白,服装,名詞,1,0.3,nan,2026-10-01
白,決まり,名詞,1,0.3,nan,2026-10-01
白,技師,名詞,1,0.3,-0.29,2026-10-01
白,戦果,名詞,1,0.3,nan,2026-10-01
白,殿堂,名詞,1,0.3,nan,2026-10-01
白,双頭,名詞,1,0.3,nan,2026-10-01
白,登場,名詞,1,0.3,-0.09,2026-10-01
白,バラル,名詞,1,0.3,-0.29,2026-10-01
白,リティカ,名詞,1,0.3,nan,2026-10-01
白,本気,名詞,1,0.3,-0.61,2026-10-01
白,感心,名詞,1,0.3,nan,2026-10-01
白,艦隊,名詞,1,0.3,-0.29,2026-10-01
白,昇進,名詞,1,0.3,-0.09,2026-10-01
白,出身,名詞,1,0.3,nan,2026-10-01
白,船長,名詞,1,0.3,-2.02,2026-10-01
白,爪楊枝,名詞,1,0.3,nan,2026-10-01
白,バランス,名詞,1,0.3,nan,2026-10-01
白,深まる,動詞,1,0.3,nan,2026-10-01
白,顔面,名詞,1,0.3,nan,2026-10-01
白,放す,動詞,1,0.3,nan,2026-10-01
白,背ける,動詞,1,0.3,nan,2026-10-01
白,こもる,動詞,1,0.3,-0.29,2026-10-01
白,詳しい,形容詞,1,0.3,nan,2026-10-01
白,裏道,名詞,1,0.3,nan,2026-10-01
白,法律,名詞,1,0.3,-0.29,2026-10-01
白,ひと暴れ,名詞,1,0.3,nan,2026-10-01
白,値段,名詞,1,0.3,-0.09,2026-10-01
白,統制,名詞,1,0.3,nan,2026-10-01
白,霊塔,名詞,1,0.3,nan,2026-10-01
白,わずらわせる,動詞,1,0.3,nan,2026-10-01
白,スクラップ,名詞,1,0.3,nan,2026-10-01
白,係わる,動詞,1,0.3,nan,2026-10-01
白,教育,名詞,1,0.3,nan,2026-10-01
白,割,名詞,1,0.3,-0.61,2026-10-01
白,沿う,動詞,1,0.3,-0.09,2026-10-01
白,逃す,動詞,1,0.3,-1.22,2026-10-01
白,いそしむ,動詞,1,0.3,nan,2026-10-01
白,栄達,名詞,1,0.3,nan,2026-10-01
白,きっかけ,名詞,1,0.3,nan,2026-10-01
白,各々,名詞,1,0.3,nan,2026-10-01
白,真っすぐ,副詞,1,0.3,nan,2026-10-01
白,逸れる,動詞,1,0.3,nan,2026-10-01
白,ヴェス,名詞,1,0.3,-2.35,2026-10-01
白,刻,名詞,1,0.3,-0.46,2026-10-01
白,比肩,名詞,1,0.3,nan,2026-10-01
白,見せかけ,名詞,1,0.3,nan,2026-10-01
白,こだわる,動詞,1,0.3,nan,2026-10-01
白,財産,名詞,1,0.3,-0.61,2026-10-01
白,装飾,名詞,1,0.3,-0.74,2026-10-01
白,授かりもの,名詞,1,0.3,nan,2026-10-01
白,還す,動詞,1,0.3,nan,2026-10-01
白,ピラミッド,名詞,1,0.3,nan,2026-10-01
白,双方,名詞,1,0.3,nan,2026-10-01
白,顕現,名詞,1,0.3,nan,2026-10-01
白,劣勢,名詞,1,0.3,nan,2026-10-01
白,河,名詞,1,0.3,-0.46,2026-10-01
白,召使い,名詞,1,0.3,-0.09,2026-10-01
白,碑,名詞,1,0.3,-1.3,2026-10-01
白,エレク,名詞,1,0.3,nan,2026-10-01
白,現世,名詞,1,0.3,nan,2026-10-01
白,サムト,名詞,1,0.3,-0.61,2026-10-01
白,気取る,動詞,1,0.3,nan,2026-10-01
白,住める,動詞,1,0.3,nan,2026-10-01
白,みずから,名詞,1,0.3,nan,2026-10-01
白,先導,名詞,1,0.3,nan,2026-10-01
白,岸,名詞,1,0.3,-0.86,2026-10-01
白,尊者,名詞,1,0.3,nan,2026-10-01
白,タリアン,名詞,1,0.3,nan,2026-10-01
白,言わば,副詞,1,0.3,nan,2026-10-01
白,狂信,名詞,1,0.3,-0.96,2026-10-01
白,血潮,名詞,1,0.3,nan,2026-10-01
白,歓喜,名詞,1,0.3,-0.46,2026-10-01
白,郷里,名詞,1,0.3,nan,2026-10-01
白,パチャチュパ,名詞,1,0.3,nan,2026-10-01
白,トカートリ,名詞,1,0.3,nan,2026-10-01
白,微塵,名詞,1,0.3,nan,2026-10-01
白,途方,名詞,1,0.3,nan,2026-10-01
白,熱る,動詞,1,0.3,nan,2026-10-01
白,噴く,動詞,1,0.3,-0.61,2026-10-01
白,精通,名詞,1,0.3,-0.09,2026-10-01
白,探究,名詞,1,0.3,nan,2026-10-01
白,未開,名詞,1,0.3,-0.29,2026-10-01
白,暗がり,名詞,1,0.3,-0.74,2026-10-01
白,エアロサウルス,名詞,1,0.3,nan,2026-10-01
白,エスガロス,名詞,1,0.3,nan,2026-10-01
白,ついで,副詞,1,0.3,nan,2026-10-01
白,スマウグ,名詞,1,0.3,nan,2026-10-01
白,渦巻く,動詞,1,0.3,-1.3,2026-10-01
白,騎手,名詞,1,0.3,-0.61,2026-10-01
白,チトラーティ,名詞,1,0.3,nan,2026-10-01
白,アルゲール,名詞,1,0.3,nan,2026-10-01
白,不純,名詞,1,0.3,nan,2026-10-01
白,拭う,動詞,1,0.3,nan,2026-10-01
白,覚醒,名詞,1,0.3,-0.29,2026-10-01
白,殺傷,名詞,1,0.3,nan,2026-10-01
白,丸い,形容詞,1,0.3,nan,2026-10-01
白,ちぎる,動詞,1,0.3,-0.29,2026-10-01
白,急増,名詞,1,0.3,nan,2026-10-01
白,饗宴,名詞,1,0.3,nan,2026-10-01
白,一新,名詞,1,0.3,nan,2026-10-01
白,領有,名詞,1,0.3,nan,2026-10-01
白,群がる,動詞,1,0.3,nan,2026-10-01
白,煙る,動詞,1,0.3,nan,2026-10-01
白,アリ,名詞,1,0.3,nan,2026-10-01
白,秘儀,名詞,1,0.3,-0.96,2026-10-01
白,航法,名詞,1,0.3,nan,2026-10-01
白,断,名詞,1,0.3,-0.09,2026-10-01
白,器具,名詞,1,0.3,nan,2026-10-01
白,舵,名詞,1,0.3,nan,2026-10-01
白,増加,名詞,1,0.3,nan,2026-10-01
白,損失,名詞,1,0.3,-0.09,2026-10-01
白,音曲,名詞,1,0.3,nan,2026-10-01
白,大声,名詞,1,0.3,-0.46,2026-10-01
白,うかがう,動詞,1,0.3,nan,2026-10-01
白,マーフウィズ,名詞,1,0.3,nan,2026-10-01
白,ヴォーナ,名詞,1,0.3,nan,2026-10-01
白,マガーン,名詞,1,0.3,nan,2026-10-01
白,鏖殺,名詞,1,0.3,nan,2026-10-01
白,イエード,名詞,1,0.3,nan,2026-10-01
白,墓地,名詞,1,0.3,-0.46,2026-10-01
白,クリフ,名詞,1,0.3,nan,2026-10-01
白,堀,名詞,1,0.3,nan,2026-10-01
白,忙しい,形容詞,1,0.3,-0.29,2026-10-01
白,サイド,名詞,1,0.3,nan,2026-10-01
白,アゾール,名詞,1,0.3,nan,2026-10-01
白,調教,名詞,1,0.3,-0.09,2026-10-01
白,性格,名詞,1,0.3,-0.09,2026-10-01
白,嫌い,名詞,1,0.3,-0.96,2026-10-01
白,出番,名詞,1,0.3,-0.29,2026-10-01
白,せいぜい,副詞,1,0.3,nan,2026-10-01
白,触手,名詞,1,0.3,-0.61,2026-10-01
白,巻鬚,名詞,1,0.3,nan,2026-10-01
白,隷従,名詞,1,0.3,nan,2026-10-01
白,飢渇,名詞,1,0.3,nan,2026-10-01
白,消費,名詞,1,0.3,-0.46,2026-10-01
白,浮かれる,動詞,1,0.3,nan,2026-10-01
白,世襲,名詞,1,0.3,nan,2026-10-01
白,家臣,名詞,1,0.3,nan,2026-10-01
白,費やす,動詞,1,0.3,-1.06,2026-10-01
白,か月,名詞,1,0.3,nan,2026-10-01
白,歳月,名詞,1,0.3,nan,2026-10-01
白,製作,名詞,1,0.3,nan,2026-10-01
白,拝む,動詞,1,0.3,-0.09,2026-10-01
白,キャパ,名詞,1,0.3,nan,2026-10-01
白,不運,名詞,1,0.3,-0.74,2026-10-01
白,巨悪,名詞,1,0.3,nan,2026-10-01
白,顔ぶれ,名詞,1,0.3,nan,2026-10-01
白,ダニサ,名詞,1,0.3,nan,2026-10-01
白,キャパシェン,名詞,1,0.3,nan,2026-10-01
白,無念,名詞,1,0.3,nan,2026-10-01
白,神学,名詞,1,0.3,nan,2026-10-01
白,心得,名詞,1,0.3,nan,2026-10-01
白,詩句,名詞,1,0.3,nan,2026-10-01
白,疾し,形容詞,1,0.3,nan,2026-10-01
白,アヴナント,名詞,1,0.3,nan,2026-10-01
白,変動,名詞,1,0.3,nan,2026-10-01
白,豊潤,名詞,1,0.3,-0.29,2026-10-01
白,シャライ,名詞,1,0.3,nan,2026-10-01
白,雲上,名詞,1,0.3,nan,2026-10-01
白,侯,名詞,1,0.3,nan,2026-10-01
白,織る,動詞,1,0.3,-0.61,2026-10-01
白,微細,名詞,1,0.3,nan,2026-10-01
白,技法,名詞,1,0.3,nan,2026-10-01
白,軍用,名詞,1,0.3,nan,2026-10-01
白,硝子,名詞,1,0.3,nan,2026-10-01
白,作れる,動詞,1,0.3,-0.86,2026-10-01
白,弟子,名詞,1,0.3,-1.06,2026-10-01
白,武将,名詞,1,0.3,nan,2026-10-01
白,細かい,形容詞,1,0.3,-0.29,2026-10-01
白,対面,名詞,1,0.3,nan,2026-10-01
白,変形,名詞,1,0.3,nan,2026-10-01
白,登る,動詞,1,0.3,-1.81,2026-10-01
白,頂上,名詞,1,0.3,nan,2026-10-01
白,黎明,名詞,1,0.3,nan,2026-10-01
白,無名,名詞,1,0.3,nan,2026-10-01
白,ねぐら,名詞,1,0.3,nan,2026-10-01
白,低木,名詞,1,0.3,nan,2026-10-01
白,成形,名詞,1,0.3,nan,2026-10-01
白,一風,名詞,1,0.3,nan,2026-10-01
白,しばらく,副詞,1,0.3,-0.74,2026-10-01
白,精製,名詞,1,0.3,nan,2026-10-01
白,しめる,動詞,1,0.3,-0.74,2026-10-01
白,エシカ,名詞,1,0.3,nan,2026-10-01
白,樹液,名詞,1,0.3,-0.46,2026-10-01
白,スコーティ,名詞,1,0.3,nan,2026-10-01
白,前夜,名詞,1,0.3,nan,2026-10-01
白,冬至,名詞,1,0.3,nan,2026-10-01
白,先陣,名詞,1,0.3,-0.09,2026-10-01
白,つがい,名詞,1,0.3,nan,2026-10-01
白,告げ,名詞,1,0.3,nan,2026-10-01
白,一変,名詞,1,0.3,nan,2026-10-01
白,氾濫,名詞,1,0.3,nan,2026-10-01
白,レイ,名詞,1,0.3,nan,2026-10-01
白,代える,動詞,1,0.3,nan,2026-10-01
白,長ける,動詞,1,0.3,-1.06,2026-10-01
白,喜ばす,動詞,1,0.3,nan,2026-10-01
白,修正,名詞,1,0.3,-0.29,2026-10-01
白,躱せる,動詞,1,0.3,nan,2026-10-01
白,スカイジェク,名詞,1,0.3,nan,2026-10-01
白,爆発,名詞,1,0.3,-1.72,2026-10-01
白,とこしえ,名詞,1,0.3,nan,2026-10-01
白,生死,名詞,1,0.3,-0.29,2026-10-01
白,世,名詞,1,0.3,-1.3,2026-10-01
白,境目,名詞,1,0.3,nan,2026-10-01
白,つぶやく,動詞,1,0.3,nan,2026-10-01
白,すれる,動詞,1,0.3,nan,2026-10-01
白,うなずく,動詞,1,0.3,nan,2026-10-01
白,買収,名詞,1,0.3,nan,2026-10-01
白,臆する,動詞,1,0.3,nan,2026-10-01
白,年長,名詞,1,0.3,nan,2026-10-01
白,箇所,名詞,1,0.3,nan,2026-10-01
白,でかい,形容詞,1,0.3,nan,2026-10-01
白,順番,名詞,1,0.3,nan,2026-10-01
白,小瓶,名詞,1,0.3,nan,2026-10-01
白,紛争,名詞,1,0.3,nan,2026-10-01
白,サンホーム,名詞,1,0.3,nan,2026-10-01
白,申し出,名詞,1,0.3,nan,2026-10-01
白,懲らす,動詞,1,0.3,nan,2026-10-01
白,経歴,名詞,1,0.3,nan,2026-10-01
白,産まれる,動詞,1,0.3,nan,2026-10-01
白,飯,名詞,1,0.3,-0.09,2026-10-01
白,まずい,形容詞,1,0.3,-0.09,2026-10-01
白,ベランダ,名詞,1,0.3,nan,2026-10-01
白,2人,名詞,1,0.3,nan,2026-10-01
白,路地,名詞,1,0.3,-0.29,2026-10-01
白,サカナタコガニ,名詞,1,0.3,nan,2026-10-01
白,扱える,動詞,1,0.3,nan,2026-10-01
白,挑戦,名詞,1,0.3,-0.61,2026-10-01
白,身分,名詞,1,0.3,nan,2026-10-01
白,称え,名詞,1,0.3,nan,2026-10-01
白,聖水,名詞,1,0.3,nan,2026-10-01
白,アトム,名詞,1,0.3,nan,2026-10-01
白,追い風,名詞,1,0.3,nan,2026-10-01
白,軽率,名詞,1,0.3,nan,2026-10-01
白,とどまる,動詞,1,0.3,nan,2026-10-01
白,違法,名詞,1,0.3,nan,2026-10-01
白,提案,名詞,1,0.3,-0.29,2026-10-01
白,赦し,名詞,1,0.3,-0.09,2026-10-01
白,贖う,動詞,1,0.3,nan,2026-10-01
白,確立,名詞,1,0.3,nan,2026-10-01
白,交う,動詞,1,0.3,-0.09,2026-10-01
白,回収,名詞,1,0.3,-0.61,2026-10-01
白,対価,名詞,1,0.3,-1.37,2026-10-01
白,カーテン,名詞,1,0.3,nan,2026-10-01
白,糸車,名詞,1,0.3,nan,2026-10-01
白,ピクシー,名詞,1,0.3,nan,2026-10-01
白,紡ぐ,動詞,1,0.3,-0.96,2026-10-01
白,当惑,名詞,1,0.3,nan,2026-10-01
白,髪の毛,名詞,1,0.3,nan,2026-10-01
白,衣服,名詞,1,0.3,nan,2026-10-01
白,食える,動詞,1,0.3,-0.46,2026-10-01
白,襲撃,名詞,1,0.3,-2.35,2026-10-01
白,出入り,名詞,1,0.3,nan,2026-10-01
白,オルゾヴァ,名詞,1,0.3,nan,2026-10-01
白,ガジー,名詞,1,0.3,nan,2026-10-01
白,ヴィトゥ,名詞,1,0.3,nan,2026-10-01
白,ささやく,動詞,1,0.3,-0.86,2026-10-01
白,預ける,動詞,1,0.3,nan,2026-10-01
白,一矢,名詞,1,0.3,nan,2026-10-01
白,るつぼ,名詞,1,0.3,nan,2026-10-01
白,おかしい,形容詞,1,0.3,-1.22,2026-10-01
白,切り口,名詞,1,0.3,nan,2026-10-01
白,タグ,名詞,1,0.3,nan,2026-10-01
白,ファイル,名詞,1,0.3,nan,2026-10-01
白,しのぎ,名詞,1,0.3,nan,2026-10-01
白,借り物,名詞,1,0.3,nan,2026-10-01
白,レジスタンス,名詞,1,0.3,nan,2026-10-01
白,跳び,名詞,1,0.3,nan,2026-10-01
白,固唾,名詞,1,0.3,nan,2026-10-01
白,テヨ,名詞,1,0.3,nan,2026-10-01
白,画策,名詞,1,0.3,nan,2026-10-01
白,敗因,名詞,1,0.3,nan,2026-10-01
白,高潮,名詞,1,0.3,nan,2026-10-01
白,打倒,名詞,1,0.3,nan,2026-10-01
白,公有,名詞,1,0.3,nan,2026-10-01
白,鞘,名詞,1,0.3,nan,2026-10-01
白,確執,名詞,1,0.3,nan,2026-10-01
白,施行,名詞,1,0.3,nan,2026-10-01
白,立像,名詞,1,0.3,nan,2026-10-01
白,銅,名詞,1,0.3,-0.29,2026-10-01
白,空戦,名詞,1,0.3,nan,2026-10-01
白,激突,名詞,1,0.3,nan,2026-10-01
白,波,名詞,1,0.3,-2.44,2026-10-01
白,憂鬱,名詞,1,0.3,nan,2026-10-01
白,冠毛,名詞,1,0.3,nan,2026-10-01
白,中空,名詞,1,0.3,nan,2026-10-01
白,寝坊,名詞,1,0.3,nan,2026-10-01
白,まぁ,副詞,1,0.3,nan,2026-10-01
白,懲罰,名詞,1,0.3,nan,2026-10-01
白,経緯,名詞,1,0.3,nan,2026-10-01
白,大望,名詞,1,0.3,nan,2026-10-01
白,がた,名詞,1,0.3,nan,2026-10-01
白,賭け,名詞,1,0.3,-0.46,2026-10-01
白,ニヤリ,副詞,1,0.3,nan,2026-10-01
白,誘い,名詞,1,0.3,nan,2026-10-01
白,ひとしきり,副詞,1,0.3,nan,2026-10-01
白,お嬢,名詞,1,0.3,nan,2026-10-01
白,ベッド,名詞,1,0.3,-0.29,2026-10-01
白,彷徨う,動詞,1,0.3,-0.46,2026-10-01
白,原動,名詞,1,0.3,-0.09,2026-10-01
白,早し,形容詞,1,0.3,nan,2026-10-01
白,遅し,形容詞,1,0.3,nan,2026-10-01
白,ハウス,名詞,1,0.3,nan,2026-10-01
白,のたまう,動詞,1,0.3,nan,2026-10-01
白,遭遇,名詞,1,0.3,-0.74,2026-10-01
白,干渉,名詞,1,0.3,nan,2026-10-01
白,灯る,動詞,1,0.3,nan,2026-10-01
白,布告,名詞,1,0.3,-0.09,2026-10-01
白,列,名詞,1,0.3,nan,2026-10-01
白,鎧姿,名詞,1,0.3,nan,2026-10-01
白,転ずる,動詞,1,0.3,nan,2026-10-01
白,尊ぶ,動詞,1,0.3,nan,2026-10-01
白,傑出,名詞,1,0.3,nan,2026-10-01
白,音律,名詞,1,0.3,nan,2026-10-01
白,おぞましい,形容詞,1,0.3,-0.96,2026-10-01
白,一丸,名詞,1,0.3,nan,2026-10-01
白,鬨の声,名詞,1,0.3,nan,2026-10-01
白,ダクソス,名詞,1,0.3,nan,2026-10-01
白,ピュリアス,名詞,1,0.3,nan,2026-10-01
白,運び手,名詞,1,0.3,nan,2026-10-01
白,近付く,動詞,1,0.3,-0.09,2026-10-01
白,執着,名詞,1,0.3,-0.09,2026-10-01
白,称賛,名詞,1,0.3,-0.29,2026-10-01
白,アギオス,名詞,1,0.3,nan,2026-10-01
白,穂,名詞,1,0.3,nan,2026-10-01
白,口付ける,動詞,1,0.3,nan,2026-10-01
白,滋養,名詞,1,0.3,-0.61,2026-10-01
白,浴する,動詞,1,0.3,nan,2026-10-01
白,ケタフォス,名詞,1,0.3,nan,2026-10-01
白,果実,名詞,1,0.3,-0.46,2026-10-01
白,カラフィ,名詞,1,0.3,-0.09,2026-10-01
白,執政,名詞,1,0.3,nan,2026-10-01
白,ミリンテス,名詞,1,0.3,nan,2026-10-01
白,サヴァイ,名詞,1,0.3,nan,2026-10-01
白,紛れる,動詞,1,0.3,-0.46,2026-10-01
白,明け方,名詞,1,0.3,nan,2026-10-01
白,道はた,名詞,1,0.3,nan,2026-10-01
白,一切れ,名詞,1,0.3,nan,2026-10-01
白,ダックス,名詞,1,0.3,nan,2026-10-01
白,スナップ,名詞,1,0.3,nan,2026-10-01
白,破れる,動詞,1,0.3,-0.74,2026-10-01
白,ラバブリンク,名詞,1,0.3,nan,2026-10-01
白,すごい,形容詞,1,0.3,-1.22,2026-10-01
白,すわり,名詞,1,0.3,nan,2026-10-01
白,減る,動詞,1,0.3,-0.74,2026-10-01
白,密猟,名詞,1,0.3,nan,2026-10-01
白,海岸,名詞,1,0.3,-0.74,2026-10-01
白,火山,名詞,1,0.3,-1.77,2026-10-01
白,ラウグリン,名詞,1,0.3,nan,2026-10-01
白,胸壁,名詞,1,0.3,nan,2026-10-01
白,シーサー,名詞,1,0.3,nan,2026-10-01
白,サーバル,名詞,1,0.3,nan,2026-10-01
白,ネスロイ,名詞,1,0.3,nan,2026-10-01
白,オーン,名詞,1,0.3,nan,2026-10-01
白,日中,名詞,1,0.3,nan,2026-10-01
白,夕食,名詞,1,0.3,-1.06,2026-10-01
白,駄目,名詞,1,0.3,-0.86,2026-10-01
白,弱る,動詞,1,0.3,-0.29,2026-10-01
白,射撃,名詞,1,0.3,-0.29,2026-10-01
白,増やす,動詞,1,0.3,-0.74,2026-10-01
白,繁盛,名詞,1,0.3,nan,2026-10-01
白,眷者,名詞,1,0.3,nan,2026-10-01
白,エルーダ,名詞,1,0.3,nan,2026-10-01
白,音速,名詞,1,0.3,nan,2026-10-01
白,クードロ,名詞,1,0.3,nan,2026-10-01
白,敷く,動詞,1,0.3,nan,2026-10-01
白,厳戒,名詞,1,0.3,nan,2026-10-01
白,体制,名詞,1,0.3,-0.46,2026-10-01
白,見なす,動詞,1,0.3,nan,2026-10-01
白,セイル,名詞,1,0.3,nan,2026-10-01
白,置き去り,名詞,1,0.3,nan,2026-10-01
白,スカイ,名詞,1,0.3,-0.96,2026-10-01
白,船員,名詞,1,0.3,-0.96,2026-10-01
白,柵,名詞,1,0.3,nan,2026-10-01
白,御許,名詞,1,0.3,nan,2026-10-01
白,遊び,名詞,1,0.3,-1.06,2026-10-01
白,勢い,名詞,1,0.3,-0.74,2026-10-01
白,口調,名詞,1,0.3,nan,2026-10-01
白,時節,名詞,1,0.3,nan,2026-10-01
白,渾身,名詞,1,0.3,nan,2026-10-01
白,痛快,名詞,1,0.3,nan,2026-10-01
白,蹴り,名詞,1,0.3,nan,2026-10-01
白,普遍,名詞,1,0.3,nan,2026-10-01
白,技巧,名詞,1,0.3,nan,2026-10-01
白,迷惑,名詞,1,0.3,nan,2026-10-01
白,城主,名詞,1,0.3,nan,2026-10-01
白,一杯,名詞,1,0.3,-0.74,2026-10-01
白,めまい,名詞,1,0.3,nan,2026-10-01
白,交じる,動詞,1,0.3,-0.09,2026-10-01
白,跪く,動詞,1,0.3,-0.29,2026-10-01
白,資材,名詞,1,0.3,nan,2026-10-01
白,貯める,動詞,1,0.3,nan,2026-10-01
白,浮き彫り,名詞,1,0.3,nan,2026-10-01
白,継承,名詞,1,0.3,-0.46,2026-10-01
白,ウチ,名詞,1,0.3,nan,2026-10-01
白,ヤギ,名詞,1,0.3,-0.46,2026-10-01
白,アーク,名詞,1,0.3,nan,2026-10-01
白,所属,名詞,1,0.3,nan,2026-10-01
白,比喩,名詞,1,0.3,-0.09,2026-10-01
白,満腹,名詞,1,0.3,nan,2026-10-01
白,親友,名詞,1,0.3,-0.09,2026-10-01
白,オトモガルク,名詞,1,0.3,nan,2026-10-01
白,アップ,名詞,1,0.3,nan,2026-10-01
白,ウォーミング,名詞,1,0.3,nan,2026-10-01
白,負担,名詞,1,0.3,nan,2026-10-01
白,曇りなし,形容詞,1,0.3,nan,2026-10-01
白,静けし,形容詞,1,0.3,nan,2026-10-01
白,許,名詞,1,0.3,nan,2026-10-01
白,完了,名詞,1,0.3,nan,2026-10-01
白,五体,名詞,1,0.3,nan,2026-10-01
白,乗り心地,名詞,1,0.3,nan,2026-10-01
白,余り,副詞,1,0.3,nan,2026-10-01
白,血気,名詞,1,0.3,nan,2026-10-01
白,補う,動詞,1,0.3,-0.46,2026-10-01
白,荒っぽい,形容詞,1,0.3,nan,2026-10-01
白,皮袋,名詞,1,0.3,nan,2026-10-01
白,跳べる,動詞,1,0.3,nan,2026-10-01
白,ぐらつく,動詞,1,0.3,nan,2026-10-01
白,助,名詞,1,0.3,nan,2026-10-01
白,前提,名詞,1,0.3,nan,2026-10-01
白,髄,名詞,1,0.3,nan,2026-10-01
白,多勢,名詞,1,0.3,nan,2026-10-01
白,縛り,名詞,1,0.3,nan,2026-10-01
白,灯台,名詞,1,0.3,nan,2026-10-01
白,冷気,名詞,1,0.3,nan,2026-10-01
白,塩気,名詞,1,0.3,nan,2026-10-01
白,防げる,動詞,1,0.3,nan,2026-10-01
白,各自,名詞,1,0.3,nan,2026-10-01
白,要,名詞,1,0.3,nan,2026-10-01
白,削れる,動詞,1,0.3,nan,2026-10-01
白,ドンドン,副詞,1,0.3,nan,2026-10-01
白,谷,名詞,1,0.3,-1.14,2026-10-01
白,致命,名詞,1,0.3,-1.44,2026-10-01
白,抑制,名詞,1,0.3,-0.46,2026-10-01
白,地鳴り,名詞,1,0.3,nan,2026-10-01
白,つかまる,動詞,1,0.3,nan,2026-10-01
白,受け手,名詞,1,0.3,nan,2026-10-01
白,残れる,動詞,1,0.3,-0.74,2026-10-01
白,染みる,動詞,1,0.3,-0.86,2026-10-01
白,最早,副詞,1,0.3,nan,2026-10-01
白,テント,名詞,1,0.3,nan,2026-10-01
白,タジーム,名詞,1,0.3,-1.3,2026-10-01
白,契機,名詞,1,0.3,nan,2026-10-01
白,スカイクレイブ,名詞,1,0.3,-0.09,2026-10-01
白,はためく,動詞,1,0.3,-0.29,2026-10-01
白,発足,名詞,1,0.3,nan,2026-10-01
白,馴致,名詞,1,0.3,nan,2026-10-01
白,贈る,動詞,1,0.3,nan,2026-10-01
白,ヘレ,名詞,1,0.3,nan,2026-10-01
白,まつわる,動詞,1,0.3,-0.29,2026-10-01
白,末,名詞,1,0.3,-1.06,2026-10-01
白,規則,名詞,1,0.3,-0.96,2026-10-01
白,くず,名詞,1,0.3,nan,2026-10-01
白,霜,名詞,1,0.3,-1.14,2026-10-01
白,ブレタガルド,名詞,1,0.3,-0.09,2026-10-01
白,ハルヴァール,名詞,1,0.3,nan,2026-10-01
白,戦力,名詞,1,0.3,nan,2026-10-01
白,追悼,名詞,1,0.3,nan,2026-10-01
白,音響,名詞,1,0.3,nan,2026-10-01
白,呼び出し,名詞,1,0.3,nan,2026-10-01
白,怒声,名詞,1,0.3,nan,2026-10-01
白,爆音,名詞,1,0.3,nan,2026-10-01
白,旋回,名詞,1,0.3,nan,2026-10-01
白,通れる,動詞,1,0.3,-0.09,2026-10-01
白,モスラン,名詞,1,0.3,nan,2026-10-01
白,トロール,名詞,1,0.3,-1.9,2026-10-01
白,遅い,形容詞,1,0.3,-1.3,2026-10-01
白,酒,名詞,1,0.3,-0.29,2026-10-01
白,遠吠え,名詞,1,0.3,-0.86,2026-10-01
白,羨望,名詞,1,0.3,nan,2026-10-01
白,移る,動詞,1,0.3,-1.14,2026-10-01
白,イストフェル,名詞,1,0.3,nan,2026-10-01
白,語り部,名詞,1,0.3,nan,2026-10-01
白,スカルド,名詞,1,0.3,nan,2026-10-01
白,正統,名詞,1,0.3,nan,2026-10-01
白,タスケーリ,名詞,1,0.3,nan,2026-10-01
白,ベスキール,名詞,1,0.3,nan,2026-10-01
白,一枚,名詞,1,0.3,nan,2026-10-01
白,宴,名詞,1,0.3,-0.29,2026-10-01
白,精錬,名詞,1,0.3,-0.29,2026-10-01
白,促進,名詞,1,0.3,nan,2026-10-01
白,花火,名詞,1,0.3,nan,2026-10-01
白,さきほど,名詞,1,0.3,nan,2026-10-01
白,ひっくりかえす,動詞,1,0.3,nan,2026-10-01
白,先端,名詞,1,0.3,-0.09,2026-10-01
白,今週,名詞,1,0.3,nan,2026-10-01
白,一夜,名詞,1,0.3,-0.46,2026-10-01
白,昼寝,名詞,1,0.3,nan,2026-10-01
白,励む,動詞,1,0.3,nan,2026-10-01
白,戦型,名詞,1,0.3,nan,2026-10-01
白,ヨーヴァス,名詞,1,0.3,nan,2026-10-01
白,じい,名詞,1,0.3,nan,2026-10-01
白,ひいひい,副詞,1,0.3,nan,2026-10-01
白,卒業,名詞,1,0.3,nan,2026-10-01
白,やめる,動詞,1,0.3,-1.9,2026-10-01
白,学校,名詞,1,0.3,nan,2026-10-01
白,軍士,名詞,1,0.3,nan,2026-10-01
白,夢想,名詞,1,0.3,nan,2026-10-01
白,paulovitordamodarosa,名詞,1,0.3,nan,2026-10-01
白,ヴィター,名詞,1,0.3,nan,2026-10-01
白,ロサ,名詞,1,0.3,nan,2026-10-01
白,選手,名詞,1,0.3,nan,2026-10-01
白,王者,名詞,1,0.3,-0.61,2026-10-01
白,暮らす,動詞,1,0.3,-0.74,2026-10-01
白,親父,名詞,1,0.3,nan,2026-10-01
白,正,名詞,1,0.3,nan,2026-10-01
白,反対,名詞,1,0.3,-0.74,2026-10-01
白,いっぱい,名詞,1,0.3,-1.37,2026-10-01
白,私意,名詞,1,0.3,nan,2026-10-01
白,モラディン,名詞,1,0.3,nan,2026-10-01
白,都度,名詞,1,0.3,nan,2026-10-01
白,セリューン,名詞,1,0.3,nan,2026-10-01
白,ホワイト,名詞,1,0.3,nan,2026-10-01
白,惨殺,名詞,1,0.3,nan,2026-10-01
白,毎回,名詞,1,0.3,nan,2026-10-01
白,石筍,名詞,1,0.3,nan,2026-10-01
白,野原,名詞,1,0.3,nan,2026-10-01
白,なまくら,名詞,1,0.3,nan,2026-10-01
白,逸脱,名詞,1,0.3,nan,2026-10-01
白,友好,名詞,1,0.3,nan,2026-10-01
白,フランフ,名詞,1,0.3,nan,2026-10-01
白,ブリンク,名詞,1,0.3,nan,2026-10-01
白,ドッグ,名詞,1,0.3,nan,2026-10-01
白,弁当,名詞,1,0.3,nan,2026-10-01
白,パラディン,名詞,1,0.3,nan,2026-10-01
白,成果,名詞,1,0.3,-0.74,2026-10-01
白,幾多,名詞,1,0.3,-0.29,2026-10-01
白,神化,名詞,1,0.3,nan,2026-10-01
白,暗視,名詞,1,0.3,nan,2026-10-01
白,墜落,名詞,1,0.3,nan,2026-10-01
白,切れ味,名詞,1,0.3,nan,2026-10-01
白,まして,副詞,1,0.3,-0.29,2026-10-01
白,厭う,動詞,1,0.3,-0.46,2026-10-01
白,後回し,名詞,1,0.3,nan,2026-10-01
白,乱雑,名詞,1,0.3,nan,2026-10-01
白,簒奪,名詞,1,0.3,nan,2026-10-01
白,ズルゴ,名詞,1,0.3,-0.29,2026-10-01
白,仕向ける,動詞,1,0.3,-0.09,2026-10-01
白,密度,名詞,1,0.3,nan,2026-10-01
白,ミッドガル,名詞,1,0.3,nan,2026-10-01
白,クイーン,名詞,1,0.3,nan,2026-10-01
白,お出まし,名詞,1,0.3,nan,2026-10-01
白,皮肉,名詞,1,0.3,-0.96,2026-10-01
白,アーリン,名詞,1,0.3,-0.09,2026-10-01
白,滅す,動詞,1,0.3,nan,2026-10-01
白,もつれる,動詞,1,0.3,-0.29,2026-10-01
白,能事,名詞,1,0.3,nan,2026-10-01
白,尽力,名詞,1,0.3,nan,2026-10-01
白,拷問,名詞,1,0.3,-0.96,2026-10-01
白,ストリーク,名詞,1,0.3,nan,2026-10-01
白,道連れ,名詞,1,0.3,nan,2026-10-01
白,どうせ,副詞,1,0.3,-0.09,2026-10-01
白,ハム,名詞,1,0.3,nan,2026-10-01
白,察する,動詞,1,0.3,nan,2026-10-01
白,策略,名詞,1,0.3,-0.29,2026-10-01
白,祖父,名詞,1,0.3,nan,2026-10-01
白,妹,名詞,1,0.3,nan,2026-10-01
白,履く,動詞,1,0.3,nan,2026-10-01
白,違える,動詞,1,0.3,nan,2026-10-01
白,殺伐,名詞,1,0.3,nan,2026-10-01
白,ベリット,名詞,1,0.3,nan,2026-10-01
白,天職,名詞,1,0.3,nan,2026-10-01
白,かかと,名詞,1,0.3,nan,2026-10-01
白,腰,名詞,1,0.3,nan,2026-10-01
白,ごめん,名詞,1,0.3,-0.46,2026-10-01
白,完遂,名詞,1,0.3,nan,2026-10-01
白,ヴォルダーレン,名詞,1,0.3,-1.3,2026-10-01
白,苦手,名詞,1,0.3,nan,2026-10-01
白,結論,名詞,1,0.3,-0.61,2026-10-01
白,保安,名詞,1,0.3,nan,2026-10-01
白,参列,名詞,1,0.3,nan,2026-10-01
白,結婚,名詞,1,0.3,-1.22,2026-10-01
白,見世物,名詞,1,0.3,nan,2026-10-01
白,贅,名詞,1,0.3,-0.09,2026-10-01
白,全焼,名詞,1,0.3,nan,2026-10-01
白,反抗,名詞,1,0.3,-0.29,2026-10-01
白,非力,名詞,1,0.3,nan,2026-10-01
白,式典,名詞,1,0.3,nan,2026-10-01
白,嘲る,動詞,1,0.3,-0.46,2026-10-01
白,真似事,名詞,1,0.3,nan,2026-10-01
白,膨らます,動詞,1,0.3,-0.29,2026-10-01
白,行事,名詞,1,0.3,nan,2026-10-01
白,脱線,名詞,1,0.3,nan,2026-10-01
白,一刻,名詞,1,0.3,nan,2026-10-01
白,油断,名詞,1,0.3,-0.46,2026-10-01
白,最果て,名詞,1,0.3,nan,2026-10-01
白,封筒,名詞,1,0.3,nan,2026-10-01
白,確証,名詞,1,0.3,nan,2026-10-01
白,鷺,名詞,1,0.3,-0.09,2026-10-01
白,拝める,動詞,1,0.3,nan,2026-10-01
白,託す,動詞,1,0.3,nan,2026-10-01
白,ねがい,名詞,1,0.3,nan,2026-10-01
白,幼馴染,名詞,1,0.3,nan,2026-10-01
白,幼い,形容詞,1,0.3,-0.29,2026-10-01
白,親しい,形容詞,1,0.3,-0.09,2026-10-01
白,習わし,名詞,1,0.3,nan,2026-10-01
白,魁渡,名詞,1,0.3,-0.61,2026-10-01
白,余儀,名詞,1,0.3,nan,2026-10-01
白,不死身,名詞,1,0.3,nan,2026-10-01
白,長居,名詞,1,0.3,nan,2026-10-01
白,軽,名詞,1,0.3,nan,2026-10-01
白,灯,名詞,1,0.3,-0.96,2026-10-01
白,思慮,名詞,1,0.3,nan,2026-10-01
白,任命,名詞,1,0.3,nan,2026-10-01
白,新鋭,名詞,1,0.3,nan,2026-10-01
白,失礼,名詞,1,0.3,-0.46,2026-10-01
白,開眼,名詞,1,0.3,nan,2026-10-01
白,清める,動詞,1,0.3,-0.29,2026-10-01
白,学院,名詞,1,0.3,-0.61,2026-10-01
白,主宰,名詞,1,0.3,nan,2026-10-01
白,悪あがき,名詞,1,0.3,nan,2026-10-01
白,見苦しい,形容詞,1,0.3,nan,2026-10-01
白,量産,名詞,1,0.3,nan,2026-10-01
白,先見,名詞,1,0.3,nan,2026-10-01
白,明,名詞,1,0.3,nan,2026-10-01
白,根気,名詞,1,0.3,nan,2026-10-01
白,皇宮,名詞,1,0.3,nan,2026-10-01
白,供える,動詞,1,0.3,nan,2026-10-01
白,小物,名詞,1,0.3,-0.46,2026-10-01
白,面白い,形容詞,1,0.3,-1.5,2026-10-01
白,珍味,名詞,1,0.3,-0.09,2026-10-01
白,既に,副詞,1,0.3,-0.29,2026-10-01
白,刹那,名詞,1,0.3,-0.09,2026-10-01
白,一閃,名詞,1,0.3,nan,2026-10-01
白,ギタクシアス,名詞,1,0.3,-1.3,2026-10-01
白,法務,名詞,1,0.3,-0.74,2026-10-01
白,茶目,名詞,1,0.3,nan,2026-10-01
白,魅知,名詞,1,0.3,nan,2026-10-01
白,終止,名詞,1,0.3,nan,2026-10-01
白,梁,名詞,1,0.3,nan,2026-10-01
白,メッツィオ,名詞,1,0.3,nan,2026-10-01
白,解析,名詞,1,0.3,nan,2026-10-01
白,図面,名詞,1,0.3,nan,2026-10-01
白,騒々しい,形容詞,1,0.3,nan,2026-10-01
白,忽然,副詞,1,0.3,nan,2026-10-01
白,牛耳る,動詞,1,0.3,nan,2026-10-01
白,返し,名詞,1,0.3,-0.46,2026-10-01
白,発生,名詞,1,0.3,-0.09,2026-10-01
白,少女,名詞,1,0.3,nan,2026-10-01
白,悩み,名詞,1,0.3,nan,2026-10-01
白,全快,名詞,1,0.3,nan,2026-10-01
白,活力,名詞,1,0.3,-1.72,2026-10-01
白,速報,名詞,1,0.3,nan,2026-10-01
白,逃走,名詞,1,0.3,nan,2026-10-01
白,遺体,名詞,1,0.3,-1.14,2026-10-01
白,ザンダー,名詞,1,0.3,nan,2026-10-01
白,可,名詞,1,0.3,nan,2026-10-01
白,同伴,名詞,1,0.3,nan,2026-10-01
白,ニクシリス,名詞,1,0.3,-0.86,2026-10-01
白,オブ,名詞,1,0.3,-0.96,2026-10-01
白,ジアーダ,名詞,1,0.3,nan,2026-10-01
白,危難,名詞,1,0.3,nan,2026-10-01
白,幸い,名詞,1,0.3,-0.09,2026-10-01
白,勧誘,名詞,1,0.3,nan,2026-10-01
白,相対,名詞,1,0.3,-0.61,2026-10-01
白,立場,名詞,1,0.3,nan,2026-10-01
白,鑑みる,動詞,1,0.3,nan,2026-10-01
白,公式,名詞,1,0.3,nan,2026-10-01
白,飼い主,名詞,1,0.3,nan,2026-10-01
白,愉快,名詞,1,0.3,-1.06,2026-10-01
白,かかわる,動詞,1,0.3,-1.22,2026-10-01
白,こぐ,動詞,1,0.3,nan,2026-10-01
白,マイキー,名詞,1,0.3,nan,2026-10-01
白,グレゴーリオ,名詞,1,0.3,nan,2026-10-01
白,異名,名詞,1,0.3,nan,2026-10-01
白,成立,名詞,1,0.3,nan,2026-10-01
白,野次,名詞,1,0.3,nan,2026-10-01
白,闘術,名詞,1,0.3,nan,2026-10-01
白,末裔,名詞,1,0.3,nan,2026-10-01
白,ぞろい,名詞,1,0.3,nan,2026-10-01
白,鋭利,名詞,1,0.3,nan,2026-10-01
白,身内,名詞,1,0.3,nan,2026-10-01
白,フレイアリーズ,名詞,1,0.3,-0.74,2026-10-01
白,改造,名詞,1,0.3,nan,2026-10-01
白,弾薬,名詞,1,0.3,nan,2026-10-01
白,節約,名詞,1,0.3,nan,2026-10-01
白,発射,名詞,1,0.3,-0.09,2026-10-01
白,ジョイラ,名詞,1,0.3,-0.46,2026-10-01
白,シヴ,名詞,1,0.3,-1.3,2026-10-01
白,玉,名詞,1,0.3,nan,2026-10-01
白,捕捉,名詞,1,0.3,nan,2026-10-01
白,収容,名詞,1,0.3,nan,2026-10-01
白,恥ず,動詞,1,0.3,nan,2026-10-01
白,放置,名詞,1,0.3,-0.46,2026-10-01
白,ケルド,名詞,1,0.3,-1.37,2026-10-01
白,被覆,名詞,1,0.3,nan,2026-10-01
白,散兵,名詞,1,0.3,nan,2026-10-01
白,鉄屑,名詞,1,0.3,nan,2026-10-01
白,カス,名詞,1,0.3,nan,2026-10-01
白,討伐,名詞,1,0.3,nan,2026-10-01
白,ムルタニ,名詞,1,0.3,nan,2026-10-01
白,工夫,名詞,1,0.3,-0.09,2026-10-01
白,創意,名詞,1,0.3,-0.29,2026-10-01
白,仕掛け,名詞,1,0.3,nan,2026-10-01
白,カーン,名詞,1,0.3,-1.06,2026-10-01
白,堅い,形容詞,1,0.3,nan,2026-10-01
白,左,名詞,1,0.3,nan,2026-10-01
白,穢す,動詞,1,0.3,-0.74,2026-10-01
白,大男,名詞,1,0.3,nan,2026-10-01
白,やはり,副詞,1,0.3,-0.46,2026-10-01
白,スピラ,名詞,1,0.3,nan,2026-10-01
白,安っぽい,形容詞,1,0.3,nan,2026-10-01
白,殴る,動詞,1,0.3,-1.37,2026-10-01
白,麗し,形容詞,1,0.3,nan,2026-10-01
白,行なう,動詞,1,0.3,nan,2026-10-01
白,傍ら,名詞,1,0.3,-0.29,2026-10-01
白,反映,名詞,1,0.3,nan,2026-10-01
白,たるむ,動詞,1,0.3,nan,2026-10-01
白,進撃,名詞,1,0.3,nan,2026-10-01
白,促す,動詞,1,0.3,nan,2026-10-01
白,難,名詞,1,0.3,nan,2026-10-01
白,フェルドン,名詞,1,0.3,nan,2026-10-01
白,斯く,副詞,1,0.3,nan,2026-10-01
白,触る,動詞,1,0.3,-0.86,2026-10-01
白,唸り音,名詞,1,0.3,nan,2026-10-01
白,愚行,名詞,1,0.3,nan,2026-10-01
白,リスト,名詞,1,0.3,-0.09,2026-10-01
白,友人,名詞,1,0.3,-0.96,2026-10-01
白,生産,名詞,1,0.3,nan,2026-10-01
白,増強,名詞,1,0.3,nan,2026-10-01
白,クレーター,名詞,1,0.3,nan,2026-10-01
白,もっぱら,副詞,1,0.3,nan,2026-10-01
白,死傷,名詞,1,0.3,nan,2026-10-01
白,あばた,名詞,1,0.3,nan,2026-10-01
白,パターン,名詞,1,0.3,nan,2026-10-01
白,予測,名詞,1,0.3,-1.77,2026-10-01
白,高名,名詞,1,0.3,nan,2026-10-01
白,トカシア,名詞,1,0.3,nan,2026-10-01
白,関わる,動詞,1,0.3,-0.96,2026-10-01
白,ヨーティア,名詞,1,0.3,nan,2026-10-01
白,共振,名詞,1,0.3,nan,2026-10-01
白,捕虜,名詞,1,0.3,nan,2026-10-01
白,戦時,名詞,1,0.3,nan,2026-10-01
白,交換,名詞,1,0.3,-0.46,2026-10-01
白,躯体,名詞,1,0.3,nan,2026-10-01
白,象牙,名詞,1,0.3,nan,2026-10-01
白,果てし,名詞,1,0.3,-0.29,2026-10-01
白,クルーグ,名詞,1,0.3,nan,2026-10-01
白,揺るぎ,名詞,1,0.3,nan,2026-10-01
白,刮目,名詞,1,0.3,nan,2026-10-01
白,逆鱗,名詞,1,0.3,nan,2026-10-01
白,畏れる,動詞,1,0.3,nan,2026-10-01
白,歯牙,名詞,1,0.3,nan,2026-10-01
白,コレクション,名詞,1,0.3,-0.46,2026-10-01
白,空き,名詞,1,0.3,nan,2026-10-01
白,受け入れ,名詞,1,0.3,nan,2026-10-01
白,葬る,動詞,1,0.3,-0.09,2026-10-01
白,賛美,名詞,1,0.3,nan,2026-10-01
白,たてる,動詞,1,0.3,-0.46,2026-10-01
白,ぞわっ,副詞,1,0.3,nan,2026-10-01
白,弾く,動詞,1,0.3,nan,2026-10-01
白,交代,名詞,1,0.3,nan,2026-10-01
白,ダニ,名詞,1,0.3,nan,2026-10-01
白,聴ける,動詞,1,0.3,nan,2026-10-01
白,眩しい,形容詞,1,0.3,nan,2026-10-01
白,さながら,副詞,1,0.3,nan,2026-10-01
白,ダイヤモンド,名詞,1,0.3,nan,2026-10-01
白,ピトニック,名詞,1,0.3,nan,2026-10-01
白,犀,名詞,1,0.3,nan,2026-10-01
白,使役,名詞,1,0.3,nan,2026-10-01
白,ベレノン,名詞,1,0.3,nan,2026-10-01
白,親衛,名詞,1,0.3,nan,2026-10-01
白,引導,名詞,1,0.3,nan,2026-10-01
白,ヨーグモス,名詞,1,0.3,-0.29,2026-10-01
白,ノート,名詞,1,0.3,nan,2026-10-01
白,洗う,動詞,1,0.3,-0.86,2026-10-01
白,管,名詞,1,0.3,nan,2026-10-01
白,楽器,名詞,1,0.3,nan,2026-10-01
白,フルート,名詞,1,0.3,nan,2026-10-01
白,分断,名詞,1,0.3,-0.09,2026-10-01
白,アラーラ,名詞,1,0.3,nan,2026-10-01
白,晴らす,動詞,1,0.3,nan,2026-10-01
白,あさましい,形容詞,1,0.3,nan,2026-10-01
白,烽火,名詞,1,0.3,nan,2026-10-01
白,左手,名詞,1,0.3,nan,2026-10-01
白,右手,名詞,1,0.3,nan,2026-10-01
白,対決,名詞,1,0.3,-0.46,2026-10-01
白,じわじわ,副詞,1,0.3,nan,2026-10-01
白,ジョハー,名詞,1,0.3,nan,2026-10-01
白,サヒーリ,名詞,1,0.3,nan,2026-10-01
白,まばゆい,形容詞,1,0.3,nan,2026-10-01
白,権化,名詞,1,0.3,nan,2026-10-01
白,子守,名詞,1,0.3,nan,2026-10-01
白,唄,名詞,1,0.3,-0.09,2026-10-01
白,キチキチ,副詞,1,0.3,nan,2026-10-01
白,ハハッ,名詞,1,0.3,nan,2026-10-01
白,ハズレ,名詞,1,0.3,nan,2026-10-01
白,イクサラン,名詞,1,0.3,-1.22,2026-10-01
白,出航,名詞,1,0.3,nan,2026-10-01
白,覇王,名詞,1,0.3,nan,2026-10-01
白,ケンリス,名詞,1,0.3,nan,2026-10-01
白,アッシュ,名詞,1,0.3,nan,2026-10-01
白,遠のく,動詞,1,0.3,nan,2026-10-01
白,会場,名詞,1,0.3,nan,2026-10-01
白,身長,名詞,1,0.3,-0.09,2026-10-01
白,いじめる,動詞,1,0.3,nan,2026-10-01
白,核心,名詞,1,0.3,-0.09,2026-10-01
白,家々,名詞,1,0.3,nan,2026-10-01
白,忙しない,形容詞,1,0.3,nan,2026-10-01
白,梟,名詞,1,0.3,nan,2026-10-01
白,クソネズミ,名詞,1,0.3,nan,2026-10-01
白,周辺,名詞,1,0.3,-1.06,2026-10-01
白,トナカイ,名詞,1,0.3,nan,2026-10-01
白,エンバレス,名詞,1,0.3,nan,2026-10-01
白,速力,名詞,1,0.3,nan,2026-10-01
白,ウィル,名詞,1,0.3,-0.46,2026-10-01
白,夢魔,名詞,1,0.3,nan,2026-10-01
白,温厚,名詞,1,0.3,nan,2026-10-01
白,祭事,名詞,1,0.3,nan,2026-10-01
白,衣装,名詞,1,0.3,-0.09,2026-10-01
白,かこつける,動詞,1,0.3,nan,2026-10-01
白,剝ぐ,動詞,1,0.3,nan,2026-10-01
白,着せる,動詞,1,0.3,nan,2026-10-01
白,ヴァリヤ,名詞,1,0.3,nan,2026-10-01
白,魔導,名詞,1,0.3,-1.06,2026-10-01
白,払拭,名詞,1,0.3,nan,2026-10-01
白,凍傷,名詞,1,0.3,nan,2026-10-01
白,よろける,動詞,1,0.3,nan,2026-10-01
白,潜り,名詞,1,0.3,nan,2026-10-01
白,凍結,名詞,1,0.3,nan,2026-10-01
白,王宮,名詞,1,0.3,nan,2026-10-01
白,飾り,名詞,1,0.3,-0.74,2026-10-01
白,護符,名詞,1,0.3,nan,2026-10-01
白,異変,名詞,1,0.3,nan,2026-10-01
白,さえずり,名詞,1,0.3,nan,2026-10-01
白,到底,副詞,1,0.3,nan,2026-10-01
白,ゴドリック,名詞,1,0.3,nan,2026-10-01
白,デルヴァーホウ,名詞,1,0.3,nan,2026-10-01
白,餐会,名詞,1,0.3,nan,2026-10-01
白,正体,名詞,1,0.3,-0.46,2026-10-01
白,本意,名詞,1,0.3,nan,2026-10-01
白,徴税,名詞,1,0.3,nan,2026-10-01
白,ダンバロウ,名詞,1,0.3,nan,2026-10-01
白,魔,名詞,1,0.3,-1.14,2026-10-01
白,極寒,名詞,1,0.3,-0.09,2026-10-01
白,念,名詞,1,0.3,-1.14,2026-10-01
白,昏睡,名詞,1,0.3,nan,2026-10-01
白,ずる,動詞,1,0.3,-1.37,2026-10-01
白,クズ,名詞,1,0.3,nan,2026-10-01
白,デザート,名詞,1,0.3,nan,2026-10-01
白,茨,名詞,1,0.3,-0.86,2026-10-01
白,予言,名詞,1,0.3,-0.74,2026-10-01
白,アカルい,形容詞,1,0.3,nan,2026-10-01
白,離れ離れ,名詞,1,0.3,nan,2026-10-01
白,長し,形容詞,1,0.3,nan,2026-10-01
白,パカル,名詞,1,0.3,nan,2026-10-01
白,士官,名詞,1,0.3,nan,2026-10-01
白,アニム,名詞,1,0.3,nan,2026-10-01
白,焼き立て,名詞,1,0.3,nan,2026-10-01
白,刺青,名詞,1,0.3,nan,2026-10-01
白,実体,名詞,1,0.3,-0.29,2026-10-01
白,コズミューム,名詞,1,0.3,nan,2026-10-01
白,不出,名詞,1,0.3,nan,2026-10-01
白,門外,名詞,1,0.3,nan,2026-10-01
白,マイコイド,名詞,1,0.3,-0.74,2026-10-01
白,字体,名詞,1,0.3,nan,2026-10-01
白,入団,名詞,1,0.3,nan,2026-10-01
白,誇る,動詞,1,0.3,-0.61,2026-10-01
白,蝙蝠,名詞,1,0.3,nan,2026-10-01
白,お出かけ,名詞,1,0.3,nan,2026-10-01
白,オヘル,名詞,1,0.3,-0.29,2026-10-01
白,封印,名詞,1,0.3,nan,2026-10-01
白,寸分,名詞,1,0.3,nan,2026-10-01
白,狂い,名詞,1,0.3,nan,2026-10-01
白,動作,名詞,1,0.3,-0.09,2026-10-01
白,よどむ,動詞,1,0.3,nan,2026-10-01
白,知略,名詞,1,0.3,nan,2026-10-01
白,ウェイタ,名詞,1,0.3,nan,2026-10-01
白,アジジ,名詞,1,0.3,nan,2026-10-01
白,伸べる,動詞,1,0.3,nan,2026-10-01
白,腹持ち,名詞,1,0.3,nan,2026-10-01
白,トウモロコシ,名詞,1,0.3,nan,2026-10-01
白,炭酸,名詞,1,0.3,nan,2026-10-01
白,出来たて,名詞,1,0.3,nan,2026-10-01
白,任す,動詞,1,0.3,nan,2026-10-01
白,綴る,動詞,1,0.3,nan,2026-10-01
白,紐解く,動詞,1,0.3,nan,2026-10-01
白,むき出し,名詞,1,0.3,-0.46,2026-10-01
白,精密,名詞,1,0.3,nan,2026-10-01
白,アブエロ,名詞,1,0.3,nan,2026-10-01
白,残響,名詞,1,0.3,-1.22,2026-10-01
白,ポンチョ,名詞,1,0.3,nan,2026-10-01
白,冷たし,形容詞,1,0.3,nan,2026-10-01
白,見せしめ,名詞,1,0.3,nan,2026-10-01
白,イツミン,名詞,1,0.3,nan,2026-10-01
白,早々,名詞,1,0.3,nan,2026-10-01
白,飲ます,動詞,1,0.3,nan,2026-10-01
白,導,名詞,1,0.3,-0.09,2026-10-01
白,良し,名詞,1,0.3,-0.29,2026-10-01
白,旅路,名詞,1,0.3,-0.61,2026-10-01
白,御子,名詞,1,0.3,nan,2026-10-01
白,アクロゾズ,名詞,1,0.3,-0.46,2026-10-01
白,遣わす,動詞,1,0.3,nan,2026-10-01
白,踏まえる,動詞,1,0.3,nan,2026-10-01
白,アグルス,名詞,1,0.3,nan,2026-10-01
白,偽,名詞,1,0.3,nan,2026-10-01
白,捗る,動詞,1,0.3,nan,2026-10-01
白,自衛,名詞,1,0.3,nan,2026-10-01
白,寄越す,動詞,1,0.3,nan,2026-10-01
白,のめす,動詞,1,0.3,-0.86,2026-10-01
白,歩き,名詞,1,0.3,-0.29,2026-10-01
白,運営,名詞,1,0.3,nan,2026-10-01
白,幹部,名詞,1,0.3,nan,2026-10-01
白,正直,名詞,1,0.3,-0.29,2026-10-01
白,潔白,名詞,1,0.3,-0.09,2026-10-01
白,社訓,名詞,1,0.3,nan,2026-10-01
白,近隣,名詞,1,0.3,nan,2026-10-01
白,延ばす,動詞,1,0.3,nan,2026-10-01
白,部屋,名詞,1,0.3,-1.22,2026-10-01
白,黒幕,名詞,1,0.3,nan,2026-10-01
白,落ちぶれる,動詞,1,0.3,nan,2026-10-01
白,ねえ,名詞,1,0.3,nan,2026-10-01
白,色々,副詞,1,0.3,nan,2026-10-01
白,きな臭い,形容詞,1,0.3,nan,2026-10-01
白,寡黙,名詞,1,0.3,nan,2026-10-01
白,エトラータ,名詞,1,0.3,nan,2026-10-01
白,愛想,名詞,1,0.3,nan,2026-10-01
白,目当て,名詞,1,0.3,-0.09,2026-10-01
白,たかだか,副詞,1,0.3,nan,2026-10-01
白,後手,名詞,1,0.3,nan,2026-10-01
白,吐息,名詞,1,0.3,nan,2026-10-01
白,スプリーム,名詞,1,0.3,nan,2026-10-01
白,インテリジェンス,名詞,1,0.3,nan,2026-10-01
白,人脈,名詞,1,0.3,nan,2026-10-01
白,請求,名詞,1,0.3,nan,2026-10-01
白,カリスマ,名詞,1,0.3,nan,2026-10-01
白,名乗る,動詞,1,0.3,-0.09,2026-10-01
白,当局,名詞,1,0.3,nan,2026-10-01
白,解決,名詞,1,0.3,-1.44,2026-10-01
白,閉館,名詞,1,0.3,nan,2026-10-01
白,待る,動詞,1,0.3,nan,2026-10-01
白,手掛ける,動詞,1,0.3,nan,2026-10-01
白,同僚,名詞,1,0.3,-0.09,2026-10-01
白,働ける,動詞,1,0.3,nan,2026-10-01
白,知人,名詞,1,0.3,nan,2026-10-01
白,おそらく,副詞,1,0.3,-0.29,2026-10-01
白,含める,動詞,1,0.3,nan,2026-10-01
白,パーティ,名詞,1,0.3,nan,2026-10-01
白,限定,名詞,1,0.3,nan,2026-10-01
白,カルロフ,名詞,1,0.3,nan,2026-10-01
白,たわごと,名詞,1,0.3,nan,2026-10-01
白,協議,名詞,1,0.3,nan,2026-10-01
白,高窓,名詞,1,0.3,nan,2026-10-01
白,細工,名詞,1,0.3,-0.86,2026-10-01
白,蠅,名詞,1,0.3,nan,2026-10-01
白,絡まる,動詞,1,0.3,-0.29,2026-10-01
白,姉妹,名詞,1,0.3,nan,2026-10-01
白,オーバ,名詞,1,0.3,nan,2026-10-01
白,強盗,名詞,1,0.3,-0.29,2026-10-01
白,カモ,名詞,1,0.3,nan,2026-10-01
白,近辺,名詞,1,0.3,nan,2026-10-01
白,運搬,名詞,1,0.3,nan,2026-10-01
白,酒場,名詞,1,0.3,-0.74,2026-10-01
白,常在,名詞,1,0.3,nan,2026-10-01
白,列車,名詞,1,0.3,-0.09,2026-10-01
白,策,名詞,1,0.3,-0.96,2026-10-01
白,砲弾,名詞,1,0.3,nan,2026-10-01
白,際する,動詞,1,0.3,nan,2026-10-01
白,アクル,名詞,1,0.3,nan,2026-10-01
白,燃やす,動詞,1,0.3,-2.13,2026-10-01
白,捕まえる,動詞,1,0.3,-1.94,2026-10-01
白,だらり,副詞,1,0.3,nan,2026-10-01
白,豚,名詞,1,0.3,-0.46,2026-10-01
白,断言,名詞,1,0.3,-0.09,2026-10-01
白,やり直し,名詞,1,0.3,nan,2026-10-01
白,釘,名詞,1,0.3,-0.29,2026-10-01
白,放てる,動詞,1,0.3,nan,2026-10-01
白,引き綱,名詞,1,0.3,nan,2026-10-01
白,及ぼす,動詞,1,0.3,nan,2026-10-01
白,スクラル,名詞,1,0.3,nan,2026-10-01
白,ベリー,名詞,1,0.3,nan,2026-10-01
白,グロウ,名詞,1,0.3,nan,2026-10-01
白,角度,名詞,1,0.3,nan,2026-10-01
白,ダガー,名詞,1,0.3,nan,2026-10-01
白,ハツカ,名詞,1,0.3,nan,2026-10-01
白,マツボックリ,名詞,1,0.3,nan,2026-10-01
白,隠し味,名詞,1,0.3,nan,2026-10-01
白,機動,名詞,1,0.3,nan,2026-10-01
白,バット,名詞,1,0.3,nan,2026-10-01
白,すくすく,副詞,1,0.3,nan,2026-10-01
白,ピクニック,名詞,1,0.3,nan,2026-10-01
白,頃合い,名詞,1,0.3,nan,2026-10-01
白,ぜひ,副詞,1,0.3,nan,2026-10-01
白,格好,名詞,1,0.3,nan,2026-10-01
白,たずねる,動詞,1,0.3,nan,2026-10-01
白,コウモリ,名詞,1,0.3,-0.96,2026-10-01
白,同族,名詞,1,0.3,-0.29,2026-10-01
白,慰める,動詞,1,0.3,nan,2026-10-01
白,肉球,名詞,1,0.3,nan,2026-10-01
白,携わる,動詞,1,0.3,nan,2026-10-01
白,栽培,名詞,1,0.3,nan,2026-10-01
白,目眩,名詞,1,0.3,nan,2026-10-01
白,ラビット,名詞,1,0.3,nan,2026-10-01
白,さらう,動詞,1,0.3,nan,2026-10-01
白,根菜,名詞,1,0.3,nan,2026-10-01
白,テレビ,名詞,1,0.3,nan,2026-10-01
白,ナシ,名詞,1,0.3,nan,2026-10-01
白,木人,名詞,1,0.3,nan,2026-10-01
白,ひねる,動詞,1,0.3,nan,2026-10-01
白,赤子,名詞,1,0.3,nan,2026-10-01
白,ニコ,名詞,1,0.3,nan,2026-10-01
白,手術,名詞,1,0.3,nan,2026-10-01
白,ちびっこ,名詞,1,0.3,nan,2026-10-01
白,キャンプ,名詞,1,0.3,nan,2026-10-01
白,破ける,動詞,1,0.3,nan,2026-10-01
白,はぐれる,動詞,1,0.3,nan,2026-10-01
白,錯,名詞,1,0.3,nan,2026-10-01
白,読取,名詞,1,0.3,nan,2026-10-01
白,グリブル,名詞,1,0.3,nan,2026-10-01
白,甲斐甲斐しい,形容詞,1,0.3,nan,2026-10-01
白,あそぶ,動詞,1,0.3,nan,2026-10-01
白,肺,名詞,1,0.3,-0.74,2026-10-01
白,不明,名詞,1,0.3,-1.06,2026-10-01
白,表皮,名詞,1,0.3,nan,2026-10-01
白,滲む,動詞,1,0.3,nan,2026-10-01
白,嘲笑う,動詞,1,0.3,-0.29,2026-10-01
白,ヴァルガヴォス,名詞,1,0.3,-0.96,2026-10-01
白,発す,動詞,1,0.3,nan,2026-10-01
白,根付く,動詞,1,0.3,nan,2026-10-01
白,わける,動詞,1,0.3,nan,2026-10-01
白,音痴,名詞,1,0.3,nan,2026-10-01
白,クラウドスパイア,名詞,1,0.3,nan,2026-10-01
白,連携,名詞,1,0.3,nan,2026-10-01
白,雑用,名詞,1,0.3,nan,2026-10-01
白,ポンコツ,名詞,1,0.3,nan,2026-10-01
白,足留め,名詞,1,0.3,nan,2026-10-01
白,アヴィシュカー,名詞,1,0.3,-0.09,2026-10-01
白,言祝ぐ,動詞,1,0.3,nan,2026-10-01
白,オッズ,名詞,1,0.3,nan,2026-10-01
白,大方,名詞,1,0.3,nan,2026-10-01
白,ダレッティ,名詞,1,0.3,nan,2026-10-01
白,驚愕,名詞,1,0.3,-0.61,2026-10-01
白,照明,名詞,1,0.3,nan,2026-10-01
白,攻め,名詞,1,0.3,nan,2026-10-01
白,姿勢,名詞,1,0.3,nan,2026-10-01
白,マヌケ,名詞,1,0.3,nan,2026-10-01
白,グランプリ,名詞,1,0.3,nan,2026-10-01
白,レポーター,名詞,1,0.3,nan,2026-10-01
白,シャッター,名詞,1,0.3,nan,2026-10-01
白,毎秒,名詞,1,0.3,nan,2026-10-01
白,毎分,名詞,1,0.3,nan,2026-10-01
白,サメ,名詞,1,0.3,-0.09,2026-10-01
白,宣言,名詞,1,0.3,nan,2026-10-01
白,依存,名詞,1,0.3,nan,2026-10-01
白,ネットワーク,名詞,1,0.3,nan,2026-10-01
白,スタッフ,名詞,1,0.3,nan,2026-10-01
白,ヘルプ,名詞,1,0.3,nan,2026-10-01
白,事故,名詞,1,0.3,-0.86,2026-10-01
白,エンド,名詞,1,0.3,-0.09,2026-10-01
白,ライダーズ,名詞,1,0.3,nan,2026-10-01
白,問い,名詞,1,0.3,-0.46,2026-10-01
白,めざす,動詞,1,0.3,nan,2026-10-01
白,払暁,名詞,1,0.3,nan,2026-10-01
白,行進,名詞,1,0.3,nan,2026-10-01
白,はたして,副詞,1,0.3,nan,2026-10-01
白,天上,名詞,1,0.3,nan,2026-10-01
白,先駆ける,動詞,1,0.3,nan,2026-10-01
白,スリル,名詞,1,0.3,-0.09,2026-10-01
白,潰える,動詞,1,0.3,nan,2026-10-01
白,アップグレード,名詞,1,0.3,nan,2026-10-01
白,ハードウェア,名詞,1,0.3,nan,2026-10-01
白,車両,名詞,1,0.3,nan,2026-10-01
白,戦法,名詞,1,0.3,-0.09,2026-10-01
白,アラクリアン,名詞,1,0.3,nan,2026-10-01
白,ビースト,名詞,1,0.3,nan,2026-10-01
白,クイック,名詞,1,0.3,nan,2026-10-01
白,食性,名詞,1,0.3,nan,2026-10-01
白,破魔,名詞,1,0.3,nan,2026-10-01
白,ジタン,名詞,1,0.3,nan,2026-10-01
白,預かる,動詞,1,0.3,nan,2026-10-01
白,レター,名詞,1,0.3,nan,2026-10-01
白,上出来,名詞,1,0.3,nan,2026-10-01
白,モーグリ,名詞,1,0.3,nan,2026-10-01
白,断つ,動詞,1,0.3,-1.22,2026-10-01
白,のびる,動詞,1,0.3,nan,2026-10-01
白,白魔,名詞,1,0.3,nan,2026-10-01
白,決断,名詞,1,0.3,nan,2026-10-01
白,クエ,名詞,1,0.3,nan,2026-10-01
白,旅立つ,動詞,1,0.3,-0.09,2026-10-01
白,人造,名詞,1,0.3,nan,2026-10-01
白,タイプ,名詞,1,0.3,nan,2026-10-01
白,特化,名詞,1,0.3,-0.29,2026-10-01
白,主力,名詞,1,0.3,nan,2026-10-01
白,ニフルハイム,名詞,1,0.3,nan,2026-10-01
白,黙る,動詞,1,0.3,-1.22,2026-10-01
白,末代,名詞,1,0.3,nan,2026-10-01
白,別れる,動詞,1,0.3,nan,2026-10-01
白,専念,名詞,1,0.3,nan,2026-10-01
白,捌く,動詞,1,0.3,nan,2026-10-01
白,やっぱ,副詞,1,0.3,nan,2026-10-01
白,釣り,名詞,1,0.3,nan,2026-10-01
白,魚,名詞,1,0.3,-0.86,2026-10-01
白,おっしゃる,動詞,1,0.3,-0.09,2026-10-01
白,アルテマウェポン,名詞,1,0.3,nan,2026-10-01
白,威力,名詞,1,0.3,nan,2026-10-01
白,肉食,名詞,1,0.3,-0.09,2026-10-01
白,特徴,名詞,1,0.3,-0.09,2026-10-01
白,荷電,名詞,1,0.3,nan,2026-10-01
白,髭,名詞,1,0.3,nan,2026-10-01
白,エレメント,名詞,1,0.3,nan,2026-10-01
白,粒子,名詞,1,0.3,nan,2026-10-01
白,高圧,名詞,1,0.3,nan,2026-10-01
白,大気,名詞,1,0.3,-0.74,2026-10-01
白,合言葉,名詞,1,0.3,nan,2026-10-01
白,ラリホー,名詞,1,0.3,nan,2026-10-01
白,ハイポーション,名詞,1,0.3,nan,2026-10-01
白,エーテル,名詞,1,0.3,-0.86,2026-10-01
白,ギル,名詞,1,0.3,nan,2026-10-01
白,フェニックス,名詞,1,0.3,nan,2026-10-01
白,セット,名詞,1,0.3,nan,2026-10-01
白,悪者,名詞,1,0.3,nan,2026-10-01
白,プレゼント,名詞,1,0.3,nan,2026-10-01
白,暴れる,動詞,1,0.3,-1.44,2026-10-01
白,よーく,副詞,1,0.3,nan,2026-10-01
白,反省,名詞,1,0.3,nan,2026-10-01
白,タスク,名詞,1,0.3,nan,2026-10-01
白,ランチ,名詞,1,0.3,nan,2026-10-01
白,パック,名詞,1,0.3,nan,2026-10-01
白,セーブル,名詞,1,0.3,nan,2026-10-01
白,全粒,名詞,1,0.3,nan,2026-10-01
白,パンケーキ,名詞,1,0.3,nan,2026-10-01
白,朝食,名詞,1,0.3,nan,2026-10-01
白,フラッシュ,名詞,1,0.3,nan,2026-10-01
白,バース,名詞,1,0.3,nan,2026-10-01
白,マルチ,名詞,1,0.3,nan,2026-10-01
白,瀕する,動詞,1,0.3,nan,2026-10-01
白,戦局,名詞,1,0.3,nan,2026-10-01
白,逆転,名詞,1,0.3,nan,2026-10-01
白,払える,動詞,1,0.3,nan,2026-10-01
白,パーカー,名詞,1,0.3,nan,2026-10-01
白,今月,名詞,1,0.3,nan,2026-10-01
白,表現,名詞,1,0.3,-0.86,2026-10-01
白,蔓,名詞,1,0.3,-0.61,2026-10-01
白,ウケる,動詞,1,0.3,nan,2026-10-01
白,ブーメラン,名詞,1,0.3,nan,2026-10-01
白,損傷,名詞,1,0.3,nan,2026-10-01
白,なだめる,動詞,1,0.3,-0.09,2026-10-01
白,恒例,名詞,1,0.3,nan,2026-10-01
白,旧い,形容詞,1,0.3,nan,2026-10-01
白,白蓮,名詞,1,0.3,nan,2026-10-01
白,初手,名詞,1,0.3,nan,2026-10-01
白,今時,名詞,1,0.3,nan,2026-10-01
白,生粋,名詞,1,0.3,nan,2026-10-01
白,まっとう,副詞,1,0.3,nan,2026-10-01
白,欲求,名詞,1,0.3,-0.61,2026-10-01
白,おもしろい,形容詞,1,0.3,nan,2026-10-01
白,前世,名詞,1,0.3,nan,2026-10-01
白,大,名詞,1,0.3,-0.29,2026-10-01
白,ウサギルー,名詞,1,0.3,nan,2026-10-01
白,じゃが,名詞,1,0.3,nan,2026-10-01
白,典型,名詞,1,0.3,nan,2026-10-01
白,入り江,名詞,1,0.3,nan,2026-10-01
白,ヤアヤア,名詞,1,0.3,nan,2026-10-01
白,スピード,名詞,1,0.3,-0.61,2026-10-01
白,グライダー,名詞,1,0.3,nan,2026-10-01
白,気流,名詞,1,0.3,-0.09,2026-10-01
白,鬼ごっこ,名詞,1,0.3,nan,2026-10-01
白,ダチョウウマ,名詞,1,0.3,nan,2026-10-01
白,トリブタ,名詞,1,0.3,nan,2026-10-01
白,ウシブタ,名詞,1,0.3,nan,2026-10-01
白,シカブタ,名詞,1,0.3,nan,2026-10-01
白,供す,動詞,1,0.3,nan,2026-10-01
白,食肉,名詞,1,0.3,nan,2026-10-01
白,お守り,名詞,1,0.3,nan,2026-10-01
白,絡める,動詞,1,0.3,-0.74,2026-10-01
白,よそもの,名詞,1,0.3,nan,2026-10-01
白,イシルー,名詞,1,0.3,nan,2026-10-01
白,号泣,名詞,1,0.3,nan,2026-10-01
白,拡がる,動詞,1,0.3,nan,2026-10-01
白,黄色い,形容詞,1,0.3,nan,2026-10-01
白,変哲,名詞,1,0.3,nan,2026-10-01
白,果たして,副詞,1,0.3,nan,2026-10-01
白,シャベル,名詞,1,0.3,nan,2026-10-01
白,祓う,動詞,1,0.3,nan,2026-10-01
白,互助,名詞,1,0.3,nan,2026-10-01
白,うろちょろ,副詞,1,0.3,nan,2026-10-01
白,あたり,名詞,1,0.3,-0.74,2026-10-01
白,凝る,動詞,1,0.3,nan,2026-10-01
白,蝕,名詞,1,0.3,nan,2026-10-01
白,せめぐ,動詞,1,0.3,nan,2026-10-01
白,期間,名詞,1,0.3,-0.09,2026-10-01
白,なおさら,副詞,1,0.3,-0.46,2026-10-01
白,ひとりぼっち,名詞,1,0.3,nan,2026-10-01
白,トロフィー,名詞,1,0.3,nan,2026-10-01
白,段々,名詞,1,0.3,nan,2026-10-01
白,祭,名詞,1,0.3,nan,2026-10-01
白,ダンドゥーリン,名詞,1,0.3,nan,2026-10-01
白,演奏,名詞,1,0.3,nan,2026-10-01
白,一座,名詞,1,0.3,nan,2026-10-01
白,ハーモニー,名詞,1,0.3,nan,2026-10-01
白,出会い,名詞,1,0.3,nan,2026-10-01
白,運任せ,名詞,1,0.3,nan,2026-10-01
白,つぼみ,名詞,1,0.3,nan,2026-10-01
白,まこと,名詞,1,0.3,nan,2026-10-01
白,豪胆,名詞,1,0.3,nan,2026-10-01
白,苛む,動詞,1,0.3,-0.09,2026-10-01
白,関わり,名詞,1,0.3,nan,2026-10-01
白,ひそひそ,副詞,1,0.3,nan,2026-10-01
白,妄想,名詞,1,0.3,-0.29,2026-10-01
白,左右,名詞,1,0.3,nan,2026-10-01
白,ガラクタ,名詞,1,0.3,-0.74,2026-10-01
白,ゴミ,名詞,1,0.3,-1.06,2026-10-01
白,薄まる,動詞,1,0.3,nan,2026-10-01
白,温める,動詞,1,0.3,nan,2026-10-01
白,お祭り騒ぎ,名詞,1,0.3,nan,2026-10-01
白,ペパロニ,名詞,1,0.3,nan,2026-10-01
白,ユートロム,名詞,1,0.3,nan,2026-10-01
白,大差,名詞,1,0.3,nan,2026-10-01
白,トリケラトン,名詞,1,0.3,nan,2026-10-01
白,ヤッホー,名詞,1,0.3,nan,2026-10-01
白,先生,名詞,1,0.3,nan,2026-10-01
白,スプリンター,名詞,1,0.3,nan,2026-10-01
白,貧しい,形容詞,1,0.3,nan,2026-10-01
白,タートルズ,名詞,1,0.3,nan,2026-10-01
白,貧困,名詞,1,0.3,nan,2026-10-01
白,ヤツ,名詞,1,0.3,-1.22,2026-10-01
白,御免,名詞,1,0.3,nan,2026-10-01
白,共和,名詞,1,0.3,nan,2026-10-01
白,寄せ集め,名詞,1,0.3,nan,2026-10-01
白,厄介,名詞,1,0.3,-1.56,2026-10-01
白,とおり,名詞,1,0.3,-0.61,2026-10-01
白,かまう,動詞,1,0.3,-0.09,2026-10-01
白,墨,名詞,1,0.3,nan,2026-10-01
白,陣,名詞,1,0.3,nan,2026-10-01
白,クイル,名詞,1,0.3,-0.29,2026-10-01
白,茶々,名詞,1,0.3,nan,2026-10-01
白,肩代わり,名詞,1,0.3,nan,2026-10-01
白,作文,名詞,1,0.3,nan,2026-10-01
白,見晴らし,名詞,1,0.3,nan,2026-10-01
白,気兼ね,名詞,1,0.3,nan,2026-10-01
白,ひとしお,副詞,1,0.3,nan,2026-10-01
白,実践,名詞,1,0.3,-0.61,2026-10-01
白,オスギル,名詞,1,0.3,nan,2026-10-01
白,見分け,名詞,1,0.3,-0.09,2026-10-01
白,手懐ける,動詞,1,0.3,nan,2026-10-01
白,シャレル,名詞,1,0.3,nan,2026-10-01
白,エズミ,名詞,1,0.3,nan,2026-10-01
白,カンニング,名詞,1,0.3,nan,2026-10-01
白,キャンパス,名詞,1,0.3,nan,2026-10-01
白,発つ,動詞,1,0.3,nan,2026-10-01
白,脅し,名詞,1,0.3,-0.29,2026-10-01
白,ラクダ,名詞,1,0.3,nan,2026-10-01
白,エクスタス,名詞,1,0.3,-0.09,2026-10-01
白,ヴィシュ,名詞,1,0.3,nan,2026-10-01
白,調停,名詞,1,0.3,nan,2026-10-01
白,欠如,名詞,1,0.3,nan,2026-10-01
白,ゼドルー,名詞,1,0.3,nan,2026-10-01
白,カーリア,名詞,1,0.3,nan,2026-10-01
白,タリエル,名詞,1,0.3,nan,2026-10-01
白,際限,名詞,1,0.3,nan,2026-10-01
白,造反,名詞,1,0.3,nan,2026-10-01
白,戦技,名詞,1,0.3,nan,2026-10-01
白,本望,名詞,1,0.3,nan,2026-10-01
白,古今,名詞,1,0.3,nan,2026-10-01
白,盛徳,名詞,1,0.3,nan,2026-10-01
白,全う,副詞,1,0.3,nan,2026-10-01
白,粛清,名詞,1,0.3,nan,2026-10-01
白,セータ,名詞,1,0.3,nan,2026-10-01
白,流星,名詞,1,0.3,nan,2026-10-01
白,イマリア,名詞,1,0.3,nan,2026-10-01
白,ティースウィーク,名詞,1,0.3,nan,2026-10-01
白,救世,名詞,1,0.3,nan,2026-10-01
白,水浸し,名詞,1,0.3,nan,2026-10-01
白,殺到,名詞,1,0.3,nan,2026-10-01
白,タンブルワグ,名詞,1,0.3,nan,2026-10-01
白,南部,名詞,1,0.3,nan,2026-10-01
白,街道,名詞,1,0.3,nan,2026-10-01
白,保てる,動詞,1,0.3,nan,2026-10-01
白,ヒーロフ,名詞,1,0.3,nan,2026-10-01
白,イナゴ,名詞,1,0.3,nan,2026-10-01
白,駆逐,名詞,1,0.3,nan,2026-10-01
白,活きる,動詞,1,0.3,nan,2026-10-01
白,浅瀬,名詞,1,0.3,-0.46,2026-10-01
白,組,名詞,1,0.3,-0.96,2026-10-01
白,班,名詞,1,0.3,nan,2026-10-01
白,収拾,名詞,1,0.3,nan,2026-10-01
白,通行,名詞,1,0.3,-0.61,2026-10-01
白,長官,名詞,1,0.3,nan,2026-10-01
白,面会,名詞,1,0.3,nan,2026-10-01
白,今生,名詞,1,0.3,nan,2026-10-01
白,騒乱,名詞,1,0.3,-0.46,2026-10-01
白,後生,名詞,1,0.3,nan,2026-10-01
白,叶う,動詞,1,0.3,-1.06,2026-10-01
白,作り手,名詞,1,0.3,nan,2026-10-01
白,遺る,動詞,1,0.3,nan,2026-10-01
白,年嵩,名詞,1,0.3,nan,2026-10-01
白,卓越,名詞,1,0.3,nan,2026-10-01
白,返済,名詞,1,0.3,nan,2026-10-01
白,謝罪,名詞,1,0.3,nan,2026-10-01
白,兵長,名詞,1,0.3,nan,2026-10-01
白,新入り,名詞,1,0.3,nan,2026-10-01
白,デスクロー,名詞,1,0.3,nan,2026-10-01
白,分隊,名詞,1,0.3,nan,2026-10-01
白,後追い,名詞,1,0.3,nan,2026-10-01
白,鼓舞,名詞,1,0.3,-0.29,2026-10-01
白,警官,名詞,1,0.3,nan,2026-10-01
白,グリーン,名詞,1,0.3,nan,2026-10-01
白,穂先,名詞,1,0.3,nan,2026-10-01
白,未遂,名詞,1,0.3,nan,2026-10-01
白,無駄話,名詞,1,0.3,nan,2026-10-01
白,回りくどい,形容詞,1,0.3,nan,2026-10-01
白,ヴィラン,名詞,1,0.3,nan,2026-10-01
白,ぜんぶ,名詞,1,0.3,nan,2026-10-01
白,フォー,名詞,1,0.3,nan,2026-10-01
白,散らかる,動詞,1,0.3,nan,2026-10-01
白,猛攻,名詞,1,0.3,nan,2026-10-01
白,鍛造,名詞,1,0.3,nan,2026-10-01
白,馴染める,動詞,1,0.3,nan,2026-10-01
白,祭り,名詞,1,0.3,-0.09,2026-10-01
白,光線,名詞,1,0.3,nan,2026-10-01
白,斬,名詞,1,0.3,nan,2026-10-01
白,鬼,名詞,1,0.3,-1.81,2026-10-01
白,激情,名詞,1,0.3,-0.46,2026-10-01
白,木材,名詞,1,0.3,nan,2026-10-01
白,撚糸,名詞,1,0.3,nan,2026-10-01
白,粘土,名詞,1,0.3,nan,2026-10-01
白,マナー,名詞,1,0.3,nan,2026-10-01
白,開館,名詞,1,0.3,nan,2026-10-01
白,図書,名詞,1,0.3,-0.86,2026-10-01
白,熊,名詞,1,0.3,-1.5,2026-10-01
白,ドリンク,名詞,1,0.3,nan,2026-10-01
白,ホルダー,名詞,1,0.3,nan,2026-10-01
白,喪う,動詞,1,0.3,nan,2026-10-01
白,羨む,動詞,1,0.3,nan,2026-10-01
白,某,名詞,1,0.3,nan,2026-10-01
白,萬,名詞,1,0.3,nan,2026-10-01
白,耳栓,名詞,1,0.3,nan,2026-10-01
白,遠し,形容詞,1,0.3,nan,2026-10-01
白,居所,名詞,1,0.3,nan,2026-10-01
白,忠犬,名詞,1,0.3,nan,2026-10-01
白,拍手,名詞,1,0.3,nan,2026-10-01
白,乱闘,名詞,1,0.3,nan,2026-10-01
白,喝采,名詞,1,0.3,nan,2026-10-01
白,ロビー,名詞,1,0.3,nan,2026-10-01
白,宣告,名詞,1,0.3,nan,2026-10-01
白,となえる,動詞,1,0.3,nan,2026-10-01
白,借り,名詞,1,0.3,nan,2026-10-01
白,裁判,名詞,1,0.3,-0.29,2026-10-01
白,スパイ,名詞,1,0.3,-0.61,2026-10-01
白,全域,名詞,1,0.3,-0.29,2026-10-01
白,覇権,名詞,1,0.3,nan,2026-10-01
白,プラエトール,名詞,1,0.3,nan,2026-10-01
白,近衛,名詞,1,0.3,nan,2026-10-01
白,聖務,名詞,1,0.3,nan,2026-10-01
白,ガード,名詞,1,0.3,nan,2026-10-01
白,上層,名詞,1,0.3,nan,2026-10-01
白,しつけ,名詞,1,0.3,nan,2026-10-01
白,ウルフ,名詞,1,0.3,nan,2026-10-01
白,儀礼,名詞,1,0.3,nan,2026-10-01
白,スカウト,名詞,1,0.3,nan,2026-10-01
白,米兵,名詞,1,0.3,nan,2026-10-01
白,マリーン,名詞,1,0.3,nan,2026-10-01
白,スペース,名詞,1,0.3,nan,2026-10-01
白,テラー,名詞,1,0.3,nan,2026-10-01
白,国土,名詞,1,0.3,nan,2026-10-01
白,公正,名詞,1,0.3,nan,2026-10-01
白,利己,名詞,1,0.3,nan,2026-10-01
白,差異,名詞,1,0.3,nan,2026-10-01
白,ウルダハ,名詞,1,0.3,nan,2026-10-01
白,幸福,名詞,1,0.3,nan,2026-10-01
白,がよう,動詞,1,0.3,nan,2026-10-01
白,妻,名詞,1,0.3,nan,2026-10-01
白,なぞかけ,名詞,1,0.3,nan,2026-10-01
白,無二,名詞,1,0.3,nan,2026-10-01
白,親方,名詞,1,0.3,nan,2026-10-01
白,野菜,名詞,1,0.3,nan,2026-10-01
白,近郷,名詞,1,0.3,nan,2026-10-01
白,じゃがいも,名詞,1,0.3,nan,2026-10-01
白,ハムファスト,名詞,1,0.3,nan,2026-10-01
白,自他,名詞,1,0.3,nan,2026-10-01
白,おやじ,名詞,1,0.3,nan,2026-10-01
白,庭仕事,名詞,1,0.3,nan,2026-10-01
白,常々,副詞,1,0.3,nan,2026-10-01
白,くも,名詞,1,0.3,nan,2026-10-01
白,ベレゴンド,名詞,1,0.3,nan,2026-10-01
白,とげる,動詞,1,0.3,nan,2026-10-01
白,大海,名詞,1,0.3,nan,2026-10-01
白,制服,名詞,1,0.3,nan,2026-10-01
白,牢,名詞,1,0.3,nan,2026-10-01
白,今さら,副詞,1,0.3,nan,2026-10-01
白,オネンイ,名詞,1,0.3,nan,2026-10-01
白,ヘビンエステルアニム,名詞,1,0.3,nan,2026-10-01
白,ウー,名詞,1,0.3,nan,2026-10-01
白,エステルエダイン,名詞,1,0.3,nan,2026-10-01
白,エッジ,名詞,1,0.3,nan,2026-10-01
白,剛毛,名詞,1,0.3,nan,2026-10-01
白,ぱらう,動詞,1,0.3,nan,2026-10-01
白,ウォール,名詞,1,0.3,nan,2026-10-01
白,ランプトン,名詞,1,0.3,nan,2026-10-01
白,原子,名詞,1,0.3,nan,2026-10-01
白,ダーレク,名詞,1,0.3,nan,2026-10-01
白,くっつける,動詞,1,0.3,nan,2026-10-01
白,導線,名詞,1,0.3,nan,2026-10-01
白,途端,名詞,1,0.3,nan,2026-10-01
白,パーピュギリアム,名詞,1,0.3,nan,2026-10-01
白,永劫,名詞,1,0.3,-0.46,2026-10-01
白,生け贄,名詞,1,0.3,-0.61,2026-10-01
白,調書,名詞,1,0.3,nan,2026-10-01
白,給料,名詞,1,0.3,nan,2026-10-01
白,よだつ,動詞,1,0.3,nan,2026-10-01
白,身の毛,名詞,1,0.3,nan,2026-10-01
白,ゲラルフ,名詞,1,0.3,-1.56,2026-10-01
白,悪事,名詞,1,0.3,-0.09,2026-10-01
白,猶予,名詞,1,0.3,nan,2026-10-01
白,借金,名詞,1,0.3,nan,2026-10-01
白,セキュリトロン,名詞,1,0.3,nan,2026-10-01
白,善意,名詞,1,0.3,nan,2026-10-01
白,手本,名詞,1,0.3,nan,2026-10-01
白,声明,名詞,1,0.3,nan,2026-10-01
白,権限,名詞,1,0.3,nan,2026-10-01
白,確定,名詞,1,0.3,nan,2026-10-01
白,教室,名詞,1,0.3,-0.09,2026-10-01
白,起爆,名詞,1,0.3,nan,2026-10-01
白,最小,名詞,1,0.3,nan,2026-10-01
白,用途,名詞,1,0.3,-0.29,2026-10-01
白,かぼちゃ,名詞,1,0.3,nan,2026-10-01
白,占い,名詞,1,0.3,nan,2026-10-01
白,遊ぶ,動詞,1,0.3,-1.3,2026-10-01
白,占い師,名詞,1,0.3,-0.46,2026-10-01
白,ケフネト,名詞,1,0.3,-1.14,2026-10-01
白,辺境,名詞,1,0.3,-0.29,2026-10-01
白,太古,名詞,1,0.3,-1.3,2026-10-01
白,夜通し,副詞,1,0.3,nan,2026-10-01
白,祖霊,名詞,1,0.3,nan,2026-10-01
白,猛々しい,形容詞,1,0.3,nan,2026-10-01
白,召集,名詞,1,0.3,nan,2026-10-01
白,粘り強い,形容詞,1,0.3,nan,2026-10-01
白,オアシス,名詞,1,0.3,nan,2026-10-01
白,カトロス,名詞,1,0.3,nan,2026-10-01
白,憧れ,名詞,1,0.3,nan,2026-10-01
白,宿す,動詞,1,0.3,-0.46,2026-10-01
白,悪戯心,名詞,1,0.3,nan,2026-10-01
白,年寄り,名詞,1,0.3,nan,2026-10-01
白,型,名詞,1,0.3,nan,2026-10-01
白,アリーシャ,名詞,1,0.3,-0.09,2026-10-01
白,失望,名詞,1,0.3,-0.46,2026-10-01
白,ヘルカイト,名詞,1,0.3,nan,2026-10-01
白,摩滅,名詞,1,0.3,nan,2026-10-01
白,腹立たしい,形容詞,1,0.3,nan,2026-10-01
白,打てる,動詞,1,0.3,nan,2026-10-01
白,弦,名詞,1,0.3,nan,2026-10-01
白,火花,名詞,1,0.3,-1.81,2026-10-01
白,散らす,動詞,1,0.3,-1.22,2026-10-01
白,各地,名詞,1,0.3,nan,2026-10-01
白,飛燕,名詞,1,0.3,nan,2026-10-01
白,ぶー,副詞,1,0.3,nan,2026-10-01
白,血族,名詞,1,0.3,-0.46,2026-10-01
白,呼,名詞,1,0.3,nan,2026-10-01
白,重力,名詞,1,0.3,-0.74,2026-10-01
白,熾火,名詞,1,0.3,nan,2026-10-01
白,ひらめき,名詞,1,0.3,-0.09,2026-10-01
白,エスケグ,名詞,1,0.3,nan,2026-10-01
白,濡らす,動詞,1,0.3,nan,2026-10-01
白,賛同,名詞,1,0.3,nan,2026-10-01
白,募る,動詞,1,0.3,nan,2026-10-01
白,ナーセット,名詞,1,0.3,-0.46,2026-10-01
白,選抜,名詞,1,0.3,nan,2026-10-01
白,振る舞い,名詞,1,0.3,nan,2026-10-01
白,志,名詞,1,0.3,nan,2026-10-01
白,散歩,名詞,1,0.3,nan,2026-10-01
白,ダルコヴァン,名詞,1,0.3,nan,2026-10-01
白,送り,名詞,1,0.3,nan,2026-10-01
白,異界,名詞,1,0.3,nan,2026-10-01
白,手柄,名詞,1,0.3,nan,2026-10-01
白,ムダ,名詞,1,0.3,nan,2026-10-01
白,まかす,動詞,1,0.3,nan,2026-10-01
白,天下,名詞,1,0.3,nan,2026-10-01
白,帰する,動詞,1,0.3,nan,2026-10-01
白,遺す,動詞,1,0.3,nan,2026-10-01
白,幕間,名詞,1,0.3,nan,2026-10-01
白,跨ぐ,動詞,1,0.3,nan,2026-10-01
白,条理,名詞,1,0.3,nan,2026-10-01
白,理屈,名詞,1,0.3,-0.29,2026-10-01
白,沈める,動詞,1,0.3,-0.74,2026-10-01
白,ウドゥン,名詞,1,0.3,nan,2026-10-01
白,動乱,名詞,1,0.3,nan,2026-10-01
白,ゴルゴロス,名詞,1,0.3,nan,2026-10-01
白,そびえる,動詞,1,0.3,-0.61,2026-10-01
白,王妃,名詞,1,0.3,nan,2026-10-01
白,アルウェン,名詞,1,0.3,nan,2026-10-01
白,噴水,名詞,1,0.3,nan,2026-10-01
白,夕日,名詞,1,0.3,nan,2026-10-01
白,憩,名詞,1,0.3,nan,2026-10-01
白,一同,名詞,1,0.3,nan,2026-10-01
白,エオウィン,名詞,1,0.3,nan,2026-10-01
白,憐み,名詞,1,0.3,nan,2026-10-01
白,デネソール,名詞,1,0.3,nan,2026-10-01
白,所望,名詞,1,0.3,nan,2026-10-01
白,笛,名詞,1,0.3,nan,2026-10-01
白,ウォーゼル,名詞,1,0.3,nan,2026-10-01
白,トミル,名詞,1,0.3,nan,2026-10-01
白,羽虫,名詞,1,0.3,nan,2026-10-01
白,ガルガンティカリ,名詞,1,0.3,nan,2026-10-01
白,樹立,名詞,1,0.3,nan,2026-10-01
白,頑強,名詞,1,0.3,-0.29,2026-10-01
白,初祖,名詞,1,0.3,nan,2026-10-01
白,けだもの,名詞,1,0.3,nan,2026-10-01
白,怖じ気,名詞,1,0.3,nan,2026-10-01
白,歩ける,動詞,1,0.3,nan,2026-10-01
白,寸前,名詞,1,0.3,nan,2026-10-01
白,山岳,名詞,1,0.3,nan,2026-10-01
白,離せる,動詞,1,0.3,nan,2026-10-01
白,移ろう,動詞,1,0.3,-0.29,2026-10-01
白,長柄,名詞,1,0.3,nan,2026-10-01
白,痩せる,動詞,1,0.3,-0.09,2026-10-01
白,絶命,名詞,1,0.3,nan,2026-10-01
白,寸断,名詞,1,0.3,nan,2026-10-01
白,スカール,名詞,1,0.3,nan,2026-10-01
白,自ずと,副詞,1,0.3,nan,2026-10-01
白,先触れ,名詞,1,0.3,nan,2026-10-01
白,ダッコン,名詞,1,0.3,nan,2026-10-01
白,名匠,名詞,1,0.3,nan,2026-10-01
白,夜番,名詞,1,0.3,nan,2026-10-01
白,疑わしい,形容詞,1,0.3,nan,2026-10-01
白,活動,名詞,1,0.3,-0.96,2026-10-01
白,あまり,副詞,1,0.3,-1.94,2026-10-01
白,ちらつく,動詞,1,0.3,-0.74,2026-10-01
白,組み立て,名詞,1,0.3,nan,2026-10-01
白,場面,名詞,1,0.3,-0.09,2026-10-01
白,ビーム,名詞,1,0.3,nan,2026-10-01
白,ダメージ,名詞,1,0.3,nan,2026-10-01
白,高まる,動詞,1,0.3,-0.29,2026-10-01
白,資料,名詞,1,0.3,nan,2026-10-01
白,インスピレーション,名詞,1,0.3,nan,2026-10-01
白,参考,名詞,1,0.3,nan,2026-10-01
白,立ち入り,名詞,1,0.3,nan,2026-10-01
白,ゴロゴロ,副詞,1,0.3,nan,2026-10-01
白,ブーン,副詞,1,0.3,nan,2026-10-01
白,良し悪し,名詞,1,0.3,nan,2026-10-01
白,長続き,名詞,1,0.3,nan,2026-10-01
白,潜伏,名詞,1,0.3,nan,2026-10-01
白,素材,名詞,1,0.3,-0.74,2026-10-01
白,ハルト,名詞,1,0.3,nan,2026-10-01
白,ステンシア,名詞,1,0.3,-0.96,2026-10-01
白,シルゲンガー,名詞,1,0.3,nan,2026-10-01
白,飢饉,名詞,1,0.3,nan,2026-10-01
白,グリン,名詞,1,0.3,nan,2026-10-01
白,集会,名詞,1,0.3,nan,2026-10-01
白,餓える,動詞,1,0.3,-0.09,2026-10-01
白,ドーン,名詞,1,0.3,nan,2026-10-01
白,ダヌー,名詞,1,0.3,nan,2026-10-01
白,水飛沫,名詞,1,0.3,nan,2026-10-01
白,きょとん,副詞,1,0.3,nan,2026-10-01
白,雲間,名詞,1,0.3,nan,2026-10-01
白,天候,名詞,1,0.3,nan,2026-10-01
白,族長,名詞,1,0.3,nan,2026-10-01
白,棲む,動詞,1,0.3,-0.46,2026-10-01
白,処,名詞,1,0.3,nan,2026-10-01
白,串刺し,名詞,1,0.3,nan,2026-10-01
白,接近,名詞,1,0.3,nan,2026-10-01
白,掟破り,名詞,1,0.3,nan,2026-10-01
白,逮捕,名詞,1,0.3,-0.09,2026-10-01
白,丸める,動詞,1,0.3,nan,2026-10-01
白,嵌る,動詞,1,0.3,nan,2026-10-01
白,ロヒアリム,名詞,1,0.3,nan,2026-10-01
白,遥々,副詞,1,0.3,nan,2026-10-01
白,真価,名詞,1,0.3,nan,2026-10-01
白,ドロゴ,名詞,1,0.3,nan,2026-10-01
白,旦那,名詞,1,0.3,nan,2026-10-01
白,円形,名詞,1,0.3,nan,2026-10-01
白,間際,名詞,1,0.3,nan,2026-10-01
白,懲らしめる,動詞,1,0.3,nan,2026-10-01
白,モルドール,名詞,1,0.3,-0.61,2026-10-01
白,遂に,副詞,1,0.3,nan,2026-10-01
白,対峙,名詞,1,0.3,-0.61,2026-10-01
白,黒門,名詞,1,0.3,nan,2026-10-01
白,漏れる,動詞,1,0.3,nan,2026-10-01
白,動ずる,動詞,1,0.3,nan,2026-10-01
白,鼻孔,名詞,1,0.3,nan,2026-10-01
白,荷運び,名詞,1,0.3,nan,2026-10-01
白,グワイヒア,名詞,1,0.3,nan,2026-10-01
白,送れる,動詞,1,0.3,nan,2026-10-01
白,運べる,動詞,1,0.3,nan,2026-10-01
白,叡智,名詞,1,0.3,-0.61,2026-10-01
白,イシルドゥア,名詞,1,0.3,nan,2026-10-01
白,ぱっ,副詞,1,0.3,nan,2026-10-01
白,大王,名詞,1,0.3,nan,2026-10-01
白,やや,副詞,1,0.3,nan,2026-10-01
白,コニアン,名詞,1,0.3,nan,2026-10-01
白,わけて,副詞,1,0.3,nan,2026-10-01
白,友だち,名詞,1,0.3,nan,2026-10-01
白,空かす,動詞,1,0.3,nan,2026-10-01
白,離れ,名詞,1,0.3,nan,2026-10-01
白,頂,名詞,1,0.3,-0.86,2026-10-01
白,切り傷,名詞,1,0.3,nan,2026-10-01
白,青あざ,名詞,1,0.3,nan,2026-10-01
白,登攀,名詞,1,0.3,nan,2026-10-01
白,沈,名詞,1,0.3,nan,2026-10-01
白,貧者,名詞,1,0.3,nan,2026-10-01
白,焦がれる,動詞,1,0.3,nan,2026-10-01
白,つんざく,動詞,1,0.3,nan,2026-10-01
白,呼集,名詞,1,0.3,nan,2026-10-01
白,怯える,動詞,1,0.3,-1.06,2026-10-01
白,パシン,副詞,1,0.3,nan,2026-10-01
白,轟き,名詞,1,0.3,nan,2026-10-01
白,まるごと,名詞,1,0.3,nan,2026-10-01
白,炸裂,名詞,1,0.3,nan,2026-10-01
白,シュッシュッ,副詞,1,0.3,nan,2026-10-01
白,閃く,動詞,1,0.3,nan,2026-10-01
白,凶器,名詞,1,0.3,nan,2026-10-01
白,ブリルベリ,名詞,1,0.3,nan,2026-10-01
白,後ずさる,動詞,1,0.3,nan,2026-10-01
白,帰り,名詞,1,0.3,nan,2026-10-01
白,奇蹟,名詞,1,0.3,nan,2026-10-01
白,色彩,名詞,1,0.3,nan,2026-10-01
白,さざ波,名詞,1,0.3,nan,2026-10-01
白,毎朝,名詞,1,0.3,nan,2026-10-01
白,途中,名詞,1,0.3,-0.61,2026-10-01
白,起こせる,動詞,1,0.3,nan,2026-10-01
白,アサシン,名詞,1,0.3,nan,2026-10-01
白,セヌ,名詞,1,0.3,nan,2026-10-01
白,アルティメットヌルファイアー,名詞,1,0.3,nan,2026-10-01
白,ギャラクタス,名詞,1,0.3,nan,2026-10-01
白,キレ,名詞,1,0.3,nan,2026-10-01
白,ファルコン,名詞,1,0.3,nan,2026-10-01
白,スパイダー,名詞,1,0.3,-0.09,2026-10-01
白,ガール,名詞,1,0.3,nan,2026-10-01
白,またがる,動詞,1,0.3,nan,2026-10-01
白,ヒマ,名詞,1,0.3,nan,2026-10-01
白,ジモ,名詞,1,0.3,nan,2026-10-01
白,変わり,名詞,1,0.3,-1.06,2026-10-01
白,ティ,名詞,1,0.3,nan,2026-10-01
白,にじむ,動詞,1,0.3,nan,2026-10-01
白,ウルトロン,名詞,1,0.3,nan,2026-10-01
白,戦地,名詞,1,0.3,nan,2026-10-01
白,転々,副詞,1,0.3,nan,2026-10-01
白,とにかく,副詞,1,0.3,-1.67,2026-10-01
白,スクラロス,名詞,1,0.3,nan,2026-10-01
白,便,名詞,1,0.3,nan,2026-10-01
白,終了,名詞,1,0.3,nan,2026-10-01
白,最速,名詞,1,0.3,nan,2026-10-01
白,王族,名詞,1,0.3,nan,2026-10-01
白,車,名詞,1,0.3,nan,2026-10-01
白,ズボン,名詞,1,0.3,nan,2026-10-01
白,持参,名詞,1,0.3,nan,2026-10-01
白,替え,名詞,1,0.3,nan,2026-10-01
白,無罪,名詞,1,0.3,nan,2026-10-01
白,いっそう,副詞,1,0.3,nan,2026-10-01
白,万歳,名詞,1,0.3,nan,2026-10-01
白,サーキ,名詞,1,0.3,nan,2026-10-01
白,ダミサ,名詞,1,0.3,nan,2026-10-01
白,ヤキモチ,名詞,1,0.3,nan,2026-10-01
白,やく,動詞,1,0.3,nan,2026-10-01
白,誤り,名詞,1,0.3,nan,2026-10-01
白,人離れ,名詞,1,0.3,nan,2026-10-01
白,マンドロイド,名詞,1,0.3,nan,2026-10-01
白,互角,名詞,1,0.3,nan,2026-10-01
白,ハーブ,名詞,1,0.3,nan,2026-10-01
白,ハート,名詞,1,0.3,nan,2026-10-01
白,コスプレ,名詞,1,0.3,nan,2026-10-01
白,冒せる,動詞,1,0.3,nan,2026-10-01
白,はやい,形容詞,1,0.3,nan,2026-10-01
白,洗脳,名詞,1,0.3,nan,2026-10-01
白,マシーン,名詞,1,0.3,nan,2026-10-01
白,一倍,副詞,1,0.3,nan,2026-10-01
白,ヒドラ,名詞,1,0.3,-0.09,2026-10-01
白,とれる,動詞,1,0.3,nan,2026-10-01
白,敵う,動詞,1,0.3,-0.46,2026-10-01
白,ユートピアンズ,名詞,1,0.3,nan,2026-10-01
白,興る,動詞,1,0.3,nan,2026-10-01
白,ムジョルニア,名詞,1,0.3,nan,2026-10-01
白,病院,名詞,1,0.3,nan,2026-10-01
白,次回,名詞,1,0.3,nan,2026-10-01
白,シーズン,名詞,1,0.3,nan,2026-10-01
白,恋路,名詞,1,0.3,nan,2026-10-01
白,翻弄,名詞,1,0.3,nan,2026-10-01
白,イエッサー,名詞,1,0.3,nan,2026-10-01
白,期待,名詞,1,0.3,-1.77,2026-10-01
白,応援,名詞,1,0.3,nan,2026-10-01
白,要する,動詞,1,0.3,-0.29,2026-10-01
白,省く,動詞,1,0.3,nan,2026-10-01
白,正す,動詞,1,0.3,nan,2026-10-01
白,父祖,名詞,1,0.3,nan,2026-10-01
白,待,名詞,1,0.3,nan,2026-10-01
白,座,名詞,1,0.3,-0.29,2026-10-01
白,改まる,動詞,1,0.3,nan,2026-10-01
白,パチパチ,副詞,1,0.3,nan,2026-10-01
白,眩む,動詞,1,0.3,nan,2026-10-01
白,ボフール,名詞,1,0.3,nan,2026-10-01
白,ボンブール,名詞,1,0.3,nan,2026-10-01
白,品物,名詞,1,0.3,nan,2026-10-01
白,聴く,動詞,1,0.3,-0.61,2026-10-01
白,華々しい,形容詞,1,0.3,nan,2026-10-01
白,いちばん,名詞,1,0.3,-0.09,2026-10-01
白,ソーリン,名詞,1,0.3,nan,2026-10-01
白,戦斧,名詞,1,0.3,nan,2026-10-01
白,ダーイン,名詞,1,0.3,nan,2026-10-01
白,つるはし,名詞,1,0.3,nan,2026-10-01
白,食べもの,名詞,1,0.3,nan,2026-10-01
白,担ぐ,動詞,1,0.3,nan,2026-10-01
白,じつ,名詞,1,0.3,nan,2026-10-01
白,富む,動詞,1,0.3,-0.29,2026-10-01
白,いくさ,名詞,1,0.3,nan,2026-10-01
白,ひょっと,副詞,1,0.3,nan,2026-10-01
白,帰れる,動詞,1,0.3,nan,2026-10-01
白,しとめる,動詞,1,0.3,nan,2026-10-01
白,さいご,名詞,1,0.3,nan,2026-10-01
白,いよいよ,副詞,1,0.3,nan,2026-10-01
白,憎む,動詞,1,0.3,nan,2026-10-01
白,さす,動詞,1,0.3,nan,2026-10-01
白,ゆうべ,名詞,1,0.3,nan,2026-10-01
白,半端,名詞,1,0.3,nan,2026-10-01
白,中途,名詞,1,0.3,nan,2026-10-01
白,物事,名詞,1,0.3,-1.3,2026-10-01
白,害獣,名詞,1,0.3,-1.22,2026-10-01
白,次々,副詞,1,0.3,-0.61,2026-10-01
白,マルチェッサ,名詞,1,0.3,-0.46,2026-10-01
白,競技,名詞,1,0.3,-1.22,2026-10-01
白,群衆,名詞,1,0.3,-1.06,2026-10-01
白,撹乱,名詞,1,0.3,nan,2026-10-01
白,燃えさし,名詞,1,0.3,-0.09,2026-10-01
白,レグナ,名詞,1,0.3,nan,2026-10-01
白,見せ場,名詞,1,0.3,nan,2026-10-01
白,帰宅,名詞,1,0.3,nan,2026-10-01
白,観客,名詞,1,0.3,-1.22,2026-10-01
白,大量,名詞,1,0.3,-0.86,2026-10-01
白,弾む,動詞,1,0.3,nan,2026-10-01
白,丁々,名詞,1,0.3,nan,2026-10-01
白,口論,名詞,1,0.3,nan,2026-10-01
白,発止,名詞,1,0.3,nan,2026-10-01
白,値切る,動詞,1,0.3,nan,2026-10-01
白,交渉,名詞,1,0.3,-1.44,2026-10-01
白,鎮まる,動詞,1,0.3,nan,2026-10-01
白,足取り,名詞,1,0.3,-0.09,2026-10-01
白,貫禄,名詞,1,0.3,nan,2026-10-01
白,次ぐ,動詞,1,0.3,nan,2026-10-01
白,眩い,形容詞,1,0.3,nan,2026-10-01
白,条,名詞,1,0.3,nan,2026-10-01
白,拭く,動詞,1,0.3,nan,2026-10-01
白,噛み跡,名詞,1,0.3,nan,2026-10-01
白,涎,名詞,1,0.3,nan,2026-10-01
白,自軍,名詞,1,0.3,nan,2026-10-01
白,ささやき,名詞,1,0.3,-0.09,2026-10-01
白,ほとばしる,動詞,1,0.3,nan,2026-10-01
白,羽毛,名詞,1,0.3,nan,2026-10-01
白,リンボ,名詞,1,0.3,nan,2026-10-01
白,ギスゼライ,名詞,1,0.3,nan,2026-10-01
白,サイオニック,名詞,1,0.3,nan,2026-10-01
白,効く,動詞,1,0.3,nan,2026-10-01
白,バルダーズ,名詞,1,0.3,nan,2026-10-01
白,フレイヤー,名詞,1,0.3,nan,2026-10-01
白,アストラル,名詞,1,0.3,nan,2026-10-01
白,銀糸,名詞,1,0.3,nan,2026-10-01
白,マインド,名詞,1,0.3,nan,2026-10-01
白,からがら,副詞,1,0.3,nan,2026-10-01
白,すくむ,動詞,1,0.3,nan,2026-10-01
白,散乱,名詞,1,0.3,nan,2026-10-01
白,エルタレル,名詞,1,0.3,nan,2026-10-01
白,こめる,動詞,1,0.3,-0.29,2026-10-01
白,内気,名詞,1,0.3,nan,2026-10-01
白,チェウィンガ,名詞,1,0.3,nan,2026-10-01
白,縮こまる,動詞,1,0.3,nan,2026-10-01
白,纏う,動詞,1,0.3,-0.74,2026-10-01
白,勢力,名詞,1,0.3,-1.37,2026-10-01
白,活用,名詞,1,0.3,-0.46,2026-10-01
白,撤去,名詞,1,0.3,nan,2026-10-01
白,デーモン,名詞,1,0.3,nan,2026-10-01
白,久遠,名詞,1,0.3,-0.29,2026-10-01
白,波及,名詞,1,0.3,nan,2026-10-01
白,言語,名詞,1,0.3,-0.46,2026-10-01
白,コミュニケーション,名詞,1,0.3,nan,2026-10-01
白,おやつ,名詞,1,0.3,-0.61,2026-10-01
白,ためらう,動詞,1,0.3,-0.61,2026-10-01
白,ホント,名詞,1,0.3,nan,2026-10-01
白,考案,名詞,1,0.3,-0.09,2026-10-01
白,自制,名詞,1,0.3,-0.09,2026-10-01
白,個々,名詞,1,0.3,nan,2026-10-01
白,同志,名詞,1,0.3,-0.46,2026-10-01
白,動力,名詞,1,0.3,nan,2026-10-01
白,戦艦,名詞,1,0.3,nan,2026-10-01
白,石炭,名詞,1,0.3,-0.09,2026-10-01
白,和尚,名詞,1,0.3,nan,2026-10-01
白,遊び場,名詞,1,0.3,nan,2026-10-01
白,櫓,名詞,1,0.3,nan,2026-10-01
白,恋人,名詞,1,0.3,nan,2026-10-01
白,ゴタゴタ,名詞,1,0.3,nan,2026-10-01
白,剣技,名詞,1,0.3,nan,2026-10-01
白,ヘン,名詞,1,0.3,nan,2026-10-01
白,女性,名詞,1,0.3,nan,2026-10-01
白,しょっちゅう,副詞,1,0.3,nan,2026-10-01
白,だいぶ,副詞,1,0.3,nan,2026-10-01
白,目障り,名詞,1,0.3,nan,2026-10-01
白,オオハシツノメドリ,名詞,1,0.3,nan,2026-10-01
白,ちがい,名詞,1,0.3,nan,2026-10-01
白,繁殖,名詞,1,0.3,-1.14,2026-10-01
白,紐,名詞,1,0.3,nan,2026-10-01
白,めぐる,動詞,1,0.3,-0.09,2026-10-01
白,あらわす,動詞,1,0.3,nan,2026-10-01
白,体内,名詞,1,0.3,-0.29,2026-10-01
白,ただただ,副詞,1,0.3,nan,2026-10-01
白,ペンギン,名詞,1,0.3,nan,2026-10-01
白,戯れる,動詞,1,0.3,nan,2026-10-01
白,滑る,動詞,1,0.3,-0.96,2026-10-01
白,闘士,名詞,1,0.3,nan,2026-10-01
白,ジェット,名詞,1,0.3,nan,2026-10-01
白,動機,名詞,1,0.3,-0.74,2026-10-01
白,ヒアリ,名詞,1,0.3,nan,2026-10-01
白,ナマケモノ,名詞,1,0.3,nan,2026-10-01
白,浸す,動詞,1,0.3,nan,2026-10-01
白,アッパ,名詞,1,0.3,nan,2026-10-01
白,ヒツジ,名詞,1,0.3,nan,2026-10-01
白,コアラ,名詞,1,0.3,nan,2026-10-01
白,バイソン,名詞,1,0.3,nan,2026-10-01
白,人員,名詞,1,0.3,nan,2026-10-01
白,予備,名詞,1,0.3,nan,2026-10-01
白,分析,名詞,1,0.3,nan,2026-10-01
白,後方,名詞,1,0.3,nan,2026-10-01
白,コールソン,名詞,1,0.3,nan,2026-10-01
白,大ごと,名詞,1,0.3,nan,2026-10-01
白,潜入,名詞,1,0.3,-0.46,2026-10-01
白,祖国,名詞,1,0.3,nan,2026-10-01
白,前回,名詞,1,0.3,nan,2026-10-01
白,脱獄,名詞,1,0.3,nan,2026-10-01
白,ほる,動詞,1,0.3,nan,2026-10-01
白,警察,名詞,1,0.3,nan,2026-10-01
白,電話,名詞,1,0.3,nan,2026-10-01
白,番号,名詞,1,0.3,nan,2026-10-01
白,素顔,名詞,1,0.3,nan,2026-10-01
白,ふり,名詞,1,0.3,-0.09,2026-10-01
白,実験,名詞,1,0.3,-2.47,2026-10-01
白,はじめ,名詞,1,0.3,-0.61,2026-10-01
白,まっぴら,副詞,1,0.3,nan,2026-10-01
白,ラフト,名詞,1,0.3,nan,2026-10-01
白,下りる,動詞,1,0.3,-0.29,2026-10-01
白,アクセス,名詞,1,0.3,nan,2026-10-01
白,見物,名詞,1,0.3,nan,2026-10-01
白,総員,名詞,1,0.3,nan,2026-10-01
白,剣術,名詞,1,0.3,nan,2026-10-01
白,いっちょ,名詞,1,0.3,nan,2026-10-01
白,サンドイッチ,名詞,1,0.3,nan,2026-10-01
白,まち,名詞,1,0.3,nan,2026-10-01
白,心強い,形容詞,1,0.3,nan,2026-10-01
白,助っ人,名詞,1,0.3,nan,2026-10-01
白,財団,名詞,1,0.3,nan,2026-10-01
白,エンジニア,名詞,1,0.3,nan,2026-10-01
白,開発,名詞,1,0.3,-0.96,2026-10-01
白,着想,名詞,1,0.3,-0.09,2026-10-01
白,閣下,名詞,1,0.3,nan,2026-10-01
白,ヴォイド,名詞,1,0.3,nan,2026-10-01
白,のす,動詞,1,0.3,nan,2026-10-01
白,ジャズィ,名詞,1,0.3,nan,2026-10-01
白,神託,名詞,1,0.3,-0.61,2026-10-01
白,怯む,動詞,1,0.3,nan,2026-10-01
白,接ぎ木,名詞,1,0.3,nan,2026-10-01
白,事足りる,動詞,1,0.3,nan,2026-10-01
白,部分,名詞,1,0.3,-1.81,2026-10-01
白,反発,名詞,1,0.3,nan,2026-10-01
白,封じる,動詞,1,0.3,nan,2026-10-01
白,姿形,名詞,1,0.3,nan,2026-10-01
白,適する,動詞,1,0.3,-0.09,2026-10-01
白,相貌,名詞,1,0.3,nan,2026-10-01
白,唸り声,名詞,1,0.3,-0.61,2026-10-01
白,開花,名詞,1,0.3,nan,2026-10-01
白,満つ,動詞,1,0.3,nan,2026-10-01
白,基準,名詞,1,0.3,nan,2026-10-01
白,繁茂,名詞,1,0.3,nan,2026-10-01
白,弧,名詞,1,0.3,nan,2026-10-01
白,囲む,動詞,1,0.3,-1.67,2026-10-01
白,きらめき,名詞,1,0.3,-0.09,2026-10-01
白,エラディア,名詞,1,0.3,nan,2026-10-01
白,スター,名詞,1,0.3,nan,2026-10-01
白,荒れ地,名詞,1,0.3,nan,2026-10-01
白,アーチ,名詞,1,0.3,nan,2026-10-01
白,時機,名詞,1,0.3,nan,2026-10-01
白,棍棒,名詞,1,0.3,-0.29,2026-10-01
白,ヒロイン,名詞,1,0.3,nan,2026-10-01
白,ホールド,名詞,1,0.3,nan,2026-10-01
白,徘徊,名詞,1,0.3,-1.06,2026-10-01
白,欠席,名詞,1,0.3,nan,2026-10-01
白,無断,名詞,1,0.3,nan,2026-10-01
白,ホール,名詞,1,0.3,nan,2026-10-01
白,誇張,名詞,1,0.3,nan,2026-10-01
白,分身,名詞,1,0.3,nan,2026-10-01
白,書記,名詞,1,0.3,nan,2026-10-01
白,内容,名詞,1,0.3,-0.29,2026-10-01
白,ヴィゴーブルーム,名詞,1,0.3,nan,2026-10-01
白,種蒔,名詞,1,0.3,nan,2026-10-01
白,こよなく,副詞,1,0.3,nan,2026-10-01
白,ヘクスヘイヴン,名詞,1,0.3,-0.46,2026-10-01
白,方程,名詞,1,0.3,-0.74,2026-10-01
白,滅茶苦茶,名詞,1,0.3,nan,2026-10-01
白,クアンドリクス,名詞,1,0.3,-0.29,2026-10-01
白,忠,名詞,1,0.3,nan,2026-10-01
白,今季,名詞,1,0.3,nan,2026-10-01
白,豊作,名詞,1,0.3,nan,2026-10-01
白,果,名詞,1,0.3,nan,2026-10-01
白,母さん,名詞,1,0.3,nan,2026-10-01
青,者,名詞,179,59.61,-2.19,2026-10-01
青,知る,動詞,109,36.3,3.13,2026-10-01
青,世界,名詞,100,33.3,2.66,2026-10-01
青,力,名詞,92,30.64,-0.39,2026-10-01
青,自分,名詞,89,29.64,0.46,2026-10-01
青,海,名詞,88,29.3,12.01,2026-10-01
青,思う,動詞,87,28.97,0.88,2026-10-01
青,手,名詞,76,25.31,0.57,2026-10-01
青,空,名詞,70,23.31,4.47,2026-10-01
青,目,名詞,69,22.98,1.69,2026-10-01
青,魔道,名詞,65,21.65,6.96,2026-10-01
青,持つ,動詞,65,21.65,-0.36,2026-10-01
青,必要,名詞,63,20.98,1.69,2026-10-01
青,知識,名詞,59,19.65,9.27,2026-10-01
青,時間,名詞,59,19.65,5.38,2026-10-01
青,秘密,名詞,59,19.65,7.92,2026-10-01
青,場所,名詞,57,18.98,1.66,2026-10-01
青,心,名詞,57,18.98,1.49,2026-10-01
青,間,名詞,56,18.65,2.74,2026-10-01
青,言う,動詞,55,18.32,-0.1,2026-10-01
青,気,名詞,54,17.98,2.86,2026-10-01
青,神,名詞,53,17.65,0.55,2026-10-01
青,取る,動詞,52,17.32,-1.14,2026-10-01
青,精神,名詞,52,17.32,6.46,2026-10-01
青,とる,動詞,49,16.32,-0.34,2026-10-01
青,今,名詞,48,15.98,-0.68,2026-10-01
青,もう,副詞,48,15.98,2.27,2026-10-01
青,風,名詞,47,15.65,5.33,2026-10-01
青,求める,動詞,46,15.32,1.23,2026-10-01
青,魔法,名詞,46,15.32,2.82,2026-10-01
青,ジェイス,名詞,45,14.99,8.54,2026-10-01
青,後,名詞,45,14.99,0.88,2026-10-01
青,見つける,動詞,45,14.99,2.67,2026-10-01
青,夢,名詞,44,14.65,5.66,2026-10-01
青,前,名詞,44,14.65,-0.83,2026-10-01
青,存在,名詞,44,14.65,2.1,2026-10-01
青,呪文,名詞,43,14.32,5.95,2026-10-01
青,どう,副詞,43,14.32,1.21,2026-10-01
青,引く,動詞,43,14.32,-0.02,2026-10-01
青,現実,名詞,42,13.99,7.88,2026-10-01
青,飛ぶ,動詞,41,13.65,2.02,2026-10-01
青,研究,名詞,41,13.65,7.22,2026-10-01
青,見える,動詞,41,13.65,2.83,2026-10-01
青,学ぶ,動詞,40,13.32,4.08,2026-10-01
青,深い,形容詞,40,13.32,3.8,2026-10-01
青,わかる,動詞,40,13.32,2.77,2026-10-01
青,水,名詞,40,13.32,6.94,2026-10-01
青,未来,名詞,40,13.32,5.68,2026-10-01
青,そう,副詞,39,12.99,-0.07,2026-10-01
青,物,名詞,39,12.99,0.81,2026-10-01
青,最も,副詞,39,12.99,-1.21,2026-10-01
青,立つ,動詞,38,12.65,-2.24,2026-10-01
青,考える,動詞,37,12.32,2.29,2026-10-01
青,使う,動詞,37,12.32,2.29,2026-10-01
青,出る,動詞,36,11.99,0.28,2026-10-01
青,川,名詞,36,11.99,6.7,2026-10-01
青,入れる,動詞,35,11.66,0.46,2026-10-01
青,船,名詞,35,11.66,7.12,2026-10-01
青,作る,動詞,35,11.66,0.5,2026-10-01
青,波,名詞,35,11.66,7.42,2026-10-01
青,わけ,名詞,34,11.32,1.17,2026-10-01
青,敵,名詞,34,11.32,-2.06,2026-10-01
青,理解,名詞,34,11.32,4.28,2026-10-01
青,頭,名詞,33,10.99,2.36,2026-10-01
青,地,名詞,33,10.99,-2.24,2026-10-01
青,記憶,名詞,32,10.66,3.93,2026-10-01
青,方,名詞,32,10.66,0.1,2026-10-01
青,奴,名詞,32,10.66,-1.02,2026-10-01
青,ところ,名詞,32,10.66,0.76,2026-10-01
青,かつて,副詞,32,10.66,0.48,2026-10-01
青,多く,名詞,31,10.32,0.28,2026-10-01
青,待つ,動詞,31,10.32,1.29,2026-10-01
青,呼ぶ,動詞,31,10.32,-1.99,2026-10-01
青,道,名詞,31,10.32,-1.29,2026-10-01
青,消える,動詞,30,9.99,2.3,2026-10-01
青,他,名詞,30,9.99,-0.97,2026-10-01
青,探す,動詞,30,9.99,1.68,2026-10-01
青,魔術,名詞,30,9.99,4.84,2026-10-01
青,追う,動詞,30,9.99,-0.47,2026-10-01
青,先,名詞,30,9.99,2.53,2026-10-01
青,真実,名詞,30,9.99,5.16,2026-10-01
青,雲,名詞,29,9.66,4.58,2026-10-01
青,生きる,動詞,29,9.66,-3.48,2026-10-01
青,姿,名詞,28,9.32,0.17,2026-10-01
青,嵐,名詞,28,9.32,1.47,2026-10-01
青,守る,動詞,28,9.32,-2.92,2026-10-01
青,死,名詞,28,9.32,-5.53,2026-10-01
青,強い,形容詞,28,9.32,-1.7,2026-10-01
青,まま,名詞,28,9.32,1.94,2026-10-01
青,危険,名詞,27,8.99,-0.64,2026-10-01
青,聞く,動詞,27,8.99,0.2,2026-10-01
青,自身,名詞,26,8.66,-0.4,2026-10-01
青,ベレレン,名詞,26,8.66,5.97,2026-10-01
青,よく,副詞,26,8.66,2.99,2026-10-01
青,下,名詞,26,8.66,0.67,2026-10-01
青,止める,動詞,25,8.33,0.36,2026-10-01
青,また,副詞,25,8.33,0.96,2026-10-01
青,与える,動詞,25,8.33,-3.15,2026-10-01
青,霊,名詞,25,8.33,2.79,2026-10-01
青,度,名詞,25,8.33,1.11,2026-10-01
青,受ける,動詞,25,8.33,-1.74,2026-10-01
青,分かる,動詞,25,8.33,2.99,2026-10-01
青,もたらす,動詞,25,8.33,-0.15,2026-10-01
青,はず,名詞,25,8.33,2.99,2026-10-01
青,戻る,動詞,24,7.99,1.17,2026-10-01
青,武器,名詞,24,7.99,-1.68,2026-10-01
青,実験,名詞,24,7.99,5.5,2026-10-01
青,変わる,動詞,24,7.99,0.58,2026-10-01
青,恐ろしい,形容詞,24,7.99,0.82,2026-10-01
青,恐怖,名詞,24,7.99,-1.17,2026-10-01
青,隠す,動詞,23,7.66,2.86,2026-10-01
青,支配,名詞,23,7.66,2.05,2026-10-01
青,次,名詞,23,7.66,1.57,2026-10-01
青,顔,名詞,23,7.66,1.87,2026-10-01
青,教える,動詞,23,7.66,1.29,2026-10-01
青,長い,形容詞,23,7.66,-0.18,2026-10-01
青,意志,名詞,23,7.66,3.0,2026-10-01
青,失う,動詞,23,7.66,-1.13,2026-10-01
青,人,名詞,23,7.66,0.62,2026-10-01
青,吹く,動詞,23,7.66,3.62,2026-10-01
青,失敗,名詞,23,7.66,3.38,2026-10-01
青,相手,名詞,23,7.66,0.97,2026-10-01
青,ヴィダルケン,名詞,23,7.66,6.06,2026-10-01
青,悪い,形容詞,23,7.66,0.87,2026-10-01
青,人間,名詞,22,7.33,-0.72,2026-10-01
青,逃げる,動詞,22,7.33,-0.24,2026-10-01
青,翼,名詞,22,7.33,1.48,2026-10-01
青,以上,名詞,22,7.33,0.93,2026-10-01
青,思考,名詞,22,7.33,3.01,2026-10-01
青,流れ,名詞,22,7.33,5.02,2026-10-01
青,光,名詞,22,7.33,-3.23,2026-10-01
青,人々,名詞,22,7.33,-0.53,2026-10-01
青,音,名詞,22,7.33,-1.94,2026-10-01
青,張る,動詞,22,7.33,1.2,2026-10-01
青,体,名詞,22,7.33,-0.41,2026-10-01
青,上がる,動詞,22,7.33,0.57,2026-10-01
青,高い,形容詞,21,6.99,-0.04,2026-10-01
青,戦い,名詞,21,6.99,-1.76,2026-10-01
青,永遠,名詞,21,6.99,-1.27,2026-10-01
青,開く,動詞,21,6.99,1.88,2026-10-01
青,意味,名詞,21,6.99,0.42,2026-10-01
青,知恵,名詞,21,6.99,3.11,2026-10-01
青,タッサ,名詞,21,6.99,2.07,2026-10-01
青,月,名詞,21,6.99,1.95,2026-10-01
青,年,名詞,21,6.99,0.18,2026-10-01
青,恐れる,動詞,21,6.99,-0.43,2026-10-01
青,入る,動詞,21,6.99,-0.9,2026-10-01
青,残る,動詞,21,6.99,-3.08,2026-10-01
青,死ぬ,動詞,21,6.99,-4.02,2026-10-01
青,マーフォーク,名詞,21,6.99,5.83,2026-10-01
青,最初,名詞,21,6.99,-0.04,2026-10-01
青,答え,名詞,20,6.66,4.7,2026-10-01
青,まだ,副詞,20,6.66,0.42,2026-10-01
青,身,名詞,20,6.66,-1.9,2026-10-01
青,過去,名詞,20,6.66,1.99,2026-10-01
青,完璧,名詞,20,6.66,2.35,2026-10-01
青,真,名詞,20,6.66,0.57,2026-10-01
青,打つ,動詞,20,6.66,0.62,2026-10-01
青,読む,動詞,20,6.66,5.0,2026-10-01
青,すぐ,副詞,20,6.66,-0.01,2026-10-01
青,事,名詞,20,6.66,1.73,2026-10-01
青,上,名詞,20,6.66,-1.12,2026-10-01
青,もっと,副詞,20,6.66,1.29,2026-10-01
青,安全,名詞,20,6.66,0.52,2026-10-01
青,命,名詞,20,6.66,-2.62,2026-10-01
青,落ちる,動詞,19,6.33,-0.77,2026-10-01
青,現れる,動詞,19,6.33,0.68,2026-10-01
青,返す,動詞,19,6.33,1.25,2026-10-01
青,話,名詞,19,6.33,0.62,2026-10-01
青,耳,名詞,19,6.33,0.68,2026-10-01
青,つく,動詞,19,6.33,0.16,2026-10-01
青,常,名詞,19,6.33,-0.17,2026-10-01
青,運命,名詞,19,6.33,0.62,2026-10-01
青,別,名詞,19,6.33,1.38,2026-10-01
青,最高,名詞,19,6.33,0.68,2026-10-01
青,言葉,名詞,19,6.33,-0.77,2026-10-01
青,最後,名詞,19,6.33,-2.03,2026-10-01
青,選ぶ,動詞,19,6.33,0.96,2026-10-01
青,生まれる,動詞,19,6.33,-1.34,2026-10-01
青,声,名詞,19,6.33,-0.89,2026-10-01
青,口,名詞,19,6.33,0.84,2026-10-01
青,石,名詞,18,5.99,-0.24,2026-10-01
青,霊気,名詞,18,5.99,3.56,2026-10-01
青,宇宙,名詞,18,5.99,2.74,2026-10-01
青,自ら,名詞,18,5.99,-1.08,2026-10-01
青,人生,名詞,18,5.99,3.36,2026-10-01
青,日,名詞,18,5.99,-1.59,2026-10-01
青,自由,名詞,18,5.99,1.15,2026-10-01
青,夜,名詞,18,5.99,-0.8,2026-10-01
青,間違い,名詞,18,5.99,3.27,2026-10-01
青,闇,名詞,18,5.99,-2.29,2026-10-01
青,盗む,動詞,18,5.99,3.56,2026-10-01
青,少ない,形容詞,18,5.99,1.09,2026-10-01
青,潮,名詞,18,5.99,5.23,2026-10-01
青,飲む,動詞,18,5.99,1.4,2026-10-01
青,生き物,名詞,18,5.99,0.62,2026-10-01
青,一人,名詞,18,5.99,-0.88,2026-10-01
青,乗る,動詞,18,5.99,1.4,2026-10-01
青,戦う,動詞,18,5.99,-3.15,2026-10-01
青,術,名詞,18,5.99,1.09,2026-10-01
青,自然,名詞,18,5.99,-3.31,2026-10-01
青,届く,動詞,18,5.99,1.67,2026-10-01
青,王,名詞,17,5.66,-1.87,2026-10-01
青,方法,名詞,17,5.66,0.74,2026-10-01
青,術師,名詞,17,5.66,2.84,2026-10-01
青,火,名詞,17,5.66,-3.36,2026-10-01
青,流れる,動詞,17,5.66,1.44,2026-10-01
青,生命,名詞,17,5.66,-2.94,2026-10-01
青,獲物,名詞,17,5.66,-1.31,2026-10-01
青,計画,名詞,17,5.66,3.41,2026-10-01
青,肉体,名詞,17,5.66,0.14,2026-10-01
青,鳥,名詞,17,5.66,3.22,2026-10-01
青,やつ,名詞,17,5.66,-0.4,2026-10-01
青,情報,名詞,17,5.66,4.78,2026-10-01
青,さらに,副詞,17,5.66,1.44,2026-10-01
青,変える,動詞,17,5.66,-0.11,2026-10-01
青,次元,名詞,17,5.66,1.11,2026-10-01
青,機械,名詞,17,5.66,1.11,2026-10-01
青,侵入,名詞,16,5.33,1.77,2026-10-01
青,多元,名詞,16,5.33,3.16,2026-10-01
青,生む,動詞,16,5.33,1.06,2026-10-01
青,影,名詞,16,5.33,-1.35,2026-10-01
青,考え,名詞,16,5.33,3.68,2026-10-01
青,奪う,動詞,16,5.33,0.02,2026-10-01
青,テフェリー,名詞,16,5.33,5.09,2026-10-01
青,まるで,副詞,16,5.33,1.62,2026-10-01
青,あと,名詞,16,5.33,1.4,2026-10-01
青,昔,名詞,16,5.33,1.4,2026-10-01
青,素晴らしい,形容詞,16,5.33,2.0,2026-10-01
青,現在,名詞,16,5.33,4.23,2026-10-01
青,なぜ,副詞,16,5.33,1.4,2026-10-01
青,謎,名詞,16,5.33,4.34,2026-10-01
青,解く,動詞,16,5.33,1.26,2026-10-01
青,多い,形容詞,16,5.33,1.13,2026-10-01
青,氷,名詞,16,5.33,3.68,2026-10-01
青,大きい,形容詞,16,5.33,-0.99,2026-10-01
青,トレイリア,名詞,15,5.0,4.09,2026-10-01
青,精霊,名詞,15,5.0,1.59,2026-10-01
青,仲間,名詞,15,5.0,-1.47,2026-10-01
青,形,名詞,15,5.0,0.63,2026-10-01
青,海賊,名詞,15,5.0,3.87,2026-10-01
青,勝利,名詞,15,5.0,-0.73,2026-10-01
青,落とす,動詞,15,5.0,0.69,2026-10-01
青,共,名詞,15,5.0,-1.47,2026-10-01
青,本当,名詞,15,5.0,0.75,2026-10-01
青,決める,動詞,15,5.0,1.44,2026-10-01
青,剣,名詞,15,5.0,-2.88,2026-10-01
青,まず,副詞,15,5.0,1.91,2026-10-01
青,守り,名詞,15,5.0,2.9,2026-10-01
青,対する,動詞,15,5.0,-2.22,2026-10-01
青,違う,動詞,15,5.0,2.33,2026-10-01
青,一度,名詞,15,5.0,-0.05,2026-10-01
青,生徒,名詞,15,5.0,2.25,2026-10-01
青,仕事,名詞,15,5.0,-0.64,2026-10-01
青,立てる,動詞,15,5.0,-0.99,2026-10-01
青,少し,副詞,15,5.0,0.69,2026-10-01
青,鍵,名詞,15,5.0,4.45,2026-10-01
青,古代,名詞,15,5.0,1.67,2026-10-01
青,動く,動詞,15,5.0,0.05,2026-10-01
青,霧,名詞,15,5.0,3.21,2026-10-01
青,眠る,動詞,15,5.0,0.45,2026-10-01
青,結果,名詞,15,5.0,2.52,2026-10-01
青,技,名詞,15,5.0,2.9,2026-10-01
青,試す,動詞,15,5.0,3.53,2026-10-01
青,縫い,名詞,15,5.0,4.86,2026-10-01
青,起こる,動詞,14,4.66,0.97,2026-10-01
青,感ずる,動詞,14,4.66,0.15,2026-10-01
青,ずっと,副詞,14,4.66,-0.28,2026-10-01
青,ほう,名詞,14,4.66,1.72,2026-10-01
青,賢者,名詞,14,4.66,2.94,2026-10-01
青,興味,名詞,14,4.66,3.16,2026-10-01
青,無限,名詞,14,4.66,3.61,2026-10-01
青,しれる,動詞,14,4.66,-1.2,2026-10-01
青,美しい,形容詞,14,4.66,0.21,2026-10-01
青,通る,動詞,14,4.66,1.11,2026-10-01
青,水面,名詞,14,4.66,4.64,2026-10-01
青,破壊,名詞,14,4.66,-2.66,2026-10-01
青,都市,名詞,14,4.66,-0.86,2026-10-01
青,襲う,動詞,14,4.66,-0.43,2026-10-01
青,より,副詞,14,4.66,-0.23,2026-10-01
青,一番,名詞,14,4.66,-0.72,2026-10-01
青,合わせる,動詞,14,4.66,0.97,2026-10-01
青,うまい,形容詞,14,4.66,2.53,2026-10-01
青,集める,動詞,14,4.66,1.33,2026-10-01
青,消す,動詞,14,4.66,0.63,2026-10-01
青,目的,名詞,14,4.66,1.04,2026-10-01
青,名,名詞,14,4.66,-0.43,2026-10-01
青,向かう,動詞,14,4.66,-1.28,2026-10-01
青,妖精,名詞,14,4.66,3.85,2026-10-01
青,エネルギー,名詞,13,4.33,2.36,2026-10-01
青,縛る,動詞,13,4.33,1.7,2026-10-01
青,怪物,名詞,13,4.33,-1.37,2026-10-01
青,戦場,名詞,13,4.33,-0.71,2026-10-01
青,示す,動詞,13,4.33,0.32,2026-10-01
青,瞬間,名詞,13,4.33,0.14,2026-10-01
青,従う,動詞,13,4.33,-0.36,2026-10-01
青,全て,名詞,13,4.33,-0.66,2026-10-01
青,歓迎,名詞,13,4.33,1.97,2026-10-01
青,成功,名詞,13,4.33,2.56,2026-10-01
青,信ずる,動詞,13,4.33,-0.36,2026-10-01
青,役,名詞,13,4.33,0.64,2026-10-01
青,残す,動詞,13,4.33,-1.68,2026-10-01
青,魂,名詞,13,4.33,-4.3,2026-10-01
青,関する,動詞,13,4.33,4.08,2026-10-01
青,ドラゴン,名詞,13,4.33,-1.68,2026-10-01
青,隠れる,動詞,13,4.33,0.71,2026-10-01
青,歌,名詞,13,4.33,0.78,2026-10-01
青,新しい,形容詞,13,4.33,-0.62,2026-10-01
青,故郷,名詞,13,4.33,0.44,2026-10-01
青,戦争,名詞,13,4.33,-2.48,2026-10-01
青,地面,名詞,13,4.33,1.62,2026-10-01
青,法,名詞,13,4.33,0.51,2026-10-01
青,つめる,動詞,13,4.33,3.59,2026-10-01
青,犠牲,名詞,13,4.33,-0.71,2026-10-01
青,血,名詞,13,4.33,-4.97,2026-10-01
青,太陽,名詞,13,4.33,-3.19,2026-10-01
青,分ける,動詞,13,4.33,1.37,2026-10-01
青,足,名詞,13,4.33,-0.04,2026-10-01
青,差す,動詞,13,4.33,1.29,2026-10-01
青,望む,動詞,13,4.33,-1.2,2026-10-01
青,ただ,副詞,13,4.33,-0.9,2026-10-01
青,書く,動詞,13,4.33,3.0,2026-10-01
青,覚える,動詞,13,4.33,-0.31,2026-10-01
青,皆,名詞,13,4.33,-0.26,2026-10-01
青,攻撃,名詞,13,4.33,-0.42,2026-10-01
青,心配,名詞,13,4.33,1.97,2026-10-01
青,息,名詞,12,4.0,-1.34,2026-10-01
青,元,名詞,12,4.0,1.25,2026-10-01
青,修練,名詞,12,4.0,1.87,2026-10-01
青,冬,名詞,12,4.0,2.82,2026-10-01
青,始まる,動詞,12,4.0,0.38,2026-10-01
青,払う,動詞,12,4.0,-0.45,2026-10-01
青,深海,名詞,12,4.0,3.83,2026-10-01
青,見つかる,動詞,12,4.0,1.42,2026-10-01
青,向ける,動詞,12,4.0,0.18,2026-10-01
青,いつも,名詞,12,4.0,0.72,2026-10-01
青,タジーム,名詞,12,4.0,4.41,2026-10-01
青,ちょっと,副詞,12,4.0,0.38,2026-10-01
青,問題,名詞,12,4.0,0.18,2026-10-01
青,時代,名詞,12,4.0,-0.17,2026-10-01
青,似る,動詞,12,4.0,3.19,2026-10-01
青,船長,名詞,12,4.0,2.94,2026-10-01
青,選択,名詞,12,4.0,1.42,2026-10-01
青,無駄,名詞,12,4.0,2.17,2026-10-01
青,希望,名詞,12,4.0,-1.5,2026-10-01
青,運ぶ,動詞,12,4.0,1.09,2026-10-01
青,扉,名詞,12,4.0,1.87,2026-10-01
青,旅,名詞,12,4.0,-0.12,2026-10-01
青,嘘,名詞,12,4.0,3.44,2026-10-01
青,触れる,動詞,12,4.0,0.12,2026-10-01
青,注意,名詞,12,4.0,0.79,2026-10-01
青,ラヴニカ,名詞,12,4.0,-0.7,2026-10-01
青,スフィンクス,名詞,12,4.0,4.38,2026-10-01
青,ほとんど,名詞,12,4.0,-1.17,2026-10-01
青,起こす,動詞,12,4.0,-0.99,2026-10-01
青,ケフネト,名詞,12,4.0,3.83,2026-10-01
青,離れる,動詞,12,4.0,0.0,2026-10-01
青,聞こえる,動詞,12,4.0,-0.65,2026-10-01
青,会,名詞,12,4.0,0.0,2026-10-01
青,龍,名詞,12,4.0,-0.45,2026-10-01
青,技術,名詞,11,3.66,1.13,2026-10-01
青,楽しい,形容詞,11,3.66,1.22,2026-10-01
青,本,名詞,11,3.66,3.82,2026-10-01
青,逃れる,動詞,11,3.66,0.97,2026-10-01
青,炎,名詞,11,3.66,-4.57,2026-10-01
青,語る,動詞,11,3.66,0.17,2026-10-01
青,迫る,動詞,11,3.66,1.13,2026-10-01
青,気づく,動詞,11,3.66,0.89,2026-10-01
青,初めて,副詞,11,3.66,1.67,2026-10-01
青,輝く,動詞,11,3.66,0.04,2026-10-01
青,狂気,名詞,11,3.66,1.67,2026-10-01
青,連れる,動詞,11,3.66,0.73,2026-10-01
青,超える,動詞,11,3.66,2.08,2026-10-01
青,飛ばす,動詞,11,3.66,1.77,2026-10-01
青,国,名詞,11,3.66,-0.69,2026-10-01
青,泳ぐ,動詞,11,3.66,4.12,2026-10-01
青,ギルド,名詞,11,3.66,0.89,2026-10-01
青,捨てる,動詞,11,3.66,-1.35,2026-10-01
青,身体,名詞,11,3.66,-0.14,2026-10-01
青,物語,名詞,11,3.66,0.51,2026-10-01
青,生物,名詞,11,3.66,1.05,2026-10-01
青,最大,名詞,11,3.66,0.04,2026-10-01
青,動,名詞,11,3.66,3.41,2026-10-01
青,飛行,名詞,11,3.66,1.97,2026-10-01
青,走る,動詞,11,3.66,-0.2,2026-10-01
青,試練,名詞,11,3.66,0.51,2026-10-01
青,ボーラス,名詞,11,3.66,1.22,2026-10-01
青,送る,動詞,10,3.33,-0.17,2026-10-01
青,全部,名詞,10,3.33,0.29,2026-10-01
青,怒り,名詞,10,3.33,-3.59,2026-10-01
青,意識,名詞,10,3.33,1.27,2026-10-01
青,今日,名詞,10,3.33,-0.29,2026-10-01
青,工匠,名詞,10,3.33,2.58,2026-10-01
青,なし,名詞,10,3.33,0.16,2026-10-01
青,船乗り,名詞,10,3.33,3.97,2026-10-01
青,帰る,動詞,10,3.33,0.91,2026-10-01
青,幻影,名詞,10,3.33,3.68,2026-10-01
青,地図,名詞,10,3.33,2.33,2026-10-01
青,早い,形容詞,10,3.33,0.83,2026-10-01
青,寄せる,動詞,10,3.33,-0.79,2026-10-01
青,凪,名詞,10,3.33,4.04,2026-10-01
青,一部,名詞,10,3.33,-0.84,2026-10-01
青,ただ,名詞,10,3.33,0.91,2026-10-01
青,住む,動詞,10,3.33,-0.17,2026-10-01
青,踏む,動詞,10,3.33,-1.45,2026-10-01
青,星,名詞,10,3.33,-0.23,2026-10-01
青,戻す,動詞,10,3.33,-1.45,2026-10-01
青,色,名詞,10,3.33,0.59,2026-10-01
青,もん,名詞,10,3.33,0.67,2026-10-01
青,押す,動詞,10,3.33,-0.04,2026-10-01
青,破る,動詞,10,3.33,0.37,2026-10-01
青,手段,名詞,10,3.33,0.91,2026-10-01
青,餌,名詞,10,3.33,-0.58,2026-10-01
青,水銀,名詞,10,3.33,3.61,2026-10-01
青,放つ,動詞,10,3.33,-2.14,2026-10-01
青,完成,名詞,10,3.33,2.33,2026-10-01
青,道具,名詞,10,3.33,1.46,2026-10-01
青,定命,名詞,10,3.33,-0.41,2026-10-01
青,迷う,動詞,10,3.33,2.21,2026-10-01
青,主,名詞,10,3.33,-0.04,2026-10-01
青,複雑,名詞,10,3.33,3.81,2026-10-01
青,子,名詞,10,3.33,-1.18,2026-10-01
青,小さい,形容詞,10,3.33,1.09,2026-10-01
青,ゼンディカー,名詞,10,3.33,-0.84,2026-10-01
青,流す,動詞,10,3.33,0.37,2026-10-01
青,予測,名詞,10,3.33,2.84,2026-10-01
青,オジュタイ,名詞,10,3.33,3.92,2026-10-01
青,監視,名詞,10,3.33,3.11,2026-10-01
青,錬金,名詞,10,3.33,3.54,2026-10-01
青,ノヤン,名詞,10,3.33,1.43,2026-10-01
青,探検,名詞,10,3.33,-0.11,2026-10-01
青,遺跡,名詞,10,3.33,2.71,2026-10-01
青,満ちる,動詞,10,3.33,-0.89,2026-10-01
青,略奪,名詞,10,3.33,1.98,2026-10-01
青,歩く,動詞,10,3.33,-1.23,2026-10-01
青,ゲラルフ,名詞,10,3.33,3.4,2026-10-01
青,進む,動詞,10,3.33,-1.27,2026-10-01
青,鋭い,形容詞,9,3.0,-0.26,2026-10-01
青,近づく,動詞,9,3.0,-0.2,2026-10-01
青,刻む,動詞,9,3.0,0.14,2026-10-01
青,目覚める,動詞,9,3.0,-1.24,2026-10-01
青,兄弟,名詞,9,3.0,1.43,2026-10-01
青,とも,名詞,9,3.0,-1.51,2026-10-01
青,閉じる,動詞,9,3.0,-0.07,2026-10-01
青,狂う,動詞,9,3.0,0.36,2026-10-01
青,気まぐれ,名詞,9,3.0,3.09,2026-10-01
青,苦痛,名詞,9,3.0,-0.39,2026-10-01
青,戦闘,名詞,9,3.0,-0.26,2026-10-01
青,富,名詞,9,3.0,1.76,2026-10-01
青,単に,副詞,9,3.0,0.21,2026-10-01
青,タミヨウ,名詞,9,3.0,3.77,2026-10-01
青,正しい,形容詞,9,3.0,0.52,2026-10-01
青,至る,動詞,9,3.0,1.23,2026-10-01
青,潰す,動詞,9,3.0,1.13,2026-10-01
青,組む,動詞,9,3.0,1.33,2026-10-01
青,冷たい,形容詞,9,3.0,1.13,2026-10-01
青,カーン,名詞,9,3.0,3.83,2026-10-01
青,訪れる,動詞,9,3.0,-0.07,2026-10-01
青,越える,動詞,9,3.0,-0.74,2026-10-01
青,宝,名詞,9,3.0,1.04,2026-10-01
青,助ける,動詞,9,3.0,1.65,2026-10-01
青,終わり,名詞,9,3.0,-1.24,2026-10-01
青,神々,名詞,9,3.0,-1.38,2026-10-01
青,地上,名詞,9,3.0,1.04,2026-10-01
青,足りる,動詞,9,3.0,1.13,2026-10-01
青,禁止,名詞,9,3.0,2.94,2026-10-01
青,救う,動詞,9,3.0,-0.79,2026-10-01
青,助け,名詞,9,3.0,0.95,2026-10-01
青,殺す,動詞,9,3.0,-3.21,2026-10-01
青,砕ける,動詞,9,3.0,1.33,2026-10-01
青,宝物,名詞,9,3.0,1.13,2026-10-01
青,想像,名詞,9,3.0,0.6,2026-10-01
青,他人,名詞,9,3.0,1.33,2026-10-01
青,村,名詞,9,3.0,-0.26,2026-10-01
青,響く,動詞,9,3.0,-0.68,2026-10-01
青,導く,動詞,9,3.0,-1.1,2026-10-01
青,理論,名詞,9,3.0,2.65,2026-10-01
青,成す,動詞,9,3.0,-0.57,2026-10-01
青,影響,名詞,9,3.0,0.52,2026-10-01
青,操る,動詞,9,3.0,0.95,2026-10-01
青,感じる,動詞,9,3.0,-0.51,2026-10-01
青,岩,名詞,9,3.0,-0.07,2026-10-01
青,両方,名詞,9,3.0,0.6,2026-10-01
青,まあ,副詞,9,3.0,1.88,2026-10-01
青,通り,名詞,9,3.0,-1.47,2026-10-01
青,渦,名詞,9,3.0,3.09,2026-10-01
青,アゾリウス,名詞,9,3.0,1.88,2026-10-01
青,光景,名詞,9,3.0,2.65,2026-10-01
青,能力,名詞,9,3.0,0.68,2026-10-01
青,せい,名詞,9,3.0,2.0,2026-10-01
青,屍,名詞,9,3.0,-1.29,2026-10-01
青,明かす,動詞,9,3.0,3.24,2026-10-01
青,会う,動詞,9,3.0,1.04,2026-10-01
青,罠,名詞,9,3.0,0.14,2026-10-01
青,近く,名詞,9,3.0,0.14,2026-10-01
青,満足,名詞,9,3.0,2.0,2026-10-01
青,壁,名詞,9,3.0,-0.68,2026-10-01
青,領事,名詞,9,3.0,0.68,2026-10-01
青,場,名詞,9,3.0,0.52,2026-10-01
青,ギタクシアス,名詞,9,3.0,3.53,2026-10-01
青,囁く,動詞,9,3.0,-0.07,2026-10-01
青,英雄,名詞,9,3.0,-1.19,2026-10-01
青,以前,名詞,9,3.0,1.54,2026-10-01
青,着く,動詞,8,2.66,-0.67,2026-10-01
青,避ける,動詞,8,2.66,0.2,2026-10-01
青,召喚,名詞,8,2.66,1.53,2026-10-01
青,おく,動詞,8,2.66,-1.06,2026-10-01
青,ゴブリン,名詞,8,2.66,-4.16,2026-10-01
青,効果,名詞,8,2.66,0.89,2026-10-01
青,後悔,名詞,8,2.66,0.99,2026-10-01
青,叩く,動詞,8,2.66,-0.23,2026-10-01
青,代わり,名詞,8,2.66,-0.02,2026-10-01
青,二人,名詞,8,2.66,0.44,2026-10-01
青,数,名詞,8,2.66,-1.75,2026-10-01
青,準備,名詞,8,2.66,0.12,2026-10-01
青,溺れる,動詞,8,2.66,3.6,2026-10-01
青,達人,名詞,8,2.66,1.41,2026-10-01
青,邪魔,名詞,8,2.66,0.62,2026-10-01
青,愛する,動詞,8,2.66,1.2,2026-10-01
青,覆う,動詞,8,2.66,-0.49,2026-10-01
青,森,名詞,8,2.66,-5.24,2026-10-01
青,実際,名詞,8,2.66,0.99,2026-10-01
青,迷路,名詞,8,2.66,2.16,2026-10-01
青,勝つ,動詞,8,2.66,-1.11,2026-10-01
青,頃,名詞,8,2.66,0.36,2026-10-01
青,関係,名詞,8,2.66,0.8,2026-10-01
青,眠り,名詞,8,2.66,-0.73,2026-10-01
青,いま,名詞,8,2.66,1.2,2026-10-01
青,日々,名詞,8,2.66,1.3,2026-10-01
青,一生,名詞,8,2.66,1.53,2026-10-01
青,雨,名詞,8,2.66,1.3,2026-10-01
青,理由,名詞,8,2.66,-1.01,2026-10-01
青,なくなる,動詞,8,2.66,0.62,2026-10-01
青,分,名詞,8,2.66,-0.61,2026-10-01
青,場合,名詞,8,2.66,-0.23,2026-10-01
青,エルフ,名詞,8,2.66,-3.85,2026-10-01
青,命令,名詞,8,2.66,0.62,2026-10-01
青,願い,名詞,8,2.66,1.77,2026-10-01
青,感覚,名詞,8,2.66,2.16,2026-10-01
青,騎士,名詞,8,2.66,-2.34,2026-10-01
青,伝える,動詞,8,2.66,0.99,2026-10-01
青,やがて,副詞,8,2.66,0.99,2026-10-01
青,王国,名詞,8,2.66,0.36,2026-10-01
青,民,名詞,8,2.66,-1.01,2026-10-01
青,ニュー,名詞,8,2.66,2.75,2026-10-01
青,塔,名詞,8,2.66,1.09,2026-10-01
青,逆らう,動詞,8,2.66,1.9,2026-10-01
青,船員,名詞,8,2.66,3.6,2026-10-01
青,滝,名詞,8,2.66,3.6,2026-10-01
青,限界,名詞,8,2.66,2.6,2026-10-01
青,薄い,形容詞,8,2.66,3.07,2026-10-01
青,思える,動詞,8,2.66,1.65,2026-10-01
青,利用,名詞,8,2.66,0.36,2026-10-01
青,凍る,動詞,8,2.66,1.77,2026-10-01
青,古い,形容詞,8,2.66,-0.23,2026-10-01
青,気分,名詞,8,2.66,1.53,2026-10-01
青,全土,名詞,8,2.66,2.03,2026-10-01
青,こう,副詞,8,2.66,-0.1,2026-10-01
青,たび,名詞,8,2.66,0.12,2026-10-01
青,一瞬,名詞,8,2.66,-0.17,2026-10-01
青,群れ,名詞,8,2.66,-3.29,2026-10-01
青,変化,名詞,8,2.66,1.53,2026-10-01
青,外,名詞,8,2.66,0.62,2026-10-01
青,描く,動詞,8,2.66,1.41,2026-10-01
青,つもり,名詞,8,2.66,-0.49,2026-10-01
青,価値,名詞,8,2.66,-0.9,2026-10-01
青,旅人,名詞,8,2.66,0.99,2026-10-01
青,防衛,名詞,8,2.66,0.8,2026-10-01
青,エルドラージ,名詞,8,2.66,-1.44,2026-10-01
青,山,名詞,8,2.66,-2.27,2026-10-01
青,府,名詞,8,2.66,0.53,2026-10-01
青,鎧,名詞,8,2.66,-0.79,2026-10-01
青,込める,動詞,8,2.66,-1.21,2026-10-01
青,耐える,動詞,8,2.66,-0.55,2026-10-01
青,工作,名詞,8,2.66,2.16,2026-10-01
青,改良,名詞,8,2.66,3.23,2026-10-01
青,ルーデヴィック,名詞,8,2.66,3.35,2026-10-01
青,鴉,名詞,8,2.66,3.6,2026-10-01
青,急ぐ,動詞,8,2.66,2.91,2026-10-01
青,障害,名詞,8,2.66,2.91,2026-10-01
青,記録,名詞,8,2.66,2.45,2026-10-01
青,叫ぶ,動詞,8,2.66,-0.49,2026-10-01
青,今度,名詞,7,2.33,0.27,2026-10-01
青,男,名詞,7,2.33,1.16,2026-10-01
青,アカデミー,名詞,7,2.33,3.21,2026-10-01
青,世紀,名詞,7,2.33,-0.05,2026-10-01
青,兵士,名詞,7,2.33,-1.9,2026-10-01
青,稲妻,名詞,7,2.33,-0.61,2026-10-01
青,沈む,動詞,7,2.33,1.16,2026-10-01
青,魔導,名詞,7,2.33,3.06,2026-10-01
青,荒れる,動詞,7,2.33,1.28,2026-10-01
青,悲しい,形容詞,7,2.33,-0.48,2026-10-01
青,舞う,動詞,7,2.33,0.45,2026-10-01
青,授ける,動詞,7,2.33,0.73,2026-10-01
青,海底,名詞,7,2.33,1.19,2026-10-01
青,ついに,副詞,7,2.33,-0.13,2026-10-01
青,構築,名詞,7,2.33,3.34,2026-10-01
青,浮かぶ,動詞,7,2.33,1.05,2026-10-01
青,主人,名詞,7,2.33,1.28,2026-10-01
青,招く,動詞,7,2.33,1.16,2026-10-01
青,極めて,副詞,7,2.33,2.23,2026-10-01
青,以外,名詞,7,2.33,-1.18,2026-10-01
青,食う,動詞,7,2.33,-2.17,2026-10-01
青,実,名詞,7,2.33,0.54,2026-10-01
青,陸,名詞,7,2.33,3.34,2026-10-01
青,溶ける,動詞,7,2.33,1.05,2026-10-01
青,読める,動詞,7,2.33,3.06,2026-10-01
青,巨人,名詞,7,2.33,-2.24,2026-10-01
青,調べる,動詞,7,2.33,2.08,2026-10-01
青,カニ,名詞,7,2.33,1.19,2026-10-01
青,池,名詞,7,2.33,3.2,2026-10-01
青,発見,名詞,7,2.33,0.45,2026-10-01
青,驚く,動詞,7,2.33,0.03,2026-10-01
青,要塞,名詞,7,2.33,0.94,2026-10-01
青,困難,名詞,7,2.33,1.28,2026-10-01
青,巣,名詞,7,2.33,-1.23,2026-10-01
青,宝石,名詞,7,2.33,2.72,2026-10-01
青,難しい,形容詞,7,2.33,0.19,2026-10-01
青,祝福,名詞,7,2.33,-2.27,2026-10-01
青,空気,名詞,7,2.33,0.84,2026-10-01
青,それぞれ,名詞,7,2.33,0.54,2026-10-01
青,知れる,動詞,7,2.33,0.27,2026-10-01
青,この世,名詞,7,2.33,1.4,2026-10-01
青,とても,副詞,7,2.33,1.16,2026-10-01
青,書,名詞,7,2.33,1.66,2026-10-01
青,自体,名詞,7,2.33,0.54,2026-10-01
青,捕まえる,動詞,7,2.33,0.94,2026-10-01
青,海岸,名詞,7,2.33,3.38,2026-10-01
青,暗い,形容詞,7,2.33,-0.34,2026-10-01
青,作品,名詞,7,2.33,1.79,2026-10-01
青,向こう,名詞,7,2.33,0.94,2026-10-01
青,進化,名詞,7,2.33,1.53,2026-10-01
青,疑問,名詞,7,2.33,2.56,2026-10-01
青,意思,名詞,7,2.33,-0.2,2026-10-01
青,大地,名詞,7,2.33,-2.95,2026-10-01
青,子供,名詞,7,2.33,-0.13,2026-10-01
青,再び,副詞,7,2.33,-2.31,2026-10-01
青,溢れる,動詞,7,2.33,0.64,2026-10-01
青,魚,名詞,7,2.33,3.34,2026-10-01
青,殻,名詞,7,2.33,1.79,2026-10-01
青,師,名詞,7,2.33,2.23,2026-10-01
青,脳,名詞,7,2.33,1.79,2026-10-01
青,動き,名詞,7,2.33,0.73,2026-10-01
青,手紙,名詞,7,2.33,3.06,2026-10-01
青,シミック,名詞,7,2.33,1.53,2026-10-01
青,応える,動詞,7,2.33,-0.2,2026-10-01
青,やめる,動詞,7,2.33,1.05,2026-10-01
青,腕,名詞,7,2.33,-1.12,2026-10-01
青,ディミーア,名詞,7,2.33,1.05,2026-10-01
青,広がる,動詞,7,2.33,-1.02,2026-10-01
青,潜む,動詞,7,2.33,-0.61,2026-10-01
青,しっかり,副詞,7,2.33,1.79,2026-10-01
青,弱い,形容詞,7,2.33,-0.34,2026-10-01
青,経つ,動詞,7,2.33,1.4,2026-10-01
青,笑う,動詞,7,2.33,1.05,2026-10-01
青,調査,名詞,7,2.33,2.23,2026-10-01
青,鳴る,動詞,7,2.33,0.45,2026-10-01
青,習得,名詞,7,2.33,3.21,2026-10-01
青,秘儀,名詞,7,2.33,3.21,2026-10-01
青,僧,名詞,7,2.33,0.64,2026-10-01
青,ランタン,名詞,7,2.33,2.89,2026-10-01
青,半分,名詞,7,2.33,2.08,2026-10-01
青,もはや,副詞,7,2.33,0.84,2026-10-01
青,抵抗,名詞,7,2.33,1.16,2026-10-01
青,エーテル,名詞,7,2.33,3.34,2026-10-01
青,テゼレット,名詞,7,2.33,2.56,2026-10-01
青,曲げる,動詞,7,2.33,1.79,2026-10-01
青,質問,名詞,7,2.33,3.34,2026-10-01
青,目標,名詞,7,2.33,2.72,2026-10-01
青,青い,形容詞,7,2.33,2.89,2026-10-01
青,開ける,動詞,7,2.33,0.36,2026-10-01
青,科学,名詞,7,2.33,2.89,2026-10-01
青,先祖,名詞,7,2.33,0.94,2026-10-01
青,広げる,動詞,7,2.33,1.79,2026-10-01
青,期待,名詞,7,2.33,1.4,2026-10-01
青,ネファリア,名詞,7,2.33,1.79,2026-10-01
青,スカーブ,名詞,7,2.33,3.21,2026-10-01
青,囁き,名詞,7,2.33,0.64,2026-10-01
青,犯罪,名詞,7,2.33,0.94,2026-10-01
青,礼儀,名詞,7,2.33,2.89,2026-10-01
青,過ごす,動詞,7,2.33,0.94,2026-10-01
青,限り,名詞,7,2.33,-0.48,2026-10-01
青,一体,副詞,7,2.33,1.66,2026-10-01
青,黄金,名詞,7,2.33,-0.85,2026-10-01
青,指示,名詞,7,2.33,1.4,2026-10-01
青,ホビット,名詞,7,2.33,2.08,2026-10-01
青,祈る,動詞,6,2.0,-0.08,2026-10-01
青,狙う,動詞,6,2.0,-0.39,2026-10-01
青,潜る,動詞,6,2.0,2.88,2026-10-01
青,巻く,動詞,6,2.0,-0.79,2026-10-01
青,光る,動詞,6,2.0,-0.73,2026-10-01
青,不思議,名詞,6,2.0,1.01,2026-10-01
青,投げる,動詞,6,2.0,-1.3,2026-10-01
青,知性,名詞,6,2.0,2.0,2026-10-01
青,向く,動詞,6,2.0,0.27,2026-10-01
青,抑える,動詞,6,2.0,1.53,2026-10-01
青,鏡,名詞,6,2.0,2.88,2026-10-01
青,痛い,形容詞,6,2.0,-1.25,2026-10-01
青,明日,名詞,6,2.0,0.0,2026-10-01
青,大学,名詞,6,2.0,2.7,2026-10-01
青,熟達,名詞,6,2.0,3.13,2026-10-01
青,燃える,動詞,6,2.0,-3.5,2026-10-01
青,爪,名詞,6,2.0,-1.77,2026-10-01
青,弟子,名詞,6,2.0,2.52,2026-10-01
青,霊感,名詞,6,2.0,2.88,2026-10-01
青,噂,名詞,6,2.0,1.53,2026-10-01
青,集中,名詞,6,2.0,1.01,2026-10-01
青,覚悟,名詞,6,2.0,0.56,2026-10-01
青,作戦,名詞,6,2.0,1.83,2026-10-01
青,残骸,名詞,6,2.0,1.83,2026-10-01
青,許す,動詞,6,2.0,-1.14,2026-10-01
青,延びる,動詞,6,2.0,-1.4,2026-10-01
青,つれる,動詞,6,2.0,-0.16,2026-10-01
青,世代,名詞,6,2.0,-0.92,2026-10-01
青,戦士,名詞,6,2.0,-3.71,2026-10-01
青,浅瀬,名詞,6,2.0,3.02,2026-10-01
青,家,名詞,6,2.0,-1.09,2026-10-01
青,はっきり,副詞,6,2.0,1.26,2026-10-01
青,みんな,名詞,6,2.0,-0.79,2026-10-01
青,除く,動詞,6,2.0,0.66,2026-10-01
青,カラデシュ,名詞,6,2.0,2.88,2026-10-01
青,照らす,動詞,6,2.0,0.77,2026-10-01
青,煙,名詞,6,2.0,-0.32,2026-10-01
青,むしろ,副詞,6,2.0,2.0,2026-10-01
青,狩り,名詞,6,2.0,-2.35,2026-10-01
青,たどる,動詞,6,2.0,1.13,2026-10-01
青,底,名詞,6,2.0,1.53,2026-10-01
青,振る,動詞,6,2.0,-0.97,2026-10-01
青,征服,名詞,6,2.0,-0.39,2026-10-01
青,理想,名詞,6,2.0,0.17,2026-10-01
青,値,名詞,6,2.0,0.27,2026-10-01
青,たいてい,副詞,6,2.0,1.83,2026-10-01
青,移動,名詞,6,2.0,0.17,2026-10-01
青,何故,副詞,6,2.0,2.0,2026-10-01
青,練達,名詞,6,2.0,3.02,2026-10-01
青,回,名詞,6,2.0,0.27,2026-10-01
青,デザイン,名詞,6,2.0,1.01,2026-10-01
青,証拠,名詞,6,2.0,1.26,2026-10-01
青,襲撃,名詞,6,2.0,-0.53,2026-10-01
青,不明,名詞,6,2.0,2.52,2026-10-01
青,逃す,動詞,6,2.0,2.17,2026-10-01
青,馬,名詞,6,2.0,0.0,2026-10-01
青,学生,名詞,6,2.0,3.13,2026-10-01
青,点,名詞,6,2.0,-0.39,2026-10-01
青,警告,名詞,6,2.0,-0.32,2026-10-01
青,呪い,名詞,6,2.0,-1.25,2026-10-01
青,水晶,名詞,6,2.0,1.13,2026-10-01
青,驚異,名詞,6,2.0,2.0,2026-10-01
青,一方,名詞,6,2.0,0.36,2026-10-01
青,原因,名詞,6,2.0,2.52,2026-10-01
青,学問,名詞,6,2.0,3.02,2026-10-01
青,崩れる,動詞,6,2.0,-0.67,2026-10-01
青,栄光,名詞,6,2.0,-2.24,2026-10-01
青,違い,名詞,6,2.0,0.36,2026-10-01
青,冒険,名詞,6,2.0,0.27,2026-10-01
青,起きる,動詞,6,2.0,-0.16,2026-10-01
青,忠誠,名詞,6,2.0,-1.3,2026-10-01
青,構える,動詞,6,2.0,0.89,2026-10-01
青,中身,名詞,6,2.0,1.53,2026-10-01
青,洞察,名詞,6,2.0,2.88,2026-10-01
青,脅威,名詞,6,2.0,-0.97,2026-10-01
青,使える,動詞,6,2.0,0.66,2026-10-01
青,ロック,名詞,6,2.0,1.53,2026-10-01
青,ちらつく,動詞,6,2.0,3.04,2026-10-01
青,暴く,動詞,6,2.0,2.7,2026-10-01
青,発明,名詞,6,2.0,-0.67,2026-10-01
青,かく,動詞,6,2.0,0.56,2026-10-01
青,ミラディン,名詞,6,2.0,-1.4,2026-10-01
青,潮流,名詞,6,2.0,2.88,2026-10-01
青,必ず,副詞,6,2.0,-1.4,2026-10-01
青,防ぐ,動詞,6,2.0,1.53,2026-10-01
青,社,名詞,6,2.0,1.68,2026-10-01
青,意,名詞,6,2.0,1.83,2026-10-01
青,所,名詞,6,2.0,0.89,2026-10-01
青,混乱,名詞,6,2.0,1.53,2026-10-01
青,乱,名詞,6,2.0,1.01,2026-10-01
青,戦,名詞,6,2.0,-1.94,2026-10-01
青,迎える,動詞,6,2.0,-1.59,2026-10-01
青,包む,動詞,6,2.0,0.09,2026-10-01
青,思い,名詞,6,2.0,0.17,2026-10-01
青,怒る,動詞,6,2.0,-1.2,2026-10-01
青,訓練,名詞,6,2.0,-1.45,2026-10-01
青,好奇,名詞,6,2.0,1.26,2026-10-01
青,忍ぶ,動詞,6,2.0,0.66,2026-10-01
青,遊び,名詞,6,2.0,2.52,2026-10-01
青,言える,動詞,6,2.0,-0.08,2026-10-01
青,把握,名詞,6,2.0,3.04,2026-10-01
青,済む,動詞,6,2.0,1.26,2026-10-01
青,馬鹿,名詞,6,2.0,1.01,2026-10-01
青,復讐,名詞,6,2.0,-1.86,2026-10-01
青,孤独,名詞,6,2.0,0.89,2026-10-01
青,さも,副詞,6,2.0,0.66,2026-10-01
青,金,名詞,6,2.0,-0.73,2026-10-01
青,雪,名詞,6,2.0,0.56,2026-10-01
青,女王,名詞,6,2.0,-0.39,2026-10-01
青,うねり,名詞,6,2.0,2.34,2026-10-01
青,釣る,動詞,6,2.0,3.04,2026-10-01
青,野郎,名詞,6,2.0,1.13,2026-10-01
青,おとなしい,形容詞,6,2.0,1.01,2026-10-01
青,刃,名詞,6,2.0,-3.71,2026-10-01
青,神秘,名詞,6,2.0,1.53,2026-10-01
青,死者,名詞,6,2.0,-3.01,2026-10-01
青,死体,名詞,6,2.0,-2.61,2026-10-01
青,構成,名詞,6,2.0,2.52,2026-10-01
青,動かす,動詞,6,2.0,0.46,2026-10-01
青,ホムンクルス,名詞,6,2.0,1.1,2026-10-01
青,いたずら,名詞,6,2.0,1.68,2026-10-01
青,洗う,動詞,6,2.0,2.88,2026-10-01
青,連中,名詞,6,2.0,-0.73,2026-10-01
青,才能,名詞,6,2.0,0.77,2026-10-01
青,突然,副詞,6,2.0,-0.6,2026-10-01
青,好む,動詞,6,2.0,-0.46,2026-10-01
青,機会,名詞,6,2.0,0.17,2026-10-01
青,ウーナ,名詞,6,2.0,2.88,2026-10-01
青,住処,名詞,6,2.0,0.46,2026-10-01
青,傾ける,動詞,6,2.0,2.0,2026-10-01
青,キスキン,名詞,6,2.0,-0.53,2026-10-01
青,なか,名詞,6,2.0,0.77,2026-10-01
青,ゴミ,名詞,6,2.0,2.52,2026-10-01
青,突く,動詞,6,2.0,-1.77,2026-10-01
青,仕掛ける,動詞,6,2.0,1.53,2026-10-01
青,貸す,動詞,6,2.0,0.89,2026-10-01
青,方向,名詞,6,2.0,0.66,2026-10-01
青,法則,名詞,6,2.0,2.0,2026-10-01
青,容易い,形容詞,6,2.0,1.13,2026-10-01
青,ハリマー,名詞,6,2.0,2.7,2026-10-01
青,同時,名詞,6,2.0,-0.46,2026-10-01
青,面,名詞,6,2.0,-0.24,2026-10-01
青,捕食,名詞,6,2.0,-0.97,2026-10-01
青,進歩,名詞,6,2.0,3.13,2026-10-01
青,全員,名詞,6,2.0,-1.5,2026-10-01
青,確認,名詞,6,2.0,2.17,2026-10-01
青,改革,名詞,6,2.0,1.39,2026-10-01
青,もし,副詞,6,2.0,1.26,2026-10-01
青,分かつ,動詞,6,2.0,0.89,2026-10-01
青,勢力,名詞,6,2.0,1.83,2026-10-01
青,備える,動詞,6,2.0,-0.6,2026-10-01
青,天使,名詞,6,2.0,-3.14,2026-10-01
青,少々,名詞,6,2.0,2.0,2026-10-01
青,知覚,名詞,6,2.0,3.02,2026-10-01
青,ニューロック,名詞,6,2.0,3.02,2026-10-01
青,油,名詞,6,2.0,0.77,2026-10-01
青,優雅,名詞,6,2.0,0.66,2026-10-01
青,あまり,副詞,6,2.0,0.46,2026-10-01
青,ギタクシア,名詞,6,2.0,3.02,2026-10-01
青,すでに,副詞,6,2.0,0.0,2026-10-01
青,領土,名詞,6,2.0,1.13,2026-10-01
青,街,名詞,6,2.0,-1.35,2026-10-01
青,雷,名詞,6,2.0,-0.32,2026-10-01
青,勝手に,副詞,6,2.0,2.52,2026-10-01
青,強大,名詞,6,2.0,1.39,2026-10-01
青,名前,名詞,6,2.0,0.0,2026-10-01
青,まったく,副詞,6,2.0,-0.73,2026-10-01
青,専門,名詞,6,2.0,2.7,2026-10-01
青,図書,名詞,6,2.0,2.88,2026-10-01
青,たとえ,副詞,6,2.0,-0.46,2026-10-01
青,キオーラ,名詞,6,2.0,3.02,2026-10-01
青,残響,名詞,6,2.0,2.17,2026-10-01
青,メレティス,名詞,6,2.0,2.34,2026-10-01
青,破滅,名詞,6,2.0,-0.16,2026-10-01
青,用意,名詞,6,2.0,0.77,2026-10-01
青,ジェスカイ,名詞,6,2.0,2.0,2026-10-01
青,大波,名詞,6,2.0,3.13,2026-10-01
青,周囲,名詞,6,2.0,1.01,2026-10-01
青,悪夢,名詞,6,2.0,-0.79,2026-10-01
青,激しい,形容詞,6,2.0,0.0,2026-10-01
青,一家,名詞,6,2.0,0.89,2026-10-01
青,名誉,名詞,5,1.67,-1.81,2026-10-01
青,いずれ,副詞,5,1.67,-0.37,2026-10-01
青,駆ける,動詞,5,1.67,0.59,2026-10-01
青,学院,名詞,5,1.67,2.69,2026-10-01
青,歴史,名詞,5,1.67,-1.39,2026-10-01
青,期,名詞,5,1.67,1.4,2026-10-01
青,詳細,名詞,5,1.67,2.5,2026-10-01
青,操作,名詞,5,1.67,2.69,2026-10-01
青,最強,名詞,5,1.67,-0.29,2026-10-01
青,亀,名詞,5,1.67,2.8,2026-10-01
青,ナム,名詞,5,1.67,1.01,2026-10-01
青,動機,名詞,5,1.67,2.5,2026-10-01
青,震える,動詞,5,1.67,0.71,2026-10-01
青,術士,名詞,5,1.67,-0.21,2026-10-01
青,過程,名詞,5,1.67,2.3,2026-10-01
青,正確,名詞,5,1.67,-0.37,2026-10-01
青,ベンダー,名詞,5,1.67,1.56,2026-10-01
青,あたる,動詞,5,1.67,1.1,2026-10-01
青,見出す,動詞,5,1.67,1.1,2026-10-01
青,周り,名詞,5,1.67,-0.6,2026-10-01
青,鳴く,動詞,5,1.67,1.73,2026-10-01
青,限る,動詞,5,1.67,-0.87,2026-10-01
青,賢い,形容詞,5,1.67,-0.45,2026-10-01
青,歩哨,名詞,5,1.67,1.73,2026-10-01
青,側,名詞,5,1.67,0.06,2026-10-01
青,抱く,動詞,5,1.67,0.16,2026-10-01
青,繰る,動詞,5,1.67,0.83,2026-10-01
青,昨日,名詞,5,1.67,2.69,2026-10-01
青,産物,名詞,5,1.67,2.3,2026-10-01
青,平和,名詞,5,1.67,-2.21,2026-10-01
青,仕える,動詞,5,1.67,-0.99,2026-10-01
青,甲羅,名詞,5,1.67,1.56,2026-10-01
青,ハイフェイ,名詞,5,1.67,2.8,2026-10-01
青,もっとも,副詞,5,1.67,2.3,2026-10-01
青,銀,名詞,5,1.67,0.59,2026-10-01
青,絶対,名詞,5,1.67,-0.8,2026-10-01
青,安らぎ,名詞,5,1.67,1.73,2026-10-01
青,ターランド,名詞,5,1.67,1.01,2026-10-01
青,倒す,動詞,5,1.67,-2.76,2026-10-01
青,虫,名詞,5,1.67,-0.6,2026-10-01
青,取れる,動詞,5,1.67,1.25,2026-10-01
青,兵器,名詞,5,1.67,1.4,2026-10-01
青,空っぽ,名詞,5,1.67,2.1,2026-10-01
青,門,名詞,5,1.67,-0.8,2026-10-01
青,等しい,形容詞,5,1.67,0.47,2026-10-01
青,増える,動詞,5,1.67,-0.37,2026-10-01
青,厄介,名詞,5,1.67,0.83,2026-10-01
青,講義,名詞,5,1.67,2.1,2026-10-01
青,糸,名詞,5,1.67,-1.11,2026-10-01
青,かける,動詞,5,1.67,0.96,2026-10-01
青,生活,名詞,5,1.67,0.59,2026-10-01
青,夢見る,動詞,5,1.67,2.1,2026-10-01
青,プレインズウォーカー,名詞,5,1.67,1.1,2026-10-01
青,ジョイラ,名詞,5,1.67,2.83,2026-10-01
青,約束,名詞,5,1.67,-0.37,2026-10-01
青,喜ぶ,動詞,5,1.67,-1.28,2026-10-01
青,叶う,動詞,5,1.67,1.91,2026-10-01
青,事件,名詞,5,1.67,1.4,2026-10-01
青,天才,名詞,5,1.67,2.3,2026-10-01
青,保管,名詞,5,1.67,2.5,2026-10-01
青,退屈,名詞,5,1.67,1.25,2026-10-01
青,フェアリー,名詞,5,1.67,1.73,2026-10-01
青,エイヴン,名詞,5,1.67,1.91,2026-10-01
青,槍,名詞,5,1.67,-1.72,2026-10-01
青,詰まる,動詞,5,1.67,0.71,2026-10-01
青,重い,形容詞,5,1.67,-0.67,2026-10-01
青,いくら,名詞,5,1.67,1.91,2026-10-01
青,留める,動詞,5,1.67,1.4,2026-10-01
青,予言,名詞,5,1.67,2.5,2026-10-01
青,祖先,名詞,5,1.67,-0.03,2026-10-01
青,無くなる,動詞,5,1.67,2.1,2026-10-01
青,部,名詞,5,1.67,0.83,2026-10-01
青,ちゃんと,副詞,5,1.67,1.91,2026-10-01
青,生涯,名詞,5,1.67,0.06,2026-10-01
青,味わう,動詞,5,1.67,-1.17,2026-10-01
青,護る,動詞,5,1.67,0.83,2026-10-01
青,頭脳,名詞,5,1.67,2.5,2026-10-01
青,働く,動詞,5,1.67,0.26,2026-10-01
青,一言,名詞,5,1.67,1.56,2026-10-01
青,離す,動詞,5,1.67,0.96,2026-10-01
青,助手,名詞,5,1.67,2.3,2026-10-01
青,驚愕,名詞,5,1.67,2.69,2026-10-01
青,使者,名詞,5,1.67,2.1,2026-10-01
青,満たす,動詞,5,1.67,-1.86,2026-10-01
青,事態,名詞,5,1.67,1.4,2026-10-01
青,空間,名詞,5,1.67,1.91,2026-10-01
青,加える,動詞,5,1.67,0.47,2026-10-01
青,計,名詞,5,1.67,1.01,2026-10-01
青,生く,動詞,5,1.67,-0.12,2026-10-01
青,究極,名詞,5,1.67,1.4,2026-10-01
青,ひたすら,副詞,5,1.67,2.5,2026-10-01
青,忍耐,名詞,5,1.67,1.56,2026-10-01
青,眼,名詞,5,1.67,-0.37,2026-10-01
青,網,名詞,5,1.67,1.25,2026-10-01
青,歌う,動詞,5,1.67,-1.49,2026-10-01
青,罪,名詞,5,1.67,-1.33,2026-10-01
青,材料,名詞,5,1.67,1.73,2026-10-01
青,帳,名詞,5,1.67,2.3,2026-10-01
青,散る,動詞,5,1.67,0.71,2026-10-01
青,はじめ,名詞,5,1.67,2.69,2026-10-01
青,さき,名詞,5,1.67,1.4,2026-10-01
青,氷河,名詞,5,1.67,2.3,2026-10-01
青,心臓,名詞,5,1.67,-1.11,2026-10-01
青,制御,名詞,5,1.67,1.4,2026-10-01
青,隔てる,動詞,5,1.67,2.69,2026-10-01
青,一目,名詞,5,1.67,2.3,2026-10-01
青,葉,名詞,5,1.67,-1.33,2026-10-01
青,上空,名詞,5,1.67,0.26,2026-10-01
青,悟り,名詞,5,1.67,2.5,2026-10-01
青,象徴,名詞,5,1.67,0.16,2026-10-01
青,スパイ,名詞,5,1.67,2.69,2026-10-01
青,ネズミ,名詞,5,1.67,-1.23,2026-10-01
青,窓,名詞,5,1.67,1.25,2026-10-01
青,夜中,名詞,5,1.67,0.59,2026-10-01
青,尋ねる,動詞,5,1.67,1.73,2026-10-01
青,程度,名詞,5,1.67,-0.03,2026-10-01
青,部屋,名詞,5,1.67,1.56,2026-10-01
青,実行,名詞,5,1.67,1.91,2026-10-01
青,砂,名詞,5,1.67,0.47,2026-10-01
青,ペット,名詞,5,1.67,0.26,2026-10-01
青,兵,名詞,5,1.67,-1.81,2026-10-01
青,境地,名詞,5,1.67,2.8,2026-10-01
青,ドミナリア,名詞,5,1.67,-0.74,2026-10-01
青,裂け目,名詞,5,1.67,0.06,2026-10-01
青,指,名詞,5,1.67,0.36,2026-10-01
青,棘,名詞,5,1.67,-0.37,2026-10-01
青,鳴らす,動詞,5,1.67,0.06,2026-10-01
青,容赦,名詞,5,1.67,-0.21,2026-10-01
青,美,名詞,5,1.67,-1.23,2026-10-01
青,埋める,動詞,5,1.67,-0.87,2026-10-01
青,土地,名詞,5,1.67,-1.68,2026-10-01
青,脅かす,動詞,5,1.67,-0.21,2026-10-01
青,腹,名詞,5,1.67,-1.05,2026-10-01
青,楽しむ,動詞,5,1.67,-0.52,2026-10-01
青,開発,名詞,5,1.67,2.1,2026-10-01
青,覗く,動詞,5,1.67,2.3,2026-10-01
青,磨く,動詞,5,1.67,1.1,2026-10-01
青,素早い,形容詞,5,1.67,-2.1,2026-10-01
青,結論,名詞,5,1.67,2.69,2026-10-01
青,本物,名詞,5,1.67,1.1,2026-10-01
青,映る,動詞,5,1.67,0.83,2026-10-01
青,水中,名詞,5,1.67,2.83,2026-10-01
青,食べる,動詞,5,1.67,-2.42,2026-10-01
青,信頼,名詞,5,1.67,0.16,2026-10-01
青,数々,名詞,5,1.67,2.5,2026-10-01
青,結界,名詞,5,1.67,1.4,2026-10-01
青,魔女,名詞,5,1.67,-0.29,2026-10-01
青,創造,名詞,5,1.67,-0.93,2026-10-01
青,吸う,動詞,5,1.67,-0.93,2026-10-01
青,肉,名詞,5,1.67,-3.01,2026-10-01
青,隙間,名詞,5,1.67,2.3,2026-10-01
青,金属,名詞,5,1.67,-1.33,2026-10-01
青,エスパー,名詞,5,1.67,1.4,2026-10-01
青,事実,名詞,5,1.67,0.59,2026-10-01
青,評価,名詞,5,1.67,0.96,2026-10-01
青,アヴァシン,名詞,5,1.67,-1.39,2026-10-01
青,決して,副詞,5,1.67,-2.39,2026-10-01
青,運,名詞,5,1.67,1.1,2026-10-01
青,努力,名詞,5,1.67,1.56,2026-10-01
青,観察,名詞,5,1.67,1.73,2026-10-01
青,エムラクール,名詞,5,1.67,1.1,2026-10-01
青,骨,名詞,5,1.67,-3.49,2026-10-01
青,竜,名詞,5,1.67,-0.6,2026-10-01
青,互い,名詞,5,1.67,-1.63,2026-10-01
青,叡智,名詞,5,1.67,2.69,2026-10-01
青,伸ばす,動詞,5,1.67,0.36,2026-10-01
青,方程,名詞,5,1.67,2.5,2026-10-01
青,学,名詞,5,1.67,2.69,2026-10-01
青,形態,名詞,5,1.67,2.69,2026-10-01
青,友,名詞,5,1.67,-1.05,2026-10-01
青,作業,名詞,5,1.67,0.71,2026-10-01
青,渦巻く,動詞,5,1.67,1.4,2026-10-01
青,気付く,動詞,5,1.67,-0.45,2026-10-01
青,墓,名詞,5,1.67,-1.17,2026-10-01
青,帰還,名詞,5,1.67,0.71,2026-10-01
青,きっと,副詞,5,1.67,0.47,2026-10-01
青,グール,名詞,5,1.67,-1.49,2026-10-01
青,帝国,名詞,5,1.67,-1.33,2026-10-01
青,歩,名詞,5,1.67,0.71,2026-10-01
青,持ち主,名詞,5,1.67,0.96,2026-10-01
青,鉄,名詞,5,1.67,-1.23,2026-10-01
青,暴力,名詞,5,1.67,-0.03,2026-10-01
青,脱出,名詞,5,1.67,1.1,2026-10-01
青,予兆,名詞,5,1.67,2.5,2026-10-01
青,トリトン,名詞,5,1.67,2.8,2026-10-01
青,造作,名詞,5,1.67,2.8,2026-10-01
青,到達,名詞,5,1.67,1.56,2026-10-01
青,星々,名詞,5,1.67,1.73,2026-10-01
青,経験,名詞,5,1.67,0.47,2026-10-01
青,瞑想,名詞,5,1.67,2.69,2026-10-01
青,指輪,名詞,5,1.67,0.59,2026-10-01
青,審判,名詞,5,1.67,2.3,2026-10-01
青,市,名詞,5,1.67,0.59,2026-10-01
青,難破,名詞,5,1.67,1.01,2026-10-01
青,ページ,名詞,5,1.67,2.83,2026-10-01
青,多数,名詞,5,1.67,2.3,2026-10-01
青,部分,名詞,5,1.67,0.26,2026-10-01
青,暗闇,名詞,5,1.67,1.25,2026-10-01
青,愛,名詞,5,1.67,-0.37,2026-10-01
青,内,名詞,5,1.67,-0.67,2026-10-01
青,ドワーフ,名詞,5,1.67,-0.6,2026-10-01
青,使用,名詞,5,1.67,2.1,2026-10-01
青,常夜,名詞,5,1.67,2.83,2026-10-01
青,負ける,動詞,5,1.67,0.06,2026-10-01
青,胸,名詞,5,1.67,-0.12,2026-10-01
青,用心,名詞,4,1.33,1.25,2026-10-01
青,不意,名詞,4,1.33,2.28,2026-10-01
青,感情,名詞,4,1.33,0.63,2026-10-01
青,像,名詞,4,1.33,0.63,2026-10-01
青,許可,名詞,4,1.33,0.63,2026-10-01
青,虚空,名詞,4,1.33,1.84,2026-10-01
青,得意,名詞,4,1.33,1.25,2026-10-01
青,発展,名詞,4,1.33,2.54,2026-10-01
青,途中,名詞,4,1.33,2.06,2026-10-01
青,もちろん,副詞,4,1.33,-0.52,2026-10-01
青,玩具,名詞,4,1.33,1.84,2026-10-01
青,潮目,名詞,4,1.33,2.54,2026-10-01
青,学者,名詞,4,1.33,2.06,2026-10-01
青,真似る,動詞,4,1.33,2.48,2026-10-01
青,残酷,名詞,4,1.33,-0.52,2026-10-01
青,並ぶ,動詞,4,1.33,0.03,2026-10-01
青,ハーキル,名詞,4,1.33,nan,2026-10-01
青,傷つける,動詞,4,1.33,0.63,2026-10-01
青,始まり,名詞,4,1.33,-0.96,2026-10-01
青,球,名詞,4,1.33,2.54,2026-10-01
青,未だ,副詞,4,1.33,0.14,2026-10-01
青,つまり,副詞,4,1.33,0.25,2026-10-01
青,最悪,名詞,4,1.33,-0.07,2026-10-01
青,話す,動詞,4,1.33,-0.43,2026-10-01
青,降りる,動詞,4,1.33,0.03,2026-10-01
青,尽きる,動詞,4,1.33,-0.43,2026-10-01
青,好機,名詞,4,1.33,1.84,2026-10-01
青,飢える,動詞,4,1.33,-0.96,2026-10-01
青,陰,名詞,4,1.33,2.54,2026-10-01
青,きもの,名詞,4,1.33,2.06,2026-10-01
青,囲む,動詞,4,1.33,0.03,2026-10-01
青,城,名詞,4,1.33,1.43,2026-10-01
青,重ねる,動詞,4,1.33,2.06,2026-10-01
青,覚める,動詞,4,1.33,2.28,2026-10-01
青,衛兵,名詞,4,1.33,1.63,2026-10-01
青,信じる,動詞,4,1.33,-0.35,2026-10-01
青,異常,名詞,4,1.33,2.54,2026-10-01
青,刹那,名詞,4,1.33,2.54,2026-10-01
青,対価,名詞,4,1.33,0.63,2026-10-01
青,用いる,動詞,4,1.33,-0.67,2026-10-01
青,回廊,名詞,4,1.33,2.54,2026-10-01
青,客,名詞,4,1.33,0.25,2026-10-01
青,世間,名詞,4,1.33,1.84,2026-10-01
青,静寂,名詞,4,1.33,-0.35,2026-10-01
青,そよ風,名詞,4,1.33,2.48,2026-10-01
青,歩き,名詞,4,1.33,2.48,2026-10-01
青,発想,名詞,4,1.33,2.48,2026-10-01
青,貪る,動詞,4,1.33,-1.32,2026-10-01
青,物事,名詞,4,1.33,0.77,2026-10-01
青,本質,名詞,4,1.33,0.37,2026-10-01
青,味,名詞,4,1.33,-0.67,2026-10-01
青,割る,動詞,4,1.33,0.25,2026-10-01
青,苦しむ,動詞,4,1.33,-0.43,2026-10-01
青,様,名詞,4,1.33,0.63,2026-10-01
青,普通,名詞,4,1.33,-0.6,2026-10-01
青,つなぐ,動詞,4,1.33,0.77,2026-10-01
青,帽子,名詞,4,1.33,2.28,2026-10-01
青,繊細,名詞,4,1.33,0.25,2026-10-01
青,行方,名詞,4,1.33,1.84,2026-10-01
青,隅々,名詞,4,1.33,2.54,2026-10-01
青,珊瑚,名詞,4,1.33,nan,2026-10-01
青,マイル,名詞,4,1.33,0.03,2026-10-01
青,鍛える,動詞,4,1.33,-2.1,2026-10-01
青,座る,動詞,4,1.33,1.43,2026-10-01
青,灰,名詞,4,1.33,-1.21,2026-10-01
青,主義,名詞,4,1.33,1.25,2026-10-01
青,たくさん,副詞,4,1.33,0.25,2026-10-01
青,叫び,名詞,4,1.33,-0.26,2026-10-01
青,タイミング,名詞,4,1.33,2.06,2026-10-01
青,外す,動詞,4,1.33,0.77,2026-10-01
青,任せる,動詞,4,1.33,-0.52,2026-10-01
青,予想,名詞,4,1.33,0.5,2026-10-01
青,灯,名詞,4,1.33,1.43,2026-10-01
青,過ち,名詞,4,1.33,0.14,2026-10-01
青,厳しい,形容詞,4,1.33,-0.35,2026-10-01
青,英知,名詞,4,1.33,2.48,2026-10-01
青,賭け,名詞,4,1.33,2.28,2026-10-01
青,とにかく,副詞,4,1.33,0.03,2026-10-01
青,絞る,動詞,4,1.33,1.84,2026-10-01
青,アイデア,名詞,4,1.33,2.06,2026-10-01
青,探求,名詞,4,1.33,2.06,2026-10-01
青,干満,名詞,4,1.33,nan,2026-10-01
青,利く,動詞,4,1.33,1.08,2026-10-01
青,ゆっくり,副詞,4,1.33,-0.67,2026-10-01
青,借りる,動詞,4,1.33,2.06,2026-10-01
青,おかしい,形容詞,4,1.33,0.92,2026-10-01
青,狭い,形容詞,4,1.33,1.84,2026-10-01
青,放浪,名詞,4,1.33,-0.43,2026-10-01
青,種,名詞,4,1.33,-2.18,2026-10-01
青,商人,名詞,4,1.33,0.25,2026-10-01
青,絶える,動詞,4,1.33,-0.07,2026-10-01
青,クラーケン,名詞,4,1.33,2.54,2026-10-01
青,食料,名詞,4,1.33,0.63,2026-10-01
青,ヴィーアシーノ,名詞,4,1.33,1.43,2026-10-01
青,特に,副詞,4,1.33,-0.43,2026-10-01
青,コツ,名詞,4,1.33,1.25,2026-10-01
青,種類,名詞,4,1.33,0.5,2026-10-01
青,とこ,名詞,4,1.33,1.63,2026-10-01
青,遊牧,名詞,4,1.33,0.5,2026-10-01
青,メフィドロス,名詞,4,1.33,0.92,2026-10-01
青,社会,名詞,4,1.33,-0.07,2026-10-01
青,メッセージ,名詞,4,1.33,1.43,2026-10-01
青,機能,名詞,4,1.33,1.08,2026-10-01
青,決まる,動詞,4,1.33,0.25,2026-10-01
青,昇る,動詞,4,1.33,-0.89,2026-10-01
青,感謝,名詞,4,1.33,0.25,2026-10-01
青,管理,名詞,4,1.33,0.37,2026-10-01
青,芸術,名詞,4,1.33,0.03,2026-10-01
青,眺める,動詞,4,1.33,0.14,2026-10-01
青,問う,動詞,4,1.33,-0.07,2026-10-01
青,遠い,形容詞,4,1.33,-0.43,2026-10-01
青,痛む,動詞,4,1.33,1.63,2026-10-01
青,進める,動詞,4,1.33,1.25,2026-10-01
青,形作る,動詞,4,1.33,1.43,2026-10-01
青,境,名詞,4,1.33,1.63,2026-10-01
青,最中,名詞,4,1.33,0.77,2026-10-01
青,欺瞞,名詞,4,1.33,1.43,2026-10-01
青,以来,名詞,4,1.33,0.63,2026-10-01
青,繋がり,名詞,4,1.33,0.25,2026-10-01
青,増す,動詞,4,1.33,-0.26,2026-10-01
青,叫び声,名詞,4,1.33,-0.75,2026-10-01
青,涙,名詞,4,1.33,0.14,2026-10-01
青,雪解け,名詞,4,1.33,2.28,2026-10-01
青,止まる,動詞,4,1.33,-0.89,2026-10-01
青,世,名詞,4,1.33,0.77,2026-10-01
青,現す,動詞,4,1.33,0.37,2026-10-01
青,模倣,名詞,4,1.33,0.92,2026-10-01
青,巻物,名詞,4,1.33,0.92,2026-10-01
青,装置,名詞,4,1.33,1.08,2026-10-01
青,青銅,名詞,4,1.33,2.28,2026-10-01
青,固形,名詞,4,1.33,nan,2026-10-01
青,ひどい,形容詞,4,1.33,-0.35,2026-10-01
青,印象,名詞,4,1.33,1.08,2026-10-01
青,市場,名詞,4,1.33,0.14,2026-10-01
青,跡,名詞,4,1.33,0.5,2026-10-01
青,住まう,動詞,4,1.33,-0.17,2026-10-01
青,行動,名詞,4,1.33,-1.26,2026-10-01
青,歯,名詞,4,1.33,-1.53,2026-10-01
青,なるほど,副詞,4,1.33,2.28,2026-10-01
青,でたらめ,名詞,4,1.33,2.54,2026-10-01
青,矛盾,名詞,4,1.33,1.84,2026-10-01
青,なす,動詞,4,1.33,0.5,2026-10-01
青,ゆえ,名詞,4,1.33,-0.52,2026-10-01
青,行い,名詞,4,1.33,0.03,2026-10-01
青,規模,名詞,4,1.33,2.06,2026-10-01
青,全力,名詞,4,1.33,0.63,2026-10-01
青,獣,名詞,4,1.33,-3.01,2026-10-01
青,割れる,動詞,4,1.33,1.43,2026-10-01
青,構造,名詞,4,1.33,1.08,2026-10-01
青,軽い,形容詞,4,1.33,0.92,2026-10-01
青,力強い,形容詞,4,1.33,1.25,2026-10-01
青,温かい,形容詞,4,1.33,1.63,2026-10-01
青,熱,名詞,4,1.33,-1.21,2026-10-01
青,基盤,名詞,4,1.33,2.06,2026-10-01
青,阻む,動詞,4,1.33,1.08,2026-10-01
青,遭う,動詞,4,1.33,0.77,2026-10-01
青,海水,名詞,4,1.33,nan,2026-10-01
青,大抵,副詞,4,1.33,0.03,2026-10-01
青,兆し,名詞,4,1.33,1.63,2026-10-01
青,繁栄,名詞,4,1.33,0.37,2026-10-01
青,幻想,名詞,4,1.33,2.48,2026-10-01
青,生者,名詞,4,1.33,0.14,2026-10-01
青,壊す,動詞,4,1.33,-1.58,2026-10-01
青,比べる,動詞,4,1.33,-0.43,2026-10-01
青,酷い,形容詞,4,1.33,1.84,2026-10-01
青,捕らえる,動詞,4,1.33,-1.21,2026-10-01
青,結末,名詞,4,1.33,1.63,2026-10-01
青,ローウィン,名詞,4,1.33,0.03,2026-10-01
青,欠片,名詞,4,1.33,1.08,2026-10-01
青,輪,名詞,4,1.33,0.5,2026-10-01
青,果て,名詞,4,1.33,0.92,2026-10-01
青,美味,名詞,4,1.33,1.25,2026-10-01
青,面白い,形容詞,4,1.33,0.37,2026-10-01
青,雇う,動詞,4,1.33,0.77,2026-10-01
青,ご馳走,名詞,4,1.33,1.25,2026-10-01
青,噂話,名詞,4,1.33,nan,2026-10-01
青,夕食,名詞,4,1.33,1.25,2026-10-01
青,魅力,名詞,4,1.33,0.5,2026-10-01
青,悪戯,名詞,4,1.33,0.77,2026-10-01
青,下ろす,動詞,4,1.33,0.5,2026-10-01
青,鱗,名詞,4,1.33,-0.43,2026-10-01
青,よそ者,名詞,4,1.33,0.77,2026-10-01
青,住人,名詞,4,1.33,0.25,2026-10-01
青,慈悲,名詞,4,1.33,-1.15,2026-10-01
青,うち,名詞,4,1.33,-2.43,2026-10-01
青,巡回,名詞,4,1.33,-0.17,2026-10-01
青,絶え間,名詞,4,1.33,0.77,2026-10-01
青,答える,動詞,4,1.33,-0.52,2026-10-01
青,契約,名詞,4,1.33,0.25,2026-10-01
青,しばしば,副詞,4,1.33,-0.43,2026-10-01
青,矢,名詞,4,1.33,-2.32,2026-10-01
青,歩む,動詞,4,1.33,-1.02,2026-10-01
青,寺院,名詞,4,1.33,0.63,2026-10-01
青,境界,名詞,4,1.33,0.25,2026-10-01
青,狼,名詞,4,1.33,-1.94,2026-10-01
青,岸辺,名詞,4,1.33,2.54,2026-10-01
青,穢す,動詞,4,1.33,1.84,2026-10-01
青,岸,名詞,4,1.33,1.63,2026-10-01
青,捻じる,動詞,4,1.33,1.25,2026-10-01
青,原初,名詞,4,1.33,2.06,2026-10-01
青,人物,名詞,4,1.33,0.03,2026-10-01
青,穴,名詞,4,1.33,-0.52,2026-10-01
青,形成,名詞,4,1.33,0.92,2026-10-01
青,魁渡,名詞,4,1.33,2.06,2026-10-01
青,実体,名詞,4,1.33,2.48,2026-10-01
青,繁殖,名詞,4,1.33,1.08,2026-10-01
青,使命,名詞,4,1.33,-0.07,2026-10-01
青,金庫,名詞,4,1.33,2.28,2026-10-01
青,速い,形容詞,4,1.33,-0.96,2026-10-01
青,滅ぼす,動詞,4,1.33,0.14,2026-10-01
青,表面,名詞,4,1.33,1.63,2026-10-01
青,嬉しい,形容詞,4,1.33,1.25,2026-10-01
青,怖い,形容詞,4,1.33,-0.89,2026-10-01
青,高波,名詞,4,1.33,nan,2026-10-01
青,束の間,名詞,4,1.33,nan,2026-10-01
青,村人,名詞,4,1.33,0.25,2026-10-01
青,核,名詞,4,1.33,0.92,2026-10-01
青,任務,名詞,4,1.33,0.37,2026-10-01
青,イニストラード,名詞,4,1.33,-1.08,2026-10-01
青,沈める,動詞,4,1.33,1.84,2026-10-01
青,軍隊,名詞,4,1.33,-1.08,2026-10-01
青,計算,名詞,4,1.33,1.63,2026-10-01
青,埋もれる,動詞,4,1.33,1.08,2026-10-01
青,認める,動詞,4,1.33,-0.82,2026-10-01
青,射手,名詞,4,1.33,-0.07,2026-10-01
青,貝,名詞,4,1.33,nan,2026-10-01
青,制約,名詞,4,1.33,2.48,2026-10-01
青,飛べる,動詞,4,1.33,1.84,2026-10-01
青,オグロール,名詞,4,1.33,nan,2026-10-01
青,解ける,動詞,4,1.33,1.84,2026-10-01
青,笑い声,名詞,4,1.33,0.92,2026-10-01
青,文字,名詞,4,1.33,1.08,2026-10-01
青,恐れ,名詞,4,1.33,-0.96,2026-10-01
青,台,名詞,4,1.33,1.43,2026-10-01
青,部品,名詞,4,1.33,1.84,2026-10-01
青,幽霊,名詞,4,1.33,1.84,2026-10-01
青,丘,名詞,4,1.33,0.5,2026-10-01
青,聖戦,名詞,4,1.33,-0.35,2026-10-01
青,一息,名詞,4,1.33,1.63,2026-10-01
青,遅い,形容詞,4,1.33,0.77,2026-10-01
青,乾く,動詞,4,1.33,0.77,2026-10-01
青,記す,動詞,4,1.33,0.92,2026-10-01
青,目の当たり,名詞,4,1.33,0.37,2026-10-01
青,連合,名詞,4,1.33,-0.07,2026-10-01
青,嫌い,名詞,4,1.33,1.43,2026-10-01
青,繋ぐ,動詞,4,1.33,1.43,2026-10-01
青,軍,名詞,4,1.33,-2.14,2026-10-01
青,タルキール,名詞,4,1.33,-0.26,2026-10-01
青,自我,名詞,4,1.33,2.06,2026-10-01
青,ナーセット,名詞,4,1.33,2.28,2026-10-01
青,冷静,名詞,4,1.33,1.84,2026-10-01
青,花,名詞,4,1.33,-1.26,2026-10-01
青,会話,名詞,4,1.33,2.28,2026-10-01
青,告げる,動詞,4,1.33,-0.07,2026-10-01
青,到来,名詞,4,1.33,0.37,2026-10-01
青,強化,名詞,4,1.33,0.77,2026-10-01
青,大半,名詞,4,1.33,1.25,2026-10-01
青,チャンス,名詞,4,1.33,0.77,2026-10-01
青,表現,名詞,4,1.33,1.63,2026-10-01
青,誤る,動詞,4,1.33,1.84,2026-10-01
青,鎮める,動詞,4,1.33,0.63,2026-10-01
青,問い,名詞,4,1.33,2.28,2026-10-01
青,さぞ,副詞,4,1.33,2.54,2026-10-01
青,実践,名詞,4,1.33,2.06,2026-10-01
青,直ちに,副詞,4,1.33,2.28,2026-10-01
青,市民,名詞,4,1.33,0.25,2026-10-01
青,以つ,動詞,4,1.33,0.77,2026-10-01
青,比類,名詞,4,1.33,2.28,2026-10-01
青,眺め,名詞,4,1.33,2.28,2026-10-01
青,無謀,名詞,4,1.33,1.25,2026-10-01
青,都合,名詞,4,1.33,1.84,2026-10-01
青,侍臣,名詞,4,1.33,0.25,2026-10-01
青,最良,名詞,4,1.33,1.08,2026-10-01
青,一門,名詞,4,1.33,0.37,2026-10-01
青,年月,名詞,4,1.33,0.25,2026-10-01
青,棟,名詞,4,1.33,nan,2026-10-01
青,水没,名詞,4,1.33,nan,2026-10-01
青,じっと,副詞,4,1.33,0.77,2026-10-01
青,印,名詞,4,1.33,-0.26,2026-10-01
青,街路,名詞,4,1.33,0.37,2026-10-01
青,測る,動詞,4,1.33,2.06,2026-10-01
青,層,名詞,4,1.33,1.84,2026-10-01
青,地下,名詞,4,1.33,-0.82,2026-10-01
青,チーム,名詞,4,1.33,1.08,2026-10-01
青,変,名詞,4,1.33,2.54,2026-10-01
青,木々,名詞,4,1.33,-1.26,2026-10-01
青,たぶん,副詞,4,1.33,1.84,2026-10-01
青,ヴェール,名詞,4,1.33,1.43,2026-10-01
青,荒らす,動詞,4,1.33,0.92,2026-10-01
青,モルドール,名詞,4,1.33,2.06,2026-10-01
青,館,名詞,4,1.33,1.25,2026-10-01
青,まえ,名詞,4,1.33,0.03,2026-10-01
青,財宝,名詞,4,1.33,1.43,2026-10-01
青,微笑む,動詞,4,1.33,1.25,2026-10-01
青,埃,名詞,4,1.33,0.92,2026-10-01
青,寒い,形容詞,4,1.33,0.25,2026-10-01
青,死後,名詞,4,1.33,-0.43,2026-10-01
青,奥底,名詞,4,1.33,1.84,2026-10-01
青,ヒーロー,名詞,4,1.33,0.77,2026-10-01
青,巡る,動詞,4,1.33,0.5,2026-10-01
青,侵攻,名詞,4,1.33,-0.35,2026-10-01
青,象形,名詞,4,1.33,1.84,2026-10-01
青,細部,名詞,4,1.33,2.06,2026-10-01
青,渇望,名詞,4,1.33,-0.6,2026-10-01
青,集結,名詞,4,1.33,2.06,2026-10-01
青,戦術,名詞,3,1.0,-0.92,2026-10-01
青,鷹,名詞,3,1.0,1.3,2026-10-01
青,暴君,名詞,3,1.0,-0.22,2026-10-01
青,波動,名詞,3,1.0,nan,2026-10-01
青,頭上,名詞,3,1.0,0.12,2026-10-01
青,化け物,名詞,3,1.0,-0.12,2026-10-01
青,カルトーシュ,名詞,3,1.0,2.04,2026-10-01
青,修正,名詞,3,1.0,1.78,2026-10-01
青,大気,名詞,3,1.0,1.08,2026-10-01
青,つながる,動詞,3,1.0,0.39,2026-10-01
青,似合い,名詞,3,1.0,nan,2026-10-01
青,規則,名詞,3,1.0,0.71,2026-10-01
青,配置,名詞,3,1.0,0.89,2026-10-01
青,敬意,名詞,3,1.0,-0.42,2026-10-01
青,例外,名詞,3,1.0,0.25,2026-10-01
青,被害,名詞,3,1.0,-0.61,2026-10-01
青,しく,動詞,3,1.0,nan,2026-10-01
青,保存,名詞,3,1.0,1.78,2026-10-01
青,概念,名詞,3,1.0,1.3,2026-10-01
青,牙,名詞,3,1.0,-1.82,2026-10-01
青,手元,名詞,3,1.0,1.08,2026-10-01
青,狩人,名詞,3,1.0,-2.39,2026-10-01
青,そもそも,名詞,3,1.0,0.39,2026-10-01
青,下界,名詞,3,1.0,nan,2026-10-01
青,裂く,動詞,3,1.0,-2.22,2026-10-01
青,目指す,動詞,3,1.0,0.39,2026-10-01
青,ホマリッド,名詞,3,1.0,nan,2026-10-01
青,誘う,動詞,3,1.0,0.12,2026-10-01
青,長年,名詞,3,1.0,0.25,2026-10-01
青,海上,名詞,3,1.0,nan,2026-10-01
青,忌まわしい,形容詞,3,1.0,-0.33,2026-10-01
青,ディールク,名詞,3,1.0,nan,2026-10-01
青,盾,名詞,3,1.0,-2.39,2026-10-01
青,日誌,名詞,3,1.0,0.25,2026-10-01
青,行為,名詞,3,1.0,-1.19,2026-10-01
青,断ずる,動詞,3,1.0,nan,2026-10-01
青,哲人,名詞,3,1.0,1.08,2026-10-01
青,吹雪,名詞,3,1.0,1.3,2026-10-01
青,夜空,名詞,3,1.0,0.89,2026-10-01
青,フクロウ,名詞,3,1.0,nan,2026-10-01
青,決定,名詞,3,1.0,1.08,2026-10-01
青,公平,名詞,3,1.0,1.3,2026-10-01
青,役割,名詞,3,1.0,0.0,2026-10-01
青,神話,名詞,3,1.0,0.55,2026-10-01
青,トン,名詞,3,1.0,nan,2026-10-01
青,もつ,動詞,3,1.0,-2.11,2026-10-01
青,次第,名詞,3,1.0,-1.25,2026-10-01
青,洞窟,名詞,3,1.0,-1.06,2026-10-01
青,同じく,副詞,3,1.0,-0.12,2026-10-01
青,フサン,名詞,3,1.0,nan,2026-10-01
青,解放,名詞,3,1.0,-1.53,2026-10-01
青,重力,名詞,3,1.0,1.08,2026-10-01
青,敵対,名詞,3,1.0,0.71,2026-10-01
青,疑惑,名詞,3,1.0,nan,2026-10-01
青,かぎり,名詞,3,1.0,-1.31,2026-10-01
青,しがみつく,動詞,3,1.0,0.89,2026-10-01
青,魅惑,名詞,3,1.0,nan,2026-10-01
青,飛翔,名詞,3,1.0,1.53,2026-10-01
青,脇,名詞,3,1.0,1.53,2026-10-01
青,気流,名詞,3,1.0,2.04,2026-10-01
青,エサ,名詞,3,1.0,0.0,2026-10-01
青,想う,動詞,3,1.0,nan,2026-10-01
青,欠陥,名詞,3,1.0,2.04,2026-10-01
青,致命,名詞,3,1.0,-0.12,2026-10-01
青,不安,名詞,3,1.0,0.89,2026-10-01
青,呑む,動詞,3,1.0,0.55,2026-10-01
青,そのまま,名詞,3,1.0,0.25,2026-10-01
青,大勢,名詞,3,1.0,0.0,2026-10-01
青,緊急,名詞,3,1.0,1.53,2026-10-01
青,飼う,動詞,3,1.0,-0.61,2026-10-01
青,疲れる,動詞,3,1.0,0.12,2026-10-01
青,一杯,名詞,3,1.0,1.08,2026-10-01
青,相対,名詞,3,1.0,1.3,2026-10-01
青,ウルザ,名詞,3,1.0,-0.52,2026-10-01
青,ひらめき,名詞,3,1.0,2.04,2026-10-01
青,歪む,動詞,3,1.0,0.0,2026-10-01
青,防備,名詞,3,1.0,0.25,2026-10-01
青,領域,名詞,3,1.0,0.12,2026-10-01
青,知らす,動詞,3,1.0,1.78,2026-10-01
青,縄張り,名詞,3,1.0,-1.68,2026-10-01
青,断つ,動詞,3,1.0,0.25,2026-10-01
青,はためく,動詞,3,1.0,1.78,2026-10-01
青,番,名詞,3,1.0,-1.58,2026-10-01
青,優先,名詞,3,1.0,1.53,2026-10-01
青,羽目,名詞,3,1.0,1.78,2026-10-01
青,騎手,名詞,3,1.0,1.3,2026-10-01
青,落下,名詞,3,1.0,0.71,2026-10-01
青,軍団,名詞,3,1.0,-2.07,2026-10-01
青,争う,動詞,3,1.0,1.3,2026-10-01
青,リスト,名詞,3,1.0,2.04,2026-10-01
青,砂漠,名詞,3,1.0,-1.31,2026-10-01
青,友達,名詞,3,1.0,-0.33,2026-10-01
青,わずか,副詞,3,1.0,1.3,2026-10-01
青,かかわる,動詞,3,1.0,0.25,2026-10-01
青,水底,名詞,3,1.0,2.04,2026-10-01
青,練習,名詞,3,1.0,0.25,2026-10-01
青,忙しい,形容詞,3,1.0,1.78,2026-10-01
青,明滅,名詞,3,1.0,nan,2026-10-01
青,恩恵,名詞,3,1.0,0.71,2026-10-01
青,消失,名詞,3,1.0,2.04,2026-10-01
青,浮かべる,動詞,3,1.0,0.12,2026-10-01
青,麻痺,名詞,3,1.0,1.3,2026-10-01
青,疫病,名詞,3,1.0,-0.33,2026-10-01
青,喜び,名詞,3,1.0,-1.37,2026-10-01
青,フット,名詞,3,1.0,1.78,2026-10-01
青,拡大,名詞,3,1.0,0.55,2026-10-01
青,関心,名詞,3,1.0,0.55,2026-10-01
青,渡す,動詞,3,1.0,-0.77,2026-10-01
青,達する,動詞,3,1.0,-0.33,2026-10-01
青,愚か者,名詞,3,1.0,-1.19,2026-10-01
青,波紋,名詞,3,1.0,nan,2026-10-01
青,標本,名詞,3,1.0,1.53,2026-10-01
青,眼差し,名詞,3,1.0,0.25,2026-10-01
青,畏敬,名詞,3,1.0,1.3,2026-10-01
青,不可思議,名詞,3,1.0,nan,2026-10-01
青,自己,名詞,3,1.0,-0.61,2026-10-01
青,揺らめく,動詞,3,1.0,1.3,2026-10-01
青,強制,名詞,3,1.0,1.53,2026-10-01
青,呪,名詞,3,1.0,1.78,2026-10-01
青,文書,名詞,3,1.0,2.04,2026-10-01
青,無傷,名詞,3,1.0,1.78,2026-10-01
青,偽物,名詞,3,1.0,1.78,2026-10-01
青,島,名詞,3,1.0,1.08,2026-10-01
青,スリヴァー,名詞,3,1.0,-1.58,2026-10-01
青,彫る,動詞,3,1.0,1.3,2026-10-01
青,食欲,名詞,3,1.0,0.39,2026-10-01
青,礼,名詞,3,1.0,0.89,2026-10-01
青,商う,動詞,3,1.0,nan,2026-10-01
青,支える,動詞,3,1.0,-0.12,2026-10-01
青,活性,名詞,3,1.0,nan,2026-10-01
青,蛾,名詞,3,1.0,0.71,2026-10-01
青,通貨,名詞,3,1.0,1.53,2026-10-01
青,遥か,副詞,3,1.0,-0.52,2026-10-01
青,唱える,動詞,3,1.0,0.0,2026-10-01
青,ジャビー,名詞,3,1.0,nan,2026-10-01
青,シルンディ,名詞,3,1.0,nan,2026-10-01
青,メムナーク,名詞,3,1.0,0.89,2026-10-01
青,活動,名詞,3,1.0,0.71,2026-10-01
青,思想,名詞,3,1.0,1.78,2026-10-01
青,商売,名詞,3,1.0,0.71,2026-10-01
青,楽,名詞,3,1.0,0.39,2026-10-01
青,樹,名詞,3,1.0,-1.91,2026-10-01
青,成長,名詞,3,1.0,-2.72,2026-10-01
青,低い,形容詞,3,1.0,0.55,2026-10-01
青,文明,名詞,3,1.0,-1.13,2026-10-01
青,幻視,名詞,3,1.0,0.25,2026-10-01
青,漂う,動詞,3,1.0,0.12,2026-10-01
青,革新,名詞,3,1.0,1.08,2026-10-01
青,数える,動詞,3,1.0,-1.06,2026-10-01
青,眼下,名詞,3,1.0,1.08,2026-10-01
青,名残,名詞,3,1.0,2.04,2026-10-01
青,存ずる,動詞,3,1.0,nan,2026-10-01
青,贅,名詞,3,1.0,2.04,2026-10-01
青,あざみ,名詞,3,1.0,nan,2026-10-01
青,書簡,名詞,3,1.0,nan,2026-10-01
青,妄想,名詞,3,1.0,1.78,2026-10-01
青,教え,名詞,3,1.0,-0.52,2026-10-01
青,生,名詞,3,1.0,-2.67,2026-10-01
青,死す,動詞,3,1.0,-1.63,2026-10-01
青,航海,名詞,3,1.0,0.71,2026-10-01
青,倍,名詞,3,1.0,-0.77,2026-10-01
青,玻璃,名詞,3,1.0,nan,2026-10-01
青,陥る,動詞,3,1.0,0.25,2026-10-01
青,貫く,動詞,3,1.0,-1.13,2026-10-01
青,着る,動詞,3,1.0,0.12,2026-10-01
青,編む,動詞,3,1.0,-0.22,2026-10-01
青,集まる,動詞,3,1.0,-1.19,2026-10-01
青,露,名詞,3,1.0,nan,2026-10-01
青,草,名詞,3,1.0,0.55,2026-10-01
青,若い,形容詞,3,1.0,-0.85,2026-10-01
青,書庫,名詞,3,1.0,nan,2026-10-01
青,入り口,名詞,3,1.0,0.89,2026-10-01
青,設計,名詞,3,1.0,0.89,2026-10-01
青,減らす,動詞,3,1.0,2.04,2026-10-01
青,弱点,名詞,3,1.0,0.0,2026-10-01
青,触手,名詞,3,1.0,1.3,2026-10-01
青,生来,名詞,3,1.0,nan,2026-10-01
青,危機,名詞,3,1.0,-0.22,2026-10-01
青,忘却,名詞,3,1.0,-0.42,2026-10-01
青,悪魔,名詞,3,1.0,-2.7,2026-10-01
青,決闘,名詞,3,1.0,-0.22,2026-10-01
青,欲する,動詞,3,1.0,1.78,2026-10-01
青,システム,名詞,3,1.0,1.78,2026-10-01
青,掌握,名詞,3,1.0,1.78,2026-10-01
青,ダスクモーン,名詞,3,1.0,1.3,2026-10-01
青,抗う,動詞,3,1.0,-0.69,2026-10-01
青,絶望,名詞,3,1.0,-1.19,2026-10-01
青,交渉,名詞,3,1.0,-0.12,2026-10-01
青,魔,名詞,3,1.0,0.39,2026-10-01
青,数字,名詞,3,1.0,nan,2026-10-01
青,移ろう,動詞,3,1.0,1.78,2026-10-01
青,細工,名詞,3,1.0,0.89,2026-10-01
青,粒,名詞,3,1.0,1.78,2026-10-01
青,熟練,名詞,3,1.0,1.3,2026-10-01
青,時期,名詞,3,1.0,-0.12,2026-10-01
青,通過,名詞,3,1.0,0.71,2026-10-01
青,イメージ,名詞,3,1.0,nan,2026-10-01
青,たとえば,副詞,3,1.0,nan,2026-10-01
青,競争,名詞,3,1.0,0.39,2026-10-01
青,イスペリア,名詞,3,1.0,1.78,2026-10-01
青,後ろ,名詞,3,1.0,-0.77,2026-10-01
青,味方,名詞,3,1.0,-1.13,2026-10-01
青,洪水,名詞,3,1.0,1.78,2026-10-01
青,霧氷,名詞,3,1.0,1.08,2026-10-01
青,分断,名詞,3,1.0,2.04,2026-10-01
青,交じる,動詞,3,1.0,2.04,2026-10-01
青,極寒,名詞,3,1.0,2.04,2026-10-01
青,原始,名詞,3,1.0,0.71,2026-10-01
青,頂点,名詞,3,1.0,-0.42,2026-10-01
青,無知,名詞,3,1.0,2.04,2026-10-01
青,巻,名詞,3,1.0,1.3,2026-10-01
青,冷気,名詞,3,1.0,nan,2026-10-01
青,負荷,名詞,3,1.0,nan,2026-10-01
青,ものすごい,形容詞,3,1.0,1.08,2026-10-01
青,理屈,名詞,3,1.0,1.78,2026-10-01
青,チャンイ,名詞,3,1.0,nan,2026-10-01
青,挑戦,名詞,3,1.0,1.3,2026-10-01
青,針,名詞,3,1.0,0.55,2026-10-01
青,滑る,動詞,3,1.0,0.71,2026-10-01
青,勤勉,名詞,3,1.0,2.04,2026-10-01
青,狭間,名詞,3,1.0,nan,2026-10-01
青,重苦しい,形容詞,3,1.0,nan,2026-10-01
青,鶏,名詞,3,1.0,nan,2026-10-01
青,雰囲気,名詞,3,1.0,nan,2026-10-01
青,馬鹿馬鹿しい,形容詞,3,1.0,nan,2026-10-01
青,本能,名詞,3,1.0,-1.53,2026-10-01
青,仔,名詞,3,1.0,1.08,2026-10-01
青,作用,名詞,3,1.0,1.78,2026-10-01
青,文化,名詞,3,1.0,1.08,2026-10-01
青,回す,動詞,3,1.0,-0.52,2026-10-01
青,熟知,名詞,3,1.0,2.04,2026-10-01
青,提供,名詞,3,1.0,0.89,2026-10-01
青,赴く,動詞,3,1.0,0.71,2026-10-01
青,仮面,名詞,3,1.0,0.0,2026-10-01
青,否定,名詞,3,1.0,0.55,2026-10-01
青,歯車,名詞,3,1.0,2.04,2026-10-01
青,勝者,名詞,3,1.0,2.04,2026-10-01
青,自信,名詞,3,1.0,0.12,2026-10-01
青,泉,名詞,3,1.0,1.53,2026-10-01
青,かなう,動詞,3,1.0,1.3,2026-10-01
青,壊滅,名詞,3,1.0,0.39,2026-10-01
青,大海,名詞,3,1.0,nan,2026-10-01
青,替える,動詞,3,1.0,1.3,2026-10-01
青,音楽,名詞,3,1.0,0.89,2026-10-01
青,創る,動詞,3,1.0,0.12,2026-10-01
青,裏切り,名詞,3,1.0,-0.33,2026-10-01
青,きちんと,副詞,3,1.0,2.04,2026-10-01
青,生息,名詞,3,1.0,0.55,2026-10-01
青,レンズ,名詞,3,1.0,nan,2026-10-01
青,集団,名詞,3,1.0,0.0,2026-10-01
青,争い,名詞,3,1.0,-0.99,2026-10-01
青,変わり身,名詞,3,1.0,0.71,2026-10-01
青,水流,名詞,3,1.0,nan,2026-10-01
青,浴びる,動詞,3,1.0,0.89,2026-10-01
青,返る,動詞,3,1.0,-0.92,2026-10-01
青,技法,名詞,3,1.0,nan,2026-10-01
青,大変,副詞,3,1.0,nan,2026-10-01
青,再現,名詞,3,1.0,2.04,2026-10-01
青,だめ,名詞,3,1.0,0.39,2026-10-01
青,支払う,動詞,3,1.0,-0.61,2026-10-01
青,本気,名詞,3,1.0,1.3,2026-10-01
青,砕く,動詞,3,1.0,-1.31,2026-10-01
青,対戦,名詞,3,1.0,nan,2026-10-01
青,ザルファー,名詞,3,1.0,2.04,2026-10-01
青,濡れる,動詞,3,1.0,1.78,2026-10-01
青,留まる,動詞,3,1.0,-0.61,2026-10-01
青,きらめく,動詞,3,1.0,1.3,2026-10-01
青,旗,名詞,3,1.0,1.08,2026-10-01
青,紡ぐ,動詞,3,1.0,0.71,2026-10-01
青,応ずる,動詞,3,1.0,-0.33,2026-10-01
青,残り,名詞,3,1.0,-1.31,2026-10-01
青,たっぷり,副詞,3,1.0,0.39,2026-10-01
青,昼,名詞,3,1.0,0.71,2026-10-01
青,砦,名詞,3,1.0,-1.25,2026-10-01
青,建てる,動詞,3,1.0,0.25,2026-10-01
青,いかに,副詞,3,1.0,0.39,2026-10-01
青,お気に入り,名詞,3,1.0,0.71,2026-10-01
青,大口,名詞,3,1.0,1.53,2026-10-01
青,ローダス,名詞,3,1.0,nan,2026-10-01
青,宣誓,名詞,3,1.0,nan,2026-10-01
青,金線,名詞,3,1.0,2.04,2026-10-01
青,内容,名詞,3,1.0,1.78,2026-10-01
青,バント,名詞,3,1.0,-0.33,2026-10-01
青,仕向ける,動詞,3,1.0,2.04,2026-10-01
青,精鋭,名詞,3,1.0,-0.12,2026-10-01
青,慎重,名詞,3,1.0,0.71,2026-10-01
青,要る,動詞,3,1.0,1.08,2026-10-01
青,杖,名詞,3,1.0,1.3,2026-10-01
青,僧侶,名詞,3,1.0,-1.58,2026-10-01
青,しばらく,副詞,3,1.0,1.08,2026-10-01
青,傾く,動詞,3,1.0,2.04,2026-10-01
青,満つ,動詞,3,1.0,nan,2026-10-01
青,才覚,名詞,3,1.0,nan,2026-10-01
青,伝統,名詞,3,1.0,0.55,2026-10-01
青,ガリルド,名詞,3,1.0,nan,2026-10-01
青,乗せる,動詞,3,1.0,0.71,2026-10-01
青,解決,名詞,3,1.0,-0.12,2026-10-01
青,策,名詞,3,1.0,0.71,2026-10-01
青,クリーチャー,名詞,3,1.0,-0.52,2026-10-01
青,ルール,名詞,3,1.0,1.08,2026-10-01
青,トレス,名詞,3,1.0,nan,2026-10-01
青,ヴァン,名詞,3,1.0,2.04,2026-10-01
青,海門,名詞,3,1.0,0.55,2026-10-01
青,クメーナ,名詞,3,1.0,nan,2026-10-01
青,練る,動詞,3,1.0,1.53,2026-10-01
青,ミゼット,名詞,3,1.0,1.08,2026-10-01
青,ニヴ,名詞,3,1.0,1.08,2026-10-01
青,秩序,名詞,3,1.0,-1.06,2026-10-01
青,飛空,名詞,3,1.0,1.78,2026-10-01
青,不運,名詞,3,1.0,1.08,2026-10-01
青,ウギン,名詞,3,1.0,0.39,2026-10-01
青,教わる,動詞,3,1.0,1.53,2026-10-01
青,数多く,副詞,3,1.0,-0.61,2026-10-01
青,握る,動詞,3,1.0,0.12,2026-10-01
青,解答,名詞,3,1.0,nan,2026-10-01
青,エメリア,名詞,3,1.0,1.3,2026-10-01
青,奥,名詞,3,1.0,0.89,2026-10-01
青,財産,名詞,3,1.0,1.3,2026-10-01
青,魔物,名詞,3,1.0,1.08,2026-10-01
青,唯一,名詞,3,1.0,-1.58,2026-10-01
青,可愛い,形容詞,3,1.0,0.71,2026-10-01
青,箱,名詞,3,1.0,1.08,2026-10-01
青,体験,名詞,3,1.0,1.53,2026-10-01
青,狩る,動詞,3,1.0,-1.91,2026-10-01
青,守護,名詞,3,1.0,-1.48,2026-10-01
青,元素,名詞,3,1.0,2.04,2026-10-01
青,計る,動詞,3,1.0,1.3,2026-10-01
青,構う,動詞,3,1.0,0.39,2026-10-01
青,説明,名詞,3,1.0,0.25,2026-10-01
青,野生,名詞,3,1.0,-2.11,2026-10-01
青,沿岸,名詞,3,1.0,1.78,2026-10-01
青,有する,動詞,3,1.0,1.08,2026-10-01
青,掃除,名詞,3,1.0,1.78,2026-10-01
青,考古,名詞,3,1.0,1.78,2026-10-01
青,ヴリスト,名詞,3,1.0,nan,2026-10-01
青,恥,名詞,3,1.0,0.71,2026-10-01
青,適応,名詞,3,1.0,-0.52,2026-10-01
青,占い師,名詞,3,1.0,1.53,2026-10-01
青,とおり,名詞,3,1.0,1.3,2026-10-01
青,模型,名詞,3,1.0,nan,2026-10-01
青,縁,名詞,3,1.0,0.89,2026-10-01
青,コヴァルト,名詞,3,1.0,nan,2026-10-01
青,勇気,名詞,3,1.0,-2.33,2026-10-01
青,外科,名詞,3,1.0,nan,2026-10-01
青,様子,名詞,3,1.0,-0.61,2026-10-01
青,移植,名詞,3,1.0,nan,2026-10-01
青,報告,名詞,3,1.0,0.25,2026-10-01
青,疑念,名詞,3,1.0,0.55,2026-10-01
青,軌道,名詞,3,1.0,nan,2026-10-01
青,我慢,名詞,3,1.0,-0.69,2026-10-01
青,くだる,動詞,3,1.0,nan,2026-10-01
青,侵略,名詞,3,1.0,-1.87,2026-10-01
青,サルンヴァクス,名詞,3,1.0,nan,2026-10-01
青,際,名詞,3,1.0,0.0,2026-10-01
青,率いる,動詞,3,1.0,-0.33,2026-10-01
青,調和,名詞,3,1.0,-1.31,2026-10-01
青,育つ,動詞,3,1.0,-1.78,2026-10-01
青,組織,名詞,3,1.0,0.25,2026-10-01
青,辞める,動詞,3,1.0,1.78,2026-10-01
青,古え,名詞,3,1.0,1.3,2026-10-01
青,正気,名詞,3,1.0,0.25,2026-10-01
青,苦悩,名詞,3,1.0,-0.33,2026-10-01
青,鼓動,名詞,3,1.0,-0.33,2026-10-01
青,凍てる,動詞,3,1.0,1.53,2026-10-01
青,沈黙,名詞,3,1.0,0.0,2026-10-01
青,含む,動詞,3,1.0,0.89,2026-10-01
青,呼び声,名詞,3,1.0,0.12,2026-10-01
青,教師,名詞,3,1.0,2.04,2026-10-01
青,観客,名詞,3,1.0,0.25,2026-10-01
青,協力,名詞,3,1.0,0.25,2026-10-01
青,慈愛,名詞,3,1.0,nan,2026-10-01
青,宮廷,名詞,3,1.0,1.3,2026-10-01
青,紙,名詞,3,1.0,0.55,2026-10-01
青,ルーン,名詞,3,1.0,0.89,2026-10-01
青,抗える,動詞,3,1.0,2.04,2026-10-01
青,偵察,名詞,3,1.0,1.08,2026-10-01
青,都,名詞,3,1.0,-0.12,2026-10-01
青,フブルスプ,名詞,3,1.0,nan,2026-10-01
青,学び,名詞,3,1.0,1.08,2026-10-01
青,複数,名詞,3,1.0,nan,2026-10-01
青,格子,名詞,3,1.0,0.89,2026-10-01
青,油断,名詞,3,1.0,1.53,2026-10-01
青,伝書,名詞,3,1.0,nan,2026-10-01
青,陽,名詞,3,1.0,-0.92,2026-10-01
青,コイン,名詞,3,1.0,nan,2026-10-01
青,見識,名詞,3,1.0,nan,2026-10-01
青,贈り物,名詞,3,1.0,-1.78,2026-10-01
青,浮遊,名詞,3,1.0,1.53,2026-10-01
青,掘る,動詞,3,1.0,-1.37,2026-10-01
青,迷宮,名詞,3,1.0,0.71,2026-10-01
青,呼吸,名詞,3,1.0,0.0,2026-10-01
青,幸運,名詞,3,1.0,-0.61,2026-10-01
青,物質,名詞,3,1.0,0.55,2026-10-01
青,みな,名詞,3,1.0,-1.43,2026-10-01
青,無理,名詞,3,1.0,0.12,2026-10-01
青,乱れる,動詞,3,1.0,1.08,2026-10-01
青,申す,動詞,3,1.0,1.08,2026-10-01
青,当たる,動詞,3,1.0,0.12,2026-10-01
青,うるさい,形容詞,3,1.0,nan,2026-10-01
青,暗し,形容詞,3,1.0,1.08,2026-10-01
青,朝,名詞,3,1.0,0.0,2026-10-01
青,足跡,名詞,3,1.0,-0.33,2026-10-01
青,探る,動詞,3,1.0,0.89,2026-10-01
青,宮殿,名詞,3,1.0,0.39,2026-10-01
青,長老,名詞,3,1.0,1.08,2026-10-01
青,視点,名詞,3,1.0,1.3,2026-10-01
青,シルムガル,名詞,3,1.0,-0.77,2026-10-01
青,相棒,名詞,3,1.0,-0.22,2026-10-01
青,北方,名詞,3,1.0,1.3,2026-10-01
青,ゴンドール,名詞,3,1.0,1.08,2026-10-01
青,出現,名詞,3,1.0,-0.12,2026-10-01
青,辿る,動詞,3,1.0,0.12,2026-10-01
青,ゲート,名詞,3,1.0,0.25,2026-10-01
青,ウォッチ,名詞,3,1.0,0.39,2026-10-01
青,崇拝,名詞,3,1.0,-0.99,2026-10-01
青,惹く,動詞,3,1.0,-0.33,2026-10-01
青,弟,名詞,3,1.0,1.53,2026-10-01
青,手掛かり,名詞,3,1.0,1.53,2026-10-01
青,もてなし,名詞,3,1.0,nan,2026-10-01
青,一層,副詞,3,1.0,0.55,2026-10-01
青,相応しい,形容詞,3,1.0,-0.33,2026-10-01
青,秋,名詞,3,1.0,1.08,2026-10-01
青,不足,名詞,3,1.0,1.3,2026-10-01
青,家族,名詞,3,1.0,-2.07,2026-10-01
青,バラル,名詞,3,1.0,1.78,2026-10-01
青,チャンドラ,名詞,3,1.0,-1.91,2026-10-01
青,手助け,名詞,3,1.0,1.78,2026-10-01
青,感,名詞,3,1.0,-0.99,2026-10-01
青,遵法,名詞,3,1.0,nan,2026-10-01
青,コレクション,名詞,3,1.0,1.53,2026-10-01
青,未知,名詞,3,1.0,0.55,2026-10-01
青,大工,名詞,3,1.0,nan,2026-10-01
青,レト,名詞,3,1.0,nan,2026-10-01
青,普段,名詞,3,1.0,1.08,2026-10-01
青,刻,名詞,3,1.0,1.53,2026-10-01
青,予見,名詞,3,1.0,1.3,2026-10-01
青,這う,動詞,3,1.0,-0.52,2026-10-01
青,防御,名詞,3,1.0,-0.61,2026-10-01
青,ありがたい,形容詞,3,1.0,0.39,2026-10-01
青,アールンド,名詞,3,1.0,nan,2026-10-01
青,パズル,名詞,3,1.0,nan,2026-10-01
青,いる,動詞,3,1.0,-0.33,2026-10-01
青,ジャングル,名詞,3,1.0,-0.99,2026-10-01
青,木,名詞,3,1.0,-2.83,2026-10-01
青,そう,名詞,3,1.0,0.39,2026-10-01
青,移る,動詞,3,1.0,0.39,2026-10-01
青,警報,名詞,3,1.0,1.53,2026-10-01
青,登る,動詞,3,1.0,-0.77,2026-10-01
青,何物,名詞,3,1.0,0.71,2026-10-01
青,戦慄,名詞,3,1.0,1.78,2026-10-01
青,管区,名詞,3,1.0,0.12,2026-10-01
青,季節,名詞,3,1.0,0.39,2026-10-01
青,もと,名詞,3,1.0,-1.06,2026-10-01
青,居,名詞,3,1.0,0.0,2026-10-01
青,痕跡,名詞,3,1.0,-0.52,2026-10-01
青,北,名詞,3,1.0,0.25,2026-10-01
青,輝き,名詞,3,1.0,-1.06,2026-10-01
青,絆,名詞,3,1.0,-0.85,2026-10-01
青,聖域,名詞,3,1.0,0.89,2026-10-01
青,災厄,名詞,3,1.0,-0.22,2026-10-01
青,富む,動詞,3,1.0,1.78,2026-10-01
青,サメ,名詞,3,1.0,2.04,2026-10-01
青,間欠,名詞,3,1.0,nan,2026-10-01
青,築く,動詞,3,1.0,-0.61,2026-10-01
青,揺るがす,動詞,3,1.0,1.3,2026-10-01
青,噛む,動詞,3,1.0,-1.37,2026-10-01
青,あまり,名詞,3,1.0,1.3,2026-10-01
青,上級,名詞,3,1.0,1.3,2026-10-01
青,邪悪,名詞,3,1.0,-2.55,2026-10-01
青,カズミナ,名詞,3,1.0,nan,2026-10-01
青,賢明,名詞,3,1.0,0.71,2026-10-01
青,勉強,名詞,3,1.0,1.53,2026-10-01
青,不快,名詞,3,1.0,0.39,2026-10-01
青,クアンドリクス,名詞,3,1.0,1.78,2026-10-01
青,太古,名詞,3,1.0,0.12,2026-10-01
青,燃料,名詞,3,1.0,-0.52,2026-10-01
青,生前,名詞,3,1.0,0.71,2026-10-01
青,出口,名詞,3,1.0,1.3,2026-10-01
青,助言,名詞,3,1.0,1.08,2026-10-01
青,実現,名詞,3,1.0,0.25,2026-10-01
青,皇国,名詞,3,1.0,0.39,2026-10-01
青,席,名詞,3,1.0,nan,2026-10-01
青,書物,名詞,3,1.0,1.53,2026-10-01
青,時空,名詞,3,1.0,nan,2026-10-01
青,要求,名詞,3,1.0,0.55,2026-10-01
青,起動,名詞,3,1.0,nan,2026-10-01
青,兄,名詞,3,1.0,0.55,2026-10-01
青,いまだ,副詞,3,1.0,-0.42,2026-10-01
青,毎日,名詞,3,1.0,0.55,2026-10-01
青,御方,名詞,3,1.0,nan,2026-10-01
青,正直,名詞,3,1.0,1.78,2026-10-01
青,歌声,名詞,3,1.0,0.71,2026-10-01
青,まさか,副詞,3,1.0,1.53,2026-10-01
青,旅路,名詞,3,1.0,1.3,2026-10-01
青,オルテカ,名詞,3,1.0,0.0,2026-10-01
青,プロフト,名詞,3,1.0,1.53,2026-10-01
青,吐く,動詞,3,1.0,-1.06,2026-10-01
青,然り,動詞,3,1.0,0.71,2026-10-01
青,犯行,名詞,3,1.0,2.04,2026-10-01
青,やはり,副詞,3,1.0,1.53,2026-10-01
青,範囲,名詞,3,1.0,0.25,2026-10-01
青,優れる,動詞,3,1.0,-0.99,2026-10-01
青,ゆうに,副詞,3,1.0,nan,2026-10-01
青,カタツムリ,名詞,3,1.0,1.78,2026-10-01
青,フォーク,名詞,3,1.0,-0.99,2026-10-01
青,ヴァルガヴォス,名詞,3,1.0,0.71,2026-10-01
青,全く,副詞,3,1.0,0.55,2026-10-01
青,アバター,名詞,3,1.0,-0.22,2026-10-01
青,凍炎,名詞,3,1.0,nan,2026-10-01
青,永劫,名詞,3,1.0,1.53,2026-10-01
青,パワー,名詞,3,1.0,0.71,2026-10-01
青,パリアノ,名詞,3,1.0,nan,2026-10-01
青,配下,名詞,2,0.67,1.15,2026-10-01
青,到着,名詞,2,0.67,-0.53,2026-10-01
青,サイザ,名詞,2,0.67,nan,2026-10-01
青,投影,名詞,2,0.67,nan,2026-10-01
青,肺,名詞,2,0.67,0.26,2026-10-01
青,気候,名詞,2,0.67,0.89,2026-10-01
青,短剣,名詞,2,0.67,0.45,2026-10-01
青,背中,名詞,2,0.67,-1.31,2026-10-01
青,暴風,名詞,2,0.67,nan,2026-10-01
青,高まる,動詞,2,0.67,0.89,2026-10-01
青,隊長,名詞,2,0.67,-0.97,2026-10-01
青,日課,名詞,2,0.67,nan,2026-10-01
青,個人,名詞,2,0.67,-0.18,2026-10-01
青,好ましい,形容詞,2,0.67,1.15,2026-10-01
青,アシュレル,名詞,2,0.67,nan,2026-10-01
青,戦法,名詞,2,0.67,1.15,2026-10-01
青,血筋,名詞,2,0.67,0.89,2026-10-01
青,困る,動詞,2,0.67,-0.05,2026-10-01
青,学べる,動詞,2,0.67,0.65,2026-10-01
青,臭う,動詞,2,0.67,nan,2026-10-01
青,研ぐ,動詞,2,0.67,0.1,2026-10-01
青,澄ます,動詞,2,0.67,0.45,2026-10-01
青,ふり,名詞,2,0.67,1.15,2026-10-01
青,紅蓮,名詞,2,0.67,-0.89,2026-10-01
青,双子,名詞,2,0.67,1.15,2026-10-01
青,傍ら,名詞,2,0.67,0.89,2026-10-01
青,長ける,動詞,2,0.67,-0.18,2026-10-01
青,大漁,名詞,2,0.67,nan,2026-10-01
青,アーテイ,名詞,2,0.67,nan,2026-10-01
青,業,名詞,2,0.67,-0.42,2026-10-01
青,瞳,名詞,2,0.67,nan,2026-10-01
青,列,名詞,2,0.67,nan,2026-10-01
青,はらむ,動詞,2,0.67,nan,2026-10-01
青,かく,副詞,2,0.67,-0.72,2026-10-01
青,単語,名詞,2,0.67,nan,2026-10-01
青,使い,名詞,2,0.67,-0.72,2026-10-01
青,証明,名詞,2,0.67,-0.81,2026-10-01
青,城壁,名詞,2,0.67,-0.31,2026-10-01
青,大臣,名詞,2,0.67,nan,2026-10-01
青,サプラーツォ,名詞,2,0.67,nan,2026-10-01
青,配列,名詞,2,0.67,nan,2026-10-01
青,ミジウム,名詞,2,0.67,nan,2026-10-01
青,光明,名詞,2,0.67,1.15,2026-10-01
青,余地,名詞,2,0.67,-0.81,2026-10-01
青,一切,名詞,2,0.67,-0.89,2026-10-01
青,領地,名詞,2,0.67,-0.72,2026-10-01
青,作り,名詞,2,0.67,1.15,2026-10-01
青,盛る,動詞,2,0.67,-1.31,2026-10-01
青,ふたたび,副詞,2,0.67,0.65,2026-10-01
青,サウロン,名詞,2,0.67,0.65,2026-10-01
青,冥王,名詞,2,0.67,nan,2026-10-01
青,至高,名詞,2,0.67,nan,2026-10-01
青,並,名詞,2,0.67,nan,2026-10-01
青,カラス,名詞,2,0.67,-0.42,2026-10-01
青,途切れる,動詞,2,0.67,1.15,2026-10-01
青,失礼,名詞,2,0.67,0.65,2026-10-01
青,小人,名詞,2,0.67,nan,2026-10-01
青,君子,名詞,2,0.67,nan,2026-10-01
青,井戸,名詞,2,0.67,0.89,2026-10-01
青,白い,形容詞,2,0.67,-0.53,2026-10-01
青,つぶす,動詞,2,0.67,-0.31,2026-10-01
青,塗る,動詞,2,0.67,-0.42,2026-10-01
青,キャンバス,名詞,2,0.67,nan,2026-10-01
青,泳ぎ,名詞,2,0.67,nan,2026-10-01
青,長続き,名詞,2,0.67,nan,2026-10-01
青,航行,名詞,2,0.67,nan,2026-10-01
青,ほど,名詞,2,0.67,0.65,2026-10-01
青,ともかく,副詞,2,0.67,0.45,2026-10-01
青,鳴き声,名詞,2,0.67,-0.31,2026-10-01
青,奥深い,形容詞,2,0.67,-1.19,2026-10-01
青,触る,動詞,2,0.67,0.1,2026-10-01
青,選べる,動詞,2,0.67,1.15,2026-10-01
青,偶然,副詞,2,0.67,nan,2026-10-01
青,必然,名詞,2,0.67,0.89,2026-10-01
青,一見,副詞,2,0.67,0.89,2026-10-01
青,床,名詞,2,0.67,nan,2026-10-01
青,煉瓦,名詞,2,0.67,1.15,2026-10-01
青,携える,動詞,2,0.67,-0.31,2026-10-01
青,不利,名詞,2,0.67,0.65,2026-10-01
青,正す,動詞,2,0.67,nan,2026-10-01
青,買う,動詞,2,0.67,-1.31,2026-10-01
青,モンスター,名詞,2,0.67,0.1,2026-10-01
青,根,名詞,2,0.67,-2.81,2026-10-01
青,凌ぐ,動詞,2,0.67,nan,2026-10-01
青,定義,名詞,2,0.67,nan,2026-10-01
青,道筋,名詞,2,0.67,0.89,2026-10-01
青,シェア,名詞,2,0.67,nan,2026-10-01
青,空想,名詞,2,0.67,nan,2026-10-01
青,消せる,動詞,2,0.67,0.89,2026-10-01
青,ヴォルラス,名詞,2,0.67,nan,2026-10-01
青,勝負,名詞,2,0.67,0.65,2026-10-01
青,機知,名詞,2,0.67,nan,2026-10-01
青,ささやく,動詞,2,0.67,0.1,2026-10-01
青,完了,名詞,2,0.67,nan,2026-10-01
青,確保,名詞,2,0.67,-0.31,2026-10-01
青,制圧,名詞,2,0.67,0.1,2026-10-01
青,投票,名詞,2,0.67,nan,2026-10-01
青,ウォーター,名詞,2,0.67,nan,2026-10-01
青,ルート,名詞,2,0.67,nan,2026-10-01
青,加速,名詞,2,0.67,nan,2026-10-01
青,トンネル,名詞,2,0.67,-0.63,2026-10-01
青,訪問,名詞,2,0.67,1.15,2026-10-01
青,じっくり,副詞,2,0.67,1.15,2026-10-01
青,作れる,動詞,2,0.67,0.1,2026-10-01
青,泳げる,動詞,2,0.67,1.15,2026-10-01
青,ヴァルトリィ,名詞,2,0.67,nan,2026-10-01
青,サンゴ,名詞,2,0.67,nan,2026-10-01
青,念,名詞,2,0.67,-0.31,2026-10-01
青,こそこそ,副詞,2,0.67,nan,2026-10-01
青,休む,動詞,2,0.67,-1.12,2026-10-01
青,態度,名詞,2,0.67,1.15,2026-10-01
青,搾取,名詞,2,0.67,1.15,2026-10-01
青,堕落,名詞,2,0.67,-0.42,2026-10-01
青,防壁,名詞,2,0.67,0.1,2026-10-01
青,がっかり,副詞,2,0.67,nan,2026-10-01
青,つまる,動詞,2,0.67,-0.53,2026-10-01
青,悲劇,名詞,2,0.67,-0.42,2026-10-01
青,抹消,名詞,2,0.67,nan,2026-10-01
青,歓楽,名詞,2,0.67,0.89,2026-10-01
青,極める,動詞,2,0.67,-0.72,2026-10-01
青,教室,名詞,2,0.67,1.15,2026-10-01
青,教育,名詞,2,0.67,nan,2026-10-01
青,最期,名詞,2,0.67,-1.59,2026-10-01
青,入り江,名詞,2,0.67,nan,2026-10-01
青,小川,名詞,2,0.67,nan,2026-10-01
青,大難,名詞,2,0.67,nan,2026-10-01
青,さま,名詞,2,0.67,0.89,2026-10-01
青,微笑ましい,形容詞,2,0.67,nan,2026-10-01
青,表す,動詞,2,0.67,-0.42,2026-10-01
青,バリン,名詞,2,0.67,nan,2026-10-01
青,ノート,名詞,2,0.67,nan,2026-10-01
青,爆発,名詞,2,0.67,-1.12,2026-10-01
青,地方,名詞,2,0.67,nan,2026-10-01
青,作為,名詞,2,0.67,nan,2026-10-01
青,挑む,動詞,2,0.67,-1.31,2026-10-01
青,程遠い,形容詞,2,0.67,0.89,2026-10-01
青,錯覚,名詞,2,0.67,nan,2026-10-01
青,せいぜい,副詞,2,0.67,nan,2026-10-01
青,避難,名詞,2,0.67,-0.53,2026-10-01
青,礁,名詞,2,0.67,nan,2026-10-01
青,実態,名詞,2,0.67,nan,2026-10-01
青,つかむ,動詞,2,0.67,-0.05,2026-10-01
青,警護,名詞,2,0.67,1.15,2026-10-01
青,降ろす,動詞,2,0.67,0.65,2026-10-01
青,屑,名詞,2,0.67,0.26,2026-10-01
青,空く,動詞,2,0.67,0.1,2026-10-01
青,首,名詞,2,0.67,-1.59,2026-10-01
青,秒,名詞,2,0.67,-0.05,2026-10-01
青,述べる,動詞,2,0.67,nan,2026-10-01
青,ほどく,動詞,2,0.67,nan,2026-10-01
青,父親,名詞,2,0.67,nan,2026-10-01
青,力線,名詞,2,0.67,0.45,2026-10-01
青,一時,名詞,2,0.67,0.26,2026-10-01
青,航路,名詞,2,0.67,nan,2026-10-01
青,地平,名詞,2,0.67,-0.89,2026-10-01
青,周辺,名詞,2,0.67,-0.18,2026-10-01
青,増加,名詞,2,0.67,nan,2026-10-01
青,背後,名詞,2,0.67,-0.72,2026-10-01
青,ライト,名詞,2,0.67,0.89,2026-10-01
青,微笑,名詞,2,0.67,nan,2026-10-01
青,電位,名詞,2,0.67,nan,2026-10-01
青,単調,名詞,2,0.67,nan,2026-10-01
青,色合い,名詞,2,0.67,nan,2026-10-01
青,式,名詞,2,0.67,0.1,2026-10-01
青,いたって,副詞,2,0.67,nan,2026-10-01
青,ケネッソス,名詞,2,0.67,nan,2026-10-01
青,神官,名詞,2,0.67,0.65,2026-10-01
青,育てる,動詞,2,0.67,-1.49,2026-10-01
青,調教,名詞,2,0.67,1.15,2026-10-01
青,造る,動詞,2,0.67,-0.72,2026-10-01
青,農夫,名詞,2,0.67,-0.72,2026-10-01
青,武装,名詞,2,0.67,-0.18,2026-10-01
青,困惑,名詞,2,0.67,1.15,2026-10-01
青,解除,名詞,2,0.67,nan,2026-10-01
青,食べ物,名詞,2,0.67,-0.05,2026-10-01
青,捕る,動詞,2,0.67,nan,2026-10-01
青,逆転,名詞,2,0.67,nan,2026-10-01
青,交換,名詞,2,0.67,0.65,2026-10-01
青,無料,名詞,2,0.67,nan,2026-10-01
青,無視,名詞,2,0.67,-0.42,2026-10-01
青,リッド,名詞,2,0.67,nan,2026-10-01
青,愛しい,形容詞,2,0.67,0.65,2026-10-01
青,壊れる,動詞,2,0.67,-1.05,2026-10-01
青,古く,名詞,2,0.67,nan,2026-10-01
青,次々,副詞,2,0.67,0.45,2026-10-01
青,こわごわ,副詞,2,0.67,nan,2026-10-01
青,暇,名詞,2,0.67,0.45,2026-10-01
青,ピット,名詞,2,0.67,1.15,2026-10-01
青,種族,名詞,2,0.67,-1.31,2026-10-01
青,奇跡,名詞,2,0.67,0.1,2026-10-01
青,勝る,動詞,2,0.67,-0.53,2026-10-01
青,脚注,名詞,2,0.67,nan,2026-10-01
青,売る,動詞,2,0.67,-0.81,2026-10-01
青,まとう,動詞,2,0.67,-0.31,2026-10-01
青,激浪,名詞,2,0.67,nan,2026-10-01
青,眼識,名詞,2,0.67,nan,2026-10-01
青,イクシドール,名詞,2,0.67,nan,2026-10-01
青,当てる,動詞,2,0.67,-0.31,2026-10-01
青,恥ずかしい,形容詞,2,0.67,0.89,2026-10-01
青,すっごい,形容詞,2,0.67,nan,2026-10-01
青,まして,副詞,2,0.67,0.89,2026-10-01
青,優しい,形容詞,2,0.67,-1.31,2026-10-01
青,土,名詞,2,0.67,-1.87,2026-10-01
青,買い得,名詞,2,0.67,nan,2026-10-01
青,臆病,名詞,2,0.67,-1.05,2026-10-01
青,勇者,名詞,2,0.67,-1.69,2026-10-01
青,まみえる,動詞,2,0.67,nan,2026-10-01
青,死する,動詞,2,0.67,-0.05,2026-10-01
青,尋問,名詞,2,0.67,nan,2026-10-01
青,命ずる,動詞,2,0.67,-1.05,2026-10-01
青,液,名詞,2,0.67,1.15,2026-10-01
青,珍重,名詞,2,0.67,nan,2026-10-01
青,共通,名詞,2,0.67,-0.63,2026-10-01
青,内側,名詞,2,0.67,-0.18,2026-10-01
青,いたる,動詞,2,0.67,1.15,2026-10-01
青,中心,名詞,2,0.67,-1.59,2026-10-01
青,あり,名詞,2,0.67,-1.05,2026-10-01
青,グリッド,名詞,2,0.67,nan,2026-10-01
青,ルーメン,名詞,2,0.67,nan,2026-10-01
青,服,名詞,2,0.67,0.65,2026-10-01
青,同僚,名詞,2,0.67,1.15,2026-10-01
青,文鎮,名詞,2,0.67,nan,2026-10-01
青,地ならし,名詞,2,0.67,1.15,2026-10-01
青,暮らし,名詞,2,0.67,0.45,2026-10-01
青,ドルイド,名詞,2,0.67,-2.31,2026-10-01
青,費やす,動詞,2,0.67,-0.18,2026-10-01
青,騒ぎ,名詞,2,0.67,0.45,2026-10-01
青,採取,名詞,2,0.67,nan,2026-10-01
青,血清,名詞,2,0.67,nan,2026-10-01
青,墨,名詞,2,0.67,nan,2026-10-01
青,部外,名詞,2,0.67,nan,2026-10-01
青,危害,名詞,2,0.67,nan,2026-10-01
青,しばし,副詞,2,0.67,0.89,2026-10-01
青,禁忌,名詞,2,0.67,nan,2026-10-01
青,二言,名詞,2,0.67,nan,2026-10-01
青,言,名詞,2,0.67,nan,2026-10-01
青,妄執,名詞,2,0.67,nan,2026-10-01
青,たやすい,形容詞,2,0.67,1.15,2026-10-01
青,滅裂,名詞,2,0.67,nan,2026-10-01
青,支離,名詞,2,0.67,nan,2026-10-01
青,掴める,動詞,2,0.67,nan,2026-10-01
青,合法,名詞,2,0.67,nan,2026-10-01
青,権力,名詞,2,0.67,-0.53,2026-10-01
青,こぼれる,動詞,2,0.67,nan,2026-10-01
青,本殿,名詞,2,0.67,0.89,2026-10-01
青,いよいよ,副詞,2,0.67,nan,2026-10-01
青,見い出す,動詞,2,0.67,nan,2026-10-01
青,海神,名詞,2,0.67,nan,2026-10-01
青,倒れる,動詞,2,0.67,-1.69,2026-10-01
青,終り,名詞,2,0.67,nan,2026-10-01
青,無,名詞,2,0.67,0.65,2026-10-01
青,為す,動詞,2,0.67,0.26,2026-10-01
青,抱える,動詞,2,0.67,-0.42,2026-10-01
青,荷物,名詞,2,0.67,0.1,2026-10-01
青,悪臭,名詞,2,0.67,0.1,2026-10-01
青,交わる,動詞,2,0.67,1.15,2026-10-01
青,仕方,名詞,2,0.67,0.89,2026-10-01
青,横たわる,動詞,2,0.67,0.65,2026-10-01
青,すさまじい,形容詞,2,0.67,0.89,2026-10-01
青,閃く,動詞,2,0.67,nan,2026-10-01
青,剛き,名詞,2,0.67,nan,2026-10-01
青,集う,動詞,2,0.67,-0.18,2026-10-01
青,落つ,動詞,2,0.67,1.15,2026-10-01
青,清める,動詞,2,0.67,0.89,2026-10-01
青,沼,名詞,2,0.67,-1.83,2026-10-01
青,掬う,動詞,2,0.67,nan,2026-10-01
青,囁き声,名詞,2,0.67,nan,2026-10-01
青,鬼,名詞,2,0.67,-1.25,2026-10-01
青,春,名詞,2,0.67,-0.18,2026-10-01
青,もつれる,動詞,2,0.67,0.89,2026-10-01
青,素振り,名詞,2,0.67,nan,2026-10-01
青,廃墟,名詞,2,0.67,-0.97,2026-10-01
青,隠,名詞,2,0.67,nan,2026-10-01
青,脆い,形容詞,2,0.67,-0.89,2026-10-01
青,予備,名詞,2,0.67,nan,2026-10-01
青,惨事,名詞,2,0.67,0.45,2026-10-01
青,呟く,動詞,2,0.67,1.15,2026-10-01
青,鏡像,名詞,2,0.67,nan,2026-10-01
青,視界,名詞,2,0.67,-0.63,2026-10-01
青,拒否,名詞,2,0.67,0.1,2026-10-01
青,得,名詞,2,0.67,nan,2026-10-01
青,取引,名詞,2,0.67,-0.53,2026-10-01
青,くせ,名詞,2,0.67,0.65,2026-10-01
青,強欲,名詞,2,0.67,-0.31,2026-10-01
青,産む,動詞,2,0.67,1.15,2026-10-01
青,加わる,動詞,2,0.67,-1.31,2026-10-01
青,ぶつくさ,名詞,2,0.67,nan,2026-10-01
青,ひらひら,副詞,2,0.67,nan,2026-10-01
青,ブリキ,名詞,2,0.67,0.65,2026-10-01
青,溝,名詞,2,0.67,nan,2026-10-01
青,寄る,動詞,2,0.67,-1.43,2026-10-01
青,面する,動詞,2,0.67,0.89,2026-10-01
青,弱々しい,形容詞,2,0.67,0.65,2026-10-01
青,召す,動詞,2,0.67,0.65,2026-10-01
青,論争,名詞,2,0.67,nan,2026-10-01
青,近い,形容詞,2,0.67,-1.05,2026-10-01
青,貯蔵,名詞,2,0.67,nan,2026-10-01
青,突如,副詞,2,0.67,-0.53,2026-10-01
青,感じ,名詞,2,0.67,-0.05,2026-10-01
青,耳元,名詞,2,0.67,nan,2026-10-01
青,人目,名詞,2,0.67,0.65,2026-10-01
青,詠唱,名詞,2,0.67,0.89,2026-10-01
青,鼻,名詞,2,0.67,-0.31,2026-10-01
青,無用,名詞,2,0.67,0.45,2026-10-01
青,卵,名詞,2,0.67,-0.31,2026-10-01
青,胸中,名詞,2,0.67,nan,2026-10-01
青,盗人,名詞,2,0.67,0.26,2026-10-01
青,ひび,名詞,2,0.67,nan,2026-10-01
青,不正,名詞,2,0.67,nan,2026-10-01
青,将軍,名詞,2,0.67,-1.05,2026-10-01
青,渡り,名詞,2,0.67,nan,2026-10-01
青,引き換え,名詞,2,0.67,0.65,2026-10-01
青,変質,名詞,2,0.67,nan,2026-10-01
青,競技,名詞,2,0.67,-0.42,2026-10-01
青,搾る,動詞,2,0.67,nan,2026-10-01
青,しかり,動詞,2,0.67,0.45,2026-10-01
青,整理,名詞,2,0.67,nan,2026-10-01
青,縁起,名詞,2,0.67,nan,2026-10-01
青,群衆,名詞,2,0.67,-0.18,2026-10-01
青,はたらく,動詞,2,0.67,nan,2026-10-01
青,盗み,名詞,2,0.67,0.89,2026-10-01
青,嫌がらせ,名詞,2,0.67,nan,2026-10-01
青,病,名詞,2,0.67,-0.63,2026-10-01
青,工学,名詞,2,0.67,nan,2026-10-01
青,魔力,名詞,2,0.67,-1.12,2026-10-01
青,渦まく,動詞,2,0.67,nan,2026-10-01
青,残りかす,名詞,2,0.67,nan,2026-10-01
青,クロヴ,名詞,2,0.67,nan,2026-10-01
青,頭痛,名詞,2,0.67,nan,2026-10-01
青,癒し,名詞,2,0.67,-0.53,2026-10-01
青,襲来,名詞,2,0.67,1.15,2026-10-01
青,盗賊,名詞,2,0.67,1.15,2026-10-01
青,テリシア,名詞,2,0.67,0.1,2026-10-01
青,天候,名詞,2,0.67,nan,2026-10-01
青,強盗,名詞,2,0.67,0.89,2026-10-01
青,羽,名詞,2,0.67,-1.19,2026-10-01
青,使い手,名詞,2,0.67,0.89,2026-10-01
青,不遜,名詞,2,0.67,nan,2026-10-01
青,捕まる,動詞,2,0.67,-0.18,2026-10-01
青,染み,名詞,2,0.67,nan,2026-10-01
青,うめき声,名詞,2,0.67,nan,2026-10-01
青,馬鹿げる,動詞,2,0.67,nan,2026-10-01
青,訊く,動詞,2,0.67,0.65,2026-10-01
青,火花,名詞,2,0.67,-1.25,2026-10-01
青,はじまり,名詞,2,0.67,nan,2026-10-01
青,難問,名詞,2,0.67,nan,2026-10-01
青,長魚,名詞,2,0.67,nan,2026-10-01
青,報う,動詞,2,0.67,0.45,2026-10-01
青,逆,名詞,2,0.67,-0.42,2026-10-01
青,逆さま,名詞,2,0.67,nan,2026-10-01
青,断る,動詞,2,0.67,nan,2026-10-01
青,一体,名詞,2,0.67,-0.97,2026-10-01
青,軸,名詞,2,0.67,1.15,2026-10-01
青,一族,名詞,2,0.67,-1.83,2026-10-01
青,もや,名詞,2,0.67,nan,2026-10-01
青,着地,名詞,2,0.67,nan,2026-10-01
青,ひく,動詞,2,0.67,0.65,2026-10-01
青,瞬き,名詞,2,0.67,-0.18,2026-10-01
青,いったい,副詞,2,0.67,0.26,2026-10-01
青,天空,名詞,2,0.67,-0.05,2026-10-01
青,裏切る,動詞,2,0.67,-0.42,2026-10-01
青,ふざける,動詞,2,0.67,nan,2026-10-01
青,猫,名詞,2,0.67,-1.37,2026-10-01
青,奴隷,名詞,2,0.67,0.45,2026-10-01
青,手練,名詞,2,0.67,nan,2026-10-01
青,珍しい,形容詞,2,0.67,0.26,2026-10-01
青,硬貨,名詞,2,0.67,0.89,2026-10-01
青,信念,名詞,2,0.67,-1.05,2026-10-01
青,筋肉,名詞,2,0.67,-0.72,2026-10-01
青,すぐさま,副詞,2,0.67,-0.42,2026-10-01
青,融合,名詞,2,0.67,0.45,2026-10-01
青,原理,名詞,2,0.67,nan,2026-10-01
青,模範,名詞,2,0.67,0.65,2026-10-01
青,ワーム,名詞,2,0.67,-1.25,2026-10-01
青,ランド,名詞,2,0.67,0.45,2026-10-01
青,負う,動詞,2,0.67,-1.25,2026-10-01
青,すばらしい,形容詞,2,0.67,0.89,2026-10-01
青,見劣り,名詞,2,0.67,nan,2026-10-01
青,屋敷,名詞,2,0.67,0.89,2026-10-01
青,貴族,名詞,2,0.67,-0.31,2026-10-01
青,流行,名詞,2,0.67,nan,2026-10-01
青,軋り,名詞,2,0.67,nan,2026-10-01
青,腱,名詞,2,0.67,nan,2026-10-01
青,イクァティ,名詞,2,0.67,nan,2026-10-01
青,断言,名詞,2,0.67,1.15,2026-10-01
青,近道,名詞,2,0.67,-0.42,2026-10-01
青,片目,名詞,2,0.67,nan,2026-10-01
青,毎晩,名詞,2,0.67,0.65,2026-10-01
青,満ち引き,名詞,2,0.67,nan,2026-10-01
青,干す,動詞,2,0.67,1.15,2026-10-01
青,すごい,形容詞,2,0.67,-0.42,2026-10-01
青,群れる,動詞,2,0.67,0.45,2026-10-01
青,水路,名詞,2,0.67,0.89,2026-10-01
青,騎兵,名詞,2,0.67,-0.18,2026-10-01
青,汚す,動詞,2,0.67,-0.63,2026-10-01
青,集まり,名詞,2,0.67,nan,2026-10-01
青,帯びる,動詞,2,0.67,-0.97,2026-10-01
青,義務,名詞,2,0.67,-0.81,2026-10-01
青,突撃,名詞,2,0.67,-1.49,2026-10-01
青,散らばる,動詞,2,0.67,0.89,2026-10-01
青,のぞく,動詞,2,0.67,nan,2026-10-01
青,深淵,名詞,2,0.67,-0.31,2026-10-01
青,報い,名詞,2,0.67,-0.18,2026-10-01
青,寿命,名詞,2,0.67,0.1,2026-10-01
青,短い,形容詞,2,0.67,-0.18,2026-10-01
青,代える,動詞,2,0.67,nan,2026-10-01
青,手近,名詞,2,0.67,nan,2026-10-01
青,エラ,名詞,2,0.67,nan,2026-10-01
青,かなえる,動詞,2,0.67,nan,2026-10-01
青,さまよう,動詞,2,0.67,-0.31,2026-10-01
青,妨害,名詞,2,0.67,-0.05,2026-10-01
青,幻触,名詞,2,0.67,nan,2026-10-01
青,皮肉,名詞,2,0.67,-0.05,2026-10-01
青,難解,名詞,2,0.67,nan,2026-10-01
青,技量,名詞,2,0.67,-0.18,2026-10-01
青,最終,名詞,2,0.67,-0.89,2026-10-01
青,愉快,名詞,2,0.67,-0.18,2026-10-01
青,そろえる,動詞,2,0.67,nan,2026-10-01
青,スカイクレイブ,名詞,2,0.67,1.15,2026-10-01
青,無力,名詞,2,0.67,-0.05,2026-10-01
青,悔しい,形容詞,2,0.67,nan,2026-10-01
青,完成化,名詞,2,0.67,-0.31,2026-10-01
青,ベル,名詞,2,0.67,nan,2026-10-01
青,あずかる,動詞,2,0.67,1.15,2026-10-01
青,レン,名詞,2,0.67,-0.18,2026-10-01
青,シャドウ,名詞,2,0.67,1.15,2026-10-01
青,調べ,名詞,2,0.67,1.15,2026-10-01
青,呪う,動詞,2,0.67,-1.19,2026-10-01
青,日和,名詞,2,0.67,nan,2026-10-01
青,グリフィド,名詞,2,0.67,nan,2026-10-01
青,屈折,名詞,2,0.67,1.15,2026-10-01
青,噴出,名詞,2,0.67,1.15,2026-10-01
青,マス,名詞,2,0.67,nan,2026-10-01
青,ザリガニ,名詞,2,0.67,nan,2026-10-01
青,煌めく,動詞,2,0.67,1.15,2026-10-01
青,枝,名詞,2,0.67,-1.69,2026-10-01
青,ケルピー,名詞,2,0.67,nan,2026-10-01
青,なおさら,副詞,2,0.67,0.65,2026-10-01
青,通路,名詞,2,0.67,0.89,2026-10-01
青,徒党,名詞,2,0.67,0.89,2026-10-01
青,まつわる,動詞,2,0.67,0.89,2026-10-01
青,湖,名詞,2,0.67,0.26,2026-10-01
青,一見,名詞,2,0.67,nan,2026-10-01
青,まさに,副詞,2,0.67,0.1,2026-10-01
青,鋼,名詞,2,0.67,-2.52,2026-10-01
青,気持ち,名詞,2,0.67,-1.37,2026-10-01
青,乱暴,名詞,2,0.67,0.89,2026-10-01
青,外れる,動詞,2,0.67,0.89,2026-10-01
青,陸地,名詞,2,0.67,nan,2026-10-01
青,鉱山,名詞,2,0.67,nan,2026-10-01
青,エーテリウム,名詞,2,0.67,0.65,2026-10-01
青,遠く,名詞,2,0.67,-1.31,2026-10-01
青,万端,名詞,2,0.67,0.89,2026-10-01
青,黙る,動詞,2,0.67,-0.42,2026-10-01
青,語,名詞,2,0.67,0.45,2026-10-01
青,医師,名詞,2,0.67,0.89,2026-10-01
青,修復,名詞,2,0.67,-0.31,2026-10-01
青,洗練,名詞,2,0.67,0.65,2026-10-01
青,責務,名詞,2,0.67,1.15,2026-10-01
青,末路,名詞,2,0.67,0.45,2026-10-01
青,グリクシス,名詞,2,0.67,-0.53,2026-10-01
青,交う,動詞,2,0.67,1.15,2026-10-01
青,技師,名詞,2,0.67,0.89,2026-10-01
青,動ける,動詞,2,0.67,0.26,2026-10-01
青,仕上げる,動詞,2,0.67,nan,2026-10-01
青,直る,動詞,2,0.67,nan,2026-10-01
青,呼べる,動詞,2,0.67,nan,2026-10-01
青,造り,名詞,2,0.67,nan,2026-10-01
青,雑草,名詞,2,0.67,nan,2026-10-01
青,固まる,動詞,2,0.67,1.15,2026-10-01
青,離れ,名詞,2,0.67,nan,2026-10-01
青,危難,名詞,2,0.67,nan,2026-10-01
青,諸人,名詞,2,0.67,nan,2026-10-01
青,流せる,動詞,2,0.67,nan,2026-10-01
青,告ぐ,動詞,2,0.67,nan,2026-10-01
青,屠る,動詞,2,0.67,0.45,2026-10-01
青,直ぐ,副詞,2,0.67,nan,2026-10-01
青,恐る,動詞,2,0.67,-1.05,2026-10-01
青,誘惑,名詞,2,0.67,0.1,2026-10-01
青,布,名詞,2,0.67,nan,2026-10-01
青,ドリエル,名詞,2,0.67,nan,2026-10-01
青,導師,名詞,2,0.67,nan,2026-10-01
青,不在,名詞,2,0.67,0.65,2026-10-01
青,頼る,動詞,2,0.67,-0.31,2026-10-01
青,ケラノス,名詞,2,0.67,0.65,2026-10-01
青,懇願,名詞,2,0.67,nan,2026-10-01
青,諸君,名詞,2,0.67,0.65,2026-10-01
青,競う,動詞,2,0.67,0.89,2026-10-01
青,飛ばせる,動詞,2,0.67,nan,2026-10-01
青,学徒,名詞,2,0.67,nan,2026-10-01
青,嫌う,動詞,2,0.67,-0.89,2026-10-01
青,分解,名詞,2,0.67,0.89,2026-10-01
青,すむ,動詞,2,0.67,0.65,2026-10-01
青,食らう,動詞,2,0.67,0.26,2026-10-01
青,漁師,名詞,2,0.67,nan,2026-10-01
青,ついで,名詞,2,0.67,0.65,2026-10-01
青,伝令,名詞,2,0.67,nan,2026-10-01
青,法務,名詞,2,0.67,0.26,2026-10-01
青,戦略,名詞,2,0.67,-0.72,2026-10-01
青,狙い,名詞,2,0.67,-1.83,2026-10-01
青,処分,名詞,2,0.67,0.89,2026-10-01
青,ひれ,名詞,2,0.67,nan,2026-10-01
青,鷹匠,名詞,2,0.67,nan,2026-10-01
青,イローリ,名詞,2,0.67,nan,2026-10-01
青,テューン,名詞,2,0.67,-0.18,2026-10-01
青,ふるう,動詞,2,0.67,nan,2026-10-01
青,下げる,動詞,2,0.67,0.26,2026-10-01
青,保護,名詞,2,0.67,-1.05,2026-10-01
青,眺望,名詞,2,0.67,nan,2026-10-01
青,果てし,名詞,2,0.67,0.89,2026-10-01
青,結び目,名詞,2,0.67,nan,2026-10-01
青,臭い,名詞,2,0.67,-1.49,2026-10-01
青,収集,名詞,2,0.67,0.45,2026-10-01
青,上昇,名詞,2,0.67,0.45,2026-10-01
青,空中,名詞,2,0.67,-0.05,2026-10-01
青,説得,名詞,2,0.67,0.89,2026-10-01
青,マキンディ,名詞,2,0.67,1.15,2026-10-01
青,オーラ,名詞,2,0.67,nan,2026-10-01
青,リード,名詞,2,0.67,nan,2026-10-01
青,発動,名詞,2,0.67,0.1,2026-10-01
青,保証,名詞,2,0.67,0.45,2026-10-01
青,届ける,動詞,2,0.67,-1.12,2026-10-01
青,這いずる,動詞,2,0.67,0.89,2026-10-01
青,視線,名詞,2,0.67,-0.72,2026-10-01
青,美徳,名詞,2,0.67,-0.05,2026-10-01
青,決意,名詞,2,0.67,-0.72,2026-10-01
青,絶滅,名詞,2,0.67,-0.63,2026-10-01
青,務め,名詞,2,0.67,-0.05,2026-10-01
青,欠ける,動詞,2,0.67,0.1,2026-10-01
青,はめる,動詞,2,0.67,nan,2026-10-01
青,イーヴォ,名詞,2,0.67,nan,2026-10-01
青,ドレイヤ,名詞,2,0.67,nan,2026-10-01
青,ジェスタス,名詞,2,0.67,nan,2026-10-01
青,業績,名詞,2,0.67,nan,2026-10-01
青,奏でる,動詞,2,0.67,0.26,2026-10-01
青,災害,名詞,2,0.67,-0.81,2026-10-01
青,蹴る,動詞,2,0.67,-0.53,2026-10-01
青,解読,名詞,2,0.67,nan,2026-10-01
青,キャプショ,名詞,2,0.67,nan,2026-10-01
青,駄目,名詞,2,0.67,0.1,2026-10-01
青,ポリタス,名詞,2,0.67,nan,2026-10-01
青,偽り,名詞,2,0.67,0.65,2026-10-01
青,浸透,名詞,2,0.67,nan,2026-10-01
青,殴る,動詞,2,0.67,-0.63,2026-10-01
青,城砦,名詞,2,0.67,1.15,2026-10-01
青,装備,名詞,2,0.67,0.45,2026-10-01
青,追求,名詞,2,0.67,nan,2026-10-01
青,連絡,名詞,2,0.67,nan,2026-10-01
青,取り返し,名詞,2,0.67,nan,2026-10-01
青,状態,名詞,2,0.67,-1.78,2026-10-01
青,ザナルカンド,名詞,2,0.67,nan,2026-10-01
青,主導,名詞,2,0.67,nan,2026-10-01
青,区別,名詞,2,0.67,0.45,2026-10-01
青,染まる,動詞,2,0.67,0.65,2026-10-01
青,こもる,動詞,2,0.67,0.89,2026-10-01
青,先端,名詞,2,0.67,1.15,2026-10-01
青,広い,形容詞,2,0.67,-0.81,2026-10-01
青,根源,名詞,2,0.67,1.15,2026-10-01
青,エンジン,名詞,2,0.67,1.15,2026-10-01
青,死亡,名詞,2,0.67,nan,2026-10-01
青,呆れる,動詞,2,0.67,nan,2026-10-01
青,古ぼける,動詞,2,0.67,nan,2026-10-01
青,御,名詞,2,0.67,nan,2026-10-01
青,軍勢,名詞,2,0.67,-1.64,2026-10-01
青,怪しむ,動詞,2,0.67,nan,2026-10-01
青,アヴァリクタ,名詞,2,0.67,nan,2026-10-01
青,統合,名詞,2,0.67,nan,2026-10-01
青,トール,名詞,2,0.67,nan,2026-10-01
青,マルカ,名詞,2,0.67,nan,2026-10-01
青,浄化,名詞,2,0.67,-1.31,2026-10-01
青,崇高,名詞,2,0.67,1.15,2026-10-01
青,おかげ,名詞,2,0.67,-1.49,2026-10-01
青,古参,名詞,2,0.67,1.15,2026-10-01
青,投げ,名詞,2,0.67,0.89,2026-10-01
青,秘史,名詞,2,0.67,nan,2026-10-01
青,部族,名詞,2,0.67,-0.97,2026-10-01
青,アンフィン,名詞,2,0.67,nan,2026-10-01
青,ムルドラク,名詞,2,0.67,nan,2026-10-01
青,源,名詞,2,0.67,-0.63,2026-10-01
青,訳,名詞,2,0.67,0.45,2026-10-01
青,一緒,名詞,2,0.67,-1.99,2026-10-01
青,チャイム,名詞,2,0.67,nan,2026-10-01
青,教会,名詞,2,0.67,-1.59,2026-10-01
青,駆る,動詞,2,0.67,-1.12,2026-10-01
青,そろそろ,副詞,2,0.67,1.15,2026-10-01
青,下す,動詞,2,0.67,-0.42,2026-10-01
青,霊魂,名詞,2,0.67,-0.53,2026-10-01
青,気味,名詞,2,0.67,-0.72,2026-10-01
青,あがる,動詞,2,0.67,-0.05,2026-10-01
青,掲げる,動詞,2,0.67,-0.63,2026-10-01
青,寒気,名詞,2,0.67,0.45,2026-10-01
青,霊体,名詞,2,0.67,nan,2026-10-01
青,拒絶,名詞,2,0.67,0.1,2026-10-01
青,吸血,名詞,2,0.67,-3.26,2026-10-01
青,遮る,動詞,2,0.67,0.65,2026-10-01
青,ふれる,動詞,2,0.67,0.65,2026-10-01
青,蟹,名詞,2,0.67,nan,2026-10-01
青,容器,名詞,2,0.67,nan,2026-10-01
青,泣く,動詞,2,0.67,-0.53,2026-10-01
青,松明,名詞,2,0.67,-0.05,2026-10-01
青,唄,名詞,2,0.67,1.15,2026-10-01
青,確かめる,動詞,2,0.67,0.65,2026-10-01
青,臓器,名詞,2,0.67,nan,2026-10-01
青,痙攣,名詞,2,0.67,nan,2026-10-01
青,注入,名詞,2,0.67,nan,2026-10-01
青,よじれる,動詞,2,0.67,nan,2026-10-01
青,エバハート,名詞,2,0.67,nan,2026-10-01
青,ラムホルト,名詞,2,0.67,1.15,2026-10-01
青,据える,動詞,2,0.67,nan,2026-10-01
青,舌,名詞,2,0.67,-1.05,2026-10-01
青,距離,名詞,2,0.67,-0.97,2026-10-01
青,審問,名詞,2,0.67,-0.53,2026-10-01
青,斧,名詞,2,0.67,-1.64,2026-10-01
青,撚る,動詞,2,0.67,nan,2026-10-01
青,ファートリ,名詞,2,0.67,-0.42,2026-10-01
青,不能,名詞,2,0.67,-0.05,2026-10-01
青,ラット,名詞,2,0.67,1.15,2026-10-01
青,議論,名詞,2,0.67,0.65,2026-10-01
青,用途,名詞,2,0.67,0.89,2026-10-01
青,頼りない,形容詞,2,0.67,nan,2026-10-01
青,轟く,動詞,2,0.67,-0.42,2026-10-01
青,のめす,動詞,2,0.67,0.1,2026-10-01
青,乗り手,名詞,2,0.67,-0.97,2026-10-01
青,潮汐,名詞,2,0.67,nan,2026-10-01
青,器,名詞,2,0.67,0.26,2026-10-01
青,案内,名詞,2,0.67,0.1,2026-10-01
青,八つ裂き,名詞,2,0.67,nan,2026-10-01
青,上手い,形容詞,2,0.67,nan,2026-10-01
青,証,名詞,2,0.67,-1.25,2026-10-01
青,水術,名詞,2,0.67,nan,2026-10-01
青,部下,名詞,2,0.67,nan,2026-10-01
青,片鱗,名詞,2,0.67,nan,2026-10-01
青,窺う,動詞,2,0.67,nan,2026-10-01
青,筆頭,名詞,2,0.67,nan,2026-10-01
青,深遠,名詞,2,0.67,nan,2026-10-01
青,統べる,動詞,2,0.67,nan,2026-10-01
青,羽根,名詞,2,0.67,-0.18,2026-10-01
青,よそ,名詞,2,0.67,nan,2026-10-01
青,フード,名詞,2,0.67,nan,2026-10-01
青,跳ねる,動詞,2,0.67,-0.31,2026-10-01
青,天気,名詞,2,0.67,0.89,2026-10-01
青,広まる,動詞,2,0.67,-0.31,2026-10-01
青,通ずる,動詞,2,0.67,-0.31,2026-10-01
青,施設,名詞,2,0.67,0.65,2026-10-01
青,自白,名詞,2,0.67,nan,2026-10-01
青,望み,名詞,2,0.67,-0.97,2026-10-01
青,人ごみ,名詞,2,0.67,nan,2026-10-01
青,一気,名詞,2,0.67,nan,2026-10-01
青,合体,名詞,2,0.67,nan,2026-10-01
青,重,名詞,2,0.67,0.65,2026-10-01
青,疎通,名詞,2,0.67,nan,2026-10-01
青,頭蓋,名詞,2,0.67,0.45,2026-10-01
青,建築,名詞,2,0.67,0.65,2026-10-01
青,全体,名詞,2,0.67,-1.54,2026-10-01
青,ラザーヴ,名詞,2,0.67,1.15,2026-10-01
青,地区,名詞,2,0.67,-0.72,2026-10-01
青,通れる,動詞,2,0.67,1.15,2026-10-01
青,イスメーリ,名詞,2,0.67,nan,2026-10-01
青,暗黙,名詞,2,0.67,nan,2026-10-01
青,史跡,名詞,2,0.67,nan,2026-10-01
青,巡らす,動詞,2,0.67,1.15,2026-10-01
青,警備,名詞,2,0.67,-0.18,2026-10-01
青,笑える,動詞,2,0.67,nan,2026-10-01
青,とどまる,動詞,2,0.67,nan,2026-10-01
青,絶叫,名詞,2,0.67,0.89,2026-10-01
青,下僕,名詞,2,0.67,-0.18,2026-10-01
青,意向,名詞,2,0.67,nan,2026-10-01
青,烈しい,形容詞,2,0.67,nan,2026-10-01
青,カラフィ,名詞,2,0.67,1.15,2026-10-01
青,トラシオス,名詞,2,0.67,nan,2026-10-01
青,喉,名詞,2,0.67,-0.97,2026-10-01
青,なぞなぞ,名詞,2,0.67,nan,2026-10-01
青,はめ,名詞,2,0.67,0.89,2026-10-01
青,物資,名詞,2,0.67,1.15,2026-10-01
青,並べる,動詞,2,0.67,0.89,2026-10-01
青,騎乗,名詞,2,0.67,0.89,2026-10-01
青,旅立つ,動詞,2,0.67,1.15,2026-10-01
青,犯す,動詞,2,0.67,-1.25,2026-10-01
青,判断,名詞,2,0.67,0.1,2026-10-01
青,具象,名詞,2,0.67,nan,2026-10-01
青,願望,名詞,2,0.67,0.45,2026-10-01
青,諸島,名詞,2,0.67,nan,2026-10-01
青,収穫,名詞,2,0.67,-1.74,2026-10-01
青,ヤツ,名詞,2,0.67,-0.42,2026-10-01
青,急流,名詞,2,0.67,nan,2026-10-01
青,大いに,副詞,2,0.67,-0.05,2026-10-01
青,妻,名詞,2,0.67,nan,2026-10-01
青,よろしい,形容詞,2,0.67,nan,2026-10-01
青,変身,名詞,2,0.67,1.15,2026-10-01
青,ハエ,名詞,2,0.67,0.65,2026-10-01
青,斥候,名詞,2,0.67,-1.05,2026-10-01
青,直接,副詞,2,0.67,0.45,2026-10-01
青,大型,名詞,2,0.67,0.89,2026-10-01
青,反撃,名詞,2,0.67,-0.18,2026-10-01
青,固い,形容詞,2,0.67,-1.25,2026-10-01
青,甲板,名詞,2,0.67,nan,2026-10-01
青,散らす,動詞,2,0.67,-0.42,2026-10-01
青,不吉,名詞,2,0.67,nan,2026-10-01
青,雨粒,名詞,2,0.67,nan,2026-10-01
青,射る,動詞,2,0.67,0.45,2026-10-01
青,シディシ,名詞,2,0.67,0.45,2026-10-01
青,展開,名詞,2,0.67,0.26,2026-10-01
青,陰謀,名詞,2,0.67,-1.19,2026-10-01
青,束縛,名詞,2,0.67,0.26,2026-10-01
青,統率,名詞,2,0.67,-0.18,2026-10-01
青,息吹,名詞,2,0.67,nan,2026-10-01
青,鹿,名詞,2,0.67,0.65,2026-10-01
青,コシマ,名詞,2,0.67,nan,2026-10-01
青,ジャイアント,名詞,2,0.67,nan,2026-10-01
青,シャーマン,名詞,2,0.67,-1.49,2026-10-01
青,絡む,動詞,2,0.67,-1.69,2026-10-01
青,細かい,形容詞,2,0.67,0.89,2026-10-01
青,安定,名詞,2,0.67,-1.05,2026-10-01
青,形状,名詞,2,0.67,1.15,2026-10-01
青,鐘,名詞,2,0.67,-0.05,2026-10-01
青,真下,名詞,2,0.67,nan,2026-10-01
青,翻訳,名詞,2,0.67,nan,2026-10-01
青,詞,名詞,2,0.67,1.15,2026-10-01
青,授かる,動詞,2,0.67,0.45,2026-10-01
青,対決,名詞,2,0.67,0.65,2026-10-01
青,信奉,名詞,2,0.67,-0.63,2026-10-01
青,心理,名詞,2,0.67,nan,2026-10-01
青,奥の手,名詞,2,0.67,nan,2026-10-01
青,眷者,名詞,2,0.67,nan,2026-10-01
青,今後,名詞,2,0.67,0.26,2026-10-01
青,薄れる,動詞,2,0.67,nan,2026-10-01
青,する,動詞,2,0.67,nan,2026-10-01
青,亀裂,名詞,2,0.67,0.65,2026-10-01
青,サルカン,名詞,2,0.67,-1.25,2026-10-01
青,秘訣,名詞,2,0.67,0.26,2026-10-01
青,長生き,名詞,2,0.67,0.1,2026-10-01
青,アルハマレット,名詞,2,0.67,nan,2026-10-01
青,発生,名詞,2,0.67,1.15,2026-10-01
青,勝てる,動詞,2,0.67,0.1,2026-10-01
青,保つ,動詞,2,0.67,-1.49,2026-10-01
青,見通し,名詞,2,0.67,0.89,2026-10-01
青,惜しむ,動詞,2,0.67,0.89,2026-10-01
青,水上,名詞,2,0.67,nan,2026-10-01
青,刺激,名詞,2,0.67,0.65,2026-10-01
青,指す,動詞,2,0.67,nan,2026-10-01
青,法律,名詞,2,0.67,0.89,2026-10-01
青,地帯,名詞,2,0.67,-0.31,2026-10-01
青,ウラモグ,名詞,2,0.67,0.65,2026-10-01
青,陥落,名詞,2,0.67,0.45,2026-10-01
青,係留,名詞,2,0.67,nan,2026-10-01
青,回復,名詞,2,0.67,0.1,2026-10-01
青,返事,名詞,2,0.67,0.89,2026-10-01
青,鼓舞,名詞,2,0.67,0.89,2026-10-01
青,部隊,名詞,2,0.67,-1.43,2026-10-01
青,スレイベン,名詞,2,0.67,-1.37,2026-10-01
青,ヴァリョン,名詞,2,0.67,nan,2026-10-01
青,検査,名詞,2,0.67,0.89,2026-10-01
青,映像,名詞,2,0.67,nan,2026-10-01
青,顕現,名詞,2,0.67,nan,2026-10-01
青,折れる,動詞,2,0.67,-0.63,2026-10-01
青,破れる,動詞,2,0.67,0.26,2026-10-01
青,陥れる,動詞,2,0.67,nan,2026-10-01
青,ノック,名詞,2,0.67,1.15,2026-10-01
青,吉,名詞,2,0.67,nan,2026-10-01
青,繋がる,動詞,2,0.67,-0.53,2026-10-01
青,論理,名詞,2,0.67,nan,2026-10-01
青,大量,名詞,2,0.67,0.1,2026-10-01
青,縫う,動詞,2,0.67,-0.05,2026-10-01
青,雷鳴,名詞,2,0.67,-0.31,2026-10-01
青,蝋燭,名詞,2,0.67,0.45,2026-10-01
青,安堵,名詞,2,0.67,0.45,2026-10-01
青,休息,名詞,2,0.67,-0.72,2026-10-01
青,知能,名詞,2,0.67,nan,2026-10-01
青,揃う,動詞,2,0.67,-0.31,2026-10-01
青,空虚,名詞,2,0.67,nan,2026-10-01
青,ナヒリ,名詞,2,0.67,-0.42,2026-10-01
青,リリアナ,名詞,2,0.67,-2.37,2026-10-01
青,帰結,名詞,2,0.67,nan,2026-10-01
青,即興,名詞,2,0.67,nan,2026-10-01
青,遂げる,動詞,2,0.67,-0.97,2026-10-01
青,承認,名詞,2,0.67,nan,2026-10-01
青,ナラー,名詞,2,0.67,-1.37,2026-10-01
青,頼む,動詞,2,0.67,-0.72,2026-10-01
青,髪,名詞,2,0.67,-0.31,2026-10-01
青,経歴,名詞,2,0.67,nan,2026-10-01
青,莫大,名詞,2,0.67,1.15,2026-10-01
青,アヴィシュカー,名詞,2,0.67,1.15,2026-10-01
青,細い,形容詞,2,0.67,nan,2026-10-01
青,寂しい,形容詞,2,0.67,nan,2026-10-01
青,修羅,名詞,2,0.67,nan,2026-10-01
青,銛,名詞,2,0.67,nan,2026-10-01
青,くぐる,動詞,2,0.67,0.65,2026-10-01
青,歩行,名詞,2,0.67,nan,2026-10-01
青,ドビン,名詞,2,0.67,1.15,2026-10-01
青,手遅れ,名詞,2,0.67,-0.18,2026-10-01
青,船倉,名詞,2,0.67,nan,2026-10-01
青,換える,動詞,2,0.67,0.45,2026-10-01
青,突破,名詞,2,0.67,0.26,2026-10-01
青,ころ,名詞,2,0.67,-0.05,2026-10-01
青,視野,名詞,2,0.67,1.15,2026-10-01
青,鉱石,名詞,2,0.67,nan,2026-10-01
青,ナクタムン,名詞,2,0.67,-0.81,2026-10-01
青,オベリスク,名詞,2,0.67,nan,2026-10-01
青,あさる,動詞,2,0.67,1.15,2026-10-01
青,恐らく,副詞,2,0.67,nan,2026-10-01
青,騙す,動詞,2,0.67,-0.31,2026-10-01
青,ネポネム,名詞,2,0.67,nan,2026-10-01
青,啓示,名詞,2,0.67,0.89,2026-10-01
青,休み,名詞,2,0.67,0.89,2026-10-01
青,ヘクマ,名詞,2,0.67,0.1,2026-10-01
青,十分,副詞,2,0.67,-0.97,2026-10-01
青,当然,副詞,2,0.67,1.15,2026-10-01
青,役立つ,動詞,2,0.67,1.15,2026-10-01
青,呻き,名詞,2,0.67,1.15,2026-10-01
青,秘本,名詞,2,0.67,nan,2026-10-01
青,被る,動詞,2,0.67,0.45,2026-10-01
青,逃げ道,名詞,2,0.67,nan,2026-10-01
青,新入り,名詞,2,0.67,nan,2026-10-01
青,懐,名詞,2,0.67,nan,2026-10-01
青,及ぶ,動詞,2,0.67,-0.89,2026-10-01
青,孤高,名詞,2,0.67,1.15,2026-10-01
青,溜める,動詞,2,0.67,0.26,2026-10-01
青,試みる,動詞,2,0.67,0.45,2026-10-01
青,驚き,名詞,2,0.67,0.65,2026-10-01
青,隠せる,動詞,2,0.67,nan,2026-10-01
青,正面,名詞,2,0.67,0.89,2026-10-01
青,ヴラスカ,名詞,2,0.67,-0.05,2026-10-01
青,飛沫,名詞,2,0.67,nan,2026-10-01
青,細波,名詞,2,0.67,nan,2026-10-01
青,不滅,名詞,2,0.67,-1.05,2026-10-01
青,おぞましい,形容詞,2,0.67,-0.05,2026-10-01
青,覚ます,動詞,2,0.67,-1.12,2026-10-01
青,荒い,形容詞,2,0.67,1.15,2026-10-01
青,翻弄,名詞,2,0.67,nan,2026-10-01
青,長期,名詞,2,0.67,nan,2026-10-01
青,更に,副詞,2,0.67,0.65,2026-10-01
青,ヴォーデイリア,名詞,2,0.67,nan,2026-10-01
青,ケルド,名詞,2,0.67,-0.63,2026-10-01
青,干渉,名詞,2,0.67,nan,2026-10-01
青,護法,名詞,2,0.67,0.89,2026-10-01
青,対応,名詞,2,0.67,1.15,2026-10-01
青,学術,名詞,2,0.67,nan,2026-10-01
青,イラつく,動詞,2,0.67,nan,2026-10-01
青,住民,名詞,2,0.67,-0.05,2026-10-01
青,事故,名詞,2,0.67,0.1,2026-10-01
青,環境,名詞,2,0.67,0.1,2026-10-01
青,模様,名詞,2,0.67,0.45,2026-10-01
青,増やす,動詞,2,0.67,0.26,2026-10-01
青,発揮,名詞,2,0.67,-0.05,2026-10-01
青,目玉,名詞,2,0.67,1.15,2026-10-01
青,面食らう,動詞,2,0.67,nan,2026-10-01
青,悲鳴,名詞,2,0.67,-1.54,2026-10-01
青,ハサミ,名詞,2,0.67,nan,2026-10-01
青,提案,名詞,2,0.67,0.89,2026-10-01
青,捏造,名詞,2,0.67,nan,2026-10-01
青,ベランダ,名詞,2,0.67,nan,2026-10-01
青,階,名詞,2,0.67,nan,2026-10-01
青,錯誤,名詞,2,0.67,nan,2026-10-01
青,効率,名詞,2,0.67,0.65,2026-10-01
青,凌駕,名詞,2,0.67,0.89,2026-10-01
青,衝突,名詞,2,0.67,-0.31,2026-10-01
青,罰則,名詞,2,0.67,nan,2026-10-01
青,拘束,名詞,2,0.67,0.1,2026-10-01
青,無害,名詞,2,0.67,-0.05,2026-10-01
青,報復,名詞,2,0.67,-0.31,2026-10-01
青,養う,動詞,2,0.67,0.1,2026-10-01
青,生態,名詞,2,0.67,0.26,2026-10-01
青,屈する,動詞,2,0.67,-0.72,2026-10-01
青,泥棒,名詞,2,0.67,0.65,2026-10-01
青,枝分かれ,名詞,2,0.67,nan,2026-10-01
青,哀れ,名詞,2,0.67,-0.53,2026-10-01
青,殺人,名詞,2,0.67,-1.05,2026-10-01
青,当惑,名詞,2,0.67,nan,2026-10-01
青,霜,名詞,2,0.67,-0.31,2026-10-01
青,目覚め,名詞,2,0.67,0.1,2026-10-01
青,ヤロク,名詞,2,0.67,nan,2026-10-01
青,降る,動詞,2,0.67,-1.37,2026-10-01
青,遊ぶ,動詞,2,0.67,-0.53,2026-10-01
青,暗殺,名詞,2,0.67,-1.19,2026-10-01
青,ウィル,名詞,2,0.67,0.65,2026-10-01
青,ローアン,名詞,2,0.67,1.15,2026-10-01
青,羽虫,名詞,2,0.67,nan,2026-10-01
青,叶える,動詞,2,0.67,-0.18,2026-10-01
青,のぼる,動詞,2,0.67,nan,2026-10-01
青,人形,名詞,2,0.67,0.26,2026-10-01
青,明かり,名詞,2,0.67,0.45,2026-10-01
青,おもちゃ,名詞,2,0.67,0.65,2026-10-01
青,わきまえる,動詞,2,0.67,1.15,2026-10-01
青,悲惨,名詞,2,0.67,-0.05,2026-10-01
青,ひと,名詞,2,0.67,0.89,2026-10-01
青,つね,名詞,2,0.67,nan,2026-10-01
青,くまなく,副詞,2,0.67,nan,2026-10-01
青,出くわす,動詞,2,0.67,0.65,2026-10-01
青,海藻,名詞,2,0.67,nan,2026-10-01
青,ネロノ,名詞,2,0.67,nan,2026-10-01
青,垂らす,動詞,2,0.67,1.15,2026-10-01
青,ずる,動詞,2,0.67,-0.63,2026-10-01
青,浜辺,名詞,2,0.67,nan,2026-10-01
青,纏う,動詞,2,0.67,0.26,2026-10-01
青,反応,名詞,2,0.67,-0.05,2026-10-01
青,カエル,名詞,2,0.67,0.1,2026-10-01
青,耐性,名詞,2,0.67,0.89,2026-10-01
青,落ち着き,名詞,2,0.67,nan,2026-10-01
青,イコリア,名詞,2,0.67,-0.05,2026-10-01
青,分かれ目,名詞,2,0.67,nan,2026-10-01
青,プテロサウルス,名詞,2,0.67,nan,2026-10-01
青,羝獣,名詞,2,0.67,nan,2026-10-01
青,深まる,動詞,2,0.67,nan,2026-10-01
青,委ねる,動詞,2,0.67,0.65,2026-10-01
青,ばかばかしい,形容詞,2,0.67,nan,2026-10-01
青,海図,名詞,2,0.67,nan,2026-10-01
青,才気,名詞,2,0.67,nan,2026-10-01
青,独創,名詞,2,0.67,0.26,2026-10-01
青,打撃,名詞,2,0.67,0.65,2026-10-01
青,継ぐ,動詞,2,0.67,-1.05,2026-10-01
青,匂い,名詞,2,0.67,-1.31,2026-10-01
青,古し,形容詞,2,0.67,-1.78,2026-10-01
青,息づく,動詞,2,0.67,1.15,2026-10-01
青,探し,名詞,2,0.67,nan,2026-10-01
青,追跡,名詞,2,0.67,-0.53,2026-10-01
青,生存,名詞,2,0.67,-1.59,2026-10-01
青,外套,名詞,2,0.67,0.1,2026-10-01
青,自慢,名詞,2,0.67,0.26,2026-10-01
青,下る,動詞,2,0.67,0.89,2026-10-01
青,捧げ物,名詞,2,0.67,0.65,2026-10-01
青,違反,名詞,2,0.67,nan,2026-10-01
青,解凍,名詞,2,0.67,nan,2026-10-01
青,定期,名詞,2,0.67,nan,2026-10-01
青,教授,名詞,2,0.67,-0.31,2026-10-01
青,共有,名詞,2,0.67,0.65,2026-10-01
青,受験,名詞,2,0.67,nan,2026-10-01
青,ストリクスヘイヴン,名詞,2,0.67,-0.63,2026-10-01
青,勧める,動詞,2,0.67,0.65,2026-10-01
青,蔓延,名詞,2,0.67,0.45,2026-10-01
青,ポータル,名詞,2,0.67,nan,2026-10-01
青,比喩,名詞,2,0.67,1.15,2026-10-01
青,蔵書,名詞,2,0.67,nan,2026-10-01
青,お出まし,名詞,2,0.67,nan,2026-10-01
青,オヴ,名詞,2,0.67,nan,2026-10-01
青,剥がす,動詞,2,0.67,0.89,2026-10-01
青,絨毯,名詞,2,0.67,nan,2026-10-01
青,依然,副詞,2,0.67,nan,2026-10-01
青,囚われる,動詞,2,0.67,0.26,2026-10-01
青,イヴォルド,名詞,2,0.67,nan,2026-10-01
青,対抗,名詞,2,0.67,-0.42,2026-10-01
青,猛毒,名詞,2,0.67,1.15,2026-10-01
青,えぐる,動詞,2,0.67,nan,2026-10-01
青,釣り糸,名詞,2,0.67,nan,2026-10-01
青,凝らす,動詞,2,0.67,nan,2026-10-01
青,興奮,名詞,2,0.67,-0.05,2026-10-01
青,くるくる,副詞,2,0.67,nan,2026-10-01
青,とう,名詞,2,0.67,nan,2026-10-01
青,部位,名詞,2,0.67,nan,2026-10-01
青,捜索,名詞,2,0.67,nan,2026-10-01
青,海蛇,名詞,2,0.67,nan,2026-10-01
青,ランプ,名詞,2,0.67,nan,2026-10-01
青,工程,名詞,2,0.67,nan,2026-10-01
青,交信,名詞,2,0.67,0.65,2026-10-01
青,率,名詞,2,0.67,nan,2026-10-01
青,安心,名詞,2,0.67,-0.81,2026-10-01
青,複製,名詞,2,0.67,1.15,2026-10-01
青,メモ,名詞,2,0.67,0.89,2026-10-01
青,所持,名詞,2,0.67,1.15,2026-10-01
青,折る,動詞,2,0.67,-0.53,2026-10-01
青,チップ,名詞,2,0.67,nan,2026-10-01
青,掴む,動詞,2,0.67,-0.81,2026-10-01
青,詰める,動詞,2,0.67,-1.31,2026-10-01
青,小柄,名詞,2,0.67,nan,2026-10-01
青,会合,名詞,2,0.67,nan,2026-10-01
青,交差,名詞,2,0.67,0.45,2026-10-01
青,エルズペス,名詞,2,0.67,-1.19,2026-10-01
青,条件,名詞,2,0.67,1.15,2026-10-01
青,渡せる,動詞,2,0.67,nan,2026-10-01
青,錆びる,動詞,2,0.67,0.1,2026-10-01
青,秘める,動詞,2,0.67,-0.42,2026-10-01
青,重宝,名詞,2,0.67,nan,2026-10-01
青,棚,名詞,2,0.67,nan,2026-10-01
青,水圧,名詞,2,0.67,nan,2026-10-01
青,啓発,名詞,2,0.67,nan,2026-10-01
青,宣言,名詞,2,0.67,nan,2026-10-01
青,危うい,形容詞,2,0.67,nan,2026-10-01
青,奇怪,名詞,2,0.67,0.45,2026-10-01
青,錨,名詞,2,0.67,nan,2026-10-01
青,衝動,名詞,2,0.67,-0.05,2026-10-01
青,勘弁,名詞,2,0.67,0.89,2026-10-01
青,ケイヤ,名詞,2,0.67,-0.18,2026-10-01
青,被験,名詞,2,0.67,nan,2026-10-01
青,認識,名詞,2,0.67,-0.81,2026-10-01
青,動力,名詞,2,0.67,nan,2026-10-01
青,ぎらつく,動詞,2,0.67,0.89,2026-10-01
青,区画,名詞,2,0.67,1.15,2026-10-01
青,排除,名詞,2,0.67,0.45,2026-10-01
青,生体,名詞,2,0.67,1.15,2026-10-01
青,姿かたち,名詞,2,0.67,1.15,2026-10-01
青,幻,名詞,2,0.67,0.65,2026-10-01
青,頑張る,動詞,2,0.67,1.15,2026-10-01
青,頃合い,名詞,2,0.67,nan,2026-10-01
青,成績,名詞,2,0.67,nan,2026-10-01
青,代,名詞,2,0.67,0.65,2026-10-01
青,王者,名詞,2,0.67,0.45,2026-10-01
青,たいそう,副詞,2,0.67,1.15,2026-10-01
青,兆候,名詞,2,0.67,nan,2026-10-01
青,武勇,名詞,2,0.67,-0.42,2026-10-01
青,ケイレム,名詞,2,0.67,nan,2026-10-01
青,久遠,名詞,2,0.67,0.89,2026-10-01
青,スコール,名詞,2,0.67,nan,2026-10-01
青,小僧,名詞,2,0.67,0.89,2026-10-01
青,放る,動詞,2,0.67,-0.72,2026-10-01
青,幸い,名詞,2,0.67,1.15,2026-10-01
青,ジョハン,名詞,2,0.67,nan,2026-10-01
青,茂る,動詞,2,0.67,0.26,2026-10-01
青,整頓,名詞,2,0.67,nan,2026-10-01
青,料理,名詞,2,0.67,-0.31,2026-10-01
青,さぞかし,副詞,2,0.67,nan,2026-10-01
青,奮う,動詞,2,0.67,0.89,2026-10-01
青,水辺,名詞,2,0.67,nan,2026-10-01
青,転用,名詞,2,0.67,nan,2026-10-01
青,ふさわしい,形容詞,2,0.67,-1.43,2026-10-01
青,犯人,名詞,2,0.67,0.26,2026-10-01
青,有能,名詞,2,0.67,0.89,2026-10-01
青,脱獄,名詞,2,0.67,nan,2026-10-01
青,容疑,名詞,2,0.67,nan,2026-10-01
青,疑う,動詞,2,0.67,0.26,2026-10-01
青,探偵,名詞,2,0.67,-0.31,2026-10-01
青,派遣,名詞,2,0.67,0.65,2026-10-01
青,逮捕,名詞,2,0.67,1.15,2026-10-01
青,想定,名詞,2,0.67,-0.05,2026-10-01
青,手首,名詞,2,0.67,0.65,2026-10-01
青,脚,名詞,2,0.67,-0.05,2026-10-01
青,しょう,名詞,2,0.67,1.15,2026-10-01
青,ロープ,名詞,2,0.67,0.1,2026-10-01
青,フットワーク,名詞,2,0.67,nan,2026-10-01
青,なお,副詞,2,0.67,-1.59,2026-10-01
青,バード,名詞,2,0.67,0.89,2026-10-01
青,ちがう,動詞,2,0.67,1.15,2026-10-01
青,おまけ,名詞,2,0.67,0.89,2026-10-01
青,カワウソ,名詞,2,0.67,0.65,2026-10-01
青,空白,名詞,2,0.67,nan,2026-10-01
青,隙,名詞,2,0.67,0.26,2026-10-01
青,震え,名詞,2,0.67,nan,2026-10-01
青,ただちに,副詞,2,0.67,nan,2026-10-01
青,ヶ月,名詞,2,0.67,0.45,2026-10-01
青,週間,名詞,2,0.67,-0.53,2026-10-01
青,大群,名詞,2,0.67,-0.72,2026-10-01
青,稼働,名詞,2,0.67,nan,2026-10-01
青,車,名詞,2,0.67,nan,2026-10-01
青,運転,名詞,2,0.67,0.89,2026-10-01
青,隕石,名詞,2,0.67,0.89,2026-10-01
青,流儀,名詞,2,0.67,nan,2026-10-01
青,ガラクタ,名詞,2,0.67,0.26,2026-10-01
青,糧,名詞,2,0.67,-0.89,2026-10-01
青,マシン,名詞,2,0.67,nan,2026-10-01
青,切らす,動詞,2,0.67,nan,2026-10-01
青,アドバイス,名詞,2,0.67,nan,2026-10-01
青,父,名詞,2,0.67,-1.19,2026-10-01
青,あふれる,動詞,2,0.67,-0.53,2026-10-01
青,レーザー,名詞,2,0.67,nan,2026-10-01
青,つくる,動詞,2,0.67,-0.31,2026-10-01
青,緑,名詞,2,0.67,-0.53,2026-10-01
青,余裕,名詞,2,0.67,0.89,2026-10-01
青,大蛇,名詞,2,0.67,-0.97,2026-10-01
青,峠,名詞,2,0.67,-0.31,2026-10-01
青,子ども,名詞,2,0.67,0.1,2026-10-01
青,通う,動詞,2,0.67,0.45,2026-10-01
青,何者,名詞,2,0.67,-0.81,2026-10-01
青,数多,名詞,2,0.67,-0.42,2026-10-01
青,タイム,名詞,2,0.67,nan,2026-10-01
青,博士,名詞,2,0.67,nan,2026-10-01
青,カメ,名詞,2,0.67,-0.18,2026-10-01
青,兵隊,名詞,2,0.67,1.15,2026-10-01
青,地球,名詞,2,0.67,0.65,2026-10-01
青,リング,名詞,2,0.67,1.15,2026-10-01
青,忍者,名詞,2,0.67,0.65,2026-10-01
青,搭載,名詞,2,0.67,nan,2026-10-01
青,プリズマリ,名詞,2,0.67,0.65,2026-10-01
青,ミス,名詞,2,0.67,nan,2026-10-01
青,父さん,名詞,2,0.67,nan,2026-10-01
青,赤壁,名詞,2,0.67,nan,2026-10-01
青,船舶,名詞,2,0.67,nan,2026-10-01
青,信条,名詞,2,0.67,0.1,2026-10-01
青,粉々,名詞,2,0.67,-0.31,2026-10-01
青,発作,名詞,2,0.67,nan,2026-10-01
青,サイバ,名詞,2,0.67,nan,2026-10-01
青,ネットワーク,名詞,2,0.67,nan,2026-10-01
青,機密,名詞,2,0.67,nan,2026-10-01
青,笑顔,名詞,2,0.67,nan,2026-10-01
青,仰る,動詞,2,0.67,nan,2026-10-01
青,黒,名詞,2,0.67,-0.72,2026-10-01
青,風情,名詞,2,0.67,nan,2026-10-01
青,事項,名詞,2,0.67,nan,2026-10-01
青,歓喜,名詞,2,0.67,0.65,2026-10-01
青,客人,名詞,2,0.67,0.1,2026-10-01
青,応用,名詞,2,0.67,nan,2026-10-01
青,船団,名詞,2,0.67,nan,2026-10-01
青,アンドゥイン,名詞,2,0.67,nan,2026-10-01
青,河口,名詞,2,0.67,nan,2026-10-01
青,南,名詞,2,0.67,0.1,2026-10-01
青,ウンバール,名詞,2,0.67,nan,2026-10-01
青,庄,名詞,2,0.67,1.15,2026-10-01
青,枝葉,名詞,2,0.67,nan,2026-10-01
青,柳,名詞,2,0.67,nan,2026-10-01
青,全身,名詞,2,0.67,0.26,2026-10-01
青,イラスト,名詞,2,0.67,nan,2026-10-01
青,挟む,動詞,2,0.67,0.65,2026-10-01
青,試行,名詞,2,0.67,nan,2026-10-01
青,統治,名詞,2,0.67,-0.31,2026-10-01
青,褒美,名詞,2,0.67,0.65,2026-10-01
青,ドル,名詞,2,0.67,nan,2026-10-01
青,まこと,名詞,2,0.67,nan,2026-10-01
青,修得,名詞,2,0.67,nan,2026-10-01
青,いちばん,名詞,2,0.67,1.15,2026-10-01
青,制する,動詞,2,0.67,nan,2026-10-01
青,忍び,名詞,2,0.67,nan,2026-10-01
青,町,名詞,2,0.67,-1.12,2026-10-01
青,玉座,名詞,2,0.67,-0.31,2026-10-01
青,異なる,動詞,2,0.67,-0.63,2026-10-01
青,ストーン,名詞,2,0.67,0.45,2026-10-01
青,連ねる,動詞,2,0.67,1.15,2026-10-01
青,待ち,名詞,2,0.67,nan,2026-10-01
青,受講,名詞,2,0.67,nan,2026-10-01
青,セメスター,名詞,2,0.67,nan,2026-10-01
青,履修,名詞,2,0.67,nan,2026-10-01
青,クイル,名詞,2,0.67,0.89,2026-10-01
青,大家,名詞,1,0.33,nan,2026-10-01
青,うらやましい,形容詞,1,0.33,nan,2026-10-01
青,うろ覚え,名詞,1,0.33,nan,2026-10-01
青,混合,名詞,1,0.33,nan,2026-10-01
青,東風,名詞,1,0.33,nan,2026-10-01
青,一撃,名詞,1,0.33,-1.91,2026-10-01
青,翡翠,名詞,1,0.33,-0.13,2026-10-01
青,吹き,名詞,1,0.33,nan,2026-10-01
青,緊張,名詞,1,0.33,nan,2026-10-01
青,トーテム,名詞,1,0.33,nan,2026-10-01
青,徒弟,名詞,1,0.33,nan,2026-10-01
青,開放,名詞,1,0.33,nan,2026-10-01
青,ヴァレク,名詞,1,0.33,nan,2026-10-01
青,精通,名詞,1,0.33,0.07,2026-10-01
青,計略,名詞,1,0.33,0.07,2026-10-01
青,高貴,名詞,1,0.33,-1.26,2026-10-01
青,賭博,名詞,1,0.33,nan,2026-10-01
青,名手,名詞,1,0.33,nan,2026-10-01
青,詐術,名詞,1,0.33,nan,2026-10-01
青,マハモティ,名詞,1,0.33,nan,2026-10-01
青,雇い主,名詞,1,0.33,nan,2026-10-01
青,快楽,名詞,1,0.33,-0.57,2026-10-01
青,享受,名詞,1,0.33,nan,2026-10-01
青,ヴェリック,名詞,1,0.33,nan,2026-10-01
青,ばれる,動詞,1,0.33,nan,2026-10-01
青,ウルマラス,名詞,1,0.33,nan,2026-10-01
青,観点,名詞,1,0.33,nan,2026-10-01
青,矛,名詞,1,0.33,nan,2026-10-01
青,明言,名詞,1,0.33,nan,2026-10-01
青,波間,名詞,1,0.33,nan,2026-10-01
青,人魚,名詞,1,0.33,nan,2026-10-01
青,オネイア,名詞,1,0.33,nan,2026-10-01
青,黎明,名詞,1,0.33,nan,2026-10-01
青,カリス,名詞,1,0.33,nan,2026-10-01
青,長所,名詞,1,0.33,nan,2026-10-01
青,痣,名詞,1,0.33,0.07,2026-10-01
青,生まれつき,名詞,1,0.33,nan,2026-10-01
青,短所,名詞,1,0.33,nan,2026-10-01
青,名詞,名詞,1,0.33,nan,2026-10-01
青,イフリート,名詞,1,0.33,-0.44,2026-10-01
青,サフィヤー,名詞,1,0.33,nan,2026-10-01
青,乗組,名詞,1,0.33,nan,2026-10-01
青,捜し,名詞,1,0.33,nan,2026-10-01
青,学校,名詞,1,0.33,nan,2026-10-01
青,遡る,動詞,1,0.33,-0.13,2026-10-01
青,元々,名詞,1,0.33,nan,2026-10-01
青,起源,名詞,1,0.33,nan,2026-10-01
青,慎み,名詞,1,0.33,nan,2026-10-01
青,至難,名詞,1,0.33,nan,2026-10-01
青,熱意,名詞,1,0.33,0.07,2026-10-01
青,消火,名詞,1,0.33,nan,2026-10-01
青,燃焼,名詞,1,0.33,nan,2026-10-01
青,鈎,名詞,1,0.33,nan,2026-10-01
青,予感,名詞,1,0.33,nan,2026-10-01
青,さかる,動詞,1,0.33,nan,2026-10-01
青,抜きん出る,動詞,1,0.33,nan,2026-10-01
青,ジャムーラ,名詞,1,0.33,nan,2026-10-01
青,へさき,名詞,1,0.33,nan,2026-10-01
青,候補,名詞,1,0.33,nan,2026-10-01
青,自制,名詞,1,0.33,0.07,2026-10-01
青,最低,名詞,1,0.33,0.07,2026-10-01
青,桟橋,名詞,1,0.33,nan,2026-10-01
青,シヴィエルン,名詞,1,0.33,nan,2026-10-01
青,人並み,名詞,1,0.33,nan,2026-10-01
青,定量,名詞,1,0.33,nan,2026-10-01
青,日食,名詞,1,0.33,nan,2026-10-01
青,イッピン,名詞,1,0.33,nan,2026-10-01
青,形づくる,動詞,1,0.33,nan,2026-10-01
青,すまう,動詞,1,0.33,nan,2026-10-01
青,昨夜,名詞,1,0.33,nan,2026-10-01
青,夏,名詞,1,0.33,-0.3,2026-10-01
青,火砲,名詞,1,0.33,nan,2026-10-01
青,手放す,動詞,1,0.33,0.07,2026-10-01
青,食肉,名詞,1,0.33,nan,2026-10-01
青,涸れる,動詞,1,0.33,nan,2026-10-01
青,リアホックー,名詞,1,0.33,nan,2026-10-01
青,非業,名詞,1,0.33,nan,2026-10-01
青,ウィザード,名詞,1,0.33,nan,2026-10-01
青,朝日,名詞,1,0.33,-0.3,2026-10-01
青,おばけ,名詞,1,0.33,nan,2026-10-01
青,イズマグナス,名詞,1,0.33,nan,2026-10-01
青,逆行,名詞,1,0.33,nan,2026-10-01
青,ちと,副詞,1,0.33,nan,2026-10-01
青,マズイ,形容詞,1,0.33,nan,2026-10-01
青,首席,名詞,1,0.33,nan,2026-10-01
青,生傷,名詞,1,0.33,nan,2026-10-01
青,つぎ,名詞,1,0.33,nan,2026-10-01
青,嘲る,動詞,1,0.33,-0.3,2026-10-01
青,先触れ,名詞,1,0.33,nan,2026-10-01
青,悼む,動詞,1,0.33,-0.44,2026-10-01
青,ケアヴェク,名詞,1,0.33,nan,2026-10-01
青,かぎる,動詞,1,0.33,nan,2026-10-01
青,フェメレフ,名詞,1,0.33,nan,2026-10-01
青,ナイマ,名詞,1,0.33,nan,2026-10-01
青,日頃,名詞,1,0.33,0.07,2026-10-01
青,即断,名詞,1,0.33,nan,2026-10-01
青,アーギヴィーア,名詞,1,0.33,nan,2026-10-01
青,かならず,副詞,1,0.33,nan,2026-10-01
青,雪片,名詞,1,0.33,nan,2026-10-01
青,たやす,動詞,1,0.33,nan,2026-10-01
青,苦い,形容詞,1,0.33,-0.3,2026-10-01
青,憎し,形容詞,1,0.33,-0.3,2026-10-01
青,手中,名詞,1,0.33,-0.3,2026-10-01
青,疑い,名詞,1,0.33,-0.57,2026-10-01
青,解釈,名詞,1,0.33,nan,2026-10-01
青,しかた,名詞,1,0.33,nan,2026-10-01
青,満ち干,名詞,1,0.33,nan,2026-10-01
青,ネクサル,名詞,1,0.33,nan,2026-10-01
青,リズム,名詞,1,0.33,-0.13,2026-10-01
青,レヴナンツトール,名詞,1,0.33,nan,2026-10-01
青,暁,名詞,1,0.33,-0.13,2026-10-01
青,寄せ餌,名詞,1,0.33,nan,2026-10-01
青,行く手,名詞,1,0.33,-0.13,2026-10-01
青,さえぎる,動詞,1,0.33,nan,2026-10-01
青,曇らす,動詞,1,0.33,nan,2026-10-01
青,従兄弟,名詞,1,0.33,nan,2026-10-01
青,都会,名詞,1,0.33,nan,2026-10-01
青,徘徊,名詞,1,0.33,-0.89,2026-10-01
青,ちぎる,動詞,1,0.33,-0.13,2026-10-01
青,葬送,名詞,1,0.33,-0.13,2026-10-01
青,ジュラルド,名詞,1,0.33,nan,2026-10-01
青,ようやく,副詞,1,0.33,-1.05,2026-10-01
青,キラキラ,副詞,1,0.33,nan,2026-10-01
青,浮沈,名詞,1,0.33,nan,2026-10-01
青,轟音,名詞,1,0.33,-0.89,2026-10-01
青,アレクシー,名詞,1,0.33,nan,2026-10-01
青,西風,名詞,1,0.33,nan,2026-10-01
青,棄てる,動詞,1,0.33,nan,2026-10-01
青,毛,名詞,1,0.33,-0.3,2026-10-01
青,むく,名詞,1,0.33,nan,2026-10-01
青,クロウヴァクス,名詞,1,0.33,0.07,2026-10-01
青,隷属,名詞,1,0.33,-0.13,2026-10-01
青,にじる,動詞,1,0.33,0.07,2026-10-01
青,エゴ,名詞,1,0.33,nan,2026-10-01
青,矯正,名詞,1,0.33,nan,2026-10-01
青,要する,動詞,1,0.33,-0.13,2026-10-01
青,始め,名詞,1,0.33,-0.3,2026-10-01
青,否認,名詞,1,0.33,nan,2026-10-01
青,テレパシー,名詞,1,0.33,nan,2026-10-01
青,信仰,名詞,1,0.33,-2.63,2026-10-01
青,ゼナゴス,名詞,1,0.33,-0.13,2026-10-01
青,槌,名詞,1,0.33,-1.2,2026-10-01
青,振るう,動詞,1,0.33,-1.05,2026-10-01
青,オモチャ,名詞,1,0.33,nan,2026-10-01
青,実物,名詞,1,0.33,nan,2026-10-01
青,遁走,名詞,1,0.33,nan,2026-10-01
青,提示,名詞,1,0.33,nan,2026-10-01
青,腋の下,名詞,1,0.33,nan,2026-10-01
青,器械,名詞,1,0.33,nan,2026-10-01
青,くぼみ,名詞,1,0.33,nan,2026-10-01
青,最新,名詞,1,0.33,0.07,2026-10-01
青,学説,名詞,1,0.33,nan,2026-10-01
青,かざす,動詞,1,0.33,nan,2026-10-01
青,資源,名詞,1,0.33,-0.3,2026-10-01
青,カブトガニ,名詞,1,0.33,nan,2026-10-01
青,銀製,名詞,1,0.33,nan,2026-10-01
青,星座,名詞,1,0.33,nan,2026-10-01
青,かぶる,動詞,1,0.33,nan,2026-10-01
青,宝冠,名詞,1,0.33,nan,2026-10-01
青,断定,名詞,1,0.33,nan,2026-10-01
青,散見,名詞,1,0.33,nan,2026-10-01
青,白日,名詞,1,0.33,nan,2026-10-01
青,マナティ,名詞,1,0.33,nan,2026-10-01
青,庭,名詞,1,0.33,-1.13,2026-10-01
青,払い,名詞,1,0.33,nan,2026-10-01
青,クシャルダオラ,名詞,1,0.33,nan,2026-10-01
青,震撼,名詞,1,0.33,nan,2026-10-01
青,わびる,動詞,1,0.33,nan,2026-10-01
青,ウィンド,名詞,1,0.33,nan,2026-10-01
青,地元,名詞,1,0.33,0.07,2026-10-01
青,順位,名詞,1,0.33,nan,2026-10-01
青,しぼむ,動詞,1,0.33,nan,2026-10-01
青,誇り,名詞,1,0.33,-2.08,2026-10-01
青,落馬,名詞,1,0.33,nan,2026-10-01
青,激突,名詞,1,0.33,nan,2026-10-01
青,西部,名詞,1,0.33,nan,2026-10-01
青,買い物,名詞,1,0.33,nan,2026-10-01
青,ターミナル,名詞,1,0.33,nan,2026-10-01
青,小説,名詞,1,0.33,nan,2026-10-01
青,傾げる,動詞,1,0.33,nan,2026-10-01
青,書きかけ,名詞,1,0.33,nan,2026-10-01
青,シーウォン,名詞,1,0.33,nan,2026-10-01
青,離ればなれ,名詞,1,0.33,nan,2026-10-01
青,キツネザル,名詞,1,0.33,nan,2026-10-01
青,徒労,名詞,1,0.33,nan,2026-10-01
青,棚卸し,名詞,1,0.33,nan,2026-10-01
青,物品,名詞,1,0.33,nan,2026-10-01
青,著作,名詞,1,0.33,nan,2026-10-01
青,デリヤン,名詞,1,0.33,nan,2026-10-01
青,召還,名詞,1,0.33,nan,2026-10-01
青,大仕事,名詞,1,0.33,nan,2026-10-01
青,ひとり,名詞,1,0.33,-1.26,2026-10-01
青,小枝,名詞,1,0.33,-0.13,2026-10-01
青,カササギ,名詞,1,0.33,nan,2026-10-01
青,意見,名詞,1,0.33,-0.69,2026-10-01
青,辛辣,名詞,1,0.33,nan,2026-10-01
青,比較,名詞,1,0.33,-0.44,2026-10-01
青,日和見,名詞,1,0.33,nan,2026-10-01
青,もつれ,名詞,1,0.33,nan,2026-10-01
青,結べる,動詞,1,0.33,nan,2026-10-01
青,ほどける,動詞,1,0.33,nan,2026-10-01
青,グレヴェン,名詞,1,0.33,nan,2026-10-01
青,死骸,名詞,1,0.33,-0.44,2026-10-01
青,タカラ,名詞,1,0.33,nan,2026-10-01
青,見聞き,名詞,1,0.33,nan,2026-10-01
青,エラダムリー,名詞,1,0.33,nan,2026-10-01
青,凱歌,名詞,1,0.33,nan,2026-10-01
青,飽く,動詞,1,0.33,-0.13,2026-10-01
青,錯,名詞,1,0.33,nan,2026-10-01
青,三角,名詞,1,0.33,nan,2026-10-01
青,渦巻き,名詞,1,0.33,nan,2026-10-01
青,かわり,名詞,1,0.33,nan,2026-10-01
青,さっき,名詞,1,0.33,nan,2026-10-01
青,公理,名詞,1,0.33,nan,2026-10-01
青,幸い,副詞,1,0.33,nan,2026-10-01
青,風雲,名詞,1,0.33,nan,2026-10-01
青,黄昏,名詞,1,0.33,nan,2026-10-01
青,結婚,名詞,1,0.33,-1.05,2026-10-01
青,西,名詞,1,0.33,0.07,2026-10-01
青,東,名詞,1,0.33,nan,2026-10-01
青,驕り,名詞,1,0.33,nan,2026-10-01
青,空域,名詞,1,0.33,nan,2026-10-01
青,制限,名詞,1,0.33,-0.3,2026-10-01
青,プラーフ,名詞,1,0.33,nan,2026-10-01
青,ジェーレン,名詞,1,0.33,nan,2026-10-01
青,動議,名詞,1,0.33,nan,2026-10-01
青,提出,名詞,1,0.33,nan,2026-10-01
青,匪獣,名詞,1,0.33,nan,2026-10-01
青,ウェザー,名詞,1,0.33,nan,2026-10-01
青,シドリ,名詞,1,0.33,nan,2026-10-01
青,いでる,動詞,1,0.33,-0.3,2026-10-01
青,援助,名詞,1,0.33,0.07,2026-10-01
青,たずさえる,動詞,1,0.33,nan,2026-10-01
青,スライム,名詞,1,0.33,nan,2026-10-01
青,憚る,動詞,1,0.33,nan,2026-10-01
青,師匠,名詞,1,0.33,nan,2026-10-01
青,資格,名詞,1,0.33,nan,2026-10-01
青,しのぎ,名詞,1,0.33,nan,2026-10-01
青,ヴィザードリックス,名詞,1,0.33,nan,2026-10-01
青,ピラニア,名詞,1,0.33,nan,2026-10-01
青,兎,名詞,1,0.33,-0.3,2026-10-01
青,銅貨,名詞,1,0.33,nan,2026-10-01
青,こっそり,副詞,1,0.33,nan,2026-10-01
青,ガチョウ,名詞,1,0.33,nan,2026-10-01
青,塵,名詞,1,0.33,-1.44,2026-10-01
青,正解,名詞,1,0.33,nan,2026-10-01
青,大使,名詞,1,0.33,nan,2026-10-01
青,ラクァタス,名詞,1,0.33,nan,2026-10-01
青,遅し,形容詞,1,0.33,nan,2026-10-01
青,早し,形容詞,1,0.33,nan,2026-10-01
青,静けさ,名詞,1,0.33,-0.69,2026-10-01
青,韻律,名詞,1,0.33,nan,2026-10-01
青,口ごもる,動詞,1,0.33,nan,2026-10-01
青,破片,名詞,1,0.33,-0.13,2026-10-01
青,形勢,名詞,1,0.33,nan,2026-10-01
青,まなざし,名詞,1,0.33,nan,2026-10-01
青,借用,名詞,1,0.33,nan,2026-10-01
青,延長,名詞,1,0.33,-0.3,2026-10-01
青,重き,名詞,1,0.33,nan,2026-10-01
青,宿題,名詞,1,0.33,nan,2026-10-01
青,読破,名詞,1,0.33,nan,2026-10-01
青,高尚,名詞,1,0.33,nan,2026-10-01
青,志,名詞,1,0.33,nan,2026-10-01
青,引力,名詞,1,0.33,nan,2026-10-01
青,肉塊,名詞,1,0.33,nan,2026-10-01
青,機転,名詞,1,0.33,nan,2026-10-01
青,ゲーム,名詞,1,0.33,-0.13,2026-10-01
青,プレイヤー,名詞,1,0.33,nan,2026-10-01
青,駒,名詞,1,0.33,-0.13,2026-10-01
青,いろいろ,副詞,1,0.33,0.07,2026-10-01
青,途,名詞,1,0.33,nan,2026-10-01
青,だつ,動詞,1,0.33,nan,2026-10-01
青,女帝,名詞,1,0.33,nan,2026-10-01
青,ラワン,名詞,1,0.33,nan,2026-10-01
青,治安,名詞,1,0.33,nan,2026-10-01
青,締まる,動詞,1,0.33,nan,2026-10-01
青,道徳,名詞,1,0.33,nan,2026-10-01
青,ジレンマ,名詞,1,0.33,nan,2026-10-01
青,度胸,名詞,1,0.33,-0.89,2026-10-01
青,むき出し,名詞,1,0.33,-0.3,2026-10-01
青,金持ち,名詞,1,0.33,-0.13,2026-10-01
青,抜け道,名詞,1,0.33,nan,2026-10-01
青,もぐ,動詞,1,0.33,nan,2026-10-01
青,蝶番,名詞,1,0.33,nan,2026-10-01
青,出自,名詞,1,0.33,nan,2026-10-01
青,戦績,名詞,1,0.33,nan,2026-10-01
青,未踏,名詞,1,0.33,nan,2026-10-01
青,ヴェルドカ,名詞,1,0.33,nan,2026-10-01
青,臭い,形容詞,1,0.33,-0.69,2026-10-01
青,絶好,名詞,1,0.33,nan,2026-10-01
青,ミラーリ,名詞,1,0.33,-0.13,2026-10-01
青,退学,名詞,1,0.33,nan,2026-10-01
青,XR,名詞,1,0.33,nan,2026-10-01
青,アフェット,名詞,1,0.33,nan,2026-10-01
青,さがる,動詞,1,0.33,nan,2026-10-01
青,蹂躙,名詞,1,0.33,-0.79,2026-10-01
青,ヴェイラン,名詞,1,0.33,nan,2026-10-01
青,途端,名詞,1,0.33,nan,2026-10-01
青,木槌,名詞,1,0.33,nan,2026-10-01
青,切符,名詞,1,0.33,nan,2026-10-01
青,オードブル,名詞,1,0.33,nan,2026-10-01
青,増進,名詞,1,0.33,nan,2026-10-01
青,モン,名詞,1,0.33,nan,2026-10-01
青,正し,形容詞,1,0.33,nan,2026-10-01
青,乾燥,名詞,1,0.33,nan,2026-10-01
青,スークアタ,名詞,1,0.33,nan,2026-10-01
青,行,名詞,1,0.33,nan,2026-10-01
青,リンパ,名詞,1,0.33,nan,2026-10-01
青,食品,名詞,1,0.33,nan,2026-10-01
青,ギリギリ,副詞,1,0.33,nan,2026-10-01
青,果汁,名詞,1,0.33,nan,2026-10-01
青,認可,名詞,1,0.33,nan,2026-10-01
青,ブレンド,名詞,1,0.33,nan,2026-10-01
青,規定,名詞,1,0.33,nan,2026-10-01
青,同位,名詞,1,0.33,nan,2026-10-01
青,コーラ,名詞,1,0.33,nan,2026-10-01
青,介入,名詞,1,0.33,0.07,2026-10-01
青,ウォッチャー,名詞,1,0.33,nan,2026-10-01
青,傍観,名詞,1,0.33,0.07,2026-10-01
青,献身,名詞,1,0.33,-0.97,2026-10-01
青,もどる,動詞,1,0.33,nan,2026-10-01
青,あんまり,副詞,1,0.33,nan,2026-10-01
青,解する,動詞,1,0.33,nan,2026-10-01
青,サルドラス,名詞,1,0.33,nan,2026-10-01
青,カルドーサ,名詞,1,0.33,nan,2026-10-01
青,手下,名詞,1,0.33,-0.79,2026-10-01
青,ぬかるみ,名詞,1,0.33,0.07,2026-10-01
青,循環,名詞,1,0.33,-0.89,2026-10-01
青,スリス,名詞,1,0.33,-0.3,2026-10-01
青,最善,名詞,1,0.33,-0.97,2026-10-01
青,ドローン,名詞,1,0.33,nan,2026-10-01
青,独り,名詞,1,0.33,-1.13,2026-10-01
青,封ずる,動詞,1,0.33,0.07,2026-10-01
青,はるか,副詞,1,0.33,0.07,2026-10-01
青,不信,名詞,1,0.33,0.07,2026-10-01
青,虚言,名詞,1,0.33,nan,2026-10-01
青,一端,名詞,1,0.33,nan,2026-10-01
青,奉仕,名詞,1,0.33,-0.69,2026-10-01
青,うなり,名詞,1,0.33,nan,2026-10-01
青,修める,動詞,1,0.33,nan,2026-10-01
青,負かす,動詞,1,0.33,-0.57,2026-10-01
青,信用,名詞,1,0.33,-0.44,2026-10-01
青,予知,名詞,1,0.33,nan,2026-10-01
青,回顧,名詞,1,0.33,nan,2026-10-01
青,逡巡,名詞,1,0.33,nan,2026-10-01
青,空論,名詞,1,0.33,nan,2026-10-01
青,一通り,名詞,1,0.33,nan,2026-10-01
青,沈思,名詞,1,0.33,nan,2026-10-01
青,値打ち,名詞,1,0.33,nan,2026-10-01
青,あたり,名詞,1,0.33,-0.57,2026-10-01
青,首領,名詞,1,0.33,nan,2026-10-01
青,頼り,名詞,1,0.33,-0.44,2026-10-01
青,冷める,動詞,1,0.33,0.07,2026-10-01
青,対象,名詞,1,0.33,-0.3,2026-10-01
青,水滴,名詞,1,0.33,nan,2026-10-01
青,惑わす,動詞,1,0.33,nan,2026-10-01
青,ふさぐ,動詞,1,0.33,0.07,2026-10-01
青,師範,名詞,1,0.33,nan,2026-10-01
青,沿う,動詞,1,0.33,0.07,2026-10-01
青,人類,名詞,1,0.33,-0.57,2026-10-01
青,映す,動詞,1,0.33,-0.3,2026-10-01
青,強風,名詞,1,0.33,nan,2026-10-01
青,突風,名詞,1,0.33,-0.44,2026-10-01
青,探索,名詞,1,0.33,-0.79,2026-10-01
青,教え子,名詞,1,0.33,nan,2026-10-01
青,ひも,名詞,1,0.33,nan,2026-10-01
青,風見,名詞,1,0.33,nan,2026-10-01
青,親,名詞,1,0.33,nan,2026-10-01
青,お陰,名詞,1,0.33,nan,2026-10-01
青,才,名詞,1,0.33,-0.13,2026-10-01
青,捧げる,動詞,1,0.33,-2.28,2026-10-01
青,臨む,動詞,1,0.33,-0.3,2026-10-01
青,君臨,名詞,1,0.33,nan,2026-10-01
青,誘引,名詞,1,0.33,nan,2026-10-01
青,魚獲り,名詞,1,0.33,nan,2026-10-01
青,嫁,名詞,1,0.33,nan,2026-10-01
青,事柄,名詞,1,0.33,nan,2026-10-01
青,しぐさ,名詞,1,0.33,nan,2026-10-01
青,オクドク,名詞,1,0.33,nan,2026-10-01
青,わがまま,名詞,1,0.33,nan,2026-10-01
青,竹,名詞,1,0.33,nan,2026-10-01
青,雨水,名詞,1,0.33,nan,2026-10-01
青,節,名詞,1,0.33,nan,2026-10-01
青,怪しい,形容詞,1,0.33,nan,2026-10-01
青,忠義,名詞,1,0.33,nan,2026-10-01
青,衣,名詞,1,0.33,nan,2026-10-01
青,さざ波,名詞,1,0.33,nan,2026-10-01
青,野,名詞,1,0.33,0.07,2026-10-01
青,抑,名詞,1,0.33,nan,2026-10-01
青,僅か,副詞,1,0.33,nan,2026-10-01
青,稚児,名詞,1,0.33,nan,2026-10-01
青,こちら側,名詞,1,0.33,nan,2026-10-01
青,小魚,名詞,1,0.33,nan,2026-10-01
青,がわ,名詞,1,0.33,nan,2026-10-01
青,無し,名詞,1,0.33,-0.57,2026-10-01
青,ほぐす,動詞,1,0.33,nan,2026-10-01
青,つづれ織り,名詞,1,0.33,nan,2026-10-01
青,綺羅,名詞,1,0.33,nan,2026-10-01
青,憶える,動詞,1,0.33,nan,2026-10-01
青,呪師,名詞,1,0.33,nan,2026-10-01
青,嘆き,名詞,1,0.33,-1.05,2026-10-01
青,突入,名詞,1,0.33,-0.44,2026-10-01
青,ずれ,名詞,1,0.33,nan,2026-10-01
青,微塵,名詞,1,0.33,nan,2026-10-01
青,ならぶ,動詞,1,0.33,nan,2026-10-01
青,帷,名詞,1,0.33,nan,2026-10-01
青,現し世,名詞,1,0.33,nan,2026-10-01
青,世辞,名詞,1,0.33,nan,2026-10-01
青,見向き,名詞,1,0.33,nan,2026-10-01
青,そばだてる,動詞,1,0.33,nan,2026-10-01
青,剣呑,名詞,1,0.33,nan,2026-10-01
青,下がる,動詞,1,0.33,-1.05,2026-10-01
青,経る,動詞,1,0.33,-0.57,2026-10-01
青,齢,名詞,1,0.33,nan,2026-10-01
青,聞ける,動詞,1,0.33,-0.13,2026-10-01
青,吋,名詞,1,0.33,nan,2026-10-01
青,峨,名詞,1,0.33,-1.05,2026-10-01
青,蜥蜴,名詞,1,0.33,nan,2026-10-01
青,系図,名詞,1,0.33,nan,2026-10-01
青,図,名詞,1,0.33,nan,2026-10-01
青,悪意,名詞,1,0.33,-1.54,2026-10-01
青,融ける,動詞,1,0.33,nan,2026-10-01
青,勝手,名詞,1,0.33,nan,2026-10-01
青,ひねくれる,動詞,1,0.33,nan,2026-10-01
青,かろうじて,副詞,1,0.33,nan,2026-10-01
青,雌,名詞,1,0.33,nan,2026-10-01
青,激情,名詞,1,0.33,-0.3,2026-10-01
青,ラバ,名詞,1,0.33,nan,2026-10-01
青,性格,名詞,1,0.33,0.07,2026-10-01
青,進入,名詞,1,0.33,nan,2026-10-01
青,便所,名詞,1,0.33,nan,2026-10-01
青,裏手,名詞,1,0.33,nan,2026-10-01
青,対策,名詞,1,0.33,nan,2026-10-01
青,採る,動詞,1,0.33,nan,2026-10-01
青,抜本,名詞,1,0.33,nan,2026-10-01
青,売り,名詞,1,0.33,nan,2026-10-01
青,散りばめる,動詞,1,0.33,nan,2026-10-01
青,供える,動詞,1,0.33,nan,2026-10-01
青,惑う,動詞,1,0.33,nan,2026-10-01
青,レバーナ,名詞,1,0.33,nan,2026-10-01
青,遠慮,名詞,1,0.33,nan,2026-10-01
青,仕切る,動詞,1,0.33,nan,2026-10-01
青,上水,名詞,1,0.33,nan,2026-10-01
青,他族,名詞,1,0.33,nan,2026-10-01
青,貪欲,名詞,1,0.33,-0.97,2026-10-01
青,嫉妬,名詞,1,0.33,0.07,2026-10-01
青,政策,名詞,1,0.33,nan,2026-10-01
青,生き残り,名詞,1,0.33,-1.63,2026-10-01
青,酒場,名詞,1,0.33,-0.57,2026-10-01
青,ほら,名詞,1,0.33,nan,2026-10-01
青,有罪,名詞,1,0.33,-0.13,2026-10-01
青,頑強,名詞,1,0.33,-0.13,2026-10-01
青,セラシャック,名詞,1,0.33,nan,2026-10-01
青,細菌,名詞,1,0.33,nan,2026-10-01
青,はびこる,動詞,1,0.33,-0.13,2026-10-01
青,ガリアル,名詞,1,0.33,nan,2026-10-01
青,製作,名詞,1,0.33,nan,2026-10-01
青,奇,名詞,1,0.33,nan,2026-10-01
青,元気,名詞,1,0.33,-0.13,2026-10-01
青,やたら,副詞,1,0.33,nan,2026-10-01
青,適当,名詞,1,0.33,nan,2026-10-01
青,刃向かう,動詞,1,0.33,nan,2026-10-01
青,厚い,形容詞,1,0.33,-0.57,2026-10-01
青,剥く,動詞,1,0.33,0.07,2026-10-01
青,ゾック,名詞,1,0.33,nan,2026-10-01
青,中断,名詞,1,0.33,nan,2026-10-01
青,煮る,動詞,1,0.33,-0.13,2026-10-01
青,加減,名詞,1,0.33,-0.13,2026-10-01
青,個体,名詞,1,0.33,-0.57,2026-10-01
青,かもす,動詞,1,0.33,nan,2026-10-01
青,特徴,名詞,1,0.33,0.07,2026-10-01
青,一興,名詞,1,0.33,nan,2026-10-01
青,美し,形容詞,1,0.33,nan,2026-10-01
青,包み,名詞,1,0.33,nan,2026-10-01
青,渇く,動詞,1,0.33,nan,2026-10-01
青,時計,名詞,1,0.33,-0.13,2026-10-01
青,陰る,動詞,1,0.33,nan,2026-10-01
青,ストラトゼッペリド,名詞,1,0.33,nan,2026-10-01
青,日間,名詞,1,0.33,-0.13,2026-10-01
青,名声,名詞,1,0.33,-0.44,2026-10-01
青,水泳,名詞,1,0.33,nan,2026-10-01
青,打ち,名詞,1,0.33,nan,2026-10-01
青,利,名詞,1,0.33,nan,2026-10-01
青,積む,動詞,1,0.33,-0.57,2026-10-01
青,肥える,動詞,1,0.33,-0.13,2026-10-01
青,厳寒,名詞,1,0.33,nan,2026-10-01
青,励む,動詞,1,0.33,nan,2026-10-01
青,学び舎,名詞,1,0.33,nan,2026-10-01
青,置き去り,名詞,1,0.33,nan,2026-10-01
青,列車,名詞,1,0.33,0.07,2026-10-01
青,乗車,名詞,1,0.33,nan,2026-10-01
青,連続,名詞,1,0.33,nan,2026-10-01
青,無賃,名詞,1,0.33,nan,2026-10-01
青,蛮族,名詞,1,0.33,-0.44,2026-10-01
青,バルデュヴィア,名詞,1,0.33,nan,2026-10-01
青,棲む,動詞,1,0.33,-0.3,2026-10-01
青,名乗り,名詞,1,0.33,nan,2026-10-01
青,食物,名詞,1,0.33,-0.57,2026-10-01
青,連鎖,名詞,1,0.33,-0.3,2026-10-01
青,判る,動詞,1,0.33,nan,2026-10-01
青,欠落,名詞,1,0.33,nan,2026-10-01
青,ズバレック,名詞,1,0.33,nan,2026-10-01
青,荒原,名詞,1,0.33,nan,2026-10-01
青,迷走,名詞,1,0.33,nan,2026-10-01
青,アダーカー,名詞,1,0.33,nan,2026-10-01
青,褐色,名詞,1,0.33,nan,2026-10-01
青,あずかれる,動詞,1,0.33,nan,2026-10-01
青,透視,名詞,1,0.33,nan,2026-10-01
青,滴る,動詞,1,0.33,-0.44,2026-10-01
青,フェンドロス,名詞,1,0.33,nan,2026-10-01
青,ずらす,動詞,1,0.33,nan,2026-10-01
青,とんでも,副詞,1,0.33,-0.13,2026-10-01
青,オパール,名詞,1,0.33,nan,2026-10-01
青,サージョ,名詞,1,0.33,nan,2026-10-01
青,行政,名詞,1,0.33,nan,2026-10-01
青,猛火,名詞,1,0.33,nan,2026-10-01
青,撃つ,動詞,1,0.33,-1.63,2026-10-01
青,決心,名詞,1,0.33,0.07,2026-10-01
青,抹殺,名詞,1,0.33,0.07,2026-10-01
青,直結,名詞,1,0.33,nan,2026-10-01
青,系列,名詞,1,0.33,nan,2026-10-01
青,被覆,名詞,1,0.33,nan,2026-10-01
青,とらえる,動詞,1,0.33,-0.13,2026-10-01
青,ペース,名詞,1,0.33,nan,2026-10-01
青,乱す,動詞,1,0.33,-0.3,2026-10-01
青,騒がしい,形容詞,1,0.33,nan,2026-10-01
青,妨げる,動詞,1,0.33,-0.3,2026-10-01
青,金目,名詞,1,0.33,nan,2026-10-01
青,放出,名詞,1,0.33,nan,2026-10-01
青,みずみずしい,形容詞,1,0.33,nan,2026-10-01
青,尾,名詞,1,0.33,-1.2,2026-10-01
青,猛獣,名詞,1,0.33,-0.13,2026-10-01
青,自爆,名詞,1,0.33,nan,2026-10-01
青,神経,名詞,1,0.33,-0.44,2026-10-01
青,普遍,名詞,1,0.33,nan,2026-10-01
青,干る,動詞,1,0.33,nan,2026-10-01
青,からびる,動詞,1,0.33,nan,2026-10-01
青,奇声,名詞,1,0.33,nan,2026-10-01
青,野営,名詞,1,0.33,-0.3,2026-10-01
青,際限,名詞,1,0.33,nan,2026-10-01
青,いじる,動詞,1,0.33,nan,2026-10-01
青,尻尾,名詞,1,0.33,-0.13,2026-10-01
青,転がす,動詞,1,0.33,nan,2026-10-01
青,羊,名詞,1,0.33,-0.69,2026-10-01
青,ワニ,名詞,1,0.33,0.07,2026-10-01
青,気弱,名詞,1,0.33,nan,2026-10-01
青,楔,名詞,1,0.33,nan,2026-10-01
青,トカシア,名詞,1,0.33,nan,2026-10-01
青,レッスン,名詞,1,0.33,nan,2026-10-01
青,丸い,形容詞,1,0.33,nan,2026-10-01
青,テーブル,名詞,1,0.33,nan,2026-10-01
青,分かれる,動詞,1,0.33,0.07,2026-10-01
青,因果,名詞,1,0.33,nan,2026-10-01
青,反射,名詞,1,0.33,-0.57,2026-10-01
青,セラ,名詞,1,0.33,-1.26,2026-10-01
青,真似,名詞,1,0.33,nan,2026-10-01
青,作成,名詞,1,0.33,nan,2026-10-01
青,目撃,名詞,1,0.33,-1.32,2026-10-01
青,原則,名詞,1,0.33,nan,2026-10-01
青,ギョルナーセン,名詞,1,0.33,nan,2026-10-01
青,随行,名詞,1,0.33,nan,2026-10-01
青,身分,名詞,1,0.33,nan,2026-10-01
青,ディア,名詞,1,0.33,-0.13,2026-10-01
青,ヴィン,名詞,1,0.33,nan,2026-10-01
青,ミュージカル,名詞,1,0.33,nan,2026-10-01
青,落胆,名詞,1,0.33,nan,2026-10-01
青,造物,名詞,1,0.33,nan,2026-10-01
青,整える,動詞,1,0.33,-0.3,2026-10-01
青,伝承,名詞,1,0.33,nan,2026-10-01
青,抜き,名詞,1,0.33,nan,2026-10-01
青,伝説,名詞,1,0.33,-1.8,2026-10-01
青,水平,名詞,1,0.33,nan,2026-10-01
青,じい,名詞,1,0.33,nan,2026-10-01
青,メルカディア,名詞,1,0.33,nan,2026-10-01
青,汚らしい,形容詞,1,0.33,nan,2026-10-01
青,絡み合い,名詞,1,0.33,nan,2026-10-01
青,せわしない,形容詞,1,0.33,nan,2026-10-01
青,エレンドラ,名詞,1,0.33,nan,2026-10-01
青,ひた隠し,名詞,1,0.33,nan,2026-10-01
青,谷,名詞,1,0.33,-0.97,2026-10-01
青,通廊,名詞,1,0.33,nan,2026-10-01
青,潜り,名詞,1,0.33,nan,2026-10-01
青,いらだつ,動詞,1,0.33,nan,2026-10-01
青,はやい,形容詞,1,0.33,nan,2026-10-01
青,余る,動詞,1,0.33,-0.79,2026-10-01
青,つら,名詞,1,0.33,nan,2026-10-01
青,派手,名詞,1,0.33,-0.13,2026-10-01
青,飾り,名詞,1,0.33,-0.57,2026-10-01
青,絵,名詞,1,0.33,nan,2026-10-01
青,滴,名詞,1,0.33,nan,2026-10-01
青,哀愁,名詞,1,0.33,nan,2026-10-01
青,ゆらめき,名詞,1,0.33,nan,2026-10-01
青,守り手,名詞,1,0.33,-0.44,2026-10-01
青,手直し,名詞,1,0.33,nan,2026-10-01
青,気力,名詞,1,0.33,nan,2026-10-01
青,ヒゲエラ,名詞,1,0.33,nan,2026-10-01
青,物体,名詞,1,0.33,nan,2026-10-01
青,論ずる,動詞,1,0.33,nan,2026-10-01
青,舵,名詞,1,0.33,nan,2026-10-01
青,炊く,動詞,1,0.33,nan,2026-10-01
青,イルリア,名詞,1,0.33,-0.13,2026-10-01
青,安住,名詞,1,0.33,0.07,2026-10-01
青,本意,名詞,1,0.33,nan,2026-10-01
青,借り物,名詞,1,0.33,nan,2026-10-01
青,きっちり,副詞,1,0.33,nan,2026-10-01
青,リアンダ,名詞,1,0.33,nan,2026-10-01
青,石ころ,名詞,1,0.33,nan,2026-10-01
青,化け,名詞,1,0.33,nan,2026-10-01
青,ニアディヴ,名詞,1,0.33,nan,2026-10-01
青,幼し,形容詞,1,0.33,nan,2026-10-01
青,花びら,名詞,1,0.33,nan,2026-10-01
青,祝宴,名詞,1,0.33,-0.13,2026-10-01
青,仰せ,名詞,1,0.33,nan,2026-10-01
青,堪能,名詞,1,0.33,nan,2026-10-01
青,非,名詞,1,0.33,nan,2026-10-01
青,尊ぶ,動詞,1,0.33,nan,2026-10-01
青,聡明,名詞,1,0.33,nan,2026-10-01
青,噴く,動詞,1,0.33,-0.44,2026-10-01
青,手厳しい,形容詞,1,0.33,nan,2026-10-01
青,毒,名詞,1,0.33,-2.65,2026-10-01
青,メリーラ,名詞,1,0.33,nan,2026-10-01
青,アジャニ,名詞,1,0.33,-1.26,2026-10-01
青,キック,名詞,1,0.33,nan,2026-10-01
青,ジャンプ,名詞,1,0.33,nan,2026-10-01
青,喚ぶ,動詞,1,0.33,nan,2026-10-01
青,ムーア,名詞,1,0.33,nan,2026-10-01
青,売れる,動詞,1,0.33,nan,2026-10-01
青,おとぎ話,名詞,1,0.33,nan,2026-10-01
青,巡礼,名詞,1,0.33,-0.44,2026-10-01
青,くしゃみ,名詞,1,0.33,nan,2026-10-01
青,アシュリング,名詞,1,0.33,nan,2026-10-01
青,にらむ,動詞,1,0.33,nan,2026-10-01
青,苦々しい,形容詞,1,0.33,nan,2026-10-01
青,台無し,名詞,1,0.33,-0.97,2026-10-01
青,闘争,名詞,1,0.33,nan,2026-10-01
青,帰宅,名詞,1,0.33,nan,2026-10-01
青,心がける,動詞,1,0.33,nan,2026-10-01
青,くらむ,動詞,1,0.33,nan,2026-10-01
青,髭,名詞,1,0.33,nan,2026-10-01
青,稲光,名詞,1,0.33,nan,2026-10-01
青,ヒゲ,名詞,1,0.33,nan,2026-10-01
青,根っこ,名詞,1,0.33,-0.13,2026-10-01
青,ぼんやり,副詞,1,0.33,nan,2026-10-01
青,避け,名詞,1,0.33,nan,2026-10-01
青,迷信,名詞,1,0.33,0.07,2026-10-01
青,特化,名詞,1,0.33,-0.13,2026-10-01
青,疑り深い,形容詞,1,0.33,nan,2026-10-01
青,キンザー,名詞,1,0.33,nan,2026-10-01
青,酷使,名詞,1,0.33,nan,2026-10-01
青,詰め,名詞,1,0.33,nan,2026-10-01
青,ためし,名詞,1,0.33,nan,2026-10-01
青,はかない,形容詞,1,0.33,nan,2026-10-01
青,悲哀,名詞,1,0.33,0.07,2026-10-01
青,鋸,名詞,1,0.33,nan,2026-10-01
青,金切り,名詞,1,0.33,-0.13,2026-10-01
青,結ぶ,動詞,1,0.33,-1.98,2026-10-01
青,オーロラ,名詞,1,0.33,-0.13,2026-10-01
青,矮村,名詞,1,0.33,-0.13,2026-10-01
青,任,名詞,1,0.33,nan,2026-10-01
青,アブラール,名詞,1,0.33,nan,2026-10-01
青,百聞,名詞,1,0.33,nan,2026-10-01
青,みなす,動詞,1,0.33,-0.69,2026-10-01
青,すっかり,副詞,1,0.33,-0.44,2026-10-01
青,ワリク,名詞,1,0.33,nan,2026-10-01
青,ワンダー,名詞,1,0.33,nan,2026-10-01
青,ブライン,名詞,1,0.33,nan,2026-10-01
青,堅い,形容詞,1,0.33,nan,2026-10-01
青,オルカ,名詞,1,0.33,nan,2026-10-01
青,ミストメドウ,名詞,1,0.33,nan,2026-10-01
青,反対,名詞,1,0.33,-0.57,2026-10-01
青,顎,名詞,1,0.33,-0.89,2026-10-01
青,ひらめく,動詞,1,0.33,nan,2026-10-01
青,塩水,名詞,1,0.33,nan,2026-10-01
青,クルラス,名詞,1,0.33,nan,2026-10-01
青,ディンダン,名詞,1,0.33,nan,2026-10-01
青,返し,名詞,1,0.33,-0.3,2026-10-01
青,ノッグル,名詞,1,0.33,nan,2026-10-01
青,アウフ,名詞,1,0.33,nan,2026-10-01
青,使い道,名詞,1,0.33,-0.13,2026-10-01
青,アウィラ,名詞,1,0.33,nan,2026-10-01
青,腕っ節,名詞,1,0.33,nan,2026-10-01
青,公言,名詞,1,0.33,nan,2026-10-01
青,立場,名詞,1,0.33,nan,2026-10-01
青,増殖,名詞,1,0.33,nan,2026-10-01
青,覆る,動詞,1,0.33,nan,2026-10-01
青,長し,形容詞,1,0.33,nan,2026-10-01
青,考察,名詞,1,0.33,nan,2026-10-01
青,聖,名詞,1,0.33,nan,2026-10-01
青,工芸,名詞,1,0.33,0.07,2026-10-01
青,ゾリン,名詞,1,0.33,nan,2026-10-01
青,島国,名詞,1,0.33,nan,2026-10-01
青,本土,名詞,1,0.33,nan,2026-10-01
青,推測,名詞,1,0.33,nan,2026-10-01
青,クェナス,名詞,1,0.33,nan,2026-10-01
青,屑鉄,名詞,1,0.33,-0.3,2026-10-01
青,懸念,名詞,1,0.33,nan,2026-10-01
青,癒す,動詞,1,0.33,-1.95,2026-10-01
青,変わり,名詞,1,0.33,-0.89,2026-10-01
青,急使,名詞,1,0.33,nan,2026-10-01
青,飾る,動詞,1,0.33,-0.57,2026-10-01
青,褒章,名詞,1,0.33,nan,2026-10-01
青,印章,名詞,1,0.33,-0.69,2026-10-01
青,枷,名詞,1,0.33,nan,2026-10-01
青,署名,名詞,1,0.33,-0.3,2026-10-01
青,荒れ,名詞,1,0.33,nan,2026-10-01
青,信号,名詞,1,0.33,-0.13,2026-10-01
青,海兵,名詞,1,0.33,nan,2026-10-01
青,思い切り,名詞,1,0.33,nan,2026-10-01
青,艦隊,名詞,1,0.33,-0.13,2026-10-01
青,漁る,動詞,1,0.33,-0.44,2026-10-01
青,我流,名詞,1,0.33,nan,2026-10-01
青,ならず者,名詞,1,0.33,nan,2026-10-01
青,宝玉,名詞,1,0.33,nan,2026-10-01
青,潜在,名詞,1,0.33,-0.3,2026-10-01
青,寓話,名詞,1,0.33,nan,2026-10-01
青,トッグ,名詞,1,0.33,nan,2026-10-01
青,もがく,動詞,1,0.33,-0.44,2026-10-01
青,カターリ,名詞,1,0.33,0.07,2026-10-01
青,力ない,形容詞,1,0.33,nan,2026-10-01
青,鉱物,名詞,1,0.33,nan,2026-10-01
青,収める,動詞,1,0.33,-0.79,2026-10-01
青,指揮,名詞,1,0.33,-1.44,2026-10-01
青,改造,名詞,1,0.33,nan,2026-10-01
青,古老,名詞,1,0.33,-1.13,2026-10-01
青,ヴォルン,名詞,1,0.33,nan,2026-10-01
青,枝道,名詞,1,0.33,nan,2026-10-01
青,文様,名詞,1,0.33,nan,2026-10-01
青,モザイク,名詞,1,0.33,nan,2026-10-01
青,鈍い,形容詞,1,0.33,-0.89,2026-10-01
青,よどむ,動詞,1,0.33,nan,2026-10-01
青,躊躇,名詞,1,0.33,-0.13,2026-10-01
青,世の中,名詞,1,0.33,-0.44,2026-10-01
青,うろうろ,副詞,1,0.33,nan,2026-10-01
青,ヤギ,名詞,1,0.33,-0.3,2026-10-01
青,サルレナ,名詞,1,0.33,0.07,2026-10-01
青,すごすご,副詞,1,0.33,nan,2026-10-01
青,北境,名詞,1,0.33,-0.13,2026-10-01
青,退散,名詞,1,0.33,nan,2026-10-01
青,抱擁,名詞,1,0.33,-0.57,2026-10-01
青,素肌,名詞,1,0.33,nan,2026-10-01
青,過大,名詞,1,0.33,nan,2026-10-01
青,もろい,形容詞,1,0.33,nan,2026-10-01
青,勉学,名詞,1,0.33,nan,2026-10-01
青,充てる,動詞,1,0.33,nan,2026-10-01
青,メハ,名詞,1,0.33,nan,2026-10-01
青,定め,名詞,1,0.33,-1.13,2026-10-01
青,回せる,動詞,1,0.33,nan,2026-10-01
青,掻く,動詞,1,0.33,-1.2,2026-10-01
青,運任せ,名詞,1,0.33,nan,2026-10-01
青,インダサ,名詞,1,0.33,nan,2026-10-01
青,要素,名詞,1,0.33,nan,2026-10-01
青,ナイトメア,名詞,1,0.33,nan,2026-10-01
青,キャンパス,名詞,1,0.33,nan,2026-10-01
青,うらやむ,動詞,1,0.33,nan,2026-10-01
青,鮫,名詞,1,0.33,nan,2026-10-01
青,先頭,名詞,1,0.33,-0.13,2026-10-01
青,ゴーマゾア,名詞,1,0.33,nan,2026-10-01
青,諦める,動詞,1,0.33,-0.79,2026-10-01
青,水濠,名詞,1,0.33,nan,2026-10-01
青,大急ぎ,名詞,1,0.33,nan,2026-10-01
青,杭,名詞,1,0.33,-0.13,2026-10-01
青,満潮,名詞,1,0.33,nan,2026-10-01
青,干潮,名詞,1,0.33,nan,2026-10-01
青,えら,名詞,1,0.33,nan,2026-10-01
青,狙い目,名詞,1,0.33,nan,2026-10-01
青,食い物,名詞,1,0.33,-0.3,2026-10-01
青,売,名詞,1,0.33,nan,2026-10-01
青,ザーディ,名詞,1,0.33,nan,2026-10-01
青,愚者,名詞,1,0.33,nan,2026-10-01
青,一杯,副詞,1,0.33,nan,2026-10-01
青,こぼす,動詞,1,0.33,nan,2026-10-01
青,ごちそう,名詞,1,0.33,nan,2026-10-01
青,飲み物,名詞,1,0.33,nan,2026-10-01
青,むこう,名詞,1,0.33,nan,2026-10-01
青,手の内,名詞,1,0.33,nan,2026-10-01
青,ザール,名詞,1,0.33,-0.13,2026-10-01
青,優位,名詞,1,0.33,-0.44,2026-10-01
青,行き止まり,名詞,1,0.33,nan,2026-10-01
青,保安,名詞,1,0.33,nan,2026-10-01
青,作者,名詞,1,0.33,nan,2026-10-01
青,常習,名詞,1,0.33,nan,2026-10-01
青,イカ,名詞,1,0.33,nan,2026-10-01
青,ペリナー,名詞,1,0.33,nan,2026-10-01
青,想,名詞,1,0.33,nan,2026-10-01
青,執事,名詞,1,0.33,nan,2026-10-01
青,岩礁,名詞,1,0.33,nan,2026-10-01
青,終息,名詞,1,0.33,nan,2026-10-01
青,矮小,名詞,1,0.33,nan,2026-10-01
青,休める,動詞,1,0.33,nan,2026-10-01
青,アジサシ,名詞,1,0.33,nan,2026-10-01
青,見切り,名詞,1,0.33,nan,2026-10-01
青,一斉,名詞,1,0.33,0.07,2026-10-01
青,アミーラ,名詞,1,0.33,nan,2026-10-01
青,ぬか喜び,名詞,1,0.33,nan,2026-10-01
青,見なす,動詞,1,0.33,nan,2026-10-01
青,山師,名詞,1,0.33,nan,2026-10-01
青,難攻,名詞,1,0.33,nan,2026-10-01
青,不落,名詞,1,0.33,nan,2026-10-01
青,ロートス,名詞,1,0.33,nan,2026-10-01
青,おののく,動詞,1,0.33,nan,2026-10-01
青,サチャー,名詞,1,0.33,0.07,2026-10-01
青,アクーム,名詞,1,0.33,-0.89,2026-10-01
青,協会,名詞,1,0.33,-0.57,2026-10-01
青,アルハーナ,名詞,1,0.33,nan,2026-10-01
青,カザンドゥ,名詞,1,0.33,nan,2026-10-01
青,山賊,名詞,1,0.33,0.07,2026-10-01
青,ニコウ,名詞,1,0.33,nan,2026-10-01
青,吟遊,名詞,1,0.33,0.07,2026-10-01
青,詩人,名詞,1,0.33,-0.57,2026-10-01
青,はたまた,副詞,1,0.33,nan,2026-10-01
青,唄う,動詞,1,0.33,nan,2026-10-01
青,ジョラーガ,名詞,1,0.33,-0.79,2026-10-01
青,望める,動詞,1,0.33,nan,2026-10-01
青,セジーリ,名詞,1,0.33,nan,2026-10-01
青,流砂,名詞,1,0.33,nan,2026-10-01
青,緩い,形容詞,1,0.33,nan,2026-10-01
青,オンドゥ,名詞,1,0.33,-0.57,2026-10-01
青,凶運,名詞,1,0.33,nan,2026-10-01
青,アニタン,名詞,1,0.33,nan,2026-10-01
青,イサンキ,名詞,1,0.33,nan,2026-10-01
青,サラカー,名詞,1,0.33,nan,2026-10-01
青,ジュワー,名詞,1,0.33,nan,2026-10-01
青,ゼガーナ,名詞,1,0.33,nan,2026-10-01
青,圧倒,名詞,1,0.33,-0.79,2026-10-01
青,話し手,名詞,1,0.33,nan,2026-10-01
青,再度,名詞,1,0.33,nan,2026-10-01
青,主張,名詞,1,0.33,-0.57,2026-10-01
青,封印,名詞,1,0.33,nan,2026-10-01
青,ジラン,名詞,1,0.33,nan,2026-10-01
青,灯台,名詞,1,0.33,nan,2026-10-01
青,ムザーリ,名詞,1,0.33,nan,2026-10-01
青,ペリソフィア,名詞,1,0.33,nan,2026-10-01
青,追憶,名詞,1,0.33,nan,2026-10-01
青,増補,名詞,1,0.33,nan,2026-10-01
青,裁判,名詞,1,0.33,-0.13,2026-10-01
青,ギャラクタス,名詞,1,0.33,nan,2026-10-01
青,逸らす,動詞,1,0.33,-0.13,2026-10-01
青,幼い,形容詞,1,0.33,-0.13,2026-10-01
青,謎かけ,名詞,1,0.33,nan,2026-10-01
青,地底,名詞,1,0.33,-1.26,2026-10-01
青,喜ばす,動詞,1,0.33,nan,2026-10-01
青,落し子,名詞,1,0.33,nan,2026-10-01
青,雑魚,名詞,1,0.33,nan,2026-10-01
青,右往,名詞,1,0.33,nan,2026-10-01
青,左往,名詞,1,0.33,nan,2026-10-01
青,よっぽど,副詞,1,0.33,-0.44,2026-10-01
青,偶然,名詞,1,0.33,0.07,2026-10-01
青,前哨,名詞,1,0.33,-0.13,2026-10-01
青,追加,名詞,1,0.33,nan,2026-10-01
青,難点,名詞,1,0.33,nan,2026-10-01
青,寝る,動詞,1,0.33,-0.69,2026-10-01
青,トリンダ,名詞,1,0.33,nan,2026-10-01
青,見逃し,名詞,1,0.33,nan,2026-10-01
青,ハーダ,名詞,1,0.33,nan,2026-10-01
青,石像,名詞,1,0.33,nan,2026-10-01
青,ターディス,名詞,1,0.33,nan,2026-10-01
青,アミナトゥ,名詞,1,0.33,nan,2026-10-01
青,剥き出し,名詞,1,0.33,nan,2026-10-01
青,個,名詞,1,0.33,nan,2026-10-01
青,利己,名詞,1,0.33,nan,2026-10-01
青,カプショ,名詞,1,0.33,nan,2026-10-01
青,暗黒,名詞,1,0.33,-1.49,2026-10-01
青,断固,副詞,1,0.33,0.07,2026-10-01
青,そびえる,動詞,1,0.33,-0.44,2026-10-01
青,レイジャス,名詞,1,0.33,nan,2026-10-01
青,崇める,動詞,1,0.33,-0.97,2026-10-01
青,楽器,名詞,1,0.33,nan,2026-10-01
青,楽天,名詞,1,0.33,nan,2026-10-01
青,排他,名詞,1,0.33,nan,2026-10-01
青,厭世,名詞,1,0.33,nan,2026-10-01
青,間抜け,名詞,1,0.33,0.07,2026-10-01
青,絡める,動詞,1,0.33,-0.57,2026-10-01
青,毎年,名詞,1,0.33,nan,2026-10-01
青,万能,名詞,1,0.33,nan,2026-10-01
青,粗野,名詞,1,0.33,nan,2026-10-01
青,ガラク,名詞,1,0.33,-1.26,2026-10-01
青,二本足,名詞,1,0.33,-0.13,2026-10-01
青,危ない,形容詞,1,0.33,-0.13,2026-10-01
青,薄らぐ,動詞,1,0.33,nan,2026-10-01
青,飼い猫,名詞,1,0.33,nan,2026-10-01
青,アガラ,名詞,1,0.33,nan,2026-10-01
青,図々しい,形容詞,1,0.33,nan,2026-10-01
青,点在,名詞,1,0.33,nan,2026-10-01
青,人里,名詞,1,0.33,nan,2026-10-01
青,城塞,名詞,1,0.33,nan,2026-10-01
青,なりふり,名詞,1,0.33,nan,2026-10-01
青,怠け者,名詞,1,0.33,nan,2026-10-01
青,エミサー,名詞,1,0.33,nan,2026-10-01
青,可塑,名詞,1,0.33,nan,2026-10-01
青,蜃気,名詞,1,0.33,nan,2026-10-01
青,楼,名詞,1,0.33,nan,2026-10-01
青,端,名詞,1,0.33,nan,2026-10-01
青,濁す,動詞,1,0.33,nan,2026-10-01
青,資金,名詞,1,0.33,nan,2026-10-01
青,髄,名詞,1,0.33,nan,2026-10-01
青,放射,名詞,1,0.33,-0.44,2026-10-01
青,能,名詞,1,0.33,0.07,2026-10-01
青,変容,名詞,1,0.33,-0.79,2026-10-01
青,シン,名詞,1,0.33,nan,2026-10-01
青,スピラ,名詞,1,0.33,nan,2026-10-01
青,吐息,名詞,1,0.33,nan,2026-10-01
青,パターン,名詞,1,0.33,nan,2026-10-01
青,持てる,動詞,1,0.33,0.07,2026-10-01
青,海面,名詞,1,0.33,nan,2026-10-01
青,うろつく,動詞,1,0.33,-1.54,2026-10-01
青,まかなえる,動詞,1,0.33,nan,2026-10-01
青,電線,名詞,1,0.33,nan,2026-10-01
青,ラファリウス,名詞,1,0.33,nan,2026-10-01
青,侵食,名詞,1,0.33,nan,2026-10-01
青,偵者,名詞,1,0.33,nan,2026-10-01
青,称える,動詞,1,0.33,-0.44,2026-10-01
青,手際,名詞,1,0.33,nan,2026-10-01
青,肉屋,名詞,1,0.33,nan,2026-10-01
青,蔑視,名詞,1,0.33,nan,2026-10-01
青,自負,名詞,1,0.33,nan,2026-10-01
青,はかなし,形容詞,1,0.33,nan,2026-10-01
青,戒め,名詞,1,0.33,nan,2026-10-01
青,継ぎ目,名詞,1,0.33,nan,2026-10-01
青,所見,名詞,1,0.33,nan,2026-10-01
青,不全,名詞,1,0.33,nan,2026-10-01
青,昇華,名詞,1,0.33,nan,2026-10-01
青,商品,名詞,1,0.33,nan,2026-10-01
青,ヴェンセール,名詞,1,0.33,nan,2026-10-01
青,うける,動詞,1,0.33,nan,2026-10-01
青,ルミーア,名詞,1,0.33,nan,2026-10-01
青,卜占,名詞,1,0.33,nan,2026-10-01
青,正規,名詞,1,0.33,-0.13,2026-10-01
青,天賦,名詞,1,0.33,nan,2026-10-01
青,ヴァリル,名詞,1,0.33,nan,2026-10-01
青,根性,名詞,1,0.33,nan,2026-10-01
青,オーディナー,名詞,1,0.33,nan,2026-10-01
青,ペリュス,名詞,1,0.33,nan,2026-10-01
青,ウラブラスク,名詞,1,0.33,-1.2,2026-10-01
青,納める,動詞,1,0.33,nan,2026-10-01
青,継承,名詞,1,0.33,-0.3,2026-10-01
青,接合,名詞,1,0.33,nan,2026-10-01
青,容認,名詞,1,0.33,nan,2026-10-01
青,感染,名詞,1,0.33,-0.44,2026-10-01
青,ヴォリンクレックス,名詞,1,0.33,-1.13,2026-10-01
青,尖塔,名詞,1,0.33,-0.13,2026-10-01
青,惜しい,形容詞,1,0.33,0.07,2026-10-01
青,手順,名詞,1,0.33,nan,2026-10-01
青,犯せる,動詞,1,0.33,nan,2026-10-01
青,手術,名詞,1,0.33,nan,2026-10-01
青,サチミール,名詞,1,0.33,nan,2026-10-01
青,ゲコッ,名詞,1,0.33,nan,2026-10-01
青,ヴァロック,名詞,1,0.33,nan,2026-10-01
青,キッス,名詞,1,0.33,nan,2026-10-01
青,地表,名詞,1,0.33,-0.69,2026-10-01
青,鸚鵡,名詞,1,0.33,nan,2026-10-01
青,小競り合い,名詞,1,0.33,nan,2026-10-01
青,建設,名詞,1,0.33,-0.79,2026-10-01
青,曲がる,動詞,1,0.33,0.07,2026-10-01
青,あざ,名詞,1,0.33,nan,2026-10-01
青,ガール,名詞,1,0.33,nan,2026-10-01
青,落っこちる,動詞,1,0.33,0.07,2026-10-01
青,蒼穹,名詞,1,0.33,nan,2026-10-01
青,教義,名詞,1,0.33,-0.57,2026-10-01
青,女,名詞,1,0.33,-0.3,2026-10-01
青,ドルーゴ,名詞,1,0.33,nan,2026-10-01
青,関わる,動詞,1,0.33,-0.79,2026-10-01
青,飢え,名詞,1,0.33,-2.05,2026-10-01
青,幻術,名詞,1,0.33,nan,2026-10-01
青,所有,名詞,1,0.33,-1.13,2026-10-01
青,鷺,名詞,1,0.33,0.07,2026-10-01
青,祖,名詞,1,0.33,nan,2026-10-01
青,死肉,名詞,1,0.33,0.07,2026-10-01
青,瀬戸際,名詞,1,0.33,nan,2026-10-01
青,恐慌,名詞,1,0.33,-0.57,2026-10-01
青,もめる,動詞,1,0.33,nan,2026-10-01
青,ふるえる,動詞,1,0.33,nan,2026-10-01
青,アンコール,名詞,1,0.33,nan,2026-10-01
青,ファン,名詞,1,0.33,0.07,2026-10-01
青,花瓶,名詞,1,0.33,nan,2026-10-01
青,凍える,動詞,1,0.33,-0.44,2026-10-01
青,嗅覚,名詞,1,0.33,0.07,2026-10-01
青,転職,名詞,1,0.33,nan,2026-10-01
青,棺,名詞,1,0.33,-0.3,2026-10-01
青,変幻,名詞,1,0.33,nan,2026-10-01
青,おせっかい,名詞,1,0.33,nan,2026-10-01
青,小屋,名詞,1,0.33,-0.13,2026-10-01
青,湧く,動詞,1,0.33,-0.44,2026-10-01
青,懸濁,名詞,1,0.33,nan,2026-10-01
青,横暴,名詞,1,0.33,nan,2026-10-01
青,よこす,動詞,1,0.33,-0.44,2026-10-01
青,調整,名詞,1,0.33,-0.13,2026-10-01
青,溜まる,動詞,1,0.33,nan,2026-10-01
青,先見,名詞,1,0.33,nan,2026-10-01
青,不満,名詞,1,0.33,-0.57,2026-10-01
青,喰う,動詞,1,0.33,-0.97,2026-10-01
青,動物,名詞,1,0.33,-2.17,2026-10-01
青,仮説,名詞,1,0.33,nan,2026-10-01
青,ちょっ,副詞,1,0.33,nan,2026-10-01
青,ミッドヴァスト,名詞,1,0.33,nan,2026-10-01
青,捕える,動詞,1,0.33,-0.44,2026-10-01
青,スキフ,名詞,1,0.33,nan,2026-10-01
青,脳幹,名詞,1,0.33,nan,2026-10-01
青,垣間見る,動詞,1,0.33,-0.44,2026-10-01
青,いびき,名詞,1,0.33,nan,2026-10-01
青,癒える,動詞,1,0.33,0.07,2026-10-01
青,傷,名詞,1,0.33,-2.41,2026-10-01
青,死に様,名詞,1,0.33,nan,2026-10-01
青,はかく,名詞,1,0.33,nan,2026-10-01
青,エルドワル,名詞,1,0.33,nan,2026-10-01
青,下水,名詞,1,0.33,-0.13,2026-10-01
青,失せる,動詞,1,0.33,-0.79,2026-10-01
青,路地,名詞,1,0.33,-0.13,2026-10-01
青,おこす,動詞,1,0.33,nan,2026-10-01
青,のたうつ,動詞,1,0.33,-0.44,2026-10-01
青,暴虐,名詞,1,0.33,-0.13,2026-10-01
青,飯,名詞,1,0.33,0.07,2026-10-01
青,うようよ,副詞,1,0.33,nan,2026-10-01
青,謁見,名詞,1,0.33,nan,2026-10-01
青,長物,名詞,1,0.33,nan,2026-10-01
青,エルス,名詞,1,0.33,nan,2026-10-01
青,翔ける,動詞,1,0.33,nan,2026-10-01
青,雪花,名詞,1,0.33,nan,2026-10-01
青,断崖,名詞,1,0.33,nan,2026-10-01
青,エルゴード,名詞,1,0.33,nan,2026-10-01
青,マンフリード,名詞,1,0.33,nan,2026-10-01
青,先任,名詞,1,0.33,nan,2026-10-01
青,ウルマック,名詞,1,0.33,nan,2026-10-01
青,ジェンリク,名詞,1,0.33,nan,2026-10-01
青,御者,名詞,1,0.33,nan,2026-10-01
青,実存,名詞,1,0.33,nan,2026-10-01
青,スヴェド,名詞,1,0.33,nan,2026-10-01
青,ターホールド,名詞,1,0.33,nan,2026-10-01
青,外交,名詞,1,0.33,nan,2026-10-01
青,ドルナウ,名詞,1,0.33,nan,2026-10-01
青,久しい,形容詞,1,0.33,-0.3,2026-10-01
青,リボン,名詞,1,0.33,nan,2026-10-01
青,コアトル,名詞,1,0.33,nan,2026-10-01
青,貫通,名詞,1,0.33,nan,2026-10-01
青,素人,名詞,1,0.33,-0.13,2026-10-01
青,錠前,名詞,1,0.33,nan,2026-10-01
青,破り,名詞,1,0.33,nan,2026-10-01
青,決着,名詞,1,0.33,-0.3,2026-10-01
青,棺桶,名詞,1,0.33,nan,2026-10-01
青,イモリ,名詞,1,0.33,nan,2026-10-01
青,唾,名詞,1,0.33,0.07,2026-10-01
青,トーロ,名詞,1,0.33,nan,2026-10-01
青,血管,名詞,1,0.33,-1.59,2026-10-01
青,半ば,名詞,1,0.33,nan,2026-10-01
青,静止,名詞,1,0.33,nan,2026-10-01
青,際する,動詞,1,0.33,nan,2026-10-01
青,縛り,名詞,1,0.33,nan,2026-10-01
青,神聖,名詞,1,0.33,-1.76,2026-10-01
青,消滅,名詞,1,0.33,-0.3,2026-10-01
青,随意,名詞,1,0.33,nan,2026-10-01
青,蒸気,名詞,1,0.33,nan,2026-10-01
青,ハンウィアー,名詞,1,0.33,nan,2026-10-01
青,商店,名詞,1,0.33,nan,2026-10-01
青,エッカ,名詞,1,0.33,nan,2026-10-01
青,祈り,名詞,1,0.33,-2.05,2026-10-01
青,訊ねる,動詞,1,0.33,nan,2026-10-01
青,完結,名詞,1,0.33,nan,2026-10-01
青,悪鬼,名詞,1,0.33,-0.57,2026-10-01
青,忌む,動詞,1,0.33,nan,2026-10-01
青,魚骨,名詞,1,0.33,nan,2026-10-01
青,混在,名詞,1,0.33,nan,2026-10-01
青,理性,名詞,1,0.33,-0.3,2026-10-01
青,拍手,名詞,1,0.33,nan,2026-10-01
青,幕開け,名詞,1,0.33,nan,2026-10-01
青,指先,名詞,1,0.33,nan,2026-10-01
青,イクオティ,名詞,1,0.33,nan,2026-10-01
青,扱い,名詞,1,0.33,nan,2026-10-01
青,一流,名詞,1,0.33,nan,2026-10-01
青,スリンガー,名詞,1,0.33,nan,2026-10-01
青,ハンター,名詞,1,0.33,nan,2026-10-01
青,のど,名詞,1,0.33,nan,2026-10-01
青,奥地,名詞,1,0.33,nan,2026-10-01
青,野心,名詞,1,0.33,-1.26,2026-10-01
青,ダラー,名詞,1,0.33,nan,2026-10-01
青,シャン,名詞,1,0.33,0.07,2026-10-01
青,タリオン,名詞,1,0.33,nan,2026-10-01
青,君公,名詞,1,0.33,nan,2026-10-01
青,あるじ,名詞,1,0.33,nan,2026-10-01
青,笑い,名詞,1,0.33,nan,2026-10-01
青,エルドレイン,名詞,1,0.33,nan,2026-10-01
青,イチイ,名詞,1,0.33,nan,2026-10-01
青,君主,名詞,1,0.33,-0.69,2026-10-01
青,紐,名詞,1,0.33,nan,2026-10-01
青,結わく,動詞,1,0.33,nan,2026-10-01
青,フジツボ,名詞,1,0.33,nan,2026-10-01
青,架け橋,名詞,1,0.33,nan,2026-10-01
青,鍵穴,名詞,1,0.33,nan,2026-10-01
青,ペン,名詞,1,0.33,-0.13,2026-10-01
青,おのずと,副詞,1,0.33,nan,2026-10-01
青,耳打ち,名詞,1,0.33,nan,2026-10-01
青,障壁,名詞,1,0.33,-0.57,2026-10-01
青,需要,名詞,1,0.33,nan,2026-10-01
青,糾弾,名詞,1,0.33,nan,2026-10-01
青,盗っ人,名詞,1,0.33,nan,2026-10-01
青,一瞥,名詞,1,0.33,nan,2026-10-01
青,貼る,動詞,1,0.33,nan,2026-10-01
青,店,名詞,1,0.33,nan,2026-10-01
青,入店,名詞,1,0.33,nan,2026-10-01
青,着用,名詞,1,0.33,nan,2026-10-01
青,マント,名詞,1,0.33,nan,2026-10-01
青,イルカ,名詞,1,0.33,nan,2026-10-01
青,瞬く,動詞,1,0.33,-0.44,2026-10-01
青,各地,名詞,1,0.33,nan,2026-10-01
青,拘引,名詞,1,0.33,-0.3,2026-10-01
青,防げる,動詞,1,0.33,nan,2026-10-01
青,モットー,名詞,1,0.33,nan,2026-10-01
青,ミレーラ,名詞,1,0.33,nan,2026-10-01
青,荒廃,名詞,1,0.33,-0.97,2026-10-01
青,かまう,動詞,1,0.33,0.07,2026-10-01
青,別件,名詞,1,0.33,nan,2026-10-01
青,公共,名詞,1,0.33,nan,2026-10-01
青,底力,名詞,1,0.33,nan,2026-10-01
青,セレズニア,名詞,1,0.33,-1.54,2026-10-01
青,かわす,動詞,1,0.33,nan,2026-10-01
青,アルカウス,名詞,1,0.33,nan,2026-10-01
青,二の矢,名詞,1,0.33,nan,2026-10-01
青,雄弁,名詞,1,0.33,nan,2026-10-01
青,ゴストク,名詞,1,0.33,nan,2026-10-01
青,にらめっこ,名詞,1,0.33,nan,2026-10-01
青,採用,名詞,1,0.33,nan,2026-10-01
青,ジョーリ,名詞,1,0.33,0.07,2026-10-01
青,週,名詞,1,0.33,nan,2026-10-01
青,組,名詞,1,0.33,-0.79,2026-10-01
青,企み,名詞,1,0.33,nan,2026-10-01
青,まやかし,名詞,1,0.33,nan,2026-10-01
青,トリファン,名詞,1,0.33,nan,2026-10-01
青,議長,名詞,1,0.33,nan,2026-10-01
青,変動,名詞,1,0.33,nan,2026-10-01
青,分路,名詞,1,0.33,nan,2026-10-01
青,素子,名詞,1,0.33,nan,2026-10-01
青,極,名詞,1,0.33,nan,2026-10-01
青,余剰,名詞,1,0.33,nan,2026-10-01
青,お粗末,名詞,1,0.33,nan,2026-10-01
青,漏れる,動詞,1,0.33,nan,2026-10-01
青,ジェイラン,名詞,1,0.33,nan,2026-10-01
青,腕力,名詞,1,0.33,nan,2026-10-01
青,トスク,名詞,1,0.33,nan,2026-10-01
青,反響,名詞,1,0.33,nan,2026-10-01
青,埋まる,動詞,1,0.33,nan,2026-10-01
青,サファイア,名詞,1,0.33,nan,2026-10-01
青,街並み,名詞,1,0.33,nan,2026-10-01
青,釘,名詞,1,0.33,-0.13,2026-10-01
青,車輪,名詞,1,0.33,nan,2026-10-01
青,荷車,名詞,1,0.33,nan,2026-10-01
青,日記,名詞,1,0.33,nan,2026-10-01
青,ゼルゾー,名詞,1,0.33,nan,2026-10-01
青,基地,名詞,1,0.33,nan,2026-10-01
青,喋り,名詞,1,0.33,nan,2026-10-01
青,妄言,名詞,1,0.33,nan,2026-10-01
青,辺境,名詞,1,0.33,-0.13,2026-10-01
青,アンダーン,名詞,1,0.33,nan,2026-10-01
青,爆風,名詞,1,0.33,nan,2026-10-01
青,ボーリ,名詞,1,0.33,nan,2026-10-01
青,グルール,名詞,1,0.33,-1.63,2026-10-01
青,リアクション,名詞,1,0.33,nan,2026-10-01
青,平面,名詞,1,0.33,nan,2026-10-01
青,拡がり,名詞,1,0.33,nan,2026-10-01
青,房室,名詞,1,0.33,nan,2026-10-01
青,連なる,動詞,1,0.33,-0.3,2026-10-01
青,順応,名詞,1,0.33,-0.79,2026-10-01
青,利益,名詞,1,0.33,-0.57,2026-10-01
青,冷風,名詞,1,0.33,nan,2026-10-01
青,キチキチ,副詞,1,0.33,nan,2026-10-01
青,聴こえる,動詞,1,0.33,nan,2026-10-01
青,食える,動詞,1,0.33,-0.3,2026-10-01
青,腐肉,名詞,1,0.33,-0.44,2026-10-01
青,コンドル,名詞,1,0.33,nan,2026-10-01
青,たらふく,副詞,1,0.33,nan,2026-10-01
青,比例,名詞,1,0.33,nan,2026-10-01
青,悪む,動詞,1,0.33,nan,2026-10-01
青,およそ,副詞,1,0.33,nan,2026-10-01
青,賤しむ,動詞,1,0.33,nan,2026-10-01
青,孫子,名詞,1,0.33,nan,2026-10-01
青,高し,形容詞,1,0.33,-1.13,2026-10-01
青,貴ぶ,動詞,1,0.33,nan,2026-10-01
青,突進,名詞,1,0.33,-1.13,2026-10-01
青,撒く,動詞,1,0.33,-0.3,2026-10-01
青,ついばむ,動詞,1,0.33,nan,2026-10-01
青,追尾,名詞,1,0.33,nan,2026-10-01
青,階級,名詞,1,0.33,-1.05,2026-10-01
青,発する,動詞,1,0.33,-1.05,2026-10-01
青,老いる,動詞,1,0.33,-0.13,2026-10-01
青,メドマイ,名詞,1,0.33,nan,2026-10-01
青,群,名詞,1,0.33,-0.69,2026-10-01
青,陣列,名詞,1,0.33,nan,2026-10-01
青,白鳥,名詞,1,0.33,nan,2026-10-01
青,放流,名詞,1,0.33,nan,2026-10-01
青,河床,名詞,1,0.33,nan,2026-10-01
青,鎮静,名詞,1,0.33,nan,2026-10-01
青,喧噪,名詞,1,0.33,nan,2026-10-01
青,貝殻,名詞,1,0.33,nan,2026-10-01
青,夜明け,名詞,1,0.33,-1.91,2026-10-01
青,見張り,名詞,1,0.33,-0.69,2026-10-01
青,同行,名詞,1,0.33,nan,2026-10-01
青,ブライガス,名詞,1,0.33,nan,2026-10-01
青,装飾,名詞,1,0.33,-0.57,2026-10-01
青,無事,名詞,1,0.33,nan,2026-10-01
青,平穏,名詞,1,0.33,-1.2,2026-10-01
青,失踪,名詞,1,0.33,nan,2026-10-01
青,キマイラ,名詞,1,0.33,nan,2026-10-01
青,上天,名詞,1,0.33,nan,2026-10-01
青,理念,名詞,1,0.33,nan,2026-10-01
青,化す,動詞,1,0.33,-0.3,2026-10-01
青,ことわざ,名詞,1,0.33,nan,2026-10-01
青,離せる,動詞,1,0.33,nan,2026-10-01
青,代行,名詞,1,0.33,nan,2026-10-01
青,罰,名詞,1,0.33,-0.69,2026-10-01
青,海峡,名詞,1,0.33,nan,2026-10-01
青,愚,名詞,1,0.33,nan,2026-10-01
青,プロコピオス,名詞,1,0.33,nan,2026-10-01
青,天文,名詞,1,0.33,nan,2026-10-01
青,空腹,名詞,1,0.33,-1.13,2026-10-01
青,永久,名詞,1,0.33,-0.79,2026-10-01
青,ダクラ,名詞,1,0.33,nan,2026-10-01
青,青空,名詞,1,0.33,nan,2026-10-01
青,崩壊,名詞,1,0.33,-1.38,2026-10-01
青,祈れる,動詞,1,0.33,nan,2026-10-01
青,リンドス,名詞,1,0.33,nan,2026-10-01
青,生まれ,名詞,1,0.33,-0.3,2026-10-01
青,隊列,名詞,1,0.33,-0.3,2026-10-01
青,吹聴,名詞,1,0.33,nan,2026-10-01
青,クルフィックス,名詞,1,0.33,nan,2026-10-01
青,礎,名詞,1,0.33,-0.13,2026-10-01
青,苛む,動詞,1,0.33,0.07,2026-10-01
青,比,名詞,1,0.33,nan,2026-10-01
青,挫く,動詞,1,0.33,nan,2026-10-01
青,淀み,名詞,1,0.33,nan,2026-10-01
青,責める,動詞,1,0.33,nan,2026-10-01
青,悲運,名詞,1,0.33,nan,2026-10-01
青,悲しむ,動詞,1,0.33,0.07,2026-10-01
青,捧げもの,名詞,1,0.33,nan,2026-10-01
青,フィナックス,名詞,1,0.33,-0.44,2026-10-01
青,誠実,名詞,1,0.33,-0.3,2026-10-01
青,エイスリオス,名詞,1,0.33,nan,2026-10-01
青,ジャリラ,名詞,1,0.33,nan,2026-10-01
青,davidsirlin,名詞,1,0.33,nan,2026-10-01
青,考案,名詞,1,0.33,0.07,2026-10-01
青,節約,名詞,1,0.33,nan,2026-10-01
青,労力,名詞,1,0.33,nan,2026-10-01
青,自称,名詞,1,0.33,nan,2026-10-01
青,中隊,名詞,1,0.33,nan,2026-10-01
青,ヴィッコン,名詞,1,0.33,nan,2026-10-01
青,修繕,名詞,1,0.33,nan,2026-10-01
青,どんどん,副詞,1,0.33,-0.57,2026-10-01
青,ハストリック,名詞,1,0.33,-0.13,2026-10-01
青,半,名詞,1,0.33,0.07,2026-10-01
青,啼き声,名詞,1,0.33,nan,2026-10-01
青,規管,名詞,1,0.33,nan,2026-10-01
青,mikeneumann,名詞,1,0.33,nan,2026-10-01
青,仕掛け,名詞,1,0.33,nan,2026-10-01
青,語句,名詞,1,0.33,nan,2026-10-01
青,積極,名詞,1,0.33,nan,2026-10-01
青,クオーツ,名詞,1,0.33,nan,2026-10-01
青,ウッド,名詞,1,0.33,nan,2026-10-01
青,炎術,名詞,1,0.33,nan,2026-10-01
青,休日,名詞,1,0.33,nan,2026-10-01
青,トリフ,名詞,1,0.33,nan,2026-10-01
青,うっとうしい,形容詞,1,0.33,nan,2026-10-01
青,正直,副詞,1,0.33,nan,2026-10-01
青,セヴィック,名詞,1,0.33,nan,2026-10-01
青,あえて,副詞,1,0.33,nan,2026-10-01
青,河水,名詞,1,0.33,nan,2026-10-01
青,踏み石,名詞,1,0.33,nan,2026-10-01
青,スルタイ,名詞,1,0.33,nan,2026-10-01
青,秘話,名詞,1,0.33,nan,2026-10-01
青,脆弱,名詞,1,0.33,nan,2026-10-01
青,抑制,名詞,1,0.33,-0.3,2026-10-01
青,特使,名詞,1,0.33,nan,2026-10-01
青,発言,名詞,1,0.33,nan,2026-10-01
青,最果て,名詞,1,0.33,nan,2026-10-01
青,ならす,動詞,1,0.33,-0.13,2026-10-01
青,シェンスー,名詞,1,0.33,nan,2026-10-01
青,止めど,名詞,1,0.33,nan,2026-10-01
青,湯,名詞,1,0.33,nan,2026-10-01
青,精,名詞,1,0.33,-0.13,2026-10-01
青,溶かす,動詞,1,0.33,-0.3,2026-10-01
青,噴火,名詞,1,0.33,-1.05,2026-10-01
青,ニトゥラ,名詞,1,0.33,nan,2026-10-01
青,狩猟,名詞,1,0.33,-1.2,2026-10-01
青,カン,名詞,1,0.33,-1.2,2026-10-01
青,段階,名詞,1,0.33,-0.44,2026-10-01
青,食む,動詞,1,0.33,nan,2026-10-01
青,見習い,名詞,1,0.33,-0.3,2026-10-01
青,食す,動詞,1,0.33,nan,2026-10-01
青,軽蔑,名詞,1,0.33,-0.57,2026-10-01
青,裏,名詞,1,0.33,-1.2,2026-10-01
青,適用,名詞,1,0.33,nan,2026-10-01
青,歌える,動詞,1,0.33,nan,2026-10-01
青,豪語,名詞,1,0.33,nan,2026-10-01
青,スカルド,名詞,1,0.33,nan,2026-10-01
青,得策,名詞,1,0.33,nan,2026-10-01
青,ストーム,名詞,1,0.33,nan,2026-10-01
青,創意,名詞,1,0.33,-0.13,2026-10-01
青,頂,名詞,1,0.33,-0.69,2026-10-01
青,ウルナック,名詞,1,0.33,nan,2026-10-01
青,萌芽,名詞,1,0.33,nan,2026-10-01
青,明く,動詞,1,0.33,nan,2026-10-01
青,芽吹く,動詞,1,0.33,-0.79,2026-10-01
青,攻め,名詞,1,0.33,nan,2026-10-01
青,棒術,名詞,1,0.33,nan,2026-10-01
青,そそる,動詞,1,0.33,nan,2026-10-01
青,陣形,名詞,1,0.33,nan,2026-10-01
青,アブザン,名詞,1,0.33,-2.02,2026-10-01
青,どおり,名詞,1,0.33,nan,2026-10-01
青,双眼,名詞,1,0.33,nan,2026-10-01
青,ミーサ,名詞,1,0.33,nan,2026-10-01
青,巫,名詞,1,0.33,-0.89,2026-10-01
青,加工,名詞,1,0.33,0.07,2026-10-01
青,必勝,名詞,1,0.33,nan,2026-10-01
青,大嵐,名詞,1,0.33,-0.3,2026-10-01
青,敵軍,名詞,1,0.33,nan,2026-10-01
青,地形,名詞,1,0.33,-0.13,2026-10-01
青,預言,名詞,1,0.33,nan,2026-10-01
青,マラング,名詞,1,0.33,nan,2026-10-01
青,血痕,名詞,1,0.33,nan,2026-10-01
青,キュー,名詞,1,0.33,nan,2026-10-01
青,讃歌,名詞,1,0.33,nan,2026-10-01
青,選りすぐり,名詞,1,0.33,nan,2026-10-01
青,殲滅,名詞,1,0.33,nan,2026-10-01
青,遺体,名詞,1,0.33,-0.97,2026-10-01
青,氏族,名詞,1,0.33,-1.63,2026-10-01
青,ヤソヴァ,名詞,1,0.33,nan,2026-10-01
青,マルドゥ,名詞,1,0.33,-1.88,2026-10-01
青,見いだす,動詞,1,0.33,-0.3,2026-10-01
青,確立,名詞,1,0.33,nan,2026-10-01
青,真理,名詞,1,0.33,0.07,2026-10-01
青,対,名詞,1,0.33,-0.13,2026-10-01
青,欲望,名詞,1,0.33,-0.79,2026-10-01
青,凄まじい,形容詞,1,0.33,nan,2026-10-01
青,解,名詞,1,0.33,nan,2026-10-01
青,財力,名詞,1,0.33,nan,2026-10-01
青,権勢,名詞,1,0.33,nan,2026-10-01
青,誇示,名詞,1,0.33,nan,2026-10-01
青,ラクシャーサ,名詞,1,0.33,0.07,2026-10-01
青,龍王,名詞,1,0.33,-0.3,2026-10-01
青,大輪,名詞,1,0.33,nan,2026-10-01
青,輪廻,名詞,1,0.33,nan,2026-10-01
青,宿命,名詞,1,0.33,0.07,2026-10-01
青,静める,動詞,1,0.33,nan,2026-10-01
青,臓,名詞,1,0.33,nan,2026-10-01
青,うんざり,副詞,1,0.33,-0.3,2026-10-01
青,駄弁,名詞,1,0.33,nan,2026-10-01
青,攻防,名詞,1,0.33,nan,2026-10-01
青,勝ち目,名詞,1,0.33,-0.89,2026-10-01
青,聞かす,動詞,1,0.33,nan,2026-10-01
青,重代,名詞,1,0.33,nan,2026-10-01
青,大事,名詞,1,0.33,nan,2026-10-01
青,間際,名詞,1,0.33,nan,2026-10-01
青,将来,名詞,1,0.33,nan,2026-10-01
青,シブシグ,名詞,1,0.33,0.07,2026-10-01
青,愚鈍,名詞,1,0.33,nan,2026-10-01
青,モガイ,名詞,1,0.33,nan,2026-10-01
青,凡庸,名詞,1,0.33,nan,2026-10-01
青,直撃,名詞,1,0.33,nan,2026-10-01
青,双方,名詞,1,0.33,nan,2026-10-01
青,均衡,名詞,1,0.33,-0.89,2026-10-01
青,時々,名詞,1,0.33,-0.89,2026-10-01
青,反逆,名詞,1,0.33,-0.57,2026-10-01
青,尊重,名詞,1,0.33,nan,2026-10-01
青,沈没,名詞,1,0.33,nan,2026-10-01
青,目ぼしい,形容詞,1,0.33,nan,2026-10-01
青,はぐ,動詞,1,0.33,nan,2026-10-01
青,醍醐,名詞,1,0.33,nan,2026-10-01
青,テレパス,名詞,1,0.33,nan,2026-10-01
青,誓う,動詞,1,0.33,-1.98,2026-10-01
青,苦労,名詞,1,0.33,-0.57,2026-10-01
青,気象,名詞,1,0.33,nan,2026-10-01
青,マンタ,名詞,1,0.33,nan,2026-10-01
青,害虫,名詞,1,0.33,-0.79,2026-10-01
青,棲み家,名詞,1,0.33,nan,2026-10-01
青,再建,名詞,1,0.33,-0.44,2026-10-01
青,防波,名詞,1,0.33,nan,2026-10-01
青,猛る,動詞,1,0.33,nan,2026-10-01
青,参戦,名詞,1,0.33,nan,2026-10-01
青,ギデオン,名詞,1,0.33,-2.08,2026-10-01
青,台詞,名詞,1,0.33,nan,2026-10-01
青,自問,名詞,1,0.33,nan,2026-10-01
青,脱却,名詞,1,0.33,nan,2026-10-01
青,ヘルザグ,名詞,1,0.33,nan,2026-10-01
青,消息,名詞,1,0.33,nan,2026-10-01
青,ヘイヴングル,名詞,1,0.33,0.07,2026-10-01
青,出来事,名詞,1,0.33,-0.57,2026-10-01
青,ギサ,名詞,1,0.33,-0.57,2026-10-01
青,宝庫,名詞,1,0.33,nan,2026-10-01
青,忌避,名詞,1,0.33,nan,2026-10-01
青,羅列,名詞,1,0.33,nan,2026-10-01
青,価,名詞,1,0.33,nan,2026-10-01
青,プレッシャー,名詞,1,0.33,nan,2026-10-01
青,荘園,名詞,1,0.33,nan,2026-10-01
青,不穏,名詞,1,0.33,nan,2026-10-01
青,終夜,名詞,1,0.33,nan,2026-10-01
青,素材,名詞,1,0.33,-0.57,2026-10-01
青,めくる,動詞,1,0.33,nan,2026-10-01
青,机,名詞,1,0.33,nan,2026-10-01
青,疲弊,名詞,1,0.33,nan,2026-10-01
青,灯す,動詞,1,0.33,-0.69,2026-10-01
青,中間,名詞,1,0.33,nan,2026-10-01
青,参画,名詞,1,0.33,nan,2026-10-01
青,感銘,名詞,1,0.33,nan,2026-10-01
青,栄誉,名詞,1,0.33,-1.26,2026-10-01
青,賛辞,名詞,1,0.33,nan,2026-10-01
青,近時,名詞,1,0.33,nan,2026-10-01
青,新作,名詞,1,0.33,nan,2026-10-01
青,贈る,動詞,1,0.33,nan,2026-10-01
青,至り,名詞,1,0.33,nan,2026-10-01
青,浴す,動詞,1,0.33,nan,2026-10-01
青,伴う,動詞,1,0.33,-1.44,2026-10-01
青,慰める,動詞,1,0.33,nan,2026-10-01
青,月光,名詞,1,0.33,-0.3,2026-10-01
青,呼びかけ,名詞,1,0.33,0.07,2026-10-01
青,逃亡,名詞,1,0.33,-0.13,2026-10-01
青,収まる,動詞,1,0.33,-0.57,2026-10-01
青,危急,名詞,1,0.33,nan,2026-10-01
青,指呼,名詞,1,0.33,nan,2026-10-01
青,存亡,名詞,1,0.33,nan,2026-10-01
青,成果,名詞,1,0.33,-0.57,2026-10-01
青,はぐれる,動詞,1,0.33,nan,2026-10-01
青,ネベルガスト,名詞,1,0.33,nan,2026-10-01
青,号,名詞,1,0.33,-0.3,2026-10-01
青,ヴェス,名詞,1,0.33,-2.17,2026-10-01
青,小舟,名詞,1,0.33,nan,2026-10-01
青,導き,名詞,1,0.33,-1.05,2026-10-01
青,水飛沫,名詞,1,0.33,nan,2026-10-01
青,書斎,名詞,1,0.33,nan,2026-10-01
青,顔合わせ,名詞,1,0.33,nan,2026-10-01
青,ドリカ,名詞,1,0.33,nan,2026-10-01
青,溺墓,名詞,1,0.33,nan,2026-10-01
青,思い込み,名詞,1,0.33,nan,2026-10-01
青,良書,名詞,1,0.33,nan,2026-10-01
青,びっくり,名詞,1,0.33,-0.3,2026-10-01
青,わくわく,副詞,1,0.33,nan,2026-10-01
青,制裁,名詞,1,0.33,0.07,2026-10-01
青,措置,名詞,1,0.33,nan,2026-10-01
青,速,名詞,1,0.33,nan,2026-10-01
青,職人,名詞,1,0.33,-0.69,2026-10-01
青,押収,名詞,1,0.33,nan,2026-10-01
青,過信,名詞,1,0.33,nan,2026-10-01
青,制作,名詞,1,0.33,nan,2026-10-01
青,玄妙,名詞,1,0.33,nan,2026-10-01
青,無量,名詞,1,0.33,nan,2026-10-01
青,着想,名詞,1,0.33,0.07,2026-10-01
青,Dr.,名詞,1,0.33,nan,2026-10-01
青,貢献,名詞,1,0.33,nan,2026-10-01
青,インスティチュート,名詞,1,0.33,nan,2026-10-01
青,プロジェクト,名詞,1,0.33,nan,2026-10-01
青,満喫,名詞,1,0.33,nan,2026-10-01
青,狭苦しい,形容詞,1,0.33,nan,2026-10-01
青,公開,名詞,1,0.33,nan,2026-10-01
青,ジャンジー,名詞,1,0.33,nan,2026-10-01
青,観測,名詞,1,0.33,nan,2026-10-01
青,一般,名詞,1,0.33,-0.79,2026-10-01
青,隣接,名詞,1,0.33,nan,2026-10-01
青,失望,名詞,1,0.33,-0.3,2026-10-01
青,重んずる,動詞,1,0.33,nan,2026-10-01
青,博覧,名詞,1,0.33,-1.05,2026-10-01
青,うなずく,動詞,1,0.33,nan,2026-10-01
青,取り引き,名詞,1,0.33,nan,2026-10-01
青,思い入れ,名詞,1,0.33,nan,2026-10-01
青,個々,名詞,1,0.33,nan,2026-10-01
青,随一,名詞,1,0.33,nan,2026-10-01
青,車両,名詞,1,0.33,nan,2026-10-01
青,コレクター,名詞,1,0.33,nan,2026-10-01
青,次回,名詞,1,0.33,nan,2026-10-01
青,抵触,名詞,1,0.33,nan,2026-10-01
青,属す,動詞,1,0.33,nan,2026-10-01
青,ラシュミ,名詞,1,0.33,nan,2026-10-01
青,カドフー,名詞,1,0.33,nan,2026-10-01
青,鯨捕り,名詞,1,0.33,nan,2026-10-01
青,白状,名詞,1,0.33,nan,2026-10-01
青,烏,名詞,1,0.33,nan,2026-10-01
青,折り合い,名詞,1,0.33,nan,2026-10-01
青,紛争,名詞,1,0.33,nan,2026-10-01
青,競走,名詞,1,0.33,nan,2026-10-01
青,ヌカコーラ,名詞,1,0.33,nan,2026-10-01
青,転任,名詞,1,0.33,nan,2026-10-01
青,母,名詞,1,0.33,-1.44,2026-10-01
青,対立,名詞,1,0.33,-0.13,2026-10-01
青,隠れ家,名詞,1,0.33,-0.3,2026-10-01
青,組する,動詞,1,0.33,nan,2026-10-01
青,商船,名詞,1,0.33,nan,2026-10-01
青,内部,名詞,1,0.33,nan,2026-10-01
青,拠点,名詞,1,0.33,nan,2026-10-01
青,廃棄,名詞,1,0.33,-0.13,2026-10-01
青,ヤドカリ,名詞,1,0.33,nan,2026-10-01
青,ジャシー,名詞,1,0.33,nan,2026-10-01
青,ガーニン,名詞,1,0.33,nan,2026-10-01
青,心地よい,形容詞,1,0.33,0.07,2026-10-01
青,響き,名詞,1,0.33,-0.69,2026-10-01
青,不乱,名詞,1,0.33,nan,2026-10-01
青,鑑みる,動詞,1,0.33,nan,2026-10-01
青,大目,名詞,1,0.33,nan,2026-10-01
青,一心,名詞,1,0.33,0.07,2026-10-01
青,ギラプール,名詞,1,0.33,-1.05,2026-10-01
青,工具,名詞,1,0.33,nan,2026-10-01
青,攻勢,名詞,1,0.33,nan,2026-10-01
青,封鎖,名詞,1,0.33,nan,2026-10-01
青,ナジャ,名詞,1,0.33,nan,2026-10-01
青,触れ,名詞,1,0.33,nan,2026-10-01
青,ドクター,名詞,1,0.33,-0.69,2026-10-01
青,雛,名詞,1,0.33,nan,2026-10-01
青,時分,名詞,1,0.33,nan,2026-10-01
青,目当て,名詞,1,0.33,0.07,2026-10-01
青,ラゾテプ,名詞,1,0.33,nan,2026-10-01
青,テムメト,名詞,1,0.33,nan,2026-10-01
青,蛇,名詞,1,0.33,-1.72,2026-10-01
青,飲み,名詞,1,0.33,nan,2026-10-01
青,押さえる,動詞,1,0.33,-0.44,2026-10-01
青,毒す,動詞,1,0.33,nan,2026-10-01
青,ウカト,名詞,1,0.33,nan,2026-10-01
青,誉れ,名詞,1,0.33,-0.89,2026-10-01
青,発掘,名詞,1,0.33,nan,2026-10-01
青,不断,名詞,1,0.33,nan,2026-10-01
青,選定,名詞,1,0.33,0.07,2026-10-01
青,お守り,名詞,1,0.33,nan,2026-10-01
青,実績,名詞,1,0.33,nan,2026-10-01
青,予期,名詞,1,0.33,-0.13,2026-10-01
青,有限,名詞,1,0.33,nan,2026-10-01
青,束,名詞,1,0.33,nan,2026-10-01
青,続き,名詞,1,0.33,nan,2026-10-01
青,教科,名詞,1,0.33,nan,2026-10-01
青,蝗,名詞,1,0.33,nan,2026-10-01
青,跡形,名詞,1,0.33,nan,2026-10-01
青,結び,名詞,1,0.33,nan,2026-10-01
青,めぐる,動詞,1,0.33,0.07,2026-10-01
青,幔幕,名詞,1,0.33,nan,2026-10-01
青,陣中,名詞,1,0.33,nan,2026-10-01
青,軍略,名詞,1,0.33,nan,2026-10-01
青,姉妹,名詞,1,0.33,nan,2026-10-01
青,先送り,名詞,1,0.33,nan,2026-10-01
青,虚偽,名詞,1,0.33,nan,2026-10-01
青,伸べる,動詞,1,0.33,nan,2026-10-01
青,来世,名詞,1,0.33,-1.26,2026-10-01
青,蓋世,名詞,1,0.33,-0.13,2026-10-01
青,順,名詞,1,0.33,nan,2026-10-01
青,傷つく,動詞,1,0.33,-0.44,2026-10-01
青,機,名詞,1,0.33,-0.89,2026-10-01
青,延ばす,動詞,1,0.33,nan,2026-10-01
青,手織り,名詞,1,0.33,nan,2026-10-01
青,歪み,名詞,1,0.33,nan,2026-10-01
青,boy,名詞,1,0.33,nan,2026-10-01
青,vault,名詞,1,0.33,0.07,2026-10-01
青,大逆,名詞,1,0.33,nan,2026-10-01
青,いっそう,副詞,1,0.33,nan,2026-10-01
青,脳裡,名詞,1,0.33,nan,2026-10-01
青,近づける,動詞,1,0.33,-0.69,2026-10-01
青,潤滑,名詞,1,0.33,nan,2026-10-01
青,高潮,名詞,1,0.33,nan,2026-10-01
青,オラーズカ,名詞,1,0.33,-0.3,2026-10-01
青,誤導,名詞,1,0.33,nan,2026-10-01
青,辺,名詞,1,0.33,nan,2026-10-01
青,トゥヴァーサ,名詞,1,0.33,nan,2026-10-01
青,激怒,名詞,1,0.33,-0.3,2026-10-01
青,ブリネリー,名詞,1,0.33,nan,2026-10-01
青,体内,名詞,1,0.33,-0.13,2026-10-01
青,パリッシュ,名詞,1,0.33,nan,2026-10-01
青,厄災,名詞,1,0.33,nan,2026-10-01
青,温まる,動詞,1,0.33,nan,2026-10-01
青,古,名詞,1,0.33,-1.05,2026-10-01
青,稼ぎ,名詞,1,0.33,nan,2026-10-01
青,公海,名詞,1,0.33,nan,2026-10-01
青,高空,名詞,1,0.33,nan,2026-10-01
青,上回る,動詞,1,0.33,-0.79,2026-10-01
青,コンパス,名詞,1,0.33,nan,2026-10-01
青,嵌る,動詞,1,0.33,nan,2026-10-01
青,明ける,動詞,1,0.33,-0.57,2026-10-01
青,濡れネズミ,名詞,1,0.33,nan,2026-10-01
青,ティシャーナ,名詞,1,0.33,nan,2026-10-01
青,金貨,名詞,1,0.33,-0.13,2026-10-01
青,情け深い,形容詞,1,0.33,nan,2026-10-01
青,手ぶら,名詞,1,0.33,nan,2026-10-01
青,下流,名詞,1,0.33,nan,2026-10-01
青,識者,名詞,1,0.33,nan,2026-10-01
青,占有,名詞,1,0.33,nan,2026-10-01
青,心得,名詞,1,0.33,nan,2026-10-01
青,昼食,名詞,1,0.33,0.07,2026-10-01
青,大砲,名詞,1,0.33,-0.3,2026-10-01
青,圏域,名詞,1,0.33,nan,2026-10-01
青,宙,名詞,1,0.33,-0.13,2026-10-01
青,川床,名詞,1,0.33,nan,2026-10-01
青,繰り返し,名詞,1,0.33,-0.13,2026-10-01
青,名人,名詞,1,0.33,nan,2026-10-01
青,裏側,名詞,1,0.33,nan,2026-10-01
青,欠かせる,動詞,1,0.33,-0.3,2026-10-01
青,敵陣,名詞,1,0.33,nan,2026-10-01
青,外国,名詞,1,0.33,nan,2026-10-01
青,傾向,名詞,1,0.33,nan,2026-10-01
青,重視,名詞,1,0.33,nan,2026-10-01
青,カースト,名詞,1,0.33,nan,2026-10-01
青,孤立,名詞,1,0.33,nan,2026-10-01
青,ヴォルシェ,名詞,1,0.33,nan,2026-10-01
青,訂正,名詞,1,0.33,nan,2026-10-01
青,説教,名詞,1,0.33,nan,2026-10-01
青,ラーダ,名詞,1,0.33,0.07,2026-10-01
青,冷,名詞,1,0.33,nan,2026-10-01
青,追放,名詞,1,0.33,-1.05,2026-10-01
青,霧消,名詞,1,0.33,nan,2026-10-01
青,反復,名詞,1,0.33,nan,2026-10-01
青,破,名詞,1,0.33,nan,2026-10-01
青,ナバン,名詞,1,0.33,nan,2026-10-01
青,自粛,名詞,1,0.33,nan,2026-10-01
青,堅持,名詞,1,0.33,nan,2026-10-01
青,免れる,動詞,1,0.33,-0.3,2026-10-01
青,誓い,名詞,1,0.33,-1.49,2026-10-01
青,植民,名詞,1,0.33,nan,2026-10-01
青,エリタレイト,名詞,1,0.33,nan,2026-10-01
青,オルヴァーダ,名詞,1,0.33,nan,2026-10-01
青,海亀,名詞,1,0.33,nan,2026-10-01
青,スープ,名詞,1,0.33,0.07,2026-10-01
青,削ぐ,動詞,1,0.33,nan,2026-10-01
青,履行,名詞,1,0.33,nan,2026-10-01
青,呪術,名詞,1,0.33,nan,2026-10-01
青,気まずい,形容詞,1,0.33,nan,2026-10-01
青,村々,名詞,1,0.33,-0.44,2026-10-01
青,暮らす,動詞,1,0.33,-0.57,2026-10-01
青,寒冷,名詞,1,0.33,nan,2026-10-01
青,サーペイディア,名詞,1,0.33,nan,2026-10-01
青,試み,名詞,1,0.33,0.07,2026-10-01
青,らせん,名詞,1,0.33,nan,2026-10-01
青,最古,名詞,1,0.33,-0.13,2026-10-01
青,マリード,名詞,1,0.33,nan,2026-10-01
青,アザミ,名詞,1,0.33,nan,2026-10-01
青,年老いる,動詞,1,0.33,nan,2026-10-01
青,配慮,名詞,1,0.33,nan,2026-10-01
青,シンス,名詞,1,0.33,nan,2026-10-01
青,漕ぐ,動詞,1,0.33,nan,2026-10-01
青,まだら,名詞,1,0.33,nan,2026-10-01
青,代わる,動詞,1,0.33,0.07,2026-10-01
青,隣人,名詞,1,0.33,-0.3,2026-10-01
青,風景,名詞,1,0.33,-0.79,2026-10-01
青,原動,名詞,1,0.33,0.07,2026-10-01
青,多相,名詞,1,0.33,nan,2026-10-01
青,目まぐるしい,形容詞,1,0.33,nan,2026-10-01
青,かわいい,形容詞,1,0.33,nan,2026-10-01
青,羽ばたく,動詞,1,0.33,-0.3,2026-10-01
青,引け,名詞,1,0.33,nan,2026-10-01
青,さかのぼる,動詞,1,0.33,nan,2026-10-01
青,若し,形容詞,1,0.33,-0.97,2026-10-01
青,ぐるぐる,副詞,1,0.33,nan,2026-10-01
青,道中,名詞,1,0.33,nan,2026-10-01
青,置き場,名詞,1,0.33,-0.13,2026-10-01
青,産業,名詞,1,0.33,nan,2026-10-01
青,おしゃれ,名詞,1,0.33,nan,2026-10-01
青,勘違い,名詞,1,0.33,-0.44,2026-10-01
青,つらい,形容詞,1,0.33,nan,2026-10-01
青,関連,名詞,1,0.33,0.07,2026-10-01
青,万有,名詞,1,0.33,nan,2026-10-01
青,回避,名詞,1,0.33,nan,2026-10-01
青,仕様,名詞,1,0.33,nan,2026-10-01
青,昆虫,名詞,1,0.33,-0.13,2026-10-01
青,持ち場,名詞,1,0.33,-0.57,2026-10-01
青,封,名詞,1,0.33,nan,2026-10-01
青,傑作,名詞,1,0.33,nan,2026-10-01
青,未亡人,名詞,1,0.33,nan,2026-10-01
青,案山子,名詞,1,0.33,nan,2026-10-01
青,暗記,名詞,1,0.33,nan,2026-10-01
青,出題,名詞,1,0.33,nan,2026-10-01
青,状況,名詞,1,0.33,-1.38,2026-10-01
青,控える,動詞,1,0.33,nan,2026-10-01
青,つぶやき,名詞,1,0.33,nan,2026-10-01
青,空洞,名詞,1,0.33,0.07,2026-10-01
青,街中,名詞,1,0.33,0.07,2026-10-01
青,丘陵,名詞,1,0.33,nan,2026-10-01
青,好評,名詞,1,0.33,nan,2026-10-01
青,作曲,名詞,1,0.33,nan,2026-10-01
青,交響,名詞,1,0.33,nan,2026-10-01
青,曲,名詞,1,0.33,-0.97,2026-10-01
青,功績,名詞,1,0.33,-0.57,2026-10-01
青,日暮れ,名詞,1,0.33,nan,2026-10-01
青,大通り,名詞,1,0.33,nan,2026-10-01
青,とりわけ,副詞,1,0.33,0.07,2026-10-01
青,日の出,名詞,1,0.33,-0.69,2026-10-01
青,学習,名詞,1,0.33,nan,2026-10-01
青,結合,名詞,1,0.33,nan,2026-10-01
青,慣習,名詞,1,0.33,nan,2026-10-01
青,精進,名詞,1,0.33,nan,2026-10-01
青,勃発,名詞,1,0.33,nan,2026-10-01
青,昨今,名詞,1,0.33,nan,2026-10-01
青,プラズマ,名詞,1,0.33,nan,2026-10-01
青,ごくり,副詞,1,0.33,nan,2026-10-01
青,中止,名詞,1,0.33,nan,2026-10-01
青,課する,動詞,1,0.33,nan,2026-10-01
青,か月,名詞,1,0.33,nan,2026-10-01
青,出入り,名詞,1,0.33,nan,2026-10-01
青,私利,名詞,1,0.33,nan,2026-10-01
青,私欲,名詞,1,0.33,nan,2026-10-01
青,奇抜,名詞,1,0.33,nan,2026-10-01
青,陥没,名詞,1,0.33,nan,2026-10-01
青,根拠,名詞,1,0.33,nan,2026-10-01
青,苦役,名詞,1,0.33,nan,2026-10-01
青,バーン,副詞,1,0.33,nan,2026-10-01
青,梟,名詞,1,0.33,nan,2026-10-01
青,参加,名詞,1,0.33,-1.44,2026-10-01
青,ミノタウルス,名詞,1,0.33,-1.84,2026-10-01
青,戦況,名詞,1,0.33,nan,2026-10-01
青,見覚え,名詞,1,0.33,nan,2026-10-01
青,髪飾り,名詞,1,0.33,nan,2026-10-01
青,同門,名詞,1,0.33,nan,2026-10-01
青,尾行,名詞,1,0.33,nan,2026-10-01
青,明かせる,動詞,1,0.33,nan,2026-10-01
青,上の空,名詞,1,0.33,nan,2026-10-01
青,両者,名詞,1,0.33,-0.13,2026-10-01
青,同意,名詞,1,0.33,-0.44,2026-10-01
青,実施,名詞,1,0.33,nan,2026-10-01
青,目星,名詞,1,0.33,nan,2026-10-01
青,自滅,名詞,1,0.33,nan,2026-10-01
青,一挙,名詞,1,0.33,nan,2026-10-01
青,澄む,動詞,1,0.33,nan,2026-10-01
青,無言,名詞,1,0.33,nan,2026-10-01
青,前進,名詞,1,0.33,-0.3,2026-10-01
青,一動,名詞,1,0.33,nan,2026-10-01
青,企て,名詞,1,0.33,nan,2026-10-01
青,中立,名詞,1,0.33,nan,2026-10-01
青,大戦,名詞,1,0.33,nan,2026-10-01
青,宿敵,名詞,1,0.33,nan,2026-10-01
青,身悶え,名詞,1,0.33,nan,2026-10-01
青,眼中,名詞,1,0.33,nan,2026-10-01
青,服従,名詞,1,0.33,-0.3,2026-10-01
青,不死身,名詞,1,0.33,nan,2026-10-01
青,ひざまずく,動詞,1,0.33,-0.69,2026-10-01
青,拾う,動詞,1,0.33,0.07,2026-10-01
青,活かす,動詞,1,0.33,nan,2026-10-01
青,ちっこい,形容詞,1,0.33,nan,2026-10-01
青,ちょうだい,名詞,1,0.33,nan,2026-10-01
青,回路,名詞,1,0.33,nan,2026-10-01
青,既存,名詞,1,0.33,nan,2026-10-01
青,激流,名詞,1,0.33,nan,2026-10-01
青,手駒,名詞,1,0.33,nan,2026-10-01
青,全然,副詞,1,0.33,-0.44,2026-10-01
青,一面,名詞,1,0.33,nan,2026-10-01
青,注ぐ,動詞,1,0.33,-1.32,2026-10-01
青,方角,名詞,1,0.33,nan,2026-10-01
青,望遠,名詞,1,0.33,nan,2026-10-01
青,水浴び,名詞,1,0.33,nan,2026-10-01
青,あくどい,形容詞,1,0.33,nan,2026-10-01
青,道化,名詞,1,0.33,nan,2026-10-01
青,とっても,副詞,1,0.33,nan,2026-10-01
青,常識,名詞,1,0.33,nan,2026-10-01
青,鹿肉,名詞,1,0.33,nan,2026-10-01
青,まとまる,動詞,1,0.33,nan,2026-10-01
青,のみ口,名詞,1,0.33,nan,2026-10-01
青,広間,名詞,1,0.33,-0.3,2026-10-01
青,藍,名詞,1,0.33,nan,2026-10-01
青,ベッド,名詞,1,0.33,-0.13,2026-10-01
青,ガラス,名詞,1,0.33,-0.79,2026-10-01
青,瓶,名詞,1,0.33,-0.3,2026-10-01
青,破ける,動詞,1,0.33,nan,2026-10-01
青,育む,動詞,1,0.33,-1.49,2026-10-01
青,プラ,名詞,1,0.33,nan,2026-10-01
青,リボ,名詞,1,0.33,nan,2026-10-01
青,僻境,名詞,1,0.33,-0.97,2026-10-01
青,司令,名詞,1,0.33,-0.44,2026-10-01
青,振るまい,名詞,1,0.33,nan,2026-10-01
青,立ち居,名詞,1,0.33,nan,2026-10-01
青,遺物,名詞,1,0.33,-1.54,2026-10-01
青,大喜び,名詞,1,0.33,-0.44,2026-10-01
青,往時,名詞,1,0.33,nan,2026-10-01
青,綴る,動詞,1,0.33,nan,2026-10-01
青,守衛,名詞,1,0.33,nan,2026-10-01
青,がめつい,形容詞,1,0.33,nan,2026-10-01
青,ゆずる,動詞,1,0.33,nan,2026-10-01
青,リンドゥス,名詞,1,0.33,nan,2026-10-01
青,性質,名詞,1,0.33,nan,2026-10-01
青,エレカストス,名詞,1,0.33,nan,2026-10-01
青,ティクティス,名詞,1,0.33,nan,2026-10-01
青,水禍,名詞,1,0.33,nan,2026-10-01
青,勤め,名詞,1,0.33,nan,2026-10-01
青,侍祭,名詞,1,0.33,-0.13,2026-10-01
青,祭壇,名詞,1,0.33,-0.57,2026-10-01
青,ヘリオッド,名詞,1,0.33,-1.05,2026-10-01
青,浜,名詞,1,0.33,nan,2026-10-01
青,安息,名詞,1,0.33,-1.2,2026-10-01
青,うねる,動詞,1,0.33,-0.13,2026-10-01
青,一口,名詞,1,0.33,-0.57,2026-10-01
青,回想,名詞,1,0.33,nan,2026-10-01
青,神託,名詞,1,0.33,-0.44,2026-10-01
青,粉砕,名詞,1,0.33,-0.3,2026-10-01
青,逆理,名詞,1,0.33,nan,2026-10-01
青,哲学,名詞,1,0.33,-0.44,2026-10-01
青,高名,名詞,1,0.33,nan,2026-10-01
青,デカティア,名詞,1,0.33,nan,2026-10-01
青,虚しい,形容詞,1,0.33,nan,2026-10-01
青,平坦,名詞,1,0.33,nan,2026-10-01
青,アリートス,名詞,1,0.33,nan,2026-10-01
青,腰,名詞,1,0.33,nan,2026-10-01
青,寵愛,名詞,1,0.33,nan,2026-10-01
青,カモメ,名詞,1,0.33,nan,2026-10-01
青,のる,動詞,1,0.33,nan,2026-10-01
青,貢ぐ,動詞,1,0.33,nan,2026-10-01
青,肖像,名詞,1,0.33,nan,2026-10-01
青,エファラ,名詞,1,0.33,nan,2026-10-01
青,アクロス,名詞,1,0.33,-1.44,2026-10-01
青,山岳,名詞,1,0.33,nan,2026-10-01
青,電撃,名詞,1,0.33,nan,2026-10-01
青,木っ端,名詞,1,0.33,nan,2026-10-01
青,燃やす,動詞,1,0.33,-1.95,2026-10-01
青,アショク,名詞,1,0.33,-0.44,2026-10-01
青,海洋,名詞,1,0.33,nan,2026-10-01
青,錘,名詞,1,0.33,nan,2026-10-01
青,座,名詞,1,0.33,-0.13,2026-10-01
青,好物,名詞,1,0.33,-0.57,2026-10-01
青,ヒトデ,名詞,1,0.33,nan,2026-10-01
青,軌跡,名詞,1,0.33,nan,2026-10-01
青,告げ,名詞,1,0.33,nan,2026-10-01
青,遭遇,名詞,1,0.33,-0.57,2026-10-01
青,イルーナ,名詞,1,0.33,nan,2026-10-01
青,くら,名詞,1,0.33,nan,2026-10-01
青,よこたわる,動詞,1,0.33,nan,2026-10-01
青,さだめ,名詞,1,0.33,nan,2026-10-01
青,手法,名詞,1,0.33,nan,2026-10-01
青,残虐,名詞,1,0.33,-1.13,2026-10-01
青,伏せる,動詞,1,0.33,-0.57,2026-10-01
青,銅,名詞,1,0.33,-0.13,2026-10-01
青,解る,動詞,1,0.33,nan,2026-10-01
青,機構,名詞,1,0.33,0.07,2026-10-01
青,ベビー,名詞,1,0.33,nan,2026-10-01
青,甲冑,名詞,1,0.33,nan,2026-10-01
青,瞬発,名詞,1,0.33,nan,2026-10-01
青,かすり傷,名詞,1,0.33,0.07,2026-10-01
青,ボート,名詞,1,0.33,nan,2026-10-01
青,エルーダ,名詞,1,0.33,nan,2026-10-01
青,スカイ,名詞,1,0.33,-0.79,2026-10-01
青,セイル,名詞,1,0.33,nan,2026-10-01
青,極秘,名詞,1,0.33,nan,2026-10-01
青,ハズ,名詞,1,0.33,nan,2026-10-01
青,ガキ,名詞,1,0.33,nan,2026-10-01
青,心ない,形容詞,1,0.33,nan,2026-10-01
青,実力,名詞,1,0.33,nan,2026-10-01
青,敗れる,動詞,1,0.33,-0.3,2026-10-01
青,名著,名詞,1,0.33,nan,2026-10-01
青,読者,名詞,1,0.33,nan,2026-10-01
青,浮き浮き,副詞,1,0.33,nan,2026-10-01
青,無為,名詞,1,0.33,nan,2026-10-01
青,捕らわれる,動詞,1,0.33,-0.13,2026-10-01
青,鎖,名詞,1,0.33,-0.97,2026-10-01
青,荷ほどき,名詞,1,0.33,nan,2026-10-01
青,暴徒,名詞,1,0.33,-0.13,2026-10-01
青,拒む,動詞,1,0.33,-1.32,2026-10-01
青,報酬,名詞,1,0.33,-0.3,2026-10-01
青,年齢,名詞,1,0.33,nan,2026-10-01
青,魚群,名詞,1,0.33,nan,2026-10-01
青,釣り船,名詞,1,0.33,nan,2026-10-01
青,土砂降り,名詞,1,0.33,nan,2026-10-01
青,ずぶ濡れ,名詞,1,0.33,nan,2026-10-01
青,急,名詞,1,0.33,-0.57,2026-10-01
青,屋根,名詞,1,0.33,-0.89,2026-10-01
青,計器,名詞,1,0.33,nan,2026-10-01
青,敵う,動詞,1,0.33,-0.3,2026-10-01
青,再帰,名詞,1,0.33,nan,2026-10-01
青,タラッセル,名詞,1,0.33,nan,2026-10-01
青,つける,動詞,1,0.33,-0.44,2026-10-01
青,良く,副詞,1,0.33,nan,2026-10-01
青,詩文,名詞,1,0.33,nan,2026-10-01
青,草稿,名詞,1,0.33,nan,2026-10-01
青,思索,名詞,1,0.33,nan,2026-10-01
青,膝,名詞,1,0.33,-0.57,2026-10-01
青,立て,名詞,1,0.33,nan,2026-10-01
青,正常,名詞,1,0.33,nan,2026-10-01
青,弾ける,動詞,1,0.33,-0.44,2026-10-01
青,雷光,名詞,1,0.33,nan,2026-10-01
青,しかめる,動詞,1,0.33,nan,2026-10-01
青,取り留め,名詞,1,0.33,nan,2026-10-01
青,淵,名詞,1,0.33,-0.44,2026-10-01
青,溢,名詞,1,0.33,nan,2026-10-01
青,知,名詞,1,0.33,nan,2026-10-01
青,織り目,名詞,1,0.33,nan,2026-10-01
青,スキッチ,名詞,1,0.33,nan,2026-10-01
青,操れる,動詞,1,0.33,nan,2026-10-01
青,ムラーサ,名詞,1,0.33,-1.13,2026-10-01
青,小型,名詞,1,0.33,nan,2026-10-01
青,あくまで,副詞,1,0.33,nan,2026-10-01
青,友人,名詞,1,0.33,-0.79,2026-10-01
青,速読,名詞,1,0.33,nan,2026-10-01
青,生死,名詞,1,0.33,-0.13,2026-10-01
青,現場,名詞,1,0.33,-1.13,2026-10-01
青,測れる,動詞,1,0.33,nan,2026-10-01
青,嗅ぐ,動詞,1,0.33,-1.54,2026-10-01
青,なくす,動詞,1,0.33,0.07,2026-10-01
青,侮辱,名詞,1,0.33,-0.44,2026-10-01
青,頼れる,動詞,1,0.33,-0.13,2026-10-01
青,我が家,名詞,1,0.33,nan,2026-10-01
青,かけがえ,名詞,1,0.33,nan,2026-10-01
青,ベンティドリックス,名詞,1,0.33,nan,2026-10-01
青,輝かしい,形容詞,1,0.33,-0.69,2026-10-01
青,偽,名詞,1,0.33,nan,2026-10-01
青,ありのまま,名詞,1,0.33,nan,2026-10-01
青,路,名詞,1,0.33,nan,2026-10-01
青,兵団,名詞,1,0.33,-0.69,2026-10-01
青,毛皮,名詞,1,0.33,-0.44,2026-10-01
青,イエティ,名詞,1,0.33,nan,2026-10-01
青,自尊,名詞,1,0.33,nan,2026-10-01
青,ありきたり,名詞,1,0.33,nan,2026-10-01
青,唸り声,名詞,1,0.33,-0.44,2026-10-01
青,サルーフ,名詞,1,0.33,nan,2026-10-01
青,スケレ,名詞,1,0.33,nan,2026-10-01
青,同類,名詞,1,0.33,nan,2026-10-01
青,とりあえず,副詞,1,0.33,nan,2026-10-01
青,磨き,名詞,1,0.33,nan,2026-10-01
青,リトヤラ,名詞,1,0.33,nan,2026-10-01
青,ナメクジ,名詞,1,0.33,-0.3,2026-10-01
青,軟弱,名詞,1,0.33,nan,2026-10-01
青,ニコ,名詞,1,0.33,nan,2026-10-01
青,雪の下,名詞,1,0.33,nan,2026-10-01
青,ヴァルキー,名詞,1,0.33,nan,2026-10-01
青,カーフェル,名詞,1,0.33,nan,2026-10-01
青,貴人,名詞,1,0.33,nan,2026-10-01
青,蓄える,動詞,1,0.33,nan,2026-10-01
青,安ピカ,名詞,1,0.33,nan,2026-10-01
青,覆す,動詞,1,0.33,-0.3,2026-10-01
青,ナーフィ,名詞,1,0.33,nan,2026-10-01
青,批判,名詞,1,0.33,nan,2026-10-01
青,拳,名詞,1,0.33,-1.76,2026-10-01
青,休講,名詞,1,0.33,nan,2026-10-01
青,熱い,形容詞,1,0.33,-1.38,2026-10-01
青,タワー,名詞,1,0.33,nan,2026-10-01
青,水草,名詞,1,0.33,nan,2026-10-01
青,ドラドゥール,名詞,1,0.33,nan,2026-10-01
青,アルケヴィオス,名詞,1,0.33,-0.57,2026-10-01
青,癒やし,名詞,1,0.33,nan,2026-10-01
青,占星,名詞,1,0.33,nan,2026-10-01
青,座す,動詞,1,0.33,nan,2026-10-01
青,あたえる,動詞,1,0.33,nan,2026-10-01
青,体系,名詞,1,0.33,-0.13,2026-10-01
青,天,名詞,1,0.33,-1.54,2026-10-01
青,ジモーン,名詞,1,0.33,nan,2026-10-01
青,オリーク,名詞,1,0.33,0.07,2026-10-01
青,注目,名詞,1,0.33,nan,2026-10-01
青,人格,名詞,1,0.33,nan,2026-10-01
青,持ち込み,名詞,1,0.33,nan,2026-10-01
青,授業,名詞,1,0.33,-0.3,2026-10-01
青,合間,名詞,1,0.33,nan,2026-10-01
青,余分,名詞,1,0.33,nan,2026-10-01
青,イムブラハム,名詞,1,0.33,nan,2026-10-01
青,構内,名詞,1,0.33,nan,2026-10-01
青,事例,名詞,1,0.33,nan,2026-10-01
青,溺死,名詞,1,0.33,nan,2026-10-01
青,藻類,名詞,1,0.33,nan,2026-10-01
青,項,名詞,1,0.33,nan,2026-10-01
青,逆説,名詞,1,0.33,nan,2026-10-01
青,数学,名詞,1,0.33,nan,2026-10-01
青,増強,名詞,1,0.33,nan,2026-10-01
青,紺碧,名詞,1,0.33,nan,2026-10-01
青,エクスタス,名詞,1,0.33,0.07,2026-10-01
青,有望,名詞,1,0.33,0.07,2026-10-01
青,追随,名詞,1,0.33,nan,2026-10-01
青,講堂,名詞,1,0.33,nan,2026-10-01
青,課題,名詞,1,0.33,nan,2026-10-01
青,受付,名詞,1,0.33,nan,2026-10-01
青,カソーラ,名詞,1,0.33,nan,2026-10-01
青,まさしく,副詞,1,0.33,nan,2026-10-01
青,卒業,名詞,1,0.33,nan,2026-10-01
青,からかい,名詞,1,0.33,nan,2026-10-01
青,切断,名詞,1,0.33,-0.13,2026-10-01
青,通行,名詞,1,0.33,-0.44,2026-10-01
青,担ぐ,動詞,1,0.33,nan,2026-10-01
青,戦利,名詞,1,0.33,-0.79,2026-10-01
青,女神,名詞,1,0.33,-0.57,2026-10-01
青,容姿,名詞,1,0.33,nan,2026-10-01
青,メニー,名詞,1,0.33,nan,2026-10-01
青,シングズ,名詞,1,0.33,nan,2026-10-01
青,引き,名詞,1,0.33,nan,2026-10-01
青,ヴォルタスク,名詞,1,0.33,nan,2026-10-01
青,表皮,名詞,1,0.33,nan,2026-10-01
青,月面,名詞,1,0.33,nan,2026-10-01
青,ころげる,動詞,1,0.33,nan,2026-10-01
青,ビーヒア,名詞,1,0.33,nan,2026-10-01
青,平滑,名詞,1,0.33,nan,2026-10-01
青,隠し扉,名詞,1,0.33,nan,2026-10-01
青,古典,名詞,1,0.33,nan,2026-10-01
青,便利,名詞,1,0.33,-0.13,2026-10-01
青,ピクシー,名詞,1,0.33,nan,2026-10-01
青,たまに,副詞,1,0.33,nan,2026-10-01
青,財布,名詞,1,0.33,-0.13,2026-10-01
青,備品,名詞,1,0.33,nan,2026-10-01
青,従順,名詞,1,0.33,-0.13,2026-10-01
青,補充,名詞,1,0.33,nan,2026-10-01
青,支持,名詞,1,0.33,nan,2026-10-01
青,狂信,名詞,1,0.33,-0.79,2026-10-01
青,大患,名詞,1,0.33,nan,2026-10-01
青,遭難,名詞,1,0.33,nan,2026-10-01
青,童話,名詞,1,0.33,nan,2026-10-01
青,団結,名詞,1,0.33,-1.32,2026-10-01
青,ゾンビ,名詞,1,0.33,-1.68,2026-10-01
青,よぎる,動詞,1,0.33,nan,2026-10-01
青,同盟,名詞,1,0.33,-0.97,2026-10-01
青,道はた,名詞,1,0.33,nan,2026-10-01
青,方策,名詞,1,0.33,nan,2026-10-01
青,興る,動詞,1,0.33,nan,2026-10-01
青,茶,名詞,1,0.33,nan,2026-10-01
青,ジオール,名詞,1,0.33,nan,2026-10-01
青,所詮,副詞,1,0.33,nan,2026-10-01
青,自主,名詞,1,0.33,nan,2026-10-01
青,有料,名詞,1,0.33,nan,2026-10-01
青,道のり,名詞,1,0.33,nan,2026-10-01
青,片づける,動詞,1,0.33,nan,2026-10-01
青,墓地,名詞,1,0.33,-0.3,2026-10-01
青,アーリン,名詞,1,0.33,0.07,2026-10-01
青,ソリン,名詞,1,0.33,-1.38,2026-10-01
青,シガルダ,名詞,1,0.33,-0.69,2026-10-01
青,覚す,動詞,1,0.33,nan,2026-10-01
青,趣向,名詞,1,0.33,nan,2026-10-01
青,汚らわしい,形容詞,1,0.33,-0.13,2026-10-01
青,恨み,名詞,1,0.33,-1.2,2026-10-01
青,たちまち,副詞,1,0.33,nan,2026-10-01
青,セルホフ,名詞,1,0.33,nan,2026-10-01
青,裁縫,名詞,1,0.33,nan,2026-10-01
青,人狼,名詞,1,0.33,-1.63,2026-10-01
青,一風,名詞,1,0.33,nan,2026-10-01
青,町はずれ,名詞,1,0.33,nan,2026-10-01
青,かじる,動詞,1,0.33,-0.3,2026-10-01
青,未完,名詞,1,0.33,nan,2026-10-01
青,投足,名詞,1,0.33,nan,2026-10-01
青,挙手,名詞,1,0.33,nan,2026-10-01
青,装具,名詞,1,0.33,nan,2026-10-01
青,固定,名詞,1,0.33,nan,2026-10-01
青,クロサス,名詞,1,0.33,nan,2026-10-01
青,全貌,名詞,1,0.33,nan,2026-10-01
青,仰天,名詞,1,0.33,nan,2026-10-01
青,幼子,名詞,1,0.33,nan,2026-10-01
青,躯,名詞,1,0.33,nan,2026-10-01
青,根本,名詞,1,0.33,nan,2026-10-01
青,大物,名詞,1,0.33,nan,2026-10-01
青,釣れる,動詞,1,0.33,nan,2026-10-01
青,調合,名詞,1,0.33,nan,2026-10-01
青,血液,名詞,1,0.33,nan,2026-10-01
青,血抜き,名詞,1,0.33,nan,2026-10-01
青,閃き,名詞,1,0.33,nan,2026-10-01
青,縫合,名詞,1,0.33,nan,2026-10-01
青,分野,名詞,1,0.33,nan,2026-10-01
青,延々,副詞,1,0.33,nan,2026-10-01
青,教団,名詞,1,0.33,-0.97,2026-10-01
青,滅消,名詞,1,0.33,nan,2026-10-01
青,活用,名詞,1,0.33,-0.3,2026-10-01
青,ガールー,名詞,1,0.33,nan,2026-10-01
青,伝導,名詞,1,0.33,nan,2026-10-01
青,ケッシグ,名詞,1,0.33,-2.05,2026-10-01
青,ヨーク,名詞,1,0.33,nan,2026-10-01
青,多分,副詞,1,0.33,nan,2026-10-01
青,言い回し,名詞,1,0.33,-0.44,2026-10-01
青,ぬぐう,動詞,1,0.33,nan,2026-10-01
青,アディン,名詞,1,0.33,nan,2026-10-01
青,ガヴォニー,名詞,1,0.33,-0.69,2026-10-01
青,蹄,名詞,1,0.33,-1.59,2026-10-01
青,姉,名詞,1,0.33,0.07,2026-10-01
青,容貌,名詞,1,0.33,nan,2026-10-01
青,ほぼ,副詞,1,0.33,-0.44,2026-10-01
青,なす,名詞,1,0.33,nan,2026-10-01
青,ぴったり,副詞,1,0.33,nan,2026-10-01
青,性能,名詞,1,0.33,nan,2026-10-01
青,亡霊,名詞,1,0.33,-0.13,2026-10-01
青,一向,副詞,1,0.33,nan,2026-10-01
青,縫い物,名詞,1,0.33,nan,2026-10-01
青,宿主,名詞,1,0.33,-0.3,2026-10-01
青,ローン,名詞,1,0.33,nan,2026-10-01
青,違法,名詞,1,0.33,nan,2026-10-01
青,現代,名詞,1,0.33,0.07,2026-10-01
青,漂着,名詞,1,0.33,nan,2026-10-01
青,強度,名詞,1,0.33,nan,2026-10-01
青,測定,名詞,1,0.33,nan,2026-10-01
青,装甲,名詞,1,0.33,nan,2026-10-01
青,ステップ,名詞,1,0.33,nan,2026-10-01
青,生産,名詞,1,0.33,nan,2026-10-01
青,任意,名詞,1,0.33,nan,2026-10-01
青,執着,名詞,1,0.33,0.07,2026-10-01
青,膨らむ,動詞,1,0.33,nan,2026-10-01
青,味気無い,形容詞,1,0.33,nan,2026-10-01
青,真面目腐る,動詞,1,0.33,nan,2026-10-01
青,ほど遠い,形容詞,1,0.33,nan,2026-10-01
青,端末,名詞,1,0.33,nan,2026-10-01
青,暗号,名詞,1,0.33,nan,2026-10-01
青,宮,名詞,1,0.33,nan,2026-10-01
青,メカ,名詞,1,0.33,0.07,2026-10-01
青,重量,名詞,1,0.33,nan,2026-10-01
青,近所,名詞,1,0.33,nan,2026-10-01
青,理,名詞,1,0.33,nan,2026-10-01
青,操縦,名詞,1,0.33,nan,2026-10-01
青,恰好,名詞,1,0.33,nan,2026-10-01
青,切望,名詞,1,0.33,-0.3,2026-10-01
青,解明,名詞,1,0.33,nan,2026-10-01
青,プレインズウォーク,名詞,1,0.33,nan,2026-10-01
青,啓蒙,名詞,1,0.33,nan,2026-10-01
青,とめる,動詞,1,0.33,0.07,2026-10-01
青,ため息,名詞,1,0.33,-0.13,2026-10-01
青,気紛れ,名詞,1,0.33,nan,2026-10-01
青,玉飾り,名詞,1,0.33,nan,2026-10-01
青,旧,名詞,1,0.33,-0.3,2026-10-01
青,さっさと,副詞,1,0.33,nan,2026-10-01
青,鋼鉄,名詞,1,0.33,nan,2026-10-01
青,アルトニオ,名詞,1,0.33,nan,2026-10-01
青,ごめん,名詞,1,0.33,-0.3,2026-10-01
青,密輸,名詞,1,0.33,nan,2026-10-01
青,綱渡り,名詞,1,0.33,nan,2026-10-01
青,ザンダー,名詞,1,0.33,nan,2026-10-01
青,即決,名詞,1,0.33,nan,2026-10-01
青,矢先,名詞,1,0.33,nan,2026-10-01
青,誠,名詞,1,0.33,nan,2026-10-01
青,仕事場,名詞,1,0.33,nan,2026-10-01
青,焼失,名詞,1,0.33,nan,2026-10-01
青,水道,名詞,1,0.33,nan,2026-10-01
青,相談,名詞,1,0.33,nan,2026-10-01
青,一員,名詞,1,0.33,-0.89,2026-10-01
青,嵩増し,名詞,1,0.33,nan,2026-10-01
青,網羅,名詞,1,0.33,nan,2026-10-01
青,ケース,名詞,1,0.33,nan,2026-10-01
青,審査,名詞,1,0.33,nan,2026-10-01
青,両面,名詞,1,0.33,nan,2026-10-01
青,有用,名詞,1,0.33,-0.13,2026-10-01
青,入手,名詞,1,0.33,nan,2026-10-01
青,土産,名詞,1,0.33,nan,2026-10-01
青,引退,名詞,1,0.33,nan,2026-10-01
青,ヤヴィマヤ,名詞,1,0.33,-1.49,2026-10-01
青,質素,名詞,1,0.33,nan,2026-10-01
青,衣装,名詞,1,0.33,0.07,2026-10-01
青,盗める,動詞,1,0.33,nan,2026-10-01
青,改訂,名詞,1,0.33,nan,2026-10-01
青,論文,名詞,1,0.33,nan,2026-10-01
青,解体,名詞,1,0.33,-0.13,2026-10-01
青,散乱,名詞,1,0.33,nan,2026-10-01
青,志す,動詞,1,0.33,nan,2026-10-01
青,化する,動詞,1,0.33,-1.2,2026-10-01
青,聖地,名詞,1,0.33,nan,2026-10-01
青,位置,名詞,1,0.33,-1.05,2026-10-01
青,一派,名詞,1,0.33,nan,2026-10-01
青,堕ちる,動詞,1,0.33,-0.44,2026-10-01
青,占術,名詞,1,0.33,nan,2026-10-01
青,プール,名詞,1,0.33,nan,2026-10-01
青,ヴェズーヴァ,名詞,1,0.33,nan,2026-10-01
青,潜伏,名詞,1,0.33,nan,2026-10-01
青,いくら,副詞,1,0.33,0.07,2026-10-01
青,甲殻,名詞,1,0.33,nan,2026-10-01
青,硬度,名詞,1,0.33,nan,2026-10-01
青,超常,名詞,1,0.33,nan,2026-10-01
青,戸口,名詞,1,0.33,nan,2026-10-01
青,あわす,動詞,1,0.33,nan,2026-10-01
青,じりじり,副詞,1,0.33,nan,2026-10-01
青,コルロ,名詞,1,0.33,nan,2026-10-01
青,愛娘,名詞,1,0.33,nan,2026-10-01
青,動かせる,動詞,1,0.33,nan,2026-10-01
青,強し,形容詞,1,0.33,-1.44,2026-10-01
青,娶る,動詞,1,0.33,nan,2026-10-01
青,革,名詞,1,0.33,nan,2026-10-01
青,手袋,名詞,1,0.33,nan,2026-10-01
青,灼く,動詞,1,0.33,nan,2026-10-01
青,ブンブン,副詞,1,0.33,nan,2026-10-01
青,象牙,名詞,1,0.33,nan,2026-10-01
青,曲る,動詞,1,0.33,nan,2026-10-01
青,ひねる,動詞,1,0.33,nan,2026-10-01
青,サヒーリ,名詞,1,0.33,nan,2026-10-01
青,喧嘩,名詞,1,0.33,-0.69,2026-10-01
青,懇切,名詞,1,0.33,nan,2026-10-01
青,地点,名詞,1,0.33,nan,2026-10-01
青,着陸,名詞,1,0.33,nan,2026-10-01
青,溶接,名詞,1,0.33,nan,2026-10-01
青,大洋,名詞,1,0.33,nan,2026-10-01
青,ひととき,名詞,1,0.33,nan,2026-10-01
青,幸せ,名詞,1,0.33,-0.79,2026-10-01
青,ドラフナ,名詞,1,0.33,nan,2026-10-01
青,遺産,名詞,1,0.33,-1.13,2026-10-01
青,ベルト,名詞,1,0.33,nan,2026-10-01
青,シート,名詞,1,0.33,nan,2026-10-01
青,間に合う,動詞,1,0.33,0.07,2026-10-01
青,斯く,副詞,1,0.33,nan,2026-10-01
青,柱,名詞,1,0.33,-0.79,2026-10-01
青,クルーグ,名詞,1,0.33,nan,2026-10-01
青,真鍮,名詞,1,0.33,nan,2026-10-01
青,メリット,名詞,1,0.33,nan,2026-10-01
青,試験,名詞,1,0.33,-0.13,2026-10-01
青,前例,名詞,1,0.33,nan,2026-10-01
青,配合,名詞,1,0.33,nan,2026-10-01
青,受容,名詞,1,0.33,nan,2026-10-01
青,痛覚,名詞,1,0.33,nan,2026-10-01
青,上部,名詞,1,0.33,nan,2026-10-01
青,貌,名詞,1,0.33,nan,2026-10-01
青,あらかじめ,副詞,1,0.33,nan,2026-10-01
青,分離,名詞,1,0.33,nan,2026-10-01
青,前駆,名詞,1,0.33,nan,2026-10-01
青,キラリティー,名詞,1,0.33,nan,2026-10-01
青,点検,名詞,1,0.33,nan,2026-10-01
青,ギタシアス,名詞,1,0.33,nan,2026-10-01
青,整備,名詞,1,0.33,nan,2026-10-01
青,苛立たしい,形容詞,1,0.33,nan,2026-10-01
青,食事,名詞,1,0.33,-1.68,2026-10-01
青,またぐ,動詞,1,0.33,nan,2026-10-01
青,解剖,名詞,1,0.33,0.07,2026-10-01
青,契機,名詞,1,0.33,nan,2026-10-01
青,正典,名詞,1,0.33,-0.13,2026-10-01
青,内幕,名詞,1,0.33,nan,2026-10-01
青,暴露,名詞,1,0.33,nan,2026-10-01
青,永住,名詞,1,0.33,nan,2026-10-01
青,待ち伏せ,名詞,1,0.33,-0.57,2026-10-01
青,ウールブレック,名詞,1,0.33,nan,2026-10-01
青,死角,名詞,1,0.33,nan,2026-10-01
青,グァ,名詞,1,0.33,nan,2026-10-01
青,自律,名詞,1,0.33,nan,2026-10-01
青,酒杯,名詞,1,0.33,-0.13,2026-10-01
青,セクト,名詞,1,0.33,nan,2026-10-01
青,前脚,名詞,1,0.33,nan,2026-10-01
青,振り,名詞,1,0.33,-0.44,2026-10-01
青,穿刺,名詞,1,0.33,nan,2026-10-01
青,脊椎,名詞,1,0.33,nan,2026-10-01
青,飽きる,動詞,1,0.33,-0.57,2026-10-01
青,欺く,動詞,1,0.33,nan,2026-10-01
青,後世,名詞,1,0.33,nan,2026-10-01
青,章,名詞,1,0.33,nan,2026-10-01
青,幕,名詞,1,0.33,nan,2026-10-01
青,表情,名詞,1,0.33,-0.3,2026-10-01
青,古びる,動詞,1,0.33,nan,2026-10-01
青,とっく,名詞,1,0.33,nan,2026-10-01
青,嶺,名詞,1,0.33,nan,2026-10-01
青,分水,名詞,1,0.33,nan,2026-10-01
青,決断,名詞,1,0.33,nan,2026-10-01
青,敗北,名詞,1,0.33,-0.89,2026-10-01
青,強襲,名詞,1,0.33,nan,2026-10-01
青,代理,名詞,1,0.33,nan,2026-10-01
青,生成,名詞,1,0.33,0.07,2026-10-01
青,アンデッド,名詞,1,0.33,-1.2,2026-10-01
青,とぐろ,名詞,1,0.33,nan,2026-10-01
青,景,名詞,1,0.33,nan,2026-10-01
青,うかつ,名詞,1,0.33,nan,2026-10-01
青,迷子,名詞,1,0.33,nan,2026-10-01
青,いとも,副詞,1,0.33,0.07,2026-10-01
青,前提,名詞,1,0.33,nan,2026-10-01
青,今回,名詞,1,0.33,-0.3,2026-10-01
青,令状,名詞,1,0.33,nan,2026-10-01
青,却下,名詞,1,0.33,nan,2026-10-01
青,フィールド,名詞,1,0.33,nan,2026-10-01
青,顧客,名詞,1,0.33,nan,2026-10-01
青,始終,名詞,1,0.33,nan,2026-10-01
青,スタファノ,名詞,1,0.33,nan,2026-10-01
青,キセレクス,名詞,1,0.33,nan,2026-10-01
青,手立て,名詞,1,0.33,nan,2026-10-01
青,きわめて,副詞,1,0.33,-0.3,2026-10-01
青,ヴリン,名詞,1,0.33,nan,2026-10-01
青,シンボル,名詞,1,0.33,nan,2026-10-01
青,ファンファーレ,名詞,1,0.33,nan,2026-10-01
青,目ざとい,形容詞,1,0.33,nan,2026-10-01
青,ぶつ,動詞,1,0.33,-1.68,2026-10-01
青,合図,名詞,1,0.33,-1.05,2026-10-01
青,還す,動詞,1,0.33,nan,2026-10-01
青,まっすぐ,副詞,1,0.33,nan,2026-10-01
青,品,名詞,1,0.33,-0.13,2026-10-01
青,血脈,名詞,1,0.33,nan,2026-10-01
青,一重,名詞,1,0.33,-0.13,2026-10-01
青,添える,動詞,1,0.33,nan,2026-10-01
青,街角,名詞,1,0.33,nan,2026-10-01
青,彩り,名詞,1,0.33,nan,2026-10-01
青,エラント,名詞,1,0.33,nan,2026-10-01
青,空隙,名詞,1,0.33,nan,2026-10-01
青,エーケン,名詞,1,0.33,nan,2026-10-01
青,近視,名詞,1,0.33,nan,2026-10-01
青,カイリーン,名詞,1,0.33,nan,2026-10-01
青,グランド,名詞,1,0.33,nan,2026-10-01
青,檻,名詞,1,0.33,-1.32,2026-10-01
青,ホラ,名詞,1,0.33,nan,2026-10-01
青,橋,名詞,1,0.33,-1.2,2026-10-01
青,ふたり,名詞,1,0.33,nan,2026-10-01
青,刺す,動詞,1,0.33,-1.72,2026-10-01
青,トロール,名詞,1,0.33,-1.72,2026-10-01
青,王室,名詞,1,0.33,nan,2026-10-01
青,王女,名詞,1,0.33,nan,2026-10-01
青,専属,名詞,1,0.33,nan,2026-10-01
青,乳母,名詞,1,0.33,nan,2026-10-01
青,読み聞かせ,名詞,1,0.33,nan,2026-10-01
青,一本,名詞,1,0.33,nan,2026-10-01
青,調子,名詞,1,0.33,nan,2026-10-01
青,噴射,名詞,1,0.33,nan,2026-10-01
青,招待,名詞,1,0.33,-0.57,2026-10-01
青,樹々,名詞,1,0.33,nan,2026-10-01
青,みちる,動詞,1,0.33,nan,2026-10-01
青,ケラン,名詞,1,0.33,-0.89,2026-10-01
青,生ふ,動詞,1,0.33,-0.57,2026-10-01
青,威厳,名詞,1,0.33,-0.69,2026-10-01
青,果物,名詞,1,0.33,-0.44,2026-10-01
青,ヤーヴィス,名詞,1,0.33,nan,2026-10-01
青,親しい,形容詞,1,0.33,0.07,2026-10-01
青,結局,名詞,1,0.33,-1.26,2026-10-01
青,彫像,名詞,1,0.33,nan,2026-10-01
青,苛立ち,名詞,1,0.33,nan,2026-10-01
青,納得,名詞,1,0.33,0.07,2026-10-01
青,召使い,名詞,1,0.33,0.07,2026-10-01
青,甲斐甲斐しい,形容詞,1,0.33,nan,2026-10-01
青,オビラ,名詞,1,0.33,nan,2026-10-01
青,つむぐ,動詞,1,0.33,nan,2026-10-01
青,やっと,副詞,1,0.33,-0.97,2026-10-01
青,朽ちる,動詞,1,0.33,nan,2026-10-01
青,美品,名詞,1,0.33,nan,2026-10-01
青,嚙む,動詞,1,0.33,nan,2026-10-01
青,凍傷,名詞,1,0.33,nan,2026-10-01
青,罵る,動詞,1,0.33,nan,2026-10-01
青,マムシ,名詞,1,0.33,nan,2026-10-01
青,夜風,名詞,1,0.33,nan,2026-10-01
青,家路,名詞,1,0.33,nan,2026-10-01
青,仕込む,動詞,1,0.33,nan,2026-10-01
青,船首,名詞,1,0.33,nan,2026-10-01
青,コズミューム,名詞,1,0.33,nan,2026-10-01
青,バカ,名詞,1,0.33,nan,2026-10-01
青,団円,名詞,1,0.33,nan,2026-10-01
青,近寄る,動詞,1,0.33,-0.13,2026-10-01
青,背丈,名詞,1,0.33,0.07,2026-10-01
青,屈辱,名詞,1,0.33,0.07,2026-10-01
青,海原,名詞,1,0.33,nan,2026-10-01
青,逆境,名詞,1,0.33,nan,2026-10-01
青,試合,名詞,1,0.33,-0.69,2026-10-01
青,ブログ,名詞,1,0.33,nan,2026-10-01
青,用,名詞,1,0.33,nan,2026-10-01
青,猛威,名詞,1,0.33,nan,2026-10-01
青,モンストロサウルス,名詞,1,0.33,nan,2026-10-01
青,憤怒,名詞,1,0.33,-1.72,2026-10-01
青,マラメト,名詞,1,0.33,0.07,2026-10-01
青,取り分,名詞,1,0.33,nan,2026-10-01
青,和解,名詞,1,0.33,nan,2026-10-01
青,アクロゾズ,名詞,1,0.33,-0.3,2026-10-01
青,迷い子,名詞,1,0.33,nan,2026-10-01
青,計らう,動詞,1,0.33,nan,2026-10-01
青,魂胆,名詞,1,0.33,nan,2026-10-01
青,ちょっかい,名詞,1,0.33,nan,2026-10-01
青,現役,名詞,1,0.33,nan,2026-10-01
青,ウィナク,名詞,1,0.33,nan,2026-10-01
青,コモン,名詞,1,0.33,nan,2026-10-01
青,オルタカ,名詞,1,0.33,nan,2026-10-01
青,話題,名詞,1,0.33,nan,2026-10-01
青,占める,動詞,1,0.33,-0.13,2026-10-01
青,混じる,動詞,1,0.33,nan,2026-10-01
青,敬う,動詞,1,0.33,-0.3,2026-10-01
青,パクパテク,名詞,1,0.33,nan,2026-10-01
青,チミル,名詞,1,0.33,-0.57,2026-10-01
青,オヘル,名詞,1,0.33,-0.13,2026-10-01
青,難,名詞,1,0.33,nan,2026-10-01
青,生ぬるい,形容詞,1,0.33,nan,2026-10-01
青,合わさる,動詞,1,0.33,nan,2026-10-01
青,クイントリウス,名詞,1,0.33,-0.13,2026-10-01
青,サラマンダー,名詞,1,0.33,nan,2026-10-01
青,前世,名詞,1,0.33,nan,2026-10-01
青,輩,名詞,1,0.33,-0.57,2026-10-01
青,明るい,形容詞,1,0.33,-1.32,2026-10-01
青,ツケ,名詞,1,0.33,nan,2026-10-01
青,現地,名詞,1,0.33,nan,2026-10-01
青,聴取,名詞,1,0.33,nan,2026-10-01
青,事情,名詞,1,0.33,nan,2026-10-01
青,休憩,名詞,1,0.33,nan,2026-10-01
青,五体,名詞,1,0.33,nan,2026-10-01
青,数多,副詞,1,0.33,nan,2026-10-01
青,焦る,動詞,1,0.33,nan,2026-10-01
青,カイロックス,名詞,1,0.33,nan,2026-10-01
青,反する,動詞,1,0.33,-0.57,2026-10-01
青,悪名,名詞,1,0.33,-0.44,2026-10-01
青,拘置,名詞,1,0.33,nan,2026-10-01
青,はまる,動詞,1,0.33,nan,2026-10-01
青,型,名詞,1,0.33,nan,2026-10-01
青,立腹,名詞,1,0.33,nan,2026-10-01
青,当局,名詞,1,0.33,nan,2026-10-01
青,どうせ,副詞,1,0.33,0.07,2026-10-01
青,騒動,名詞,1,0.33,nan,2026-10-01
青,補正,名詞,1,0.33,nan,2026-10-01
青,度々,副詞,1,0.33,nan,2026-10-01
青,各社,名詞,1,0.33,nan,2026-10-01
青,すすぐ,動詞,1,0.33,nan,2026-10-01
青,汚名,名詞,1,0.33,nan,2026-10-01
青,グローヴァクス,名詞,1,0.33,nan,2026-10-01
青,薬瓶,名詞,1,0.33,nan,2026-10-01
青,尋,名詞,1,0.33,nan,2026-10-01
青,身長,名詞,1,0.33,0.07,2026-10-01
青,ミーリー,名詞,1,0.33,nan,2026-10-01
青,滅茶苦茶,名詞,1,0.33,nan,2026-10-01
青,メートル,名詞,1,0.33,nan,2026-10-01
青,ブロヴィナック,名詞,1,0.33,nan,2026-10-01
青,稀有,名詞,1,0.33,nan,2026-10-01
青,光栄,名詞,1,0.33,nan,2026-10-01
青,死因,名詞,1,0.33,nan,2026-10-01
青,鞄,名詞,1,0.33,nan,2026-10-01
青,賛嘆,名詞,1,0.33,nan,2026-10-01
青,ジン,名詞,1,0.33,nan,2026-10-01
青,可笑しい,形容詞,1,0.33,nan,2026-10-01
青,人影,名詞,1,0.33,nan,2026-10-01
青,アリバイ,名詞,1,0.33,nan,2026-10-01
青,コック,名詞,1,0.33,nan,2026-10-01
青,鍋,名詞,1,0.33,0.07,2026-10-01
青,怖れる,動詞,1,0.33,nan,2026-10-01
青,渡し船,名詞,1,0.33,nan,2026-10-01
青,いまいましい,形容詞,1,0.33,nan,2026-10-01
青,手枷,名詞,1,0.33,nan,2026-10-01
青,損ねる,動詞,1,0.33,nan,2026-10-01
青,手錠,名詞,1,0.33,nan,2026-10-01
青,合流,名詞,1,0.33,nan,2026-10-01
青,旅行,名詞,1,0.33,nan,2026-10-01
青,群棲,名詞,1,0.33,nan,2026-10-01
青,河,名詞,1,0.33,-0.3,2026-10-01
青,選手,名詞,1,0.33,nan,2026-10-01
青,ストイア,名詞,1,0.33,nan,2026-10-01
青,視力,名詞,1,0.33,nan,2026-10-01
青,ツラ,名詞,1,0.33,nan,2026-10-01
青,銀行,名詞,1,0.33,nan,2026-10-01
青,島流し,名詞,1,0.33,nan,2026-10-01
青,シマ,名詞,1,0.33,nan,2026-10-01
青,さらし者,名詞,1,0.33,nan,2026-10-01
青,煩わしい,形容詞,1,0.33,nan,2026-10-01
青,誇る,動詞,1,0.33,-0.44,2026-10-01
青,こる,動詞,1,0.33,nan,2026-10-01
青,毎回,名詞,1,0.33,nan,2026-10-01
青,カモ,名詞,1,0.33,nan,2026-10-01
青,持ち物,名詞,1,0.33,nan,2026-10-01
青,野菜,名詞,1,0.33,nan,2026-10-01
青,灼熱,名詞,1,0.33,nan,2026-10-01
青,色彩,名詞,1,0.33,nan,2026-10-01
青,積もる,動詞,1,0.33,nan,2026-10-01
青,重なる,動詞,1,0.33,-0.44,2026-10-01
青,寸分,名詞,1,0.33,nan,2026-10-01
青,お節介,名詞,1,0.33,nan,2026-10-01
青,歯噛み,名詞,1,0.33,nan,2026-10-01
青,ホーク,名詞,1,0.33,nan,2026-10-01
青,一笑,名詞,1,0.33,nan,2026-10-01
青,付する,動詞,1,0.33,nan,2026-10-01
青,ムール,名詞,1,0.33,nan,2026-10-01
青,ぎらり,副詞,1,0.33,nan,2026-10-01
青,あめんぼ,名詞,1,0.33,nan,2026-10-01
青,逃走,名詞,1,0.33,nan,2026-10-01
青,オチ,名詞,1,0.33,nan,2026-10-01
青,冗談,名詞,1,0.33,-0.44,2026-10-01
青,洩らす,動詞,1,0.33,nan,2026-10-01
青,本人,名詞,1,0.33,-0.3,2026-10-01
青,羽毛,名詞,1,0.33,nan,2026-10-01
青,グラルブ,名詞,1,0.33,nan,2026-10-01
青,仕組み,名詞,1,0.33,-0.69,2026-10-01
青,目視,名詞,1,0.33,nan,2026-10-01
青,川面,名詞,1,0.33,nan,2026-10-01
青,潜水,名詞,1,0.33,nan,2026-10-01
青,真珠,名詞,1,0.33,nan,2026-10-01
青,渓間,名詞,1,0.33,-1.13,2026-10-01
青,すっ,副詞,1,0.33,nan,2026-10-01
青,ラル,名詞,1,0.33,0.07,2026-10-01
青,ゾラリーネ,名詞,1,0.33,nan,2026-10-01
青,のむ,動詞,1,0.33,nan,2026-10-01
青,泥,名詞,1,0.33,-1.2,2026-10-01
青,本心,名詞,1,0.33,nan,2026-10-01
青,塞ぐ,動詞,1,0.33,-0.57,2026-10-01
青,停泊,名詞,1,0.33,nan,2026-10-01
青,糧食,名詞,1,0.33,nan,2026-10-01
青,為,名詞,1,0.33,0.07,2026-10-01
青,蚊,名詞,1,0.33,nan,2026-10-01
青,区域,名詞,1,0.33,0.07,2026-10-01
青,封じる,動詞,1,0.33,nan,2026-10-01
青,計測,名詞,1,0.33,nan,2026-10-01
青,閉ざす,動詞,1,0.33,-0.3,2026-10-01
青,かたい,形容詞,1,0.33,nan,2026-10-01
青,ハープ,名詞,1,0.33,nan,2026-10-01
青,前方,名詞,1,0.33,nan,2026-10-01
青,分岐,名詞,1,0.33,nan,2026-10-01
青,担う,動詞,1,0.33,-0.13,2026-10-01
青,粘り強い,形容詞,1,0.33,nan,2026-10-01
青,役目,名詞,1,0.33,-1.13,2026-10-01
青,カーペット,名詞,1,0.33,nan,2026-10-01
青,砂浜,名詞,1,0.33,nan,2026-10-01
青,へそ,名詞,1,0.33,nan,2026-10-01
青,パニック,名詞,1,0.33,0.07,2026-10-01
青,確信,名詞,1,0.33,-0.69,2026-10-01
青,案ずる,動詞,1,0.33,nan,2026-10-01
青,テスト,名詞,1,0.33,nan,2026-10-01
青,さっ,副詞,1,0.33,nan,2026-10-01
青,想い,名詞,1,0.33,-0.13,2026-10-01
青,ハムスター,名詞,1,0.33,nan,2026-10-01
青,退ける,動詞,1,0.33,0.07,2026-10-01
青,姿形,名詞,1,0.33,nan,2026-10-01
青,レース,名詞,1,0.33,-0.13,2026-10-01
青,時点,名詞,1,0.33,-0.13,2026-10-01
青,機体,名詞,1,0.33,nan,2026-10-01
青,スタート,名詞,1,0.33,nan,2026-10-01
青,チェックポイント,名詞,1,0.33,nan,2026-10-01
青,拵える,動詞,1,0.33,nan,2026-10-01
青,鯨,名詞,1,0.33,nan,2026-10-01
青,分析,名詞,1,0.33,nan,2026-10-01
青,ストレス,名詞,1,0.33,nan,2026-10-01
青,必至,名詞,1,0.33,nan,2026-10-01
青,捕捉,名詞,1,0.33,nan,2026-10-01
青,優勝,名詞,1,0.33,-0.13,2026-10-01
青,クルマ,名詞,1,0.33,nan,2026-10-01
青,隠棲,名詞,1,0.33,nan,2026-10-01
青,ジャルパリ,名詞,1,0.33,nan,2026-10-01
青,喰らう,動詞,1,0.33,-1.05,2026-10-01
青,ひとりでに,副詞,1,0.33,nan,2026-10-01
青,居眠り,名詞,1,0.33,nan,2026-10-01
青,当たり,名詞,1,0.33,nan,2026-10-01
青,福,名詞,1,0.33,nan,2026-10-01
青,残り物,名詞,1,0.33,nan,2026-10-01
青,昆布,名詞,1,0.33,nan,2026-10-01
青,走路,名詞,1,0.33,nan,2026-10-01
青,看視,名詞,1,0.33,nan,2026-10-01
青,ガス,名詞,1,0.33,nan,2026-10-01
青,欠,名詞,1,0.33,nan,2026-10-01
青,ぶ厚い,形容詞,1,0.33,nan,2026-10-01
青,皮,名詞,1,0.33,-1.8,2026-10-01
青,キールホーラーズ,名詞,1,0.33,nan,2026-10-01
青,稼業,名詞,1,0.33,nan,2026-10-01
青,怠る,動詞,1,0.33,-0.44,2026-10-01
青,ガリマ,名詞,1,0.33,nan,2026-10-01
青,試走,名詞,1,0.33,nan,2026-10-01
青,自作,名詞,1,0.33,nan,2026-10-01
青,カメラ,名詞,1,0.33,nan,2026-10-01
青,紛う,動詞,1,0.33,nan,2026-10-01
青,レーサー,名詞,1,0.33,nan,2026-10-01
青,始動,名詞,1,0.33,nan,2026-10-01
青,ガイド,名詞,1,0.33,-0.13,2026-10-01
青,ボヤージャーズ,名詞,1,0.33,nan,2026-10-01
青,ムラガンダ,名詞,1,0.33,nan,2026-10-01
青,現わす,動詞,1,0.33,nan,2026-10-01
青,浸水,名詞,1,0.33,nan,2026-10-01
青,エンド,名詞,1,0.33,0.07,2026-10-01
青,ライダーズ,名詞,1,0.33,nan,2026-10-01
青,補給,名詞,1,0.33,-0.3,2026-10-01
青,走り,名詞,1,0.33,0.07,2026-10-01
青,カビ臭い,形容詞,1,0.33,nan,2026-10-01
青,戦史,名詞,1,0.33,nan,2026-10-01
青,生気,名詞,1,0.33,nan,2026-10-01
青,人為,名詞,1,0.33,nan,2026-10-01
青,乱れ,名詞,1,0.33,nan,2026-10-01
青,アジントタ,名詞,1,0.33,nan,2026-10-01
青,ドラゴンスレイヤー,名詞,1,0.33,nan,2026-10-01
青,マッシュ,名詞,1,0.33,nan,2026-10-01
青,アルティミシア,名詞,1,0.33,nan,2026-10-01
青,クリスタル,名詞,1,0.33,nan,2026-10-01
青,住まい,名詞,1,0.33,nan,2026-10-01
青,MP,名詞,1,0.33,nan,2026-10-01
青,バレット,名詞,1,0.33,nan,2026-10-01
青,しっぽ,名詞,1,0.33,nan,2026-10-01
青,ものまね,名詞,1,0.33,nan,2026-10-01
青,うらぎれる,動詞,1,0.33,nan,2026-10-01
青,ステージ,名詞,1,0.33,nan,2026-10-01
青,アピール,名詞,1,0.33,nan,2026-10-01
青,ビビる,動詞,1,0.33,nan,2026-10-01
青,おやじ,名詞,1,0.33,nan,2026-10-01
青,遺言,名詞,1,0.33,nan,2026-10-01
青,1人,名詞,1,0.33,-0.89,2026-10-01
青,フスィーッ,名詞,1,0.33,nan,2026-10-01
青,マネ,名詞,1,0.33,nan,2026-10-01
青,黙れる,動詞,1,0.33,nan,2026-10-01
青,パックリ,副詞,1,0.33,nan,2026-10-01
青,首筋,名詞,1,0.33,nan,2026-10-01
青,ヒレナシ,名詞,1,0.33,nan,2026-10-01
青,妙,名詞,1,0.33,nan,2026-10-01
青,共生,名詞,1,0.33,nan,2026-10-01
青,風習,名詞,1,0.33,nan,2026-10-01
青,ちゃりちゃり,副詞,1,0.33,nan,2026-10-01
青,獣人,名詞,1,0.33,nan,2026-10-01
青,アトルガン,名詞,1,0.33,nan,2026-10-01
青,営む,動詞,1,0.33,nan,2026-10-01
青,なじむ,動詞,1,0.33,nan,2026-10-01
青,開催,名詞,1,0.33,nan,2026-10-01
青,大会,名詞,1,0.33,nan,2026-10-01
青,ただいま,名詞,1,0.33,nan,2026-10-01
青,togiveyouwhatyouneedtoprotectusall,名詞,1,0.33,nan,2026-10-01
青,mgoingtohelpyou,名詞,1,0.33,nan,2026-10-01
青,絵筆,名詞,1,0.33,nan,2026-10-01
青,祖父,名詞,1,0.33,nan,2026-10-01
青,遂行,名詞,1,0.33,nan,2026-10-01
青,不幸,名詞,1,0.33,-0.79,2026-10-01
青,おしゃべり,名詞,1,0.33,nan,2026-10-01
青,守れる,動詞,1,0.33,-0.69,2026-10-01
青,卓越,名詞,1,0.33,nan,2026-10-01
青,溶液,名詞,1,0.33,nan,2026-10-01
青,気取り,名詞,1,0.33,nan,2026-10-01
青,割,名詞,1,0.33,-0.44,2026-10-01
青,給料,名詞,1,0.33,nan,2026-10-01
青,よせる,動詞,1,0.33,nan,2026-10-01
青,ビーム,名詞,1,0.33,nan,2026-10-01
青,設置,名詞,1,0.33,nan,2026-10-01
青,ミステリオ,名詞,1,0.33,nan,2026-10-01
青,植える,動詞,1,0.33,-1.26,2026-10-01
青,スパイダー,名詞,1,0.33,0.07,2026-10-01
青,センス,名詞,1,0.33,nan,2026-10-01
青,ムズムズ,副詞,1,0.33,nan,2026-10-01
青,嫌気,名詞,1,0.33,nan,2026-10-01
青,平凡,名詞,1,0.33,nan,2026-10-01
青,さす,動詞,1,0.33,nan,2026-10-01
青,憧れる,動詞,1,0.33,nan,2026-10-01
青,湾岸,名詞,1,0.33,nan,2026-10-01
青,挑発,名詞,1,0.33,-0.3,2026-10-01
青,嘲笑,名詞,1,0.33,0.07,2026-10-01
青,蜘蛛,名詞,1,0.33,-2.28,2026-10-01
青,仮想,名詞,1,0.33,nan,2026-10-01
青,ワールド,名詞,1,0.33,nan,2026-10-01
青,ワイド,名詞,1,0.33,nan,2026-10-01
青,ウェブ,名詞,1,0.33,nan,2026-10-01
青,余念,名詞,1,0.33,nan,2026-10-01
青,姿勢,名詞,1,0.33,nan,2026-10-01
青,照明,名詞,1,0.33,nan,2026-10-01
青,ショーマン,名詞,1,0.33,nan,2026-10-01
青,登場,名詞,1,0.33,0.07,2026-10-01
青,ホログラフィー,名詞,1,0.33,nan,2026-10-01
青,駆使,名詞,1,0.33,nan,2026-10-01
青,由来,名詞,1,0.33,nan,2026-10-01
青,じき,名詞,1,0.33,-0.3,2026-10-01
青,事欠く,動詞,1,0.33,nan,2026-10-01
青,ずる賢い,形容詞,1,0.33,0.07,2026-10-01
青,愛す,動詞,1,0.33,-0.44,2026-10-01
青,巡視,名詞,1,0.33,nan,2026-10-01
青,漁場,名詞,1,0.33,nan,2026-10-01
青,友だち,名詞,1,0.33,nan,2026-10-01
青,一歩,名詞,1,0.33,-0.69,2026-10-01
青,ペンギン,名詞,1,0.33,nan,2026-10-01
青,あきらめる,動詞,1,0.33,nan,2026-10-01
青,救える,動詞,1,0.33,0.07,2026-10-01
青,寄付,名詞,1,0.33,nan,2026-10-01
青,サボテン,名詞,1,0.33,nan,2026-10-01
青,ジュース,名詞,1,0.33,nan,2026-10-01
青,潤う,動詞,1,0.33,nan,2026-10-01
青,潤い,名詞,1,0.33,nan,2026-10-01
青,奥義,名詞,1,0.33,nan,2026-10-01
青,怒れる,動詞,1,0.33,-0.89,2026-10-01
青,湾,名詞,1,0.33,nan,2026-10-01
青,ブーメラン,名詞,1,0.33,nan,2026-10-01
青,乗り,名詞,1,0.33,nan,2026-10-01
青,グライダー,名詞,1,0.33,nan,2026-10-01
青,タヌフェル,名詞,1,0.33,nan,2026-10-01
青,きまる,動詞,1,0.33,nan,2026-10-01
青,葛藤,名詞,1,0.33,nan,2026-10-01
青,一人一人,名詞,1,0.33,nan,2026-10-01
青,弄ぶ,動詞,1,0.33,nan,2026-10-01
青,ぶんどる,動詞,1,0.33,nan,2026-10-01
青,雪崩,名詞,1,0.33,-0.44,2026-10-01
青,配属,名詞,1,0.33,nan,2026-10-01
青,こくる,動詞,1,0.33,nan,2026-10-01
青,ヴェリズ,名詞,1,0.33,nan,2026-10-01
青,詩心,名詞,1,0.33,nan,2026-10-01
青,アビゲール,名詞,1,0.33,nan,2026-10-01
青,情熱,名詞,1,0.33,-1.49,2026-10-01
青,一応,名詞,1,0.33,nan,2026-10-01
青,拝聴,名詞,1,0.33,nan,2026-10-01
青,レイク,名詞,1,0.33,nan,2026-10-01
青,小村,名詞,1,0.33,-0.89,2026-10-01
青,ロング,名詞,1,0.33,nan,2026-10-01
青,御覧,名詞,1,0.33,nan,2026-10-01
青,トラベル,名詞,1,0.33,nan,2026-10-01
青,ハニー,名詞,1,0.33,nan,2026-10-01
青,フュージトイド,名詞,1,0.33,nan,2026-10-01
青,ロボット,名詞,1,0.33,nan,2026-10-01
青,転送,名詞,1,0.33,nan,2026-10-01
青,着せる,動詞,1,0.33,nan,2026-10-01
青,誕生,名詞,1,0.33,-1.32,2026-10-01
青,カット,名詞,1,0.33,nan,2026-10-01
青,快適,名詞,1,0.33,nan,2026-10-01
青,オンパレード,名詞,1,0.33,nan,2026-10-01
青,イカす,動詞,1,0.33,nan,2026-10-01
青,ステルス,名詞,1,0.33,nan,2026-10-01
青,のろい,名詞,1,0.33,nan,2026-10-01
青,ゴキブリ,名詞,1,0.33,nan,2026-10-01
青,心がけ,名詞,1,0.33,nan,2026-10-01
青,ラボ,名詞,1,0.33,nan,2026-10-01
青,墜落,名詞,1,0.33,nan,2026-10-01
青,ユートロム,名詞,1,0.33,nan,2026-10-01
青,発達,名詞,1,0.33,nan,2026-10-01
青,人工,名詞,1,0.33,nan,2026-10-01
青,骨格,名詞,1,0.33,nan,2026-10-01
青,皮膚,名詞,1,0.33,-1.26,2026-10-01
青,快感,名詞,1,0.33,nan,2026-10-01
青,家庭,名詞,1,0.33,nan,2026-10-01
青,記者,名詞,1,0.33,nan,2026-10-01
青,サイド,名詞,1,0.33,nan,2026-10-01
青,ゲット,名詞,1,0.33,nan,2026-10-01
青,フリーランス,名詞,1,0.33,nan,2026-10-01
青,タダ,名詞,1,0.33,0.07,2026-10-01
青,レスリング,名詞,1,0.33,nan,2026-10-01
青,稼ぐ,動詞,1,0.33,-0.44,2026-10-01
青,闇夜,名詞,1,0.33,-0.13,2026-10-01
青,逆手,名詞,1,0.33,nan,2026-10-01
青,息子,名詞,1,0.33,-0.57,2026-10-01
青,忍術,名詞,1,0.33,nan,2026-10-01
青,スタイル,名詞,1,0.33,nan,2026-10-01
青,メタル,名詞,1,0.33,nan,2026-10-01
青,ヘッド,名詞,1,0.33,nan,2026-10-01
青,エイリアン,名詞,1,0.33,nan,2026-10-01
青,侮れる,動詞,1,0.33,nan,2026-10-01
青,ミュータント,名詞,1,0.33,-0.3,2026-10-01
青,イタッ,名詞,1,0.33,nan,2026-10-01
青,ストックトロニクス,名詞,1,0.33,nan,2026-10-01
青,テーザー,名詞,1,0.33,nan,2026-10-01
青,銃,名詞,1,0.33,nan,2026-10-01
青,受粉,名詞,1,0.33,nan,2026-10-01
青,独立,名詞,1,0.33,-0.3,2026-10-01
青,ハエボット,名詞,1,0.33,nan,2026-10-01
青,自動,名詞,1,0.33,-0.89,2026-10-01
青,オプション,名詞,1,0.33,nan,2026-10-01
青,アイディア,名詞,1,0.33,nan,2026-10-01
青,及ぼす,動詞,1,0.33,nan,2026-10-01
青,トカゲ,名詞,1,0.33,-1.05,2026-10-01
青,オキアミ,名詞,1,0.33,nan,2026-10-01
青,ナシ,名詞,1,0.33,nan,2026-10-01
青,学期,名詞,1,0.33,nan,2026-10-01
青,つかえる,動詞,1,0.33,nan,2026-10-01
青,丸々,副詞,1,0.33,nan,2026-10-01
青,一団,名詞,1,0.33,-0.3,2026-10-01
青,催し,名詞,1,0.33,nan,2026-10-01
青,鉄板,名詞,1,0.33,nan,2026-10-01
青,日中,名詞,1,0.33,nan,2026-10-01
青,オリサ,名詞,1,0.33,nan,2026-10-01
青,極上,名詞,1,0.33,nan,2026-10-01
青,バス,名詞,1,0.33,nan,2026-10-01
青,ジャズィ,名詞,1,0.33,nan,2026-10-01
青,手強い,形容詞,1,0.33,nan,2026-10-01
青,睡眠,名詞,1,0.33,nan,2026-10-01
青,よろしく,副詞,1,0.33,nan,2026-10-01
青,あったかい,形容詞,1,0.33,nan,2026-10-01
青,穹窿,名詞,1,0.33,nan,2026-10-01
青,トレスト,名詞,1,0.33,nan,2026-10-01
青,密偵,名詞,1,0.33,nan,2026-10-01
青,匿う,動詞,1,0.33,nan,2026-10-01
青,ギマラ,名詞,1,0.33,nan,2026-10-01
青,踊る,動詞,1,0.33,-1.8,2026-10-01
青,万歳,名詞,1,0.33,nan,2026-10-01
青,変革,名詞,1,0.33,0.07,2026-10-01
青,水軍,名詞,1,0.33,nan,2026-10-01
青,手の平,名詞,1,0.33,nan,2026-10-01
青,からから,副詞,1,0.33,nan,2026-10-01
青,2人,名詞,1,0.33,nan,2026-10-01
青,気まま,名詞,1,0.33,nan,2026-10-01
青,旋律,名詞,1,0.33,-0.13,2026-10-01
青,広場,名詞,1,0.33,nan,2026-10-01
青,猛攻,名詞,1,0.33,nan,2026-10-01
青,中央,名詞,1,0.33,nan,2026-10-01
青,民兵,名詞,1,0.33,-0.13,2026-10-01
青,集合,名詞,1,0.33,nan,2026-10-01
青,水域,名詞,1,0.33,nan,2026-10-01
青,踏破,名詞,1,0.33,nan,2026-10-01
青,ミジックス,名詞,1,0.33,nan,2026-10-01
青,アトラクサ,名詞,1,0.33,nan,2026-10-01
青,漁獲,名詞,1,0.33,nan,2026-10-01
青,無駄話,名詞,1,0.33,nan,2026-10-01
青,聞き耳,名詞,1,0.33,nan,2026-10-01
青,棲家,名詞,1,0.33,nan,2026-10-01
青,彩る,動詞,1,0.33,nan,2026-10-01
青,硝子,名詞,1,0.33,nan,2026-10-01
青,バレる,動詞,1,0.33,nan,2026-10-01
青,獰猛,名詞,1,0.33,-0.13,2026-10-01
青,ハト,名詞,1,0.33,nan,2026-10-01
青,系統,名詞,1,0.33,nan,2026-10-01
青,空位,名詞,1,0.33,nan,2026-10-01
青,攻める,動詞,1,0.33,-0.69,2026-10-01
青,ふためく,動詞,1,0.33,nan,2026-10-01
青,慌てる,動詞,1,0.33,nan,2026-10-01
青,愛嬌,名詞,1,0.33,nan,2026-10-01
青,萎れる,動詞,1,0.33,-0.13,2026-10-01
青,妙技,名詞,1,0.33,nan,2026-10-01
青,対称,名詞,1,0.33,nan,2026-10-01
青,ことがら,名詞,1,0.33,nan,2026-10-01
青,満点,名詞,1,0.33,nan,2026-10-01
青,ジャイルーダ,名詞,1,0.33,nan,2026-10-01
青,夜更け,名詞,1,0.33,nan,2026-10-01
青,光路,名詞,1,0.33,nan,2026-10-01
青,ライバル,名詞,1,0.33,nan,2026-10-01
青,浮く,動詞,1,0.33,nan,2026-10-01
青,底なし,名詞,1,0.33,-0.13,2026-10-01
青,恩寵,名詞,1,0.33,-0.79,2026-10-01
青,羽ばたき,名詞,1,0.33,0.07,2026-10-01
青,灯り,名詞,1,0.33,0.07,2026-10-01
青,幽体,名詞,1,0.33,nan,2026-10-01
青,データ,名詞,1,0.33,nan,2026-10-01
青,抽出,名詞,1,0.33,0.07,2026-10-01
青,悪,名詞,1,0.33,-1.59,2026-10-01
青,補完,名詞,1,0.33,nan,2026-10-01
青,競合,名詞,1,0.33,nan,2026-10-01
青,虎,名詞,1,0.33,nan,2026-10-01
青,農民,名詞,1,0.33,-0.3,2026-10-01
青,ゼンドスプルト,名詞,1,0.33,nan,2026-10-01
青,結成,名詞,1,0.33,-0.13,2026-10-01
青,ウンと,副詞,1,0.33,nan,2026-10-01
青,オカ,名詞,1,0.33,nan,2026-10-01
青,詳しい,形容詞,1,0.33,nan,2026-10-01
青,馴染み,名詞,1,0.33,nan,2026-10-01
青,友好,名詞,1,0.33,nan,2026-10-01
青,病む,動詞,1,0.33,-0.3,2026-10-01
青,幻覚,名詞,1,0.33,nan,2026-10-01
青,チェンジ,名詞,1,0.33,nan,2026-10-01
青,ロード,名詞,1,0.33,nan,2026-10-01
青,ティーンチ,名詞,1,0.33,nan,2026-10-01
青,責任,名詞,1,0.33,-1.2,2026-10-01
青,はかどる,動詞,1,0.33,nan,2026-10-01
青,幼少,名詞,1,0.33,nan,2026-10-01
青,油まみれ,名詞,1,0.33,nan,2026-10-01
青,つくり,名詞,1,0.33,nan,2026-10-01
青,ふるさと,名詞,1,0.33,nan,2026-10-01
青,ようす,名詞,1,0.33,nan,2026-10-01
青,なりたち,名詞,1,0.33,nan,2026-10-01
青,がっちり,副詞,1,0.33,nan,2026-10-01
青,滅び,名詞,1,0.33,nan,2026-10-01
青,包囲,名詞,1,0.33,-0.13,2026-10-01
青,一日,名詞,1,0.33,-0.57,2026-10-01
青,勃興,名詞,1,0.33,nan,2026-10-01
青,尊厳,名詞,1,0.33,nan,2026-10-01
青,並々,名詞,1,0.33,nan,2026-10-01
青,赤い,形容詞,1,0.33,-1.32,2026-10-01
青,純金,名詞,1,0.33,nan,2026-10-01
青,ひときわ,副詞,1,0.33,nan,2026-10-01
青,頭巾,名詞,1,0.33,nan,2026-10-01
青,固める,動詞,1,0.33,-1.13,2026-10-01
青,断り,名詞,1,0.33,nan,2026-10-01
青,玄関,名詞,1,0.33,0.07,2026-10-01
青,セールス,名詞,1,0.33,nan,2026-10-01
青,そそっかしい,形容詞,1,0.33,nan,2026-10-01
青,ガドウィック,名詞,1,0.33,nan,2026-10-01
青,御大,名詞,1,0.33,nan,2026-10-01
青,願い事,名詞,1,0.33,0.07,2026-10-01
青,捻り,名詞,1,0.33,nan,2026-10-01
青,まばたき,名詞,1,0.33,nan,2026-10-01
青,線形,名詞,1,0.33,nan,2026-10-01
青,客観,名詞,1,0.33,nan,2026-10-01
青,直線,名詞,1,0.33,nan,2026-10-01
青,不定,名詞,1,0.33,nan,2026-10-01
青,ママ,名詞,1,0.33,nan,2026-10-01
青,反転,名詞,1,0.33,nan,2026-10-01
青,中性,名詞,1,0.33,nan,2026-10-01
青,極性,名詞,1,0.33,nan,2026-10-01
青,中々,副詞,1,0.33,nan,2026-10-01
青,別れ,名詞,1,0.33,nan,2026-10-01
青,サイレンス,名詞,1,0.33,nan,2026-10-01
青,劣る,動詞,1,0.33,-0.69,2026-10-01
青,潮風,名詞,1,0.33,nan,2026-10-01
青,いっぱい,名詞,1,0.33,-1.2,2026-10-01
青,下手くそ,名詞,1,0.33,nan,2026-10-01
青,極み,名詞,1,0.33,nan,2026-10-01
青,進路,名詞,1,0.33,nan,2026-10-01
青,砲手,名詞,1,0.33,nan,2026-10-01
青,竜巻,名詞,1,0.33,nan,2026-10-01
青,時速,名詞,1,0.33,nan,2026-10-01
青,スケール,名詞,1,0.33,nan,2026-10-01
青,運動,名詞,1,0.33,-0.13,2026-10-01
青,密度,名詞,1,0.33,nan,2026-10-01
青,ケット,名詞,1,0.33,-1.38,2026-10-01
青,捏ちる,動詞,1,0.33,nan,2026-10-01
青,誘拐,名詞,1,0.33,nan,2026-10-01
青,報道,名詞,1,0.33,nan,2026-10-01
青,サンダー,名詞,1,0.33,0.07,2026-10-01
青,原子,名詞,1,0.33,nan,2026-10-01
青,招請,名詞,1,0.33,nan,2026-10-01
青,傾聴,名詞,1,0.33,nan,2026-10-01
青,スカラベ,名詞,1,0.33,nan,2026-10-01
青,若者,名詞,1,0.33,-0.57,2026-10-01
青,本性,名詞,1,0.33,nan,2026-10-01
青,量る,動詞,1,0.33,nan,2026-10-01
青,推す,動詞,1,0.33,nan,2026-10-01
青,格上,名詞,1,0.33,nan,2026-10-01
青,最上,名詞,1,0.33,-0.3,2026-10-01
青,上陸,名詞,1,0.33,nan,2026-10-01
青,適する,動詞,1,0.33,0.07,2026-10-01
青,あわせる,動詞,1,0.33,nan,2026-10-01
青,高峰,名詞,1,0.33,nan,2026-10-01
青,僧院,名詞,1,0.33,-0.44,2026-10-01
青,再興,名詞,1,0.33,nan,2026-10-01
青,アシャム,名詞,1,0.33,nan,2026-10-01
青,徹底,名詞,1,0.33,0.07,2026-10-01
青,南西,名詞,1,0.33,nan,2026-10-01
青,一連,名詞,1,0.33,nan,2026-10-01
青,半日,名詞,1,0.33,nan,2026-10-01
青,サルナイ,名詞,1,0.33,nan,2026-10-01
青,真贋,名詞,1,0.33,nan,2026-10-01
青,故,名詞,1,0.33,-0.97,2026-10-01
青,なじみ,名詞,1,0.33,nan,2026-10-01
青,世話,名詞,1,0.33,-0.44,2026-10-01
青,作物,名詞,1,0.33,-1.05,2026-10-01
青,サルドゥル,名詞,1,0.33,nan,2026-10-01
青,初学,名詞,1,0.33,nan,2026-10-01
青,務める,動詞,1,0.33,nan,2026-10-01
青,よほど,副詞,1,0.33,nan,2026-10-01
青,偉業,名詞,1,0.33,nan,2026-10-01
青,彫刻,名詞,1,0.33,nan,2026-10-01
青,臣下,名詞,1,0.33,-0.13,2026-10-01
青,金貸,名詞,1,0.33,nan,2026-10-01
青,少年,名詞,1,0.33,nan,2026-10-01
青,晴れる,動詞,1,0.33,nan,2026-10-01
青,とっておき,名詞,1,0.33,nan,2026-10-01
青,灯火,名詞,1,0.33,nan,2026-10-01
青,焚火,名詞,1,0.33,nan,2026-10-01
青,薪,名詞,1,0.33,nan,2026-10-01
青,庭園,名詞,1,0.33,-0.69,2026-10-01
青,ねじる,動詞,1,0.33,nan,2026-10-01
青,ベレゴンド,名詞,1,0.33,nan,2026-10-01
青,歓声,名詞,1,0.33,nan,2026-10-01
青,足手,名詞,1,0.33,nan,2026-10-01
青,散歩,名詞,1,0.33,nan,2026-10-01
青,痛める,動詞,1,0.33,-0.3,2026-10-01
青,アンヌーン,名詞,1,0.33,nan,2026-10-01
青,再開,名詞,1,0.33,nan,2026-10-01
青,ヘンネス,名詞,1,0.33,nan,2026-10-01
青,水音,名詞,1,0.33,nan,2026-10-01
青,イシリアン,名詞,1,0.33,nan,2026-10-01
青,繭,名詞,1,0.33,nan,2026-10-01
青,梯子,名詞,1,0.33,nan,2026-10-01
青,口づけ,名詞,1,0.33,nan,2026-10-01
青,近付く,動詞,1,0.33,0.07,2026-10-01
青,逆向き,名詞,1,0.33,nan,2026-10-01
青,是非,名詞,1,0.33,nan,2026-10-01
青,評論,名詞,1,0.33,nan,2026-10-01
青,毒舌,名詞,1,0.33,nan,2026-10-01
青,化石,名詞,1,0.33,nan,2026-10-01
青,重り,名詞,1,0.33,nan,2026-10-01
青,ちくしょう,名詞,1,0.33,nan,2026-10-01
青,ひげ,名詞,1,0.33,nan,2026-10-01
青,漉す,動詞,1,0.33,nan,2026-10-01
青,磁性,名詞,1,0.33,nan,2026-10-01
青,常食,名詞,1,0.33,nan,2026-10-01
青,粉,名詞,1,0.33,nan,2026-10-01
青,そば,名詞,1,0.33,-0.97,2026-10-01
青,横切る,動詞,1,0.33,0.07,2026-10-01
青,追っ手,名詞,1,0.33,nan,2026-10-01
青,香水,名詞,1,0.33,nan,2026-10-01
青,猟犬,名詞,1,0.33,0.07,2026-10-01
青,イリュージョン,名詞,1,0.33,nan,2026-10-01
青,恐竜,名詞,1,0.33,-1.91,2026-10-01
青,参考,名詞,1,0.33,nan,2026-10-01
青,リシャーダ,名詞,1,0.33,nan,2026-10-01
青,背筋,名詞,1,0.33,0.07,2026-10-01
青,バター,名詞,1,0.33,nan,2026-10-01
青,申し訳,名詞,1,0.33,0.07,2026-10-01
青,場面,名詞,1,0.33,0.07,2026-10-01
青,抽象,名詞,1,0.33,nan,2026-10-01
青,鋳造,名詞,1,0.33,-0.13,2026-10-01
青,プロ,名詞,1,0.33,nan,2026-10-01
青,情景,名詞,1,0.33,nan,2026-10-01
青,揺らぐ,動詞,1,0.33,-0.13,2026-10-01
青,偶発,名詞,1,0.33,nan,2026-10-01
青,気化,名詞,1,0.33,nan,2026-10-01
青,起こせる,動詞,1,0.33,nan,2026-10-01
青,悩み,名詞,1,0.33,nan,2026-10-01
青,捨て鉢,名詞,1,0.33,nan,2026-10-01
青,見出せる,動詞,1,0.33,nan,2026-10-01
青,防護,名詞,1,0.33,-0.3,2026-10-01
青,物理,名詞,1,0.33,-0.13,2026-10-01
青,命じる,動詞,1,0.33,nan,2026-10-01
青,全う,副詞,1,0.33,nan,2026-10-01
青,天寿,名詞,1,0.33,nan,2026-10-01
青,御免,名詞,1,0.33,nan,2026-10-01
青,検知,名詞,1,0.33,nan,2026-10-01
青,以内,名詞,1,0.33,nan,2026-10-01
青,前兆,名詞,1,0.33,-0.13,2026-10-01
青,些末,名詞,1,0.33,nan,2026-10-01
青,情け,名詞,1,0.33,-0.79,2026-10-01
青,水位,名詞,1,0.33,nan,2026-10-01
青,実演,名詞,1,0.33,nan,2026-10-01
青,学識,名詞,1,0.33,nan,2026-10-01
青,ジェヴェン,名詞,1,0.33,nan,2026-10-01
青,退出,名詞,1,0.33,nan,2026-10-01
青,検体,名詞,1,0.33,nan,2026-10-01
青,逸話,名詞,1,0.33,nan,2026-10-01
青,充実,名詞,1,0.33,nan,2026-10-01
青,隠れ場,名詞,1,0.33,nan,2026-10-01
青,熾火,名詞,1,0.33,nan,2026-10-01
青,アラゴルン,名詞,1,0.33,-0.79,2026-10-01
青,詐欺,名詞,1,0.33,0.07,2026-10-01
青,生える,動詞,1,0.33,-1.32,2026-10-01
青,実る,動詞,1,0.33,0.07,2026-10-01
青,荒れ地,名詞,1,0.33,nan,2026-10-01
青,夕星,名詞,1,0.33,nan,2026-10-01
青,今夜,名詞,1,0.33,-1.05,2026-10-01
青,ハラド,名詞,1,0.33,nan,2026-10-01
青,奇襲,名詞,1,0.33,0.07,2026-10-01
青,万物,名詞,1,0.33,-0.69,2026-10-01
青,畏怖,名詞,1,0.33,-0.57,2026-10-01
青,占領,名詞,1,0.33,nan,2026-10-01
青,ガラドリエル,名詞,1,0.33,nan,2026-10-01
青,掃討,名詞,1,0.33,nan,2026-10-01
青,グルドゥア,名詞,1,0.33,nan,2026-10-01
青,崩す,動詞,1,0.33,-0.57,2026-10-01
青,疾風,名詞,1,0.33,nan,2026-10-01
青,ナズグル,名詞,1,0.33,nan,2026-10-01
青,許,名詞,1,0.33,nan,2026-10-01
青,まします,動詞,1,0.33,nan,2026-10-01
青,キーアダン,名詞,1,0.33,nan,2026-10-01
青,孤島,名詞,1,0.33,nan,2026-10-01
青,頂上,名詞,1,0.33,nan,2026-10-01
青,オルサンク,名詞,1,0.33,nan,2026-10-01
青,辛い,形容詞,1,0.33,-0.3,2026-10-01
青,病人,名詞,1,0.33,nan,2026-10-01
青,あれこれ,名詞,1,0.33,nan,2026-10-01
青,人殺し,名詞,1,0.33,nan,2026-10-01
青,怯える,動詞,1,0.33,-0.89,2026-10-01
青,諸共,名詞,1,0.33,nan,2026-10-01
青,嵌める,動詞,1,0.33,nan,2026-10-01
青,演説,名詞,1,0.33,nan,2026-10-01
青,もとめる,動詞,1,0.33,nan,2026-10-01
青,惜しみない,形容詞,1,0.33,-0.13,2026-10-01
青,吠える,動詞,1,0.33,-1.26,2026-10-01
青,果たして,副詞,1,0.33,nan,2026-10-01
青,強き,名詞,1,0.33,nan,2026-10-01
青,読解,名詞,1,0.33,nan,2026-10-01
青,没頭,名詞,1,0.33,nan,2026-10-01
青,カルドハイム,名詞,1,0.33,-0.3,2026-10-01
青,おそらく,副詞,1,0.33,-0.13,2026-10-01
青,粉まみれ,名詞,1,0.33,nan,2026-10-01
青,安い,形容詞,1,0.33,nan,2026-10-01
青,光り物,名詞,1,0.33,nan,2026-10-01
青,否,名詞,1,0.33,-0.13,2026-10-01
青,遍在,名詞,1,0.33,nan,2026-10-01
青,悟る,動詞,1,0.33,-1.05,2026-10-01
青,逃がれる,動詞,1,0.33,nan,2026-10-01
青,くびき,名詞,1,0.33,nan,2026-10-01
青,自惚れる,動詞,1,0.33,nan,2026-10-01
青,メッキ,名詞,1,0.33,nan,2026-10-01
青,発注,名詞,1,0.33,nan,2026-10-01
青,チェック,名詞,1,0.33,nan,2026-10-01
青,臨席,名詞,1,0.33,nan,2026-10-01
青,名乗る,動詞,1,0.33,0.07,2026-10-01
青,本件,名詞,1,0.33,nan,2026-10-01
青,不問,名詞,1,0.33,nan,2026-10-01
青,ほったらかし,名詞,1,0.33,nan,2026-10-01
青,美味い,形容詞,1,0.33,-0.69,2026-10-01
青,ハグ,名詞,1,0.33,nan,2026-10-01
青,娘,名詞,1,0.33,-0.79,2026-10-01
青,撃退,名詞,1,0.33,nan,2026-10-01
青,詮索,名詞,1,0.33,nan,2026-10-01
青,扱う,動詞,1,0.33,-1.26,2026-10-01
青,動作,名詞,1,0.33,0.07,2026-10-01
青,後者,名詞,1,0.33,nan,2026-10-01
青,隅,名詞,1,0.33,0.07,2026-10-01
青,紛れる,動詞,1,0.33,-0.3,2026-10-01
青,アニムス,名詞,1,0.33,nan,2026-10-01
青,類,名詞,1,0.33,-0.79,2026-10-01
青,目印,名詞,1,0.33,nan,2026-10-01
青,与る,動詞,1,0.33,nan,2026-10-01
青,アサシン,名詞,1,0.33,nan,2026-10-01
青,域,名詞,1,0.33,nan,2026-10-01
青,友情,名詞,1,0.33,-1.05,2026-10-01
青,アベンジャーズ,名詞,1,0.33,-0.44,2026-10-01
青,関わり,名詞,1,0.33,nan,2026-10-01
青,アップ,名詞,1,0.33,nan,2026-10-01
青,ポップ,名詞,1,0.33,nan,2026-10-01
青,アハハハハッ,名詞,1,0.33,nan,2026-10-01
青,仕置き,名詞,1,0.33,nan,2026-10-01
青,ソー,名詞,1,0.33,nan,2026-10-01
青,足る,動詞,1,0.33,-0.89,2026-10-01
青,悪人,名詞,1,0.33,nan,2026-10-01
青,負える,動詞,1,0.33,-0.57,2026-10-01
青,積み重ね,名詞,1,0.33,nan,2026-10-01
青,テクノロジー,名詞,1,0.33,nan,2026-10-01
青,パパ,名詞,1,0.33,nan,2026-10-01
青,アース,名詞,1,0.33,nan,2026-10-01
青,凡百,名詞,1,0.33,nan,2026-10-01
青,サノス,名詞,1,0.33,nan,2026-10-01
青,跨ぐ,動詞,1,0.33,nan,2026-10-01
青,ヴィジョン,名詞,1,0.33,nan,2026-10-01
青,些細,名詞,1,0.33,-0.89,2026-10-01
青,ショー,名詞,1,0.33,-0.44,2026-10-01
青,シャンデラー,名詞,1,0.33,nan,2026-10-01
青,陛下,名詞,1,0.33,-0.69,2026-10-01
青,さておく,動詞,1,0.33,nan,2026-10-01
青,スプリーム,名詞,1,0.33,nan,2026-10-01
青,絶やす,動詞,1,0.33,nan,2026-10-01
青,インテリジェンス,名詞,1,0.33,nan,2026-10-01
青,到底,副詞,1,0.33,nan,2026-10-01
青,落とせる,動詞,1,0.33,nan,2026-10-01
青,剛力,名詞,1,0.33,nan,2026-10-01
青,バナー,名詞,1,0.33,nan,2026-10-01
青,新型,名詞,1,0.33,nan,2026-10-01
青,スーツ,名詞,1,0.33,nan,2026-10-01
青,なかなか,副詞,1,0.33,-1.2,2026-10-01
青,ミスター,名詞,1,0.33,nan,2026-10-01
青,レッド,名詞,1,0.33,-1.2,2026-10-01
青,ウィング,名詞,1,0.33,nan,2026-10-01
青,メカニクス,名詞,1,0.33,nan,2026-10-01
青,アドバンスド,名詞,1,0.33,nan,2026-10-01
青,愚策,名詞,1,0.33,nan,2026-10-01
青,ワンッ,名詞,1,0.33,nan,2026-10-01
青,モニター,名詞,1,0.33,nan,2026-10-01
青,クロノ,名詞,1,0.33,nan,2026-10-01
青,逸脱,名詞,1,0.33,nan,2026-10-01
青,局,名詞,1,0.33,nan,2026-10-01
青,取締,名詞,1,0.33,nan,2026-10-01
青,検出,名詞,1,0.33,nan,2026-10-01
青,変異,名詞,1,0.33,-0.97,2026-10-01
青,ミクルスド,名詞,1,0.33,nan,2026-10-01
青,出番,名詞,1,0.33,-0.13,2026-10-01
青,万事,名詞,1,0.33,nan,2026-10-01
青,ポケット,名詞,1,0.33,-0.57,2026-10-01
青,エルロンド,名詞,1,0.33,nan,2026-10-01
青,焚き火,名詞,1,0.33,0.07,2026-10-01
青,聴く,動詞,1,0.33,-0.44,2026-10-01
青,ごらん,名詞,1,0.33,-0.3,2026-10-01
青,ともす,動詞,1,0.33,nan,2026-10-01
青,たて琴,名詞,1,0.33,nan,2026-10-01
青,牢屋,名詞,1,0.33,nan,2026-10-01
青,何ゆえ,副詞,1,0.33,nan,2026-10-01
青,ことごとく,副詞,1,0.33,nan,2026-10-01
青,権利,名詞,1,0.33,-1.13,2026-10-01
青,まわし,名詞,1,0.33,nan,2026-10-01
青,手伝う,動詞,1,0.33,0.07,2026-10-01
青,やっかい,名詞,1,0.33,nan,2026-10-01
青,柄,名詞,1,0.33,nan,2026-10-01
青,一同,名詞,1,0.33,nan,2026-10-01
青,鞘,名詞,1,0.33,nan,2026-10-01
青,たいへん,副詞,1,0.33,nan,2026-10-01
青,ものおぼえ,名詞,1,0.33,nan,2026-10-01
青,がらす,名詞,1,0.33,nan,2026-10-01
青,岩山,名詞,1,0.33,nan,2026-10-01
青,ニュース,名詞,1,0.33,nan,2026-10-01
青,えらい,形容詞,1,0.33,nan,2026-10-01
青,気高い,形容詞,1,0.33,0.07,2026-10-01
青,山国,名詞,1,0.33,nan,2026-10-01
青,気位,名詞,1,0.33,nan,2026-10-01
青,鷲,名詞,1,0.33,-0.69,2026-10-01
青,ツグミ,名詞,1,0.33,nan,2026-10-01
青,サギ,名詞,1,0.33,nan,2026-10-01
青,こえる,動詞,1,0.33,nan,2026-10-01
青,おもむく,動詞,1,0.33,nan,2026-10-01
青,つめたい,形容詞,1,0.33,nan,2026-10-01
青,漕ぎ手,名詞,1,0.33,nan,2026-10-01
青,木の葉,名詞,1,0.33,nan,2026-10-01
青,こんこん,副詞,1,0.33,nan,2026-10-01
青,ボンブール,名詞,1,0.33,nan,2026-10-01
青,ラッパ,名詞,1,0.33,-0.3,2026-10-01
青,警戒,名詞,1,0.33,-1.13,2026-10-01
青,とつぜん,副詞,1,0.33,nan,2026-10-01
青,こだま,名詞,1,0.33,-1.05,2026-10-01
青,けたたましい,形容詞,1,0.33,nan,2026-10-01
青,はばたく,動詞,1,0.33,nan,2026-10-01
青,あわただしい,形容詞,1,0.33,nan,2026-10-01
青,治める,動詞,1,0.33,nan,2026-10-01
青,スマウグ,名詞,1,0.33,nan,2026-10-01
青,救い,名詞,1,0.33,-0.89,2026-10-01
青,退治,名詞,1,0.33,-0.69,2026-10-01
青,ホット,名詞,1,0.33,nan,2026-10-01
青,ネタ,名詞,1,0.33,nan,2026-10-01
青,相当,副詞,1,0.33,nan,2026-10-01
青,全能,名詞,1,0.33,nan,2026-10-01
青,クランゲ,名詞,1,0.33,nan,2026-10-01
青,倒せる,動詞,1,0.33,nan,2026-10-01
青,無敵,名詞,1,0.33,-0.57,2026-10-01
青,トラブル,名詞,1,0.33,nan,2026-10-01
青,道路,名詞,1,0.33,-0.13,2026-10-01
青,委員,名詞,1,0.33,nan,2026-10-01
青,広報,名詞,1,0.33,nan,2026-10-01
青,ドーロ,名詞,1,0.33,nan,2026-10-01
青,選挙,名詞,1,0.33,nan,2026-10-01
青,通じる,動詞,1,0.33,nan,2026-10-01
青,レオヴォルド,名詞,1,0.33,nan,2026-10-01
青,高価,名詞,1,0.33,nan,2026-10-01
青,係争,名詞,1,0.33,nan,2026-10-01
青,贔屓,名詞,1,0.33,nan,2026-10-01
青,応援,名詞,1,0.33,nan,2026-10-01
青,弱者,名詞,1,0.33,-1.54,2026-10-01
青,火球,名詞,1,0.33,nan,2026-10-01
青,見返り,名詞,1,0.33,-0.57,2026-10-01
青,同期,名詞,1,0.33,nan,2026-10-01
青,プラン,名詞,1,0.33,nan,2026-10-01
青,募集,名詞,1,0.33,nan,2026-10-01
青,試金,名詞,1,0.33,nan,2026-10-01
青,道標,名詞,1,0.33,nan,2026-10-01
青,土壇場,名詞,1,0.33,nan,2026-10-01
青,さいわい,副詞,1,0.33,nan,2026-10-01
青,焦り,名詞,1,0.33,nan,2026-10-01
青,禁物,名詞,1,0.33,nan,2026-10-01
青,へす,動詞,1,0.33,nan,2026-10-01
青,帆柱,名詞,1,0.33,nan,2026-10-01
青,さらす,動詞,1,0.33,-0.13,2026-10-01
青,スリル,名詞,1,0.33,0.07,2026-10-01
青,ロメルダ,名詞,1,0.33,nan,2026-10-01
青,メルダ,名詞,1,0.33,nan,2026-10-01
青,回収,名詞,1,0.33,-0.44,2026-10-01
青,亡骸,名詞,1,0.33,-0.3,2026-10-01
青,大方,副詞,1,0.33,nan,2026-10-01
青,途方,名詞,1,0.33,nan,2026-10-01
青,暮れる,動詞,1,0.33,-0.3,2026-10-01
青,占う,動詞,1,0.33,nan,2026-10-01
青,まとわる,動詞,1,0.33,nan,2026-10-01
青,まぁ,副詞,1,0.33,nan,2026-10-01
青,買える,動詞,1,0.33,-0.13,2026-10-01
青,命運,名詞,1,0.33,-0.13,2026-10-01
青,騒ぐ,動詞,1,0.33,-0.44,2026-10-01
青,決する,動詞,1,0.33,nan,2026-10-01
青,貧弱,名詞,1,0.33,nan,2026-10-01
青,変装,名詞,1,0.33,nan,2026-10-01
青,抜け目,名詞,1,0.33,nan,2026-10-01
青,スードゥドラゴン,名詞,1,0.33,nan,2026-10-01
青,港湾,名詞,1,0.33,nan,2026-10-01
青,監督,名詞,1,0.33,nan,2026-10-01
青,向上,名詞,1,0.33,nan,2026-10-01
青,座する,動詞,1,0.33,nan,2026-10-01
青,他者,名詞,1,0.33,-0.79,2026-10-01
青,称賛,名詞,1,0.33,-0.13,2026-10-01
青,皇帝,名詞,1,0.33,-0.3,2026-10-01
青,属する,動詞,1,0.33,nan,2026-10-01
青,婦人,名詞,1,0.33,nan,2026-10-01
青,コボルド,名詞,1,0.33,nan,2026-10-01
青,きつい,形容詞,1,0.33,nan,2026-10-01
青,のたくる,動詞,1,0.33,nan,2026-10-01
青,さなか,名詞,1,0.33,nan,2026-10-01
青,奔流,名詞,1,0.33,nan,2026-10-01
青,信者,名詞,1,0.33,-0.97,2026-10-01
青,ウァルニス,名詞,1,0.33,nan,2026-10-01
青,失くす,動詞,1,0.33,0.07,2026-10-01
青,読書,名詞,1,0.33,nan,2026-10-01
青,文章,名詞,1,0.33,nan,2026-10-01
青,エルドゥア,名詞,1,0.33,nan,2026-10-01
青,地中,名詞,1,0.33,nan,2026-10-01
青,愛でる,動詞,1,0.33,nan,2026-10-01
青,持ち腐れ,名詞,1,0.33,nan,2026-10-01
青,鉄くず,名詞,1,0.33,nan,2026-10-01
青,焼く,動詞,1,0.33,-2.8,2026-10-01
青,先手,名詞,1,0.33,nan,2026-10-01
青,尚更,副詞,1,0.33,nan,2026-10-01
青,効力,名詞,1,0.33,nan,2026-10-01
青,心底,名詞,1,0.33,nan,2026-10-01
青,震わせる,動詞,1,0.33,nan,2026-10-01
青,襟,名詞,1,0.33,nan,2026-10-01
青,虎踞,名詞,1,0.33,nan,2026-10-01
青,竜盤,名詞,1,0.33,nan,2026-10-01
青,ポイ捨て,名詞,1,0.33,nan,2026-10-01
青,ちょうど,副詞,1,0.33,-0.3,2026-10-01
青,いったん,副詞,1,0.33,nan,2026-10-01
青,懐っこい,形容詞,1,0.33,nan,2026-10-01
青,足かせ,名詞,1,0.33,nan,2026-10-01
青,凹む,動詞,1,0.33,nan,2026-10-01
青,エイジ,名詞,1,0.33,nan,2026-10-01
青,巧い,形容詞,1,0.33,nan,2026-10-01
青,良心,名詞,1,0.33,nan,2026-10-01
青,呵責,名詞,1,0.33,nan,2026-10-01
青,マックス,名詞,1,0.33,nan,2026-10-01
青,ソリューション,名詞,1,0.33,nan,2026-10-01
青,病休,名詞,1,0.33,nan,2026-10-01
青,巻き添え,名詞,1,0.33,nan,2026-10-01
青,アルケ,名詞,1,0.33,nan,2026-10-01
青,formapproximation,名詞,1,0.33,nan,2026-10-01
青,略す,動詞,1,0.33,nan,2026-10-01
青,lyratelife,名詞,1,0.33,nan,2026-10-01
青,シー,名詞,1,0.33,nan,2026-10-01
青,ワン,名詞,1,0.33,nan,2026-10-01
青,ポイント,名詞,1,0.33,nan,2026-10-01
青,バランス,名詞,1,0.33,nan,2026-10-01
青,ひけらかす,動詞,1,0.33,nan,2026-10-01
青,かかせる,動詞,1,0.33,nan,2026-10-01
青,同居,名詞,1,0.33,nan,2026-10-01
青,漁網,名詞,1,0.33,nan,2026-10-01
青,トビイルカ,名詞,1,0.33,nan,2026-10-01
青,楽々,副詞,1,0.33,nan,2026-10-01
青,横断,名詞,1,0.33,nan,2026-10-01
青,全域,名詞,1,0.33,-0.13,2026-10-01
青,やや,副詞,1,0.33,nan,2026-10-01
青,対処,名詞,1,0.33,-0.13,2026-10-01
青,先細る,動詞,1,0.33,nan,2026-10-01
青,つきもの,名詞,1,0.33,nan,2026-10-01
青,転換,名詞,1,0.33,0.07,2026-10-01
青,マズい,形容詞,1,0.33,nan,2026-10-01
青,ウルトロン,名詞,1,0.33,nan,2026-10-01
青,アリ,名詞,1,0.33,nan,2026-10-01
青,蟻,名詞,1,0.33,nan,2026-10-01
青,手先,名詞,1,0.33,nan,2026-10-01
青,盤面,名詞,1,0.33,nan,2026-10-01
青,もめ,名詞,1,0.33,-0.13,2026-10-01
青,策略,名詞,1,0.33,-0.13,2026-10-01
青,ロキ,名詞,1,0.33,nan,2026-10-01
青,見くびる,動詞,1,0.33,-0.3,2026-10-01
青,エージェント,名詞,1,0.33,nan,2026-10-01
青,水の泡,名詞,1,0.33,nan,2026-10-01
青,相当,名詞,1,0.33,nan,2026-10-01
青,コーヒー,名詞,1,0.33,nan,2026-10-01
青,小っちゃい,形容詞,1,0.33,nan,2026-10-01
青,ドゥーム,名詞,1,0.33,-0.44,2026-10-01
青,ひれ伏す,動詞,1,0.33,-0.13,2026-10-01
青,おっしゃる,動詞,1,0.33,0.07,2026-10-01
青,常々,副詞,1,0.33,nan,2026-10-01
青,国防,名詞,1,0.33,nan,2026-10-01
青,高める,動詞,1,0.33,-0.89,2026-10-01
青,ティ,名詞,1,0.33,nan,2026-10-01
青,シュリ,名詞,1,0.33,nan,2026-10-01
青,ワカンダ,名詞,1,0.33,-1.2,2026-10-01
青,笑み,名詞,1,0.33,-0.89,2026-10-01
青,ドッペルゲンガー,名詞,1,0.33,nan,2026-10-01
青,沙汰,名詞,1,0.33,nan,2026-10-01
青,怪奇,名詞,1,0.33,nan,2026-10-01
青,暴行,名詞,1,0.33,nan,2026-10-01
青,簒奪,名詞,1,0.33,nan,2026-10-01
青,つねづね,副詞,1,0.33,nan,2026-10-01
青,位,名詞,1,0.33,nan,2026-10-01
青,タミラ,名詞,1,0.33,nan,2026-10-01
青,しかたない,形容詞,1,0.33,nan,2026-10-01
青,味覚,名詞,1,0.33,nan,2026-10-01
青,いや,副詞,1,0.33,nan,2026-10-01
青,クローサ,名詞,1,0.33,-0.79,2026-10-01
青,オタリア,名詞,1,0.33,0.07,2026-10-01
青,先読み,名詞,1,0.33,nan,2026-10-01
青,スティンガー,名詞,1,0.33,nan,2026-10-01
青,切り返し,名詞,1,0.33,nan,2026-10-01
青,今宵,名詞,1,0.33,-0.57,2026-10-01
青,定理,名詞,1,0.33,nan,2026-10-01
青,静まる,動詞,1,0.33,-1.13,2026-10-01
青,遅らせる,動詞,1,0.33,nan,2026-10-01
青,ヘクスヘイヴン,名詞,1,0.33,-0.3,2026-10-01
青,シルバー,名詞,1,0.33,-0.13,2026-10-01
青,巨頭,名詞,1,0.33,nan,2026-10-01
黒,者,名詞,297,95.19,5.57,2026-10-01
黒,死,名詞,198,63.46,13.93,2026-10-01
黒,血,名詞,118,37.82,10.13,2026-10-01
黒,力,名詞,104,33.33,0.19,2026-10-01
黒,死ぬ,動詞,102,32.69,7.79,2026-10-01
黒,自分,名詞,90,28.85,-0.14,2026-10-01
黒,思う,動詞,85,27.24,-0.07,2026-10-01
黒,取る,動詞,85,27.24,2.86,2026-10-01
黒,魂,名詞,78,25.0,6.08,2026-10-01
黒,知る,動詞,78,25.0,-1.3,2026-10-01
黒,手,名詞,76,24.36,-0.1,2026-10-01
黒,残る,動詞,70,22.44,4.8,2026-10-01
黒,生きる,動詞,69,22.12,1.92,2026-10-01
黒,言う,動詞,67,21.47,1.05,2026-10-01
黒,世界,名詞,66,21.15,-2.2,2026-10-01
黒,命,名詞,66,21.15,5.26,2026-10-01
黒,持つ,動詞,65,20.83,-0.98,2026-10-01
黒,闇,名詞,63,20.19,5.98,2026-10-01
黒,死者,名詞,62,19.87,9.09,2026-10-01
黒,与える,動詞,60,19.23,1.99,2026-10-01
黒,呼ぶ,動詞,60,19.23,2.28,2026-10-01
黒,とる,動詞,59,18.91,0.62,2026-10-01
黒,引く,動詞,58,18.59,1.92,2026-10-01
黒,目,名詞,55,17.63,-0.92,2026-10-01
黒,奴,名詞,54,17.31,2.37,2026-10-01
黒,恐怖,名詞,54,17.31,4.24,2026-10-01
黒,今,名詞,53,16.99,-0.48,2026-10-01
黒,影,名詞,53,16.99,6.44,2026-10-01
黒,死体,名詞,52,16.67,8.2,2026-10-01
黒,屍,名詞,51,16.35,8.75,2026-10-01
黒,前,名詞,51,16.35,-0.28,2026-10-01
黒,最も,副詞,50,16.03,0.03,2026-10-01
黒,存在,名詞,50,16.03,2.71,2026-10-01
黒,求める,動詞,49,15.71,1.24,2026-10-01
黒,もう,副詞,49,15.71,1.94,2026-10-01
黒,必要,名詞,48,15.38,-1.14,2026-10-01
黒,後,名詞,48,15.38,0.88,2026-10-01
黒,神,名詞,48,15.38,-0.77,2026-10-01
黒,骨,名詞,48,15.38,5.69,2026-10-01
黒,敵,名詞,46,14.74,-0.66,2026-10-01
黒,吸血,名詞,45,14.42,6.65,2026-10-01
黒,方,名詞,45,14.42,2.14,2026-10-01
黒,最後,名詞,45,14.42,2.73,2026-10-01
黒,永遠,名詞,45,14.42,3.27,2026-10-01
黒,立つ,動詞,44,14.1,-1.86,2026-10-01
黒,受ける,動詞,43,13.78,1.14,2026-10-01
黒,気,名詞,43,13.78,0.42,2026-10-01
黒,リリアナ,名詞,43,13.78,7.85,2026-10-01
黒,王,名詞,42,13.46,3.02,2026-10-01
黒,そう,副詞,42,13.46,-0.03,2026-10-01
黒,犠牲,名詞,41,13.14,6.14,2026-10-01
黒,聞く,動詞,41,13.14,2.72,2026-10-01
黒,他,名詞,41,13.14,0.58,2026-10-01
黒,殺す,動詞,41,13.14,3.29,2026-10-01
黒,心,名詞,41,13.14,-1.56,2026-10-01
黒,夜,名詞,41,13.14,4.09,2026-10-01
黒,入れる,動詞,41,13.14,1.13,2026-10-01
黒,どう,副詞,40,12.82,0.18,2026-10-01
黒,失う,動詞,39,12.5,1.69,2026-10-01
黒,人間,名詞,38,12.18,2.3,2026-10-01
黒,待つ,動詞,38,12.18,2.35,2026-10-01
黒,ところ,名詞,38,12.18,1.54,2026-10-01
黒,地,名詞,37,11.86,-2.09,2026-10-01
黒,物,名詞,37,11.86,-0.03,2026-10-01
黒,わけ,名詞,37,11.86,1.34,2026-10-01
黒,肉,名詞,36,11.54,4.36,2026-10-01
黒,音,名詞,36,11.54,0.31,2026-10-01
黒,生命,名詞,36,11.54,0.2,2026-10-01
黒,入る,動詞,36,11.54,1.93,2026-10-01
黒,夢,名詞,35,11.22,3.24,2026-10-01
黒,ヴェス,名詞,35,11.22,6.75,2026-10-01
黒,自身,名詞,35,11.22,1.03,2026-10-01
黒,肉体,名詞,33,10.58,3.92,2026-10-01
黒,出る,動詞,33,10.58,-0.72,2026-10-01
黒,身,名詞,33,10.58,0.29,2026-10-01
黒,息,名詞,33,10.58,3.72,2026-10-01
黒,かつて,副詞,33,10.58,0.25,2026-10-01
黒,探す,動詞,32,10.26,1.72,2026-10-01
黒,悪魔,名詞,32,10.26,5.24,2026-10-01
黒,恐ろしい,形容詞,32,10.26,2.31,2026-10-01
黒,見つける,動詞,31,9.94,-0.49,2026-10-01
黒,恐れる,動詞,31,9.94,1.45,2026-10-01
黒,間,名詞,31,9.94,-2.02,2026-10-01
黒,奪う,動詞,31,9.94,3.64,2026-10-01
黒,グール,名詞,31,9.94,6.46,2026-10-01
黒,魔法,名詞,30,9.62,-0.72,2026-10-01
黒,精神,名詞,30,9.62,1.33,2026-10-01
黒,道,名詞,30,9.62,-1.89,2026-10-01
黒,もたらす,動詞,30,9.62,0.52,2026-10-01
黒,考える,動詞,30,9.62,0.39,2026-10-01
黒,場所,名詞,30,9.62,-3.1,2026-10-01
黒,追う,動詞,29,9.29,-1.08,2026-10-01
黒,邪悪,名詞,29,9.29,4.88,2026-10-01
黒,すぐ,副詞,29,9.29,1.78,2026-10-01
黒,姿,名詞,29,9.29,-0.03,2026-10-01
黒,運命,名詞,29,9.29,2.87,2026-10-01
黒,落ちる,動詞,29,9.29,1.15,2026-10-01
黒,多く,名詞,29,9.29,-0.54,2026-10-01
黒,止める,動詞,29,9.29,0.86,2026-10-01
黒,わかる,動詞,28,8.97,-0.15,2026-10-01
黒,食う,動詞,28,8.97,3.3,2026-10-01
黒,声,名詞,28,8.97,0.78,2026-10-01
黒,仕事,名詞,28,8.97,2.36,2026-10-01
黒,危険,名詞,27,8.65,-1.04,2026-10-01
黒,生まれる,動詞,27,8.65,0.02,2026-10-01
黒,時間,名詞,27,8.65,-1.18,2026-10-01
黒,日,名詞,27,8.65,-0.03,2026-10-01
黒,生,名詞,27,8.65,4.02,2026-10-01
黒,毒,名詞,27,8.65,4.6,2026-10-01
黒,痛い,形容詞,27,8.65,5.31,2026-10-01
黒,意味,名詞,26,8.33,1.29,2026-10-01
黒,上,名詞,26,8.33,-0.2,2026-10-01
黒,記憶,名詞,26,8.33,2.05,2026-10-01
黒,消える,動詞,26,8.33,0.97,2026-10-01
黒,度,名詞,26,8.33,0.97,2026-10-01
黒,まだ,副詞,26,8.33,1.57,2026-10-01
黒,耳,名詞,26,8.33,2.17,2026-10-01
黒,作る,動詞,26,8.33,-1.64,2026-10-01
黒,戻る,動詞,26,8.33,1.29,2026-10-01
黒,強い,形容詞,25,8.01,-2.63,2026-10-01
黒,沼,名詞,25,8.01,6.11,2026-10-01
黒,人,名詞,25,8.01,0.73,2026-10-01
黒,苦痛,名詞,25,8.01,4.48,2026-10-01
黒,飲む,動詞,25,8.01,3.08,2026-10-01
黒,術,名詞,25,8.01,2.71,2026-10-01
黒,長い,形容詞,25,8.01,-0.11,2026-10-01
黒,味わう,動詞,25,8.01,5.5,2026-10-01
黒,深い,形容詞,24,7.69,-0.16,2026-10-01
黒,自ら,名詞,24,7.69,-0.07,2026-10-01
黒,光,名詞,24,7.69,-3.31,2026-10-01
黒,魔道,名詞,24,7.69,-1.41,2026-10-01
黒,怒り,名詞,24,7.69,-1.27,2026-10-01
黒,復讐,名詞,24,7.69,3.34,2026-10-01
黒,戦う,動詞,24,7.69,-2.49,2026-10-01
黒,刃,名詞,24,7.69,-0.42,2026-10-01
黒,囁く,動詞,23,7.37,4.36,2026-10-01
黒,悪夢,名詞,23,7.37,4.94,2026-10-01
黒,相手,名詞,23,7.37,0.61,2026-10-01
黒,一番,名詞,23,7.37,1.34,2026-10-01
黒,ネズミ,名詞,23,7.37,4.84,2026-10-01
黒,残す,動詞,23,7.37,0.41,2026-10-01
黒,捨てる,動詞,23,7.37,1.58,2026-10-01
黒,対する,動詞,23,7.37,-0.88,2026-10-01
黒,怪物,名詞,23,7.37,0.83,2026-10-01
黒,支配,名詞,22,7.05,1.44,2026-10-01
黒,言葉,名詞,22,7.05,-0.43,2026-10-01
黒,下,名詞,22,7.05,-0.61,2026-10-01
黒,進む,動詞,22,7.05,1.83,2026-10-01
黒,共,名詞,22,7.05,-0.16,2026-10-01
黒,また,副詞,22,7.05,-0.12,2026-10-01
黒,祝福,名詞,22,7.05,1.5,2026-10-01
黒,年,名詞,22,7.05,0.07,2026-10-01
黒,次,名詞,22,7.05,0.96,2026-10-01
黒,最初,名詞,22,7.05,-0.16,2026-10-01
黒,ほとんど,名詞,22,7.05,1.2,2026-10-01
黒,望む,動詞,21,6.73,0.54,2026-10-01
黒,上がる,動詞,21,6.73,-0.02,2026-10-01
黒,不死,名詞,21,6.73,5.57,2026-10-01
黒,軍団,名詞,21,6.73,3.85,2026-10-01
黒,吸う,動詞,21,6.73,4.75,2026-10-01
黒,秘密,名詞,21,6.73,-0.62,2026-10-01
黒,呪い,名詞,21,6.73,3.57,2026-10-01
黒,仕える,動詞,21,6.73,4.65,2026-10-01
黒,使う,動詞,21,6.73,-1.48,2026-10-01
黒,太陽,名詞,21,6.73,-2.03,2026-10-01
黒,通り,名詞,21,6.73,1.68,2026-10-01
黒,体,名詞,21,6.73,-0.99,2026-10-01
黒,変える,動詞,20,6.41,0.34,2026-10-01
黒,街,名詞,20,6.41,3.08,2026-10-01
黒,終わり,名詞,20,6.41,1.74,2026-10-01
黒,価値,名詞,20,6.41,2.74,2026-10-01
黒,変わる,動詞,20,6.41,-0.72,2026-10-01
黒,定命,名詞,20,6.41,2.49,2026-10-01
黒,墓,名詞,20,6.41,4.03,2026-10-01
黒,仲間,名詞,20,6.41,-0.63,2026-10-01
黒,生む,動詞,20,6.41,1.96,2026-10-01
黒,常,名詞,20,6.41,-0.26,2026-10-01
黒,眠る,動詞,20,6.41,1.6,2026-10-01
黒,飢え,名詞,20,6.41,4.85,2026-10-01
黒,貪る,動詞,20,6.41,4.44,2026-10-01
黒,現れる,動詞,20,6.41,0.61,2026-10-01
黒,群れ,名詞,20,6.41,-1.09,2026-10-01
黒,一度,名詞,20,6.41,1.02,2026-10-01
黒,差す,動詞,20,6.41,3.35,2026-10-01
黒,戦い,名詞,19,6.09,-2.5,2026-10-01
黒,裂く,動詞,19,6.09,2.85,2026-10-01
黒,再び,副詞,19,6.09,0.63,2026-10-01
黒,数,名詞,19,6.09,1.12,2026-10-01
黒,一人,名詞,19,6.09,-0.99,2026-10-01
黒,話,名詞,19,6.09,0.29,2026-10-01
黒,破壊,名詞,19,6.09,-2.0,2026-10-01
黒,全て,名詞,19,6.09,0.69,2026-10-01
黒,感じる,動詞,18,5.77,2.2,2026-10-01
黒,ゾンビ,名詞,18,5.77,5.2,2026-10-01
黒,剣,名詞,18,5.77,-2.66,2026-10-01
黒,やつ,名詞,18,5.77,-0.47,2026-10-01
黒,悪い,形容詞,18,5.77,-0.7,2026-10-01
黒,満たす,動詞,18,5.77,2.11,2026-10-01
黒,狩り,名詞,18,5.77,0.71,2026-10-01
黒,獲物,名詞,18,5.77,-1.41,2026-10-01
黒,少ない,形容詞,18,5.77,0.77,2026-10-01
黒,頭,名詞,18,5.77,-1.41,2026-10-01
黒,放つ,動詞,18,5.77,-0.47,2026-10-01
黒,つく,動詞,18,5.77,-0.42,2026-10-01
黒,食べる,動詞,18,5.77,1.03,2026-10-01
黒,暗い,形容詞,17,5.45,3.14,2026-10-01
黒,儀式,名詞,17,5.45,3.78,2026-10-01
黒,飛ぶ,動詞,17,5.45,-3.01,2026-10-01
黒,真,名詞,17,5.45,-0.53,2026-10-01
黒,戦争,名詞,17,5.45,-1.96,2026-10-01
黒,消す,動詞,17,5.45,1.27,2026-10-01
黒,ただ,副詞,17,5.45,-0.13,2026-10-01
黒,まま,名詞,17,5.45,-1.07,2026-10-01
黒,一部,名詞,17,5.45,1.0,2026-10-01
黒,目覚める,動詞,17,5.45,0.87,2026-10-01
黒,完璧,名詞,17,5.45,1.13,2026-10-01
黒,踏む,動詞,17,5.45,0.2,2026-10-01
黒,大きい,形容詞,17,5.45,-1.07,2026-10-01
黒,起こす,動詞,17,5.45,0.09,2026-10-01
黒,最高,名詞,17,5.45,-0.18,2026-10-01
黒,シルムガル,名詞,17,5.45,5.03,2026-10-01
黒,響く,動詞,17,5.45,1.64,2026-10-01
黒,歩く,動詞,17,5.45,0.49,2026-10-01
黒,以上,名詞,17,5.45,-0.67,2026-10-01
黒,主,名詞,17,5.45,2.04,2026-10-01
黒,払う,動詞,17,5.45,0.74,2026-10-01
黒,口,名詞,17,5.45,-0.02,2026-10-01
黒,より,副詞,17,5.45,0.31,2026-10-01
黒,名,名詞,17,5.45,0.09,2026-10-01
黒,逃げる,動詞,17,5.45,-1.71,2026-10-01
黒,しれる,動詞,17,5.45,-0.76,2026-10-01
黒,生き物,名詞,17,5.45,0.03,2026-10-01
黒,顔,名詞,17,5.45,-0.07,2026-10-01
黒,立てる,動詞,17,5.45,-0.81,2026-10-01
黒,選ぶ,動詞,16,5.13,-0.18,2026-10-01
黒,暗殺,名詞,16,5.13,4.85,2026-10-01
黒,蘇る,動詞,16,5.13,4.91,2026-10-01
黒,シェオルドレッド,名詞,16,5.13,4.85,2026-10-01
黒,信ずる,動詞,16,5.13,0.21,2026-10-01
黒,渇望,名詞,16,5.13,4.34,2026-10-01
黒,迎える,動詞,16,5.13,1.4,2026-10-01
黒,国,名詞,16,5.13,0.51,2026-10-01
黒,覆う,動詞,16,5.13,2.05,2026-10-01
黒,陰謀,名詞,16,5.13,4.85,2026-10-01
黒,場合,名詞,16,5.13,2.41,2026-10-01
黒,聞こえる,動詞,16,5.13,0.21,2026-10-01
黒,別,名詞,16,5.13,0.21,2026-10-01
黒,向かう,動詞,16,5.13,-1.1,2026-10-01
黒,守る,動詞,16,5.13,-4.97,2026-10-01
黒,鼠,名詞,16,5.13,4.94,2026-10-01
黒,満ちる,動詞,16,5.13,0.64,2026-10-01
黒,苦しい,形容詞,16,5.13,4.95,2026-10-01
黒,餌,名詞,16,5.13,1.04,2026-10-01
黒,以外,名詞,16,5.13,1.56,2026-10-01
黒,開く,動詞,16,5.13,0.15,2026-10-01
黒,次元,名詞,16,5.13,0.51,2026-10-01
黒,自由,名詞,16,5.13,0.27,2026-10-01
黒,捧げる,動詞,15,4.81,2.35,2026-10-01
黒,苦悶,名詞,15,4.81,4.73,2026-10-01
黒,知識,名詞,15,4.81,-0.99,2026-10-01
黒,うち,名詞,15,4.81,0.59,2026-10-01
黒,眠り,名詞,15,4.81,1.39,2026-10-01
黒,返す,動詞,15,4.81,-0.19,2026-10-01
黒,合わせる,動詞,15,4.81,1.01,2026-10-01
黒,天使,名詞,15,4.81,-1.42,2026-10-01
黒,エルフ,名詞,15,4.81,-2.95,2026-10-01
黒,覚える,動詞,15,4.81,-0.02,2026-10-01
黒,少し,副詞,15,4.81,0.4,2026-10-01
黒,喜ぶ,動詞,15,4.81,2.16,2026-10-01
黒,突く,動詞,15,4.81,0.8,2026-10-01
黒,ボーラス,名詞,15,4.81,2.44,2026-10-01
黒,傷,名詞,15,4.81,1.89,2026-10-01
黒,ゼンディカー,名詞,15,4.81,0.4,2026-10-01
黒,月,名詞,14,4.49,-0.36,2026-10-01
黒,腕,名詞,14,4.49,0.98,2026-10-01
黒,思考,名詞,14,4.49,0.29,2026-10-01
黒,人々,名詞,14,4.49,-2.58,2026-10-01
黒,見える,動詞,14,4.49,-3.05,2026-10-01
黒,成す,動詞,14,4.49,0.83,2026-10-01
黒,選択,名詞,14,4.49,1.9,2026-10-01
黒,襲う,動詞,14,4.49,-0.73,2026-10-01
黒,戻す,動詞,14,4.49,-0.62,2026-10-01
黒,代償,名詞,14,4.49,4.46,2026-10-01
黒,霊,名詞,14,4.49,-0.57,2026-10-01
黒,心配,名詞,14,4.49,2.08,2026-10-01
黒,腐敗,名詞,14,4.49,4.24,2026-10-01
黒,楽しむ,動詞,14,4.49,3.03,2026-10-01
黒,増える,動詞,14,4.49,3.26,2026-10-01
黒,寄せる,動詞,14,4.49,0.16,2026-10-01
黒,隠す,動詞,14,4.49,-0.08,2026-10-01
黒,勝利,名詞,14,4.49,-1.28,2026-10-01
黒,長,名詞,14,4.49,4.58,2026-10-01
黒,住む,動詞,14,4.49,0.91,2026-10-01
黒,皆,名詞,14,4.49,-0.25,2026-10-01
黒,着く,動詞,14,4.49,1.13,2026-10-01
黒,向ける,動詞,14,4.49,0.55,2026-10-01
黒,スゥルタイ,名詞,14,4.49,4.12,2026-10-01
黒,殺人,名詞,14,4.49,4.46,2026-10-01
黒,触れる,動詞,14,4.49,0.48,2026-10-01
黒,いつも,名詞,14,4.49,1.13,2026-10-01
黒,ディミーア,名詞,14,4.49,3.88,2026-10-01
黒,エルドラージ,名詞,14,4.49,0.1,2026-10-01
黒,機械,名詞,14,4.49,-0.08,2026-10-01
黒,あと,名詞,14,4.49,0.48,2026-10-01
黒,身体,名詞,13,4.17,0.24,2026-10-01
黒,絶望,名詞,13,4.17,3.0,2026-10-01
黒,分,名詞,13,4.17,0.87,2026-10-01
黒,潜む,動詞,13,4.17,1.36,2026-10-01
黒,巻く,動詞,13,4.17,1.63,2026-10-01
黒,知れる,動詞,13,4.17,2.53,2026-10-01
黒,形,名詞,13,4.17,-0.26,2026-10-01
黒,風,名詞,13,4.17,-2.52,2026-10-01
黒,冷たい,形容詞,13,4.17,2.53,2026-10-01
黒,飢える,動詞,13,4.17,2.65,2026-10-01
黒,破滅,名詞,13,4.17,2.53,2026-10-01
黒,愚か者,名詞,13,4.17,3.0,2026-10-01
黒,感ずる,動詞,13,4.17,-0.43,2026-10-01
黒,全員,名詞,13,4.17,0.58,2026-10-01
黒,意志,名詞,13,4.17,-0.26,2026-10-01
黒,全部,名詞,13,4.17,1.11,2026-10-01
黒,まるで,副詞,13,4.17,0.37,2026-10-01
黒,もっと,副詞,13,4.17,-0.95,2026-10-01
黒,憎悪,名詞,13,4.17,3.24,2026-10-01
黒,必ず,副詞,13,4.17,0.72,2026-10-01
黒,悲しい,形容詞,13,4.17,1.54,2026-10-01
黒,瞬間,名詞,13,4.17,-0.14,2026-10-01
黒,叫ぶ,動詞,13,4.17,1.03,2026-10-01
黒,新しい,形容詞,13,4.17,-0.9,2026-10-01
黒,イニストラード,名詞,13,4.17,2.42,2026-10-01
黒,腐る,動詞,13,4.17,4.34,2026-10-01
黒,多い,形容詞,13,4.17,-0.08,2026-10-01
黒,ゴブリン,名詞,13,4.17,-3.71,2026-10-01
黒,正しい,形容詞,13,4.17,1.81,2026-10-01
黒,歯,名詞,13,4.17,1.63,2026-10-01
黒,味,名詞,13,4.17,3.12,2026-10-01
黒,鬼,名詞,13,4.17,3.75,2026-10-01
黒,事,名詞,13,4.17,-0.59,2026-10-01
黒,教える,動詞,13,4.17,-1.57,2026-10-01
黒,役,名詞,13,4.17,0.37,2026-10-01
黒,金,名詞,13,4.17,1.72,2026-10-01
黒,打つ,動詞,13,4.17,-1.49,2026-10-01
黒,代わり,名詞,13,4.17,1.63,2026-10-01
黒,走る,動詞,13,4.17,0.17,2026-10-01
黒,流れる,動詞,13,4.17,-0.08,2026-10-01
黒,集める,動詞,13,4.17,0.72,2026-10-01
黒,失敗,名詞,13,4.17,0.04,2026-10-01
黒,術師,名詞,13,4.17,1.19,2026-10-01
黒,女王,名詞,13,4.17,2.21,2026-10-01
黒,刺す,動詞,13,4.17,3.5,2026-10-01
黒,手段,名詞,13,4.17,1.81,2026-10-01
黒,騎士,名詞,13,4.17,-1.36,2026-10-01
黒,注意,名詞,12,3.85,0.53,2026-10-01
黒,戦士,名詞,12,3.85,-2.94,2026-10-01
黒,縛る,動詞,12,3.85,1.09,2026-10-01
黒,単に,副詞,12,3.85,1.09,2026-10-01
黒,なお,副詞,12,3.85,2.6,2026-10-01
黒,生者,名詞,12,3.85,3.89,2026-10-01
黒,今日,名詞,12,3.85,0.11,2026-10-01
黒,救う,動詞,12,3.85,-0.08,2026-10-01
黒,会,名詞,12,3.85,-0.27,2026-10-01
黒,勝つ,動詞,12,3.85,-0.08,2026-10-01
黒,逃れる,動詞,12,3.85,1.09,2026-10-01
黒,込める,動詞,12,3.85,-0.21,2026-10-01
黒,ちょっと,副詞,12,3.85,0.11,2026-10-01
黒,戦場,名詞,12,3.85,-1.26,2026-10-01
黒,アーボーグ,名詞,12,3.85,4.16,2026-10-01
黒,理解,名詞,12,3.85,-1.66,2026-10-01
黒,扉,名詞,12,3.85,1.63,2026-10-01
黒,とも,名詞,12,3.85,-0.93,2026-10-01
黒,征服,名詞,12,3.85,1.83,2026-10-01
黒,起こる,動詞,12,3.85,0.05,2026-10-01
黒,届く,動詞,12,3.85,-0.44,2026-10-01
黒,分かる,動詞,12,3.85,-0.98,2026-10-01
黒,子供,名詞,12,3.85,1.63,2026-10-01
黒,従う,動詞,12,3.85,-0.93,2026-10-01
黒,安全,名詞,12,3.85,-1.82,2026-10-01
黒,始まる,動詞,12,3.85,0.11,2026-10-01
黒,血管,名詞,12,3.85,3.49,2026-10-01
黒,兵,名詞,12,3.85,0.25,2026-10-01
黒,はず,名詞,12,3.85,-0.98,2026-10-01
黒,ラクドス,名詞,12,3.85,2.84,2026-10-01
黒,石,名詞,12,3.85,-2.01,2026-10-01
黒,死後,名詞,12,3.85,3.1,2026-10-01
黒,目的,名詞,12,3.85,0.11,2026-10-01
黒,送る,動詞,12,3.85,0.25,2026-10-01
黒,近づく,動詞,12,3.85,0.61,2026-10-01
黒,最大,名詞,12,3.85,0.11,2026-10-01
黒,子,名詞,12,3.85,-0.87,2026-10-01
黒,火,名詞,12,3.85,-4.42,2026-10-01
黒,グリクシス,名詞,12,3.85,4.28,2026-10-01
黒,殺戮,名詞,12,3.85,3.49,2026-10-01
黒,首,名詞,12,3.85,2.6,2026-10-01
黒,連中,名詞,12,3.85,1.35,2026-10-01
黒,起きる,動詞,12,3.85,2.14,2026-10-01
黒,抗う,動詞,11,3.53,3.08,2026-10-01
黒,やめる,動詞,11,3.53,2.68,2026-10-01
黒,なし,名詞,11,3.53,0.26,2026-10-01
黒,邪魔,名詞,11,3.53,1.64,2026-10-01
黒,死す,動詞,11,3.53,1.34,2026-10-01
黒,翼,名詞,11,3.53,-1.74,2026-10-01
黒,狂気,名詞,11,3.53,1.43,2026-10-01
黒,倒す,動詞,11,3.53,-1.53,2026-10-01
黒,本当,名詞,11,3.53,-0.74,2026-10-01
黒,ケット,名詞,11,3.53,3.63,2026-10-01
黒,苦しむ,動詞,11,3.53,2.68,2026-10-01
黒,蛇,名詞,11,3.53,2.68,2026-10-01
黒,魔女,名詞,11,3.53,2.18,2026-10-01
黒,沼地,名詞,11,3.53,3.77,2026-10-01
黒,利用,名詞,11,3.53,1.34,2026-10-01
黒,ラヴニカ,名詞,11,3.53,-1.25,2026-10-01
黒,ゴルガリ,名詞,11,3.53,2.94,2026-10-01
黒,契約,名詞,11,3.53,3.63,2026-10-01
黒,さらに,副詞,11,3.53,-0.69,2026-10-01
黒,栄光,名詞,11,3.53,-1.11,2026-10-01
黒,ミラディン,名詞,11,3.53,0.05,2026-10-01
黒,もちろん,副詞,11,3.53,2.55,2026-10-01
黒,耐える,動詞,11,3.53,0.26,2026-10-01
黒,山,名詞,11,3.53,-1.78,2026-10-01
黒,悲鳴,名詞,11,3.53,2.3,2026-10-01
黒,人生,名詞,11,3.53,0.64,2026-10-01
黒,疫病,名詞,11,3.53,3.63,2026-10-01
黒,ソリン,名詞,11,3.53,3.63,2026-10-01
黒,影響,名詞,11,3.53,1.06,2026-10-01
黒,越える,動詞,11,3.53,-0.34,2026-10-01
黒,武器,名詞,11,3.53,-4.23,2026-10-01
黒,黒,名詞,11,3.53,3.89,2026-10-01
黒,村,名詞,11,3.53,0.19,2026-10-01
黒,たび,名詞,11,3.53,1.06,2026-10-01
黒,まったく,副詞,11,3.53,0.97,2026-10-01
黒,軍隊,名詞,11,3.53,1.64,2026-10-01
黒,解放,名詞,11,3.53,1.53,2026-10-01
黒,認める,動詞,11,3.53,2.07,2026-10-01
黒,運ぶ,動詞,11,3.53,0.48,2026-10-01
黒,問題,名詞,11,3.53,-0.4,2026-10-01
黒,乗る,動詞,11,3.53,-0.96,2026-10-01
黒,龍,名詞,11,3.53,-1.01,2026-10-01
黒,行為,名詞,11,3.53,2.18,2026-10-01
黒,行動,名詞,10,3.21,0.94,2026-10-01
黒,希望,名詞,10,3.21,-2.26,2026-10-01
黒,心臓,名詞,10,3.21,0.6,2026-10-01
黒,効果,名詞,10,3.21,1.54,2026-10-01
黒,暗黒,名詞,10,3.21,2.92,2026-10-01
黒,落とす,動詞,10,3.21,-1.09,2026-10-01
黒,想像,名詞,10,3.21,0.77,2026-10-01
黒,弱い,形容詞,10,3.21,0.6,2026-10-01
黒,ギルド,名詞,10,3.21,0.28,2026-10-01
黒,知恵,名詞,10,3.21,-0.66,2026-10-01
黒,計画,名詞,10,3.21,0.6,2026-10-01
黒,つれる,動詞,10,3.21,1.33,2026-10-01
黒,技術,名詞,10,3.21,0.51,2026-10-01
黒,美しい,形容詞,10,3.21,-1.24,2026-10-01
黒,至る,動詞,10,3.21,1.43,2026-10-01
黒,足,名詞,10,3.21,-1.19,2026-10-01
黒,実,名詞,10,3.21,1.65,2026-10-01
黒,煙,名詞,10,3.21,1.13,2026-10-01
黒,投げる,動詞,10,3.21,-0.15,2026-10-01
黒,結果,名詞,10,3.21,0.43,2026-10-01
黒,違う,動詞,10,3.21,0.28,2026-10-01
黒,オルゾフ,名詞,10,3.21,2.37,2026-10-01
黒,頃,名詞,10,3.21,0.94,2026-10-01
黒,自然,名詞,10,3.21,-4.75,2026-10-01
黒,軍,名詞,10,3.21,-0.48,2026-10-01
黒,他人,名詞,10,3.21,1.54,2026-10-01
黒,ずる,動詞,10,3.21,3.64,2026-10-01
黒,アンデッド,名詞,10,3.21,3.64,2026-10-01
黒,蝕む,動詞,10,3.21,3.77,2026-10-01
黒,鋼,名詞,10,3.21,-0.35,2026-10-01
黒,鎧,名詞,10,3.21,-0.35,2026-10-01
黒,脳,名詞,10,3.21,3.07,2026-10-01
黒,戦,名詞,10,3.21,-0.99,2026-10-01
黒,示す,動詞,10,3.21,-0.88,2026-10-01
黒,語る,動詞,10,3.21,-0.41,2026-10-01
黒,呪文,名詞,10,3.21,-2.36,2026-10-01
黒,最期,名詞,10,3.21,1.76,2026-10-01
黒,なぜ,副詞,10,3.21,-0.77,2026-10-01
黒,教会,名詞,10,3.21,1.76,2026-10-01
黒,空,名詞,10,3.21,-5.29,2026-10-01
黒,動く,動詞,10,3.21,-1.62,2026-10-01
黒,よく,副詞,10,3.21,-1.7,2026-10-01
黒,悪意,名詞,10,3.21,2.78,2026-10-01
黒,罪,名詞,10,3.21,0.28,2026-10-01
黒,収穫,名詞,10,3.21,1.43,2026-10-01
黒,未来,名詞,10,3.21,-2.14,2026-10-01
黒,高い,形容詞,10,3.21,-2.86,2026-10-01
黒,コウモリ,名詞,10,3.21,3.53,2026-10-01
黒,壁,名詞,10,3.21,-0.6,2026-10-01
黒,もん,名詞,10,3.21,0.43,2026-10-01
黒,加わる,動詞,10,3.21,2.37,2026-10-01
黒,信仰,名詞,10,3.21,-0.54,2026-10-01
黒,ネファリア,名詞,10,3.21,3.07,2026-10-01
黒,スカースダグ,名詞,10,3.21,3.86,2026-10-01
黒,ファリカ,名詞,10,3.21,3.86,2026-10-01
黒,時代,名詞,10,3.21,-1.04,2026-10-01
黒,方法,名詞,9,2.88,-1.8,2026-10-01
黒,思い,名詞,9,2.88,1.33,2026-10-01
黒,嘆く,動詞,9,2.88,2.61,2026-10-01
黒,罠,名詞,9,2.88,-0.09,2026-10-01
黒,苦悩,名詞,9,2.88,2.76,2026-10-01
黒,僧侶,名詞,9,2.88,0.64,2026-10-01
黒,先,名詞,9,2.88,-2.81,2026-10-01
黒,遠い,形容詞,9,2.88,1.79,2026-10-01
黒,隠れる,動詞,9,2.88,-0.86,2026-10-01
黒,気味,名詞,9,2.88,3.06,2026-10-01
黒,拷問,名詞,9,2.88,3.68,2026-10-01
黒,ナイフ,名詞,9,2.88,3.37,2026-10-01
黒,鼓動,名詞,9,2.88,2.76,2026-10-01
黒,喉,名詞,9,2.88,2.61,2026-10-01
黒,無駄,名詞,9,2.88,0.73,2026-10-01
黒,糧,名詞,9,2.88,2.76,2026-10-01
黒,使える,動詞,9,2.88,1.92,2026-10-01
黒,つもり,名詞,9,2.88,-0.37,2026-10-01
黒,男,名詞,9,2.88,1.92,2026-10-01
黒,押す,動詞,9,2.88,-0.62,2026-10-01
黒,地面,名詞,9,2.88,-0.09,2026-10-01
黒,伝染,名詞,9,2.88,3.68,2026-10-01
黒,残忍,名詞,9,2.88,3.37,2026-10-01
黒,燃える,動詞,9,2.88,-3.22,2026-10-01
黒,意思,名詞,9,2.88,0.38,2026-10-01
黒,遺体,名詞,9,2.88,3.63,2026-10-01
黒,戦闘,名詞,9,2.88,-0.5,2026-10-01
黒,攻撃,名詞,9,2.88,-1.8,2026-10-01
黒,魔術,名詞,9,2.88,-1.48,2026-10-01
黒,訪れる,動詞,9,2.88,-0.3,2026-10-01
黒,甘い,形容詞,9,2.88,3.63,2026-10-01
黒,金属,名詞,9,2.88,-0.09,2026-10-01
黒,考え,名詞,9,2.88,0.73,2026-10-01
黒,間違い,名詞,9,2.88,-0.16,2026-10-01
黒,眼,名詞,9,2.88,1.22,2026-10-01
黒,叫び,名詞,9,2.88,2.05,2026-10-01
黒,破る,動詞,9,2.88,-0.23,2026-10-01
黒,オブ,名詞,9,2.88,3.68,2026-10-01
黒,メフィドロス,名詞,9,2.88,3.51,2026-10-01
黒,操る,動詞,9,2.88,0.73,2026-10-01
黒,侵入,名詞,9,2.88,-0.8,2026-10-01
黒,約束,名詞,9,2.88,1.22,2026-10-01
黒,倒れる,動詞,9,2.88,1.12,2026-10-01
黒,機会,名詞,9,2.88,1.33,2026-10-01
黒,溢れる,動詞,9,2.88,1.33,2026-10-01
黒,花,名詞,9,2.88,0.55,2026-10-01
黒,近く,名詞,9,2.88,-0.09,2026-10-01
黒,閉じる,動詞,9,2.88,-0.3,2026-10-01
黒,歓迎,名詞,9,2.88,0.21,2026-10-01
黒,犯罪,名詞,9,2.88,1.67,2026-10-01
黒,英雄,名詞,9,2.88,-1.43,2026-10-01
黒,犯す,動詞,9,2.88,2.05,2026-10-01
黒,広がる,動詞,9,2.88,-0.56,2026-10-01
黒,言える,動詞,9,2.88,1.01,2026-10-01
黒,おく,動詞,9,2.88,-0.97,2026-10-01
黒,結婚,名詞,9,2.88,3.51,2026-10-01
黒,完成,名詞,9,2.88,1.67,2026-10-01
黒,油,名詞,9,2.88,2.05,2026-10-01
黒,地底,名詞,9,2.88,3.06,2026-10-01
黒,いずれ,副詞,9,2.88,1.22,2026-10-01
黒,宇宙,名詞,9,2.88,-0.56,2026-10-01
黒,なくなる,動詞,9,2.88,0.82,2026-10-01
黒,薄暮,名詞,9,2.88,2.46,2026-10-01
黒,逆らう,動詞,8,2.56,1.7,2026-10-01
黒,兵士,名詞,8,2.56,-1.85,2026-10-01
黒,張る,動詞,8,2.56,-2.64,2026-10-01
黒,延びる,動詞,8,2.56,-0.95,2026-10-01
黒,門,名詞,8,2.56,0.23,2026-10-01
黒,被害,名詞,8,2.56,1.84,2026-10-01
黒,流す,動詞,8,2.56,-0.59,2026-10-01
黒,孤独,名詞,8,2.56,1.7,2026-10-01
黒,慈悲,名詞,8,2.56,0.32,2026-10-01
黒,術士,名詞,8,2.56,0.99,2026-10-01
黒,過去,名詞,8,2.56,-1.81,2026-10-01
黒,かく,動詞,8,2.56,1.33,2026-10-01
黒,土,名詞,8,2.56,0.32,2026-10-01
黒,崩れる,動詞,8,2.56,-0.09,2026-10-01
黒,分ける,動詞,8,2.56,-0.65,2026-10-01
黒,導く,動詞,8,2.56,-1.63,2026-10-01
黒,突然,副詞,8,2.56,-0.01,2026-10-01
黒,哀れ,名詞,8,2.56,2.91,2026-10-01
黒,吐く,動詞,8,2.56,1.1,2026-10-01
黒,黒い,形容詞,8,2.56,2.42,2026-10-01
黒,ギックス,名詞,8,2.56,1.26,2026-10-01
黒,こう,副詞,8,2.56,-0.31,2026-10-01
黒,足りる,動詞,8,2.56,0.5,2026-10-01
黒,抵抗,名詞,8,2.56,1.45,2026-10-01
黒,ザル,名詞,8,2.56,1.26,2026-10-01
黒,名前,名詞,8,2.56,0.68,2026-10-01
黒,学ぶ,動詞,8,2.56,-3.37,2026-10-01
黒,限る,動詞,8,2.56,0.15,2026-10-01
黒,特に,副詞,8,2.56,1.33,2026-10-01
黒,潰す,動詞,8,2.56,0.5,2026-10-01
黒,海,名詞,8,2.56,-3.27,2026-10-01
黒,ギサ,名詞,8,2.56,3.27,2026-10-01
黒,残酷,名詞,8,2.56,1.21,2026-10-01
黒,炎,名詞,8,2.56,-5.12,2026-10-01
黒,贈り物,名詞,8,2.56,-0.09,2026-10-01
黒,盗む,動詞,8,2.56,-0.31,2026-10-01
黒,詰める,動詞,8,2.56,1.45,2026-10-01
黒,探検,名詞,8,2.56,-1.01,2026-10-01
黒,冒涜,名詞,8,2.56,3.37,2026-10-01
黒,臭い,名詞,8,2.56,1.1,2026-10-01
黒,ニクシリス,名詞,8,2.56,3.49,2026-10-01
黒,嘆き,名詞,8,2.56,3.07,2026-10-01
黒,振る,動詞,8,2.56,-0.45,2026-10-01
黒,霧,名詞,8,2.56,0.23,2026-10-01
黒,ゆっくり,副詞,8,2.56,0.99,2026-10-01
黒,鉄,名詞,8,2.56,-0.31,2026-10-01
黒,離れる,動詞,8,2.56,-1.48,2026-10-01
黒,解く,動詞,8,2.56,-1.48,2026-10-01
黒,結局,名詞,8,2.56,2.58,2026-10-01
黒,浮かぶ,動詞,8,2.56,1.33,2026-10-01
黒,泣く,動詞,8,2.56,2.91,2026-10-01
黒,証,名詞,8,2.56,1.57,2026-10-01
黒,等しい,形容詞,8,2.56,1.84,2026-10-01
黒,絡む,動詞,8,2.56,0.68,2026-10-01
黒,感,名詞,8,2.56,1.21,2026-10-01
黒,後ろ,名詞,8,2.56,1.57,2026-10-01
黒,怖い,形容詞,8,2.56,0.68,2026-10-01
黒,焼く,動詞,8,2.56,-1.63,2026-10-01
黒,取引,名詞,8,2.56,2.91,2026-10-01
黒,都市,名詞,8,2.56,-2.61,2026-10-01
黒,弱者,名詞,8,2.56,1.84,2026-10-01
黒,夜中,名詞,8,2.56,1.98,2026-10-01
黒,美,名詞,8,2.56,-0.31,2026-10-01
黒,望み,名詞,8,2.56,2.12,2026-10-01
黒,ローウィン,名詞,8,2.56,1.98,2026-10-01
黒,妖精,名詞,8,2.56,1.1,2026-10-01
黒,襲撃,名詞,8,2.56,0.07,2026-10-01
黒,冷酷,名詞,8,2.56,3.37,2026-10-01
黒,遂げる,動詞,8,2.56,2.12,2026-10-01
黒,互い,名詞,8,2.56,-0.84,2026-10-01
黒,呪う,動詞,8,2.56,1.7,2026-10-01
黒,最悪,名詞,8,2.56,1.84,2026-10-01
黒,ゲラルフ,名詞,8,2.56,2.27,2026-10-01
黒,這う,動詞,8,2.56,1.98,2026-10-01
黒,飢餓,名詞,8,2.56,2.58,2026-10-01
黒,ヴォルダーレン,名詞,8,2.56,2.91,2026-10-01
黒,縄張り,名詞,8,2.56,0.07,2026-10-01
黒,スレイベン,名詞,8,2.56,1.33,2026-10-01
黒,状態,名詞,8,2.56,0.5,2026-10-01
黒,黄金,名詞,8,2.56,-0.71,2026-10-01
黒,試練,名詞,8,2.56,-0.78,2026-10-01
黒,神々,名詞,8,2.56,-1.89,2026-10-01
黒,野心,名詞,8,2.56,2.58,2026-10-01
黒,残虐,名詞,8,2.56,2.91,2026-10-01
黒,コラガン,名詞,8,2.56,2.91,2026-10-01
黒,届ける,動詞,7,2.24,1.34,2026-10-01
黒,大地,名詞,7,2.24,-3.18,2026-10-01
黒,命令,名詞,7,2.24,-0.01,2026-10-01
黒,警告,名詞,7,2.24,-0.1,2026-10-01
黒,裏,名詞,7,2.24,2.22,2026-10-01
黒,好む,動詞,7,2.24,-0.25,2026-10-01
黒,森,名詞,7,2.24,-5.52,2026-10-01
黒,喜び,名詞,7,2.24,0.16,2026-10-01
黒,帝国,名詞,7,2.24,-0.81,2026-10-01
黒,巣,名詞,7,2.24,-1.44,2026-10-01
黒,普通,名詞,7,2.24,0.64,2026-10-01
黒,強し,形容詞,7,2.24,1.61,2026-10-01
黒,権力,名詞,7,2.24,2.39,2026-10-01
黒,滅びる,動詞,7,2.24,2.39,2026-10-01
黒,点,名詞,7,2.24,-0.18,2026-10-01
黒,雇う,動詞,7,2.24,2.39,2026-10-01
黒,絶える,動詞,7,2.24,1.34,2026-10-01
黒,穴,名詞,7,2.24,0.75,2026-10-01
黒,貫く,動詞,7,2.24,0.54,2026-10-01
黒,つまる,動詞,7,2.24,2.39,2026-10-01
黒,吹く,動詞,7,2.24,-1.64,2026-10-01
黒,背中,名詞,7,2.24,0.97,2026-10-01
黒,まず,副詞,7,2.24,-1.12,2026-10-01
黒,向こう,名詞,7,2.24,0.75,2026-10-01
黒,掘る,動詞,7,2.24,0.16,2026-10-01
黒,虫,名詞,7,2.24,0.07,2026-10-01
黒,最終,名詞,7,2.24,1.76,2026-10-01
黒,生け贄,名詞,7,2.24,3.12,2026-10-01
黒,速い,形容詞,7,2.24,0.16,2026-10-01
黒,匂い,名詞,7,2.24,0.97,2026-10-01
黒,番,名詞,7,2.24,-0.18,2026-10-01
黒,埋める,動詞,7,2.24,-0.25,2026-10-01
黒,視線,名詞,7,2.24,2.06,2026-10-01
黒,支払う,動詞,7,2.24,1.34,2026-10-01
黒,アショク,名詞,7,2.24,3.12,2026-10-01
黒,愛する,動詞,7,2.24,0.54,2026-10-01
黒,ヴラスカ,名詞,7,2.24,3.08,2026-10-01
黒,情け,名詞,7,2.24,3.08,2026-10-01
黒,忌まわしい,形容詞,7,2.24,1.76,2026-10-01
黒,宝,名詞,7,2.24,-0.01,2026-10-01
黒,いる,動詞,7,2.24,1.76,2026-10-01
黒,気持ち,名詞,7,2.24,0.86,2026-10-01
黒,囁き,名詞,7,2.24,0.44,2026-10-01
黒,高貴,名詞,7,2.24,2.06,2026-10-01
黒,数多く,副詞,7,2.24,1.34,2026-10-01
黒,用いる,動詞,7,2.24,0.54,2026-10-01
黒,一生,名詞,7,2.24,0.86,2026-10-01
黒,賊,名詞,7,2.24,2.91,2026-10-01
黒,餌食,名詞,7,2.24,1.09,2026-10-01
黒,貪欲,名詞,7,2.24,2.74,2026-10-01
黒,ゲス,名詞,7,2.24,1.18,2026-10-01
黒,大霊,名詞,7,2.24,1.18,2026-10-01
黒,種,名詞,7,2.24,-1.49,2026-10-01
黒,指輪,名詞,7,2.24,1.47,2026-10-01
黒,塩,名詞,7,2.24,1.61,2026-10-01
黒,星,名詞,7,2.24,-1.44,2026-10-01
黒,灰,名詞,7,2.24,-0.18,2026-10-01
黒,売る,動詞,7,2.24,1.91,2026-10-01
黒,買う,動詞,7,2.24,0.97,2026-10-01
黒,増す,動詞,7,2.24,1.09,2026-10-01
黒,村人,名詞,7,2.24,1.76,2026-10-01
黒,侵略,名詞,7,2.24,-0.62,2026-10-01
黒,狂う,動詞,7,2.24,-0.62,2026-10-01
黒,法,名詞,7,2.24,-1.64,2026-10-01
黒,皮,名詞,7,2.24,0.64,2026-10-01
黒,詰まる,動詞,7,2.24,1.61,2026-10-01
黒,場,名詞,7,2.24,-0.48,2026-10-01
黒,面白い,形容詞,7,2.24,1.91,2026-10-01
黒,狩る,動詞,7,2.24,-0.68,2026-10-01
黒,ずっと,副詞,7,2.24,-2.42,2026-10-01
黒,酸,名詞,7,2.24,3.12,2026-10-01
黒,尽きる,動詞,7,2.24,0.86,2026-10-01
黒,パーティー,名詞,7,2.24,2.56,2026-10-01
黒,楽しい,形容詞,7,2.24,-0.55,2026-10-01
黒,意識,名詞,7,2.24,-0.18,2026-10-01
黒,捕らえる,動詞,7,2.24,-0.18,2026-10-01
黒,領域,名詞,7,2.24,2.39,2026-10-01
黒,侵攻,名詞,7,2.24,0.97,2026-10-01
黒,ついに,副詞,7,2.24,-0.33,2026-10-01
黒,歴史,名詞,7,2.24,-0.88,2026-10-01
黒,優雅,名詞,7,2.24,0.97,2026-10-01
黒,境界,名詞,7,2.24,1.76,2026-10-01
黒,牙,名詞,7,2.24,-0.55,2026-10-01
黒,弱し,形容詞,7,2.24,2.74,2026-10-01
黒,要塞,名詞,7,2.24,0.75,2026-10-01
黒,害獣,名詞,7,2.24,2.56,2026-10-01
黒,香り,名詞,7,2.24,3.08,2026-10-01
黒,色,名詞,7,2.24,-0.75,2026-10-01
黒,たとえ,副詞,7,2.24,-0.25,2026-10-01
黒,砕く,動詞,7,2.24,0.25,2026-10-01
黒,寄る,動詞,7,2.24,0.75,2026-10-01
黒,糸,名詞,7,2.24,-0.55,2026-10-01
黒,誇り,名詞,7,2.24,-0.1,2026-10-01
黒,叩く,動詞,7,2.24,-0.81,2026-10-01
黒,動物,名詞,7,2.24,-0.33,2026-10-01
黒,笑う,動詞,7,2.24,0.86,2026-10-01
黒,成功,名詞,7,2.24,-0.1,2026-10-01
黒,暗闇,名詞,7,2.24,2.22,2026-10-01
黒,マラキール,名詞,7,2.24,1.18,2026-10-01
黒,生物,名詞,7,2.24,-0.68,2026-10-01
黒,ドラズ,名詞,7,2.24,3.12,2026-10-01
黒,血統,名詞,7,2.24,2.39,2026-10-01
黒,弱点,名詞,7,2.24,2.22,2026-10-01
黒,旅,名詞,7,2.24,-1.87,2026-10-01
黒,やがて,副詞,7,2.24,0.34,2026-10-01
黒,父,名詞,7,2.24,1.21,2026-10-01
黒,爆発,名詞,7,2.24,1.34,2026-10-01
黒,伝える,動詞,7,2.24,0.34,2026-10-01
黒,脆い,形容詞,7,2.24,1.76,2026-10-01
黒,鋭い,形容詞,7,2.24,-1.17,2026-10-01
黒,アブザン,名詞,7,2.24,0.07,2026-10-01
黒,関係,名詞,7,2.24,0.16,2026-10-01
黒,悪,名詞,7,2.24,1.21,2026-10-01
黒,主人,名詞,7,2.24,1.09,2026-10-01
黒,染める,動詞,7,2.24,2.39,2026-10-01
黒,殺し,名詞,7,2.24,2.06,2026-10-01
黒,次第,名詞,7,2.24,0.34,2026-10-01
黒,思える,動詞,7,2.24,0.97,2026-10-01
黒,決して,副詞,7,2.24,-2.08,2026-10-01
黒,癒し手,名詞,7,2.24,2.06,2026-10-01
黒,喰らう,動詞,7,2.24,2.56,2026-10-01
黒,フィナックス,名詞,7,2.24,3.12,2026-10-01
黒,崩壊,名詞,7,2.24,1.76,2026-10-01
黒,昔,名詞,7,2.24,-1.68,2026-10-01
黒,ドラーナ,名詞,7,2.24,1.18,2026-10-01
黒,基体,名詞,7,2.24,1.18,2026-10-01
黒,歌う,動詞,7,2.24,-1.0,2026-10-01
黒,修練,名詞,7,2.24,-0.33,2026-10-01
黒,海賊,名詞,7,2.24,0.34,2026-10-01
黒,道具,名詞,6,1.92,-0.43,2026-10-01
黒,響き,名詞,6,1.92,2.75,2026-10-01
黒,よろめく,動詞,6,1.92,2.56,2026-10-01
黒,賢い,形容詞,6,1.92,-0.19,2026-10-01
黒,一瞬,名詞,6,1.92,-1.11,2026-10-01
黒,債務,名詞,6,1.92,1.09,2026-10-01
黒,洞窟,名詞,6,1.92,0.17,2026-10-01
黒,比べる,動詞,6,1.92,0.38,2026-10-01
黒,祈る,動詞,6,1.92,-0.27,2026-10-01
黒,追放,名詞,6,1.92,2.01,2026-10-01
黒,醜い,形容詞,6,1.92,2.94,2026-10-01
黒,エサ,名詞,6,1.92,1.67,2026-10-01
黒,玉座,名詞,6,1.92,2.19,2026-10-01
黒,魅力,名詞,6,1.92,1.51,2026-10-01
黒,埋葬,名詞,6,1.92,2.56,2026-10-01
黒,中身,名詞,6,1.92,1.36,2026-10-01
黒,家族,名詞,6,1.92,-1.29,2026-10-01
黒,嘘,名詞,6,1.92,0.48,2026-10-01
黒,たまる,動詞,6,1.92,2.37,2026-10-01
黒,避ける,動詞,6,1.92,-0.79,2026-10-01
黒,止まる,動詞,6,1.92,-0.19,2026-10-01
黒,完成化,名詞,6,1.92,2.19,2026-10-01
黒,絶対,名詞,6,1.92,-0.58,2026-10-01
黒,都,名詞,6,1.92,1.51,2026-10-01
黒,泥沼,名詞,6,1.92,1.09,2026-10-01
黒,ひどい,形容詞,6,1.92,0.48,2026-10-01
黒,浄化,名詞,6,1.92,0.48,2026-10-01
黒,暗がり,名詞,6,1.92,2.92,2026-10-01
黒,今度,名詞,6,1.92,-0.35,2026-10-01
黒,理由,名詞,6,1.92,-1.84,2026-10-01
黒,生涯,名詞,6,1.92,0.38,2026-10-01
黒,宝物,名詞,6,1.92,-0.35,2026-10-01
黒,満足,名詞,6,1.92,0.38,2026-10-01
黒,たくさん,副詞,6,1.92,1.22,2026-10-01
黒,発明,名詞,6,1.92,-0.86,2026-10-01
黒,ジェイス,名詞,6,1.92,-1.97,2026-10-01
黒,ドミナリア,名詞,6,1.92,-0.51,2026-10-01
黒,容赦,名詞,6,1.92,0.08,2026-10-01
黒,済む,動詞,6,1.92,1.08,2026-10-01
黒,模倣,名詞,6,1.92,2.01,2026-10-01
黒,誕生,名詞,6,1.92,1.36,2026-10-01
黒,難しい,形容詞,6,1.92,-0.43,2026-10-01
黒,狂人,名詞,6,1.92,2.92,2026-10-01
黒,名誉,名詞,6,1.92,-1.7,2026-10-01
黒,民,名詞,6,1.92,-1.84,2026-10-01
黒,家,名詞,6,1.92,-1.29,2026-10-01
黒,実験,名詞,6,1.92,-0.99,2026-10-01
黒,腹,名詞,6,1.92,-0.86,2026-10-01
黒,みんな,名詞,6,1.92,-0.99,2026-10-01
黒,臆病,名詞,6,1.92,0.95,2026-10-01
黒,ドロス,名詞,6,1.92,1.09,2026-10-01
黒,檻,名詞,6,1.92,1.36,2026-10-01
黒,もつ,動詞,6,1.92,-1.34,2026-10-01
黒,超越,名詞,6,1.92,2.19,2026-10-01
黒,目の当たり,名詞,6,1.92,1.36,2026-10-01
黒,狙い,名詞,6,1.92,-0.43,2026-10-01
黒,幸運,名詞,6,1.92,0.83,2026-10-01
黒,峨,名詞,6,1.92,2.01,2026-10-01
黒,恐る,動詞,6,1.92,0.95,2026-10-01
黒,ただ,名詞,6,1.92,-0.86,2026-10-01
黒,浮かべる,動詞,6,1.92,1.84,2026-10-01
黒,素早い,形容詞,6,1.92,-2.01,2026-10-01
黒,住人,名詞,6,1.92,1.22,2026-10-01
黒,要求,名詞,6,1.92,2.37,2026-10-01
黒,さも,副詞,6,1.92,0.48,2026-10-01
黒,堕落,名詞,6,1.92,2.01,2026-10-01
黒,並ぶ,動詞,6,1.92,0.95,2026-10-01
黒,空気,名詞,6,1.92,0.17,2026-10-01
黒,ぶつかる,動詞,6,1.92,2.37,2026-10-01
黒,祈り,名詞,6,1.92,-0.43,2026-10-01
黒,大抵,副詞,6,1.92,0.95,2026-10-01
黒,地獄,名詞,6,1.92,1.51,2026-10-01
黒,生徒,名詞,6,1.92,-1.23,2026-10-01
黒,伴う,動詞,6,1.92,1.08,2026-10-01
黒,集まる,動詞,6,1.92,-0.01,2026-10-01
黒,脱出,名詞,6,1.92,1.51,2026-10-01
黒,古し,形容詞,6,1.92,-0.35,2026-10-01
黒,研究,名詞,6,1.92,-2.41,2026-10-01
黒,マルドゥ,名詞,6,1.92,-0.01,2026-10-01
黒,気付く,動詞,6,1.92,-0.19,2026-10-01
黒,包む,動詞,6,1.92,-0.1,2026-10-01
黒,肌,名詞,6,1.92,2.01,2026-10-01
黒,しばしば,副詞,6,1.92,0.38,2026-10-01
黒,元,名詞,6,1.92,-1.17,2026-10-01
黒,脅かす,動詞,6,1.92,0.08,2026-10-01
黒,自己,名詞,6,1.92,0.83,2026-10-01
黒,世紀,名詞,6,1.92,-0.65,2026-10-01
黒,地下,名詞,6,1.92,-0.1,2026-10-01
黒,年月,名詞,6,1.92,1.22,2026-10-01
黒,枯れる,動詞,6,1.92,2.56,2026-10-01
黒,種族,名詞,6,1.92,0.48,2026-10-01
黒,拡大,名詞,6,1.92,2.37,2026-10-01
黒,いたずら,名詞,6,1.92,1.51,2026-10-01
黒,決める,動詞,6,1.92,-1.75,2026-10-01
黒,教団,名詞,6,1.92,2.19,2026-10-01
黒,創造,名詞,6,1.92,-0.72,2026-10-01
黒,友,名詞,6,1.92,-0.86,2026-10-01
黒,致命,名詞,6,1.92,1.51,2026-10-01
黒,婆,名詞,6,1.92,1.22,2026-10-01
黒,溜める,動詞,6,1.92,2.92,2026-10-01
黒,数える,動詞,6,1.92,0.17,2026-10-01
黒,感覚,名詞,6,1.92,0.95,2026-10-01
黒,斧,名詞,6,1.92,-0.1,2026-10-01
黒,許す,動詞,6,1.92,-1.34,2026-10-01
黒,漂う,動詞,6,1.92,1.84,2026-10-01
黒,素晴らしい,形容詞,6,1.92,-1.6,2026-10-01
黒,一体,名詞,6,1.92,1.08,2026-10-01
黒,虚,名詞,6,1.92,1.09,2026-10-01
黒,惹く,動詞,6,1.92,1.22,2026-10-01
黒,見つかる,動詞,6,1.92,-1.05,2026-10-01
黒,休む,動詞,6,1.92,0.83,2026-10-01
黒,徘徊,名詞,6,1.92,2.37,2026-10-01
黒,負う,動詞,6,1.92,0.59,2026-10-01
黒,裏切る,動詞,6,1.92,2.01,2026-10-01
黒,ドラゴン,名詞,6,1.92,-3.4,2026-10-01
黒,ふさわしい,形容詞,6,1.92,0.27,2026-10-01
黒,下僕,名詞,6,1.92,2.37,2026-10-01
黒,小さい,形容詞,6,1.92,-0.72,2026-10-01
黒,陽,名詞,6,1.92,0.38,2026-10-01
黒,輝く,動詞,6,1.92,-1.79,2026-10-01
黒,渇き,名詞,6,1.92,2.92,2026-10-01
黒,折れる,動詞,6,1.92,1.67,2026-10-01
黒,一族,名詞,6,1.92,-0.43,2026-10-01
黒,一方,名詞,6,1.92,0.17,2026-10-01
黒,呼吸,名詞,6,1.92,1.67,2026-10-01
黒,我慢,名詞,6,1.92,0.71,2026-10-01
黒,何者,名詞,6,1.92,1.36,2026-10-01
黒,うろつく,動詞,6,1.92,0.83,2026-10-01
黒,連れる,動詞,6,1.92,-1.29,2026-10-01
黒,噛む,動詞,6,1.92,-0.27,2026-10-01
黒,胸,名詞,6,1.92,0.17,2026-10-01
黒,真実,名詞,6,1.92,-2.14,2026-10-01
黒,さまよう,動詞,6,1.92,2.19,2026-10-01
黒,才能,名詞,6,1.92,0.59,2026-10-01
黒,聖戦,名詞,6,1.92,0.48,2026-10-01
黒,防衛,名詞,6,1.92,-0.27,2026-10-01
黒,迷路,名詞,6,1.92,0.95,2026-10-01
黒,執行,名詞,6,1.92,2.37,2026-10-01
黒,殺害,名詞,6,1.92,2.56,2026-10-01
黒,優しい,形容詞,6,1.92,0.48,2026-10-01
黒,支払い,名詞,6,1.92,2.56,2026-10-01
黒,シディシ,名詞,6,1.92,3.02,2026-10-01
黒,木,名詞,6,1.92,-2.37,2026-10-01
黒,役目,名詞,6,1.92,1.84,2026-10-01
黒,宮殿,名詞,6,1.92,2.19,2026-10-01
黒,能力,名詞,6,1.92,-0.72,2026-10-01
黒,ポケット,名詞,6,1.92,2.92,2026-10-01
黒,この世,名詞,6,1.92,0.71,2026-10-01
黒,働く,動詞,6,1.92,0.59,2026-10-01
黒,ギデオン,名詞,6,1.92,-0.51,2026-10-01
黒,領事,名詞,6,1.92,-0.72,2026-10-01
黒,改革,名詞,6,1.92,1.22,2026-10-01
黒,ロック,名詞,6,1.92,1.36,2026-10-01
黒,後悔,名詞,6,1.92,-0.1,2026-10-01
黒,囲む,動詞,6,1.92,0.95,2026-10-01
黒,エネルギー,名詞,6,1.92,-0.65,2026-10-01
黒,まえ,名詞,6,1.92,0.95,2026-10-01
黒,マルチェッサ,名詞,6,1.92,2.94,2026-10-01
黒,野望,名詞,5,1.6,2.17,2026-10-01
黒,蹄,名詞,5,1.6,0.2,2026-10-01
黒,変わり,名詞,5,1.6,1.77,2026-10-01
黒,調和,名詞,5,1.6,-0.62,2026-10-01
黒,仕掛ける,動詞,5,1.6,0.8,2026-10-01
黒,兄,名詞,5,1.6,1.77,2026-10-01
黒,空腹,名詞,5,1.6,1.24,2026-10-01
黒,不滅,名詞,5,1.6,0.42,2026-10-01
黒,召喚,名詞,5,1.6,-0.11,2026-10-01
黒,何故,副詞,5,1.6,1.24,2026-10-01
黒,敗北,名詞,5,1.6,1.77,2026-10-01
黒,富,名詞,5,1.6,-0.29,2026-10-01
黒,超える,動詞,5,1.6,-0.7,2026-10-01
黒,死刑,名詞,5,1.6,2.73,2026-10-01
黒,裏切り,名詞,5,1.6,0.67,2026-10-01
黒,拒む,動詞,5,1.6,0.8,2026-10-01
黒,棺,名詞,5,1.6,2.73,2026-10-01
黒,いっぱい,名詞,5,1.6,1.09,2026-10-01
黒,泥棒,名詞,5,1.6,2.73,2026-10-01
黒,埋もれる,動詞,5,1.6,1.58,2026-10-01
黒,友達,名詞,5,1.6,0.67,2026-10-01
黒,忠誠,名詞,5,1.6,-1.82,2026-10-01
黒,ゆえ,名詞,5,1.6,-0.2,2026-10-01
黒,執念,名詞,5,1.6,2.73,2026-10-01
黒,狙う,動詞,5,1.6,-0.98,2026-10-01
黒,一緒,名詞,5,1.6,-1.11,2026-10-01
黒,悪し,形容詞,5,1.6,2.17,2026-10-01
黒,なす,動詞,5,1.6,0.94,2026-10-01
黒,歩,名詞,5,1.6,0.54,2026-10-01
黒,留まる,動詞,5,1.6,0.31,2026-10-01
黒,恵み,名詞,5,1.6,0.67,2026-10-01
黒,病気,名詞,5,1.6,1.0,2026-10-01
黒,段階,名詞,5,1.6,2.57,2026-10-01
黒,準備,名詞,5,1.6,-1.23,2026-10-01
黒,降る,動詞,5,1.6,-0.11,2026-10-01
黒,判断,名詞,5,1.6,2.17,2026-10-01
黒,経つ,動詞,5,1.6,0.2,2026-10-01
黒,反乱,名詞,5,1.6,2.17,2026-10-01
黒,沈む,動詞,5,1.6,-0.01,2026-10-01
黒,病,名詞,5,1.6,1.09,2026-10-01
黒,面倒,名詞,5,1.6,1.24,2026-10-01
黒,ウルザ,名詞,5,1.6,0.42,2026-10-01
黒,忘却,名詞,5,1.6,0.54,2026-10-01
黒,復活,名詞,5,1.6,0.94,2026-10-01
黒,作業,名詞,5,1.6,0.54,2026-10-01
黒,死神,名詞,5,1.6,1.0,2026-10-01
黒,屈する,動詞,5,1.6,0.94,2026-10-01
黒,デザイン,名詞,5,1.6,0.31,2026-10-01
黒,汚染,名詞,5,1.6,2.73,2026-10-01
黒,独創,名詞,5,1.6,2.37,2026-10-01
黒,船長,名詞,5,1.6,-0.38,2026-10-01
黒,程度,名詞,5,1.6,-0.2,2026-10-01
黒,墓場,名詞,5,1.6,2.73,2026-10-01
黒,ほう,名詞,5,1.6,-1.67,2026-10-01
黒,叫び声,名詞,5,1.6,-0.46,2026-10-01
黒,交渉,名詞,5,1.6,0.94,2026-10-01
黒,帳,名詞,5,1.6,2.17,2026-10-01
黒,味方,名詞,5,1.6,-0.38,2026-10-01
黒,応ずる,動詞,5,1.6,0.67,2026-10-01
黒,今夜,名詞,5,1.6,1.41,2026-10-01
黒,招く,動詞,5,1.6,-0.01,2026-10-01
黒,確信,名詞,5,1.6,2.17,2026-10-01
黒,尊敬,名詞,5,1.6,0.94,2026-10-01
黒,遺産,名詞,5,1.6,1.24,2026-10-01
黒,水,名詞,5,1.6,-2.67,2026-10-01
黒,移る,動詞,5,1.6,1.58,2026-10-01
黒,それぞれ,名詞,5,1.6,-0.54,2026-10-01
黒,腐れる,動詞,5,1.6,2.57,2026-10-01
黒,大群,名詞,5,1.6,0.94,2026-10-01
黒,汚らわしい,形容詞,5,1.6,2.73,2026-10-01
黒,上る,動詞,5,1.6,1.96,2026-10-01
黒,漁り,名詞,5,1.6,2.73,2026-10-01
黒,内,名詞,5,1.6,-0.84,2026-10-01
黒,本質,名詞,5,1.6,0.8,2026-10-01
黒,腐肉,名詞,5,1.6,2.57,2026-10-01
黒,モリオック,名詞,5,1.6,1.0,2026-10-01
黒,自体,名詞,5,1.6,-0.54,2026-10-01
黒,分かつ,動詞,5,1.6,0.2,2026-10-01
黒,残り,名詞,5,1.6,-0.62,2026-10-01
黒,護衛,名詞,5,1.6,-0.11,2026-10-01
黒,恐れ,名詞,5,1.6,-0.7,2026-10-01
黒,尋ねる,動詞,5,1.6,1.58,2026-10-01
黒,壊す,動詞,5,1.6,-1.41,2026-10-01
黒,崇拝,名詞,5,1.6,-0.2,2026-10-01
黒,生く,動詞,5,1.6,-0.29,2026-10-01
黒,一言,名詞,5,1.6,1.41,2026-10-01
黒,軍勢,名詞,5,1.6,-0.54,2026-10-01
黒,あり,名詞,5,1.6,0.42,2026-10-01
黒,二人,名詞,5,1.6,-0.98,2026-10-01
黒,廃墟,名詞,5,1.6,0.54,2026-10-01
黒,怒る,動詞,5,1.6,-1.72,2026-10-01
黒,通る,動詞,5,1.6,-2.04,2026-10-01
黒,不思議,名詞,5,1.6,0.31,2026-10-01
黒,誓う,動詞,5,1.6,-0.7,2026-10-01
黒,ねじくれる,動詞,5,1.6,2.17,2026-10-01
黒,亡骸,名詞,5,1.6,2.73,2026-10-01
黒,余る,動詞,5,1.6,1.96,2026-10-01
黒,悪臭,名詞,5,1.6,2.17,2026-10-01
黒,不運,名詞,5,1.6,2.37,2026-10-01
黒,安息,名詞,5,1.6,1.09,2026-10-01
黒,周り,名詞,5,1.6,-0.77,2026-10-01
黒,爪,名詞,5,1.6,-2.24,2026-10-01
黒,構う,動詞,5,1.6,1.58,2026-10-01
黒,現す,動詞,5,1.6,0.8,2026-10-01
黒,ジャングル,名詞,5,1.6,-0.2,2026-10-01
黒,印,名詞,5,1.6,0.09,2026-10-01
黒,魔,名詞,5,1.6,1.58,2026-10-01
黒,処刑,名詞,5,1.6,1.09,2026-10-01
黒,なかなか,副詞,5,1.6,1.09,2026-10-01
黒,暖かい,形容詞,5,1.6,2.17,2026-10-01
黒,実際,名詞,5,1.6,-0.54,2026-10-01
黒,願い,名詞,5,1.6,0.09,2026-10-01
黒,鳴らす,動詞,5,1.6,-0.11,2026-10-01
黒,類,名詞,5,1.6,1.96,2026-10-01
黒,奈落,名詞,5,1.6,2.73,2026-10-01
黒,会う,動詞,5,1.6,-0.84,2026-10-01
黒,成長,名詞,5,1.6,-2.47,2026-10-01
黒,重い,形容詞,5,1.6,-0.84,2026-10-01
黒,暴力,名詞,5,1.6,-0.2,2026-10-01
黒,味わい,名詞,5,1.6,2.73,2026-10-01
黒,保つ,動詞,5,1.6,-0.29,2026-10-01
黒,早い,形容詞,5,1.6,-1.29,2026-10-01
黒,巣穴,名詞,5,1.6,-0.01,2026-10-01
黒,リス,名詞,5,1.6,1.77,2026-10-01
黒,蜘蛛,名詞,5,1.6,-1.35,2026-10-01
黒,問う,動詞,5,1.6,0.31,2026-10-01
黒,材料,名詞,5,1.6,1.58,2026-10-01
黒,膿,名詞,5,1.6,1.0,2026-10-01
黒,興奮,名詞,5,1.6,1.96,2026-10-01
黒,あまり,副詞,5,1.6,-0.2,2026-10-01
黒,過ごす,動詞,5,1.6,-0.2,2026-10-01
黒,休息,名詞,5,1.6,0.94,2026-10-01
黒,眼差し,名詞,5,1.6,1.41,2026-10-01
黒,広める,動詞,5,1.6,1.09,2026-10-01
黒,滅ぼす,動詞,5,1.6,0.54,2026-10-01
黒,除く,動詞,5,1.6,-0.01,2026-10-01
黒,部分,名詞,5,1.6,0.09,2026-10-01
黒,食事,名詞,5,1.6,-0.01,2026-10-01
黒,舌,名詞,5,1.6,0.42,2026-10-01
黒,泥,名詞,5,1.6,1.09,2026-10-01
黒,害虫,名詞,5,1.6,1.96,2026-10-01
黒,うまい,形容詞,5,1.6,-1.17,2026-10-01
黒,冒険,名詞,5,1.6,-0.38,2026-10-01
黒,外,名詞,5,1.6,-0.84,2026-10-01
黒,開ける,動詞,5,1.6,-0.7,2026-10-01
黒,馬鹿,名詞,5,1.6,0.31,2026-10-01
黒,ズーラポート,名詞,5,1.6,1.0,2026-10-01
黒,組む,動詞,5,1.6,-0.62,2026-10-01
黒,染みる,動詞,5,1.6,2.17,2026-10-01
黒,彷徨う,動詞,5,1.6,2.73,2026-10-01
黒,さき,名詞,5,1.6,1.24,2026-10-01
黒,異端,名詞,5,1.6,1.77,2026-10-01
黒,駆除,名詞,5,1.6,1.96,2026-10-01
黒,回,名詞,5,1.6,-0.38,2026-10-01
黒,狩人,名詞,5,1.6,-2.04,2026-10-01
黒,報復,名詞,5,1.6,1.58,2026-10-01
黒,渡す,動詞,5,1.6,0.09,2026-10-01
黒,盛る,動詞,5,1.6,-0.01,2026-10-01
黒,ジャダー,名詞,5,1.6,1.0,2026-10-01
黒,喰う,動詞,5,1.6,1.58,2026-10-01
黒,献身,名詞,5,1.6,1.58,2026-10-01
黒,アヴァシン,名詞,5,1.6,-1.57,2026-10-01
黒,叶える,動詞,5,1.6,1.77,2026-10-01
黒,侵す,動詞,5,1.6,1.96,2026-10-01
黒,感謝,名詞,5,1.6,0.67,2026-10-01
黒,底,名詞,5,1.6,0.8,2026-10-01
黒,退廃,名詞,5,1.6,2.73,2026-10-01
黒,生存,名詞,5,1.6,-0.46,2026-10-01
黒,証拠,名詞,5,1.6,0.54,2026-10-01
黒,唯一,名詞,5,1.6,-0.98,2026-10-01
黒,巡回,名詞,5,1.6,0.2,2026-10-01
黒,一家,名詞,5,1.6,0.2,2026-10-01
黒,卿,名詞,5,1.6,2.17,2026-10-01
黒,正義,名詞,5,1.6,-1.77,2026-10-01
黒,一切,名詞,5,1.6,0.67,2026-10-01
黒,鎖,名詞,5,1.6,1.58,2026-10-01
黒,維持,名詞,5,1.6,0.8,2026-10-01
黒,神官,名詞,5,1.6,2.73,2026-10-01
黒,商人,名詞,5,1.6,0.67,2026-10-01
黒,古い,形容詞,5,1.6,-1.52,2026-10-01
黒,一体,副詞,5,1.6,0.42,2026-10-01
黒,招待,名詞,5,1.6,2.37,2026-10-01
黒,ウギン,名詞,5,1.6,1.58,2026-10-01
黒,放浪,名詞,5,1.6,-0.11,2026-10-01
黒,カン,名詞,5,1.6,1.09,2026-10-01
黒,末路,名詞,5,1.6,2.57,2026-10-01
黒,発見,名詞,5,1.6,-0.62,2026-10-01
黒,多元,名詞,5,1.6,-1.23,2026-10-01
黒,両方,名詞,5,1.6,-1.17,2026-10-01
黒,目撃,名詞,5,1.6,0.8,2026-10-01
黒,カラストリア,名詞,5,1.6,1.0,2026-10-01
黒,同盟,名詞,5,1.6,1.58,2026-10-01
黒,もはや,副詞,5,1.6,-0.29,2026-10-01
黒,加える,動詞,5,1.6,0.31,2026-10-01
黒,膨らます,動詞,5,1.6,2.73,2026-10-01
黒,流,名詞,5,1.6,2.73,2026-10-01
黒,深淵,名詞,5,1.6,1.58,2026-10-01
黒,助ける,動詞,5,1.6,-0.38,2026-10-01
黒,宿る,動詞,5,1.6,0.67,2026-10-01
黒,府,名詞,5,1.6,-0.91,2026-10-01
黒,活動,名詞,5,1.6,1.96,2026-10-01
黒,書く,動詞,5,1.6,-0.62,2026-10-01
黒,みな,名詞,5,1.6,-0.77,2026-10-01
黒,ナクタムン,名詞,5,1.6,0.8,2026-10-01
黒,試す,動詞,5,1.6,-0.77,2026-10-01
黒,船,名詞,5,1.6,-2.0,2026-10-01
黒,魔王,名詞,5,1.6,1.0,2026-10-01
黒,失せる,動詞,5,1.6,1.96,2026-10-01
黒,親切,名詞,5,1.6,2.17,2026-10-01
黒,忍ぶ,動詞,5,1.6,-0.01,2026-10-01
黒,砂漠,名詞,5,1.6,-0.62,2026-10-01
黒,狼,名詞,5,1.6,-1.82,2026-10-01
黒,客,名詞,5,1.6,0.67,2026-10-01
黒,観客,名詞,5,1.6,1.41,2026-10-01
黒,ドゥーム,名詞,4,1.28,1.94,2026-10-01
黒,最強,名詞,4,1.28,-0.91,2026-10-01
黒,頼む,動詞,4,1.28,0.35,2026-10-01
黒,使い,名詞,4,1.28,0.35,2026-10-01
黒,とどめる,動詞,4,1.28,1.71,2026-10-01
黒,動き,名詞,4,1.28,-0.83,2026-10-01
黒,あがる,動詞,4,1.28,1.3,2026-10-01
黒,ヴァルガヴォス,名詞,4,1.28,1.3,2026-10-01
黒,館,名詞,4,1.28,1.11,2026-10-01
黒,信者,名詞,4,1.28,0.94,2026-10-01
黒,娘,名詞,4,1.28,1.3,2026-10-01
黒,晩,名詞,4,1.28,1.71,2026-10-01
黒,せい,名詞,4,1.28,-0.59,2026-10-01
黒,底なし,名詞,4,1.28,2.38,2026-10-01
黒,欠片,名詞,4,1.28,0.94,2026-10-01
黒,誘う,動詞,4,1.28,0.63,2026-10-01
黒,文句,名詞,4,1.28,2.47,2026-10-01
黒,命ずる,動詞,4,1.28,-0.12,2026-10-01
黒,値,名詞,4,1.28,-0.83,2026-10-01
黒,砂,名詞,4,1.28,-0.22,2026-10-01
黒,喪失,名詞,4,1.28,2.47,2026-10-01
黒,読む,動詞,4,1.28,-1.31,2026-10-01
黒,背後,名詞,4,1.28,0.35,2026-10-01
黒,塗る,動詞,4,1.28,0.78,2026-10-01
黒,秘める,動詞,4,1.28,0.78,2026-10-01
黒,虐殺,名詞,4,1.28,2.17,2026-10-01
黒,経験,名詞,4,1.28,-0.22,2026-10-01
黒,瘴気,名詞,4,1.28,2.47,2026-10-01
黒,絆,名詞,4,1.28,-0.5,2026-10-01
黒,つながる,動詞,4,1.28,0.94,2026-10-01
黒,戻れる,動詞,4,1.28,2.47,2026-10-01
黒,循環,名詞,4,1.28,1.11,2026-10-01
黒,狂信,名詞,4,1.28,1.3,2026-10-01
黒,迫る,動詞,4,1.28,-1.7,2026-10-01
黒,鍛える,動詞,4,1.28,-2.27,2026-10-01
黒,暴虐,名詞,4,1.28,2.38,2026-10-01
黒,食らう,動詞,4,1.28,1.71,2026-10-01
黒,飛ばす,動詞,4,1.28,-1.31,2026-10-01
黒,限り,名詞,4,1.28,-1.75,2026-10-01
黒,応える,動詞,4,1.28,-1.54,2026-10-01
黒,強大,名詞,4,1.28,0.1,2026-10-01
黒,酷い,形容詞,4,1.28,1.71,2026-10-01
黒,報い,名詞,4,1.28,1.11,2026-10-01
黒,感染,名詞,4,1.28,1.94,2026-10-01
黒,無限,名詞,4,1.28,-0.91,2026-10-01
黒,資源,名詞,4,1.28,2.17,2026-10-01
黒,エヴィンカー,名詞,4,1.28,2.47,2026-10-01
黒,バジリスク,名詞,4,1.28,1.71,2026-10-01
黒,ヨーグモス,名詞,4,1.28,2.38,2026-10-01
黒,例外,名詞,4,1.28,0.78,2026-10-01
黒,霊魂,名詞,4,1.28,0.63,2026-10-01
黒,指,名詞,4,1.28,-0.32,2026-10-01
黒,困難,名詞,4,1.28,-0.41,2026-10-01
黒,よそ者,名詞,4,1.28,0.63,2026-10-01
黒,所,名詞,4,1.28,-0.32,2026-10-01
黒,最低,名詞,4,1.28,2.47,2026-10-01
黒,傾ける,動詞,4,1.28,0.63,2026-10-01
黒,まみれる,動詞,4,1.28,1.71,2026-10-01
黒,カリタス,名詞,4,1.28,nan,2026-10-01
黒,権利,名詞,4,1.28,0.63,2026-10-01
黒,財産,名詞,4,1.28,1.94,2026-10-01
黒,蜂,名詞,4,1.28,2.47,2026-10-01
黒,かすれる,動詞,4,1.28,2.47,2026-10-01
黒,空間,名詞,4,1.28,1.11,2026-10-01
黒,趣味,名詞,4,1.28,2.47,2026-10-01
黒,確保,名詞,4,1.28,0.94,2026-10-01
黒,磨く,動詞,4,1.28,0.35,2026-10-01
黒,不幸,名詞,4,1.28,1.3,2026-10-01
黒,荒らす,動詞,4,1.28,0.78,2026-10-01
黒,殉教,名詞,4,1.28,nan,2026-10-01
黒,増大,名詞,4,1.28,2.47,2026-10-01
黒,まく,動詞,4,1.28,2.17,2026-10-01
黒,人形,名詞,4,1.28,1.71,2026-10-01
黒,濃い,形容詞,4,1.28,2.38,2026-10-01
黒,屍肉,名詞,4,1.28,2.47,2026-10-01
黒,奥深い,形容詞,4,1.28,-0.32,2026-10-01
黒,漁る,動詞,4,1.28,1.94,2026-10-01
黒,下層,名詞,4,1.28,1.11,2026-10-01
黒,笑み,名詞,4,1.28,1.11,2026-10-01
黒,光景,名詞,4,1.28,-0.12,2026-10-01
黒,震える,動詞,4,1.28,-0.01,2026-10-01
黒,及ぶ,動詞,4,1.28,0.1,2026-10-01
黒,周囲,名詞,4,1.28,-0.22,2026-10-01
黒,導き,名詞,4,1.28,0.78,2026-10-01
黒,究極,名詞,4,1.28,0.63,2026-10-01
黒,熱,名詞,4,1.28,-1.37,2026-10-01
黒,潜める,動詞,4,1.28,2.17,2026-10-01
黒,挑む,動詞,4,1.28,-0.5,2026-10-01
黒,すぐさま,副詞,4,1.28,0.78,2026-10-01
黒,答え,名詞,4,1.28,-1.48,2026-10-01
黒,勝ち目,名詞,4,1.28,1.11,2026-10-01
黒,厳しい,形容詞,4,1.28,-0.5,2026-10-01
黒,窓,名詞,4,1.28,0.48,2026-10-01
黒,すする,動詞,4,1.28,2.47,2026-10-01
黒,うんざり,副詞,4,1.28,2.17,2026-10-01
黒,いま,名詞,4,1.28,-0.83,2026-10-01
黒,ヤツ,名詞,4,1.28,0.78,2026-10-01
黒,初めて,副詞,4,1.28,-1.37,2026-10-01
黒,村々,名詞,4,1.28,1.94,2026-10-01
黒,最中,名詞,4,1.28,0.63,2026-10-01
黒,生き残り,名詞,4,1.28,-0.41,2026-10-01
黒,かく,副詞,4,1.28,0.35,2026-10-01
黒,日々,名詞,4,1.28,-0.75,2026-10-01
黒,抱える,動詞,4,1.28,0.78,2026-10-01
黒,守り,名詞,4,1.28,-1.54,2026-10-01
黒,鎮める,動詞,4,1.28,0.48,2026-10-01
黒,賛歌,名詞,4,1.28,2.38,2026-10-01
黒,禁ずる,動詞,4,1.28,1.71,2026-10-01
黒,市,名詞,4,1.28,-0.12,2026-10-01
黒,凍る,動詞,4,1.28,-0.41,2026-10-01
黒,袋,名詞,4,1.28,2.17,2026-10-01
黒,好物,名詞,4,1.28,1.71,2026-10-01
黒,肺,名詞,4,1.28,1.71,2026-10-01
黒,参加,名詞,4,1.28,-0.01,2026-10-01
黒,橋,名詞,4,1.28,0.48,2026-10-01
黒,祭壇,名詞,4,1.28,1.71,2026-10-01
黒,部隊,名詞,4,1.28,-0.67,2026-10-01
黒,脈打つ,動詞,4,1.28,1.94,2026-10-01
黒,許可,名詞,4,1.28,0.48,2026-10-01
黒,悲劇,名詞,4,1.28,0.78,2026-10-01
黒,えてして,副詞,4,1.28,nan,2026-10-01
黒,愛,名詞,4,1.28,-0.98,2026-10-01
黒,咲く,動詞,4,1.28,0.63,2026-10-01
黒,様,名詞,4,1.28,0.48,2026-10-01
黒,縫う,動詞,4,1.28,1.3,2026-10-01
黒,作戦,名詞,4,1.28,0.48,2026-10-01
黒,低い,形容詞,4,1.28,1.11,2026-10-01
黒,戦利,名詞,4,1.28,1.3,2026-10-01
黒,像,名詞,4,1.28,0.48,2026-10-01
黒,旅人,名詞,4,1.28,-0.98,2026-10-01
黒,氷,名詞,4,1.28,-1.31,2026-10-01
黒,手中,名詞,4,1.28,2.17,2026-10-01
黒,柔らかい,形容詞,4,1.28,2.47,2026-10-01
黒,大量,名詞,4,1.28,1.5,2026-10-01
黒,麻痺,名詞,4,1.28,1.94,2026-10-01
黒,風味,名詞,4,1.28,2.47,2026-10-01
黒,移動,名詞,4,1.28,-0.91,2026-10-01
黒,無くなる,動詞,4,1.28,1.3,2026-10-01
黒,やっと,副詞,4,1.28,0.94,2026-10-01
黒,穢れる,動詞,4,1.28,2.38,2026-10-01
黒,任せる,動詞,4,1.28,-0.67,2026-10-01
黒,安らぎ,名詞,4,1.28,0.94,2026-10-01
黒,こだま,名詞,4,1.28,0.78,2026-10-01
黒,蔦,名詞,4,1.28,-0.01,2026-10-01
黒,奴隷,名詞,4,1.28,1.94,2026-10-01
黒,すでに,副詞,4,1.28,-1.05,2026-10-01
黒,酔う,動詞,4,1.28,2.38,2026-10-01
黒,槍,名詞,4,1.28,-2.19,2026-10-01
黒,助け,名詞,4,1.28,-1.31,2026-10-01
黒,強奪,名詞,4,1.28,nan,2026-10-01
黒,ペット,名詞,4,1.28,-0.41,2026-10-01
黒,栄える,動詞,4,1.28,1.3,2026-10-01
黒,棘,名詞,4,1.28,-0.98,2026-10-01
黒,面,名詞,4,1.28,-1.25,2026-10-01
黒,衰える,動詞,4,1.28,1.5,2026-10-01
黒,迷宮,名詞,4,1.28,1.3,2026-10-01
黒,気分,名詞,4,1.28,-0.59,2026-10-01
黒,織り手,名詞,4,1.28,1.94,2026-10-01
黒,選別,名詞,4,1.28,2.38,2026-10-01
黒,羽根,名詞,4,1.28,1.11,2026-10-01
黒,変わり身,名詞,4,1.28,1.3,2026-10-01
黒,秩序,名詞,4,1.28,-0.75,2026-10-01
黒,絶え間,名詞,4,1.28,0.63,2026-10-01
黒,ウーナ,名詞,4,1.28,1.5,2026-10-01
黒,捕らわれる,動詞,4,1.28,2.38,2026-10-01
黒,同時,名詞,4,1.28,-1.43,2026-10-01
黒,ツキノテブクロ,名詞,4,1.28,2.47,2026-10-01
黒,囚われる,動詞,4,1.28,1.71,2026-10-01
黒,触る,動詞,4,1.28,1.5,2026-10-01
黒,結ぶ,動詞,4,1.28,-1.12,2026-10-01
黒,王国,名詞,4,1.28,-1.43,2026-10-01
黒,燃えがら,名詞,4,1.28,1.3,2026-10-01
黒,逆,名詞,4,1.28,0.78,2026-10-01
黒,イルリア,名詞,4,1.28,2.38,2026-10-01
黒,使命,名詞,4,1.28,-0.22,2026-10-01
黒,巨人,名詞,4,1.28,-3.07,2026-10-01
黒,死骸,名詞,4,1.28,1.94,2026-10-01
黒,カターリ,名詞,4,1.28,2.47,2026-10-01
黒,末,名詞,4,1.28,1.11,2026-10-01
黒,減る,動詞,4,1.28,1.71,2026-10-01
黒,仕留める,動詞,4,1.28,1.11,2026-10-01
黒,争い,名詞,4,1.28,-0.67,2026-10-01
黒,当てる,動詞,4,1.28,0.94,2026-10-01
黒,喜ばしい,形容詞,4,1.28,2.38,2026-10-01
黒,降りる,動詞,4,1.28,-0.12,2026-10-01
黒,育つ,動詞,4,1.28,-1.59,2026-10-01
黒,もし,副詞,4,1.28,-0.01,2026-10-01
黒,陰惨,名詞,4,1.28,nan,2026-10-01
黒,扱う,動詞,4,1.28,0.35,2026-10-01
黒,沈黙,名詞,4,1.28,0.48,2026-10-01
黒,たった,副詞,4,1.28,0.48,2026-10-01
黒,遺物,名詞,4,1.28,-0.22,2026-10-01
黒,物語,名詞,4,1.28,-2.07,2026-10-01
黒,任務,名詞,4,1.28,0.22,2026-10-01
黒,古代,名詞,4,1.28,-2.19,2026-10-01
黒,たどる,動詞,4,1.28,-0.12,2026-10-01
黒,残骸,名詞,4,1.28,0.48,2026-10-01
黒,役割,名詞,4,1.28,0.48,2026-10-01
黒,だめ,名詞,4,1.28,0.94,2026-10-01
黒,子ども,名詞,4,1.28,1.5,2026-10-01
黒,脚,名詞,4,1.28,1.3,2026-10-01
黒,ぬかるみ,名詞,4,1.28,2.47,2026-10-01
黒,夕食,名詞,4,1.28,1.11,2026-10-01
黒,隊長,名詞,4,1.28,-0.01,2026-10-01
黒,登る,動詞,4,1.28,-0.41,2026-10-01
黒,剥ぐ,動詞,4,1.28,2.38,2026-10-01
黒,故,名詞,4,1.28,0.94,2026-10-01
黒,おぞましい,形容詞,4,1.28,1.3,2026-10-01
黒,現場,名詞,4,1.28,0.63,2026-10-01
黒,器,名詞,4,1.28,1.71,2026-10-01
黒,神聖,名詞,4,1.28,-0.67,2026-10-01
黒,悟る,動詞,4,1.28,0.78,2026-10-01
黒,部品,名詞,4,1.28,1.71,2026-10-01
黒,話す,動詞,4,1.28,-0.59,2026-10-01
黒,理想,名詞,4,1.28,-0.91,2026-10-01
黒,技,名詞,4,1.28,-1.54,2026-10-01
黒,情報,名詞,4,1.28,-0.83,2026-10-01
黒,褒美,名詞,4,1.28,2.17,2026-10-01
黒,静まる,動詞,4,1.28,0.63,2026-10-01
黒,まあ,副詞,4,1.28,-0.67,2026-10-01
黒,鳴る,動詞,4,1.28,-1.05,2026-10-01
黒,回収,名詞,4,1.28,1.94,2026-10-01
黒,皇,名詞,4,1.28,0.35,2026-10-01
黒,食糧,名詞,4,1.28,2.38,2026-10-01
黒,つまり,副詞,4,1.28,0.1,2026-10-01
黒,今宵,名詞,4,1.28,1.71,2026-10-01
黒,ガヴォニー,名詞,4,1.28,1.5,2026-10-01
黒,娯楽,名詞,4,1.28,1.94,2026-10-01
黒,恨み,名詞,4,1.28,0.48,2026-10-01
黒,芸術,名詞,4,1.28,-0.12,2026-10-01
黒,1人,名詞,4,1.28,1.11,2026-10-01
黒,費やす,動詞,4,1.28,1.11,2026-10-01
黒,陛下,名詞,4,1.28,1.5,2026-10-01
黒,家畜,名詞,4,1.28,1.71,2026-10-01
黒,誉れ,名詞,4,1.28,1.11,2026-10-01
黒,先祖,名詞,4,1.28,-0.67,2026-10-01
黒,悦楽,名詞,4,1.28,nan,2026-10-01
黒,一口,名詞,4,1.28,1.71,2026-10-01
黒,近道,名詞,4,1.28,0.78,2026-10-01
黒,敵対,名詞,4,1.28,1.3,2026-10-01
黒,舞う,動詞,4,1.28,-1.05,2026-10-01
黒,軽蔑,名詞,4,1.28,1.71,2026-10-01
黒,位置,名詞,4,1.28,0.78,2026-10-01
黒,施す,動詞,4,1.28,1.71,2026-10-01
黒,かじる,動詞,4,1.28,2.17,2026-10-01
黒,讃える,動詞,4,1.28,1.71,2026-10-01
黒,ミノタウルス,名詞,4,1.28,-0.83,2026-10-01
黒,仮面,名詞,4,1.28,0.48,2026-10-01
黒,膝,名詞,4,1.28,1.71,2026-10-01
黒,鞭,名詞,4,1.28,0.94,2026-10-01
黒,葬る,動詞,4,1.28,2.47,2026-10-01
黒,いまだ,副詞,4,1.28,-0.01,2026-10-01
黒,管理,名詞,4,1.28,0.22,2026-10-01
黒,授ける,動詞,4,1.28,-0.83,2026-10-01
黒,不快,名詞,4,1.28,0.94,2026-10-01
黒,捕食,名詞,4,1.28,-1.84,2026-10-01
黒,過ち,名詞,4,1.28,-0.01,2026-10-01
黒,期待,名詞,4,1.28,-0.32,2026-10-01
黒,十分,副詞,4,1.28,-0.01,2026-10-01
黒,快楽,名詞,4,1.28,1.71,2026-10-01
黒,帰還,名詞,4,1.28,-0.01,2026-10-01
黒,ラクシャーサ,名詞,4,1.28,2.47,2026-10-01
黒,氏族,名詞,4,1.28,-0.41,2026-10-01
黒,バーシンセー,名詞,4,1.28,2.47,2026-10-01
黒,古,名詞,4,1.28,0.78,2026-10-01
黒,記す,動詞,4,1.28,0.78,2026-10-01
黒,描く,動詞,4,1.28,-0.67,2026-10-01
黒,出現,名詞,4,1.28,0.35,2026-10-01
黒,嫌う,動詞,4,1.28,0.1,2026-10-01
黒,川,名詞,4,1.28,-2.59,2026-10-01
黒,水晶,名詞,4,1.28,-0.12,2026-10-01
黒,放る,動詞,4,1.28,0.35,2026-10-01
黒,致死,名詞,4,1.28,2.47,2026-10-01
黒,陥る,動詞,4,1.28,0.78,2026-10-01
黒,衝動,名詞,4,1.28,1.3,2026-10-01
黒,ダール,名詞,4,1.28,nan,2026-10-01
黒,オーメン,名詞,4,1.28,2.38,2026-10-01
黒,明日,名詞,4,1.28,-1.05,2026-10-01
黒,予測,名詞,4,1.28,-0.32,2026-10-01
黒,侍臣,名詞,4,1.28,0.1,2026-10-01
黒,蠍,名詞,4,1.28,2.38,2026-10-01
黒,生前,名詞,4,1.28,1.3,2026-10-01
黒,断,名詞,4,1.28,2.47,2026-10-01
黒,酒場,名詞,4,1.28,1.71,2026-10-01
黒,野郎,名詞,4,1.28,-0.12,2026-10-01
黒,祖先,名詞,4,1.28,-0.67,2026-10-01
黒,黙る,動詞,4,1.28,0.78,2026-10-01
黒,雲,名詞,4,1.28,-2.76,2026-10-01
黒,違い,名詞,4,1.28,-0.75,2026-10-01
黒,収める,動詞,4,1.28,1.3,2026-10-01
黒,若い,形容詞,4,1.28,-0.5,2026-10-01
黒,教授,名詞,4,1.28,0.94,2026-10-01
黒,オリーク,名詞,4,1.28,2.47,2026-10-01
黒,ストリクスヘイヴン,名詞,4,1.28,0.48,2026-10-01
黒,疲れる,動詞,4,1.28,0.63,2026-10-01
黒,噂,名詞,4,1.28,0.22,2026-10-01
黒,勢,名詞,4,1.28,nan,2026-10-01
黒,脅威,名詞,4,1.28,-1.84,2026-10-01
黒,アクロゾズ,名詞,4,1.28,2.17,2026-10-01
黒,マイコイド,名詞,4,1.28,1.71,2026-10-01
黒,族,名詞,4,1.28,2.38,2026-10-01
黒,ヒドラ,名詞,4,1.28,2.47,2026-10-01
黒,信用,名詞,3,0.96,1.18,2026-10-01
黒,長ける,動詞,3,0.96,0.42,2026-10-01
黒,凄腕,名詞,3,0.96,nan,2026-10-01
黒,正確,名詞,3,0.96,-1.39,2026-10-01
黒,世,名詞,3,0.96,-0.01,2026-10-01
黒,死人,名詞,3,0.96,1.68,2026-10-01
黒,痕跡,名詞,3,0.96,-0.65,2026-10-01
黒,略奪,名詞,3,0.96,-1.33,2026-10-01
黒,刺客,名詞,3,0.96,nan,2026-10-01
黒,強化,名詞,3,0.96,-0.01,2026-10-01
黒,誘惑,名詞,3,0.96,0.77,2026-10-01
黒,刻む,動詞,3,0.96,-2.14,2026-10-01
黒,掴む,動詞,3,0.96,-0.36,2026-10-01
黒,城壁,名詞,3,0.96,0.27,2026-10-01
黒,ランタン,名詞,3,0.96,0.27,2026-10-01
黒,そう,名詞,3,0.96,0.27,2026-10-01
黒,雄叫び,名詞,3,0.96,-0.01,2026-10-01
黒,叶う,動詞,3,0.96,0.42,2026-10-01
黒,始まり,名詞,3,0.96,-1.51,2026-10-01
黒,繋がる,動詞,3,0.96,-0.01,2026-10-01
黒,抱く,動詞,3,0.96,-0.99,2026-10-01
黒,しめる,動詞,3,0.96,0.96,2026-10-01
黒,つくる,動詞,3,0.96,0.27,2026-10-01
黒,嘆願,名詞,3,0.96,1.68,2026-10-01
黒,合唱,名詞,3,0.96,0.77,2026-10-01
黒,無害,名詞,3,0.96,0.59,2026-10-01
黒,築く,動詞,3,0.96,-0.74,2026-10-01
黒,気づく,動詞,3,0.96,-2.14,2026-10-01
黒,禿鷹,名詞,3,0.96,nan,2026-10-01
黒,辛い,形容詞,3,0.96,1.42,2026-10-01
黒,程遠い,形容詞,3,0.96,1.68,2026-10-01
黒,無力,名詞,3,0.96,0.59,2026-10-01
黒,もと,名詞,3,0.96,-1.2,2026-10-01
黒,羽,名詞,3,0.96,-0.83,2026-10-01
黒,退屈,名詞,3,0.96,-0.13,2026-10-01
黒,疑問,名詞,3,0.96,-0.01,2026-10-01
黒,薄い,形容詞,3,0.96,-0.01,2026-10-01
黒,興味,名詞,3,0.96,-1.57,2026-10-01
黒,穿つ,動詞,3,0.96,nan,2026-10-01
黒,つめる,動詞,3,0.96,-1.13,2026-10-01
黒,場面,名詞,3,0.96,1.94,2026-10-01
黒,積む,動詞,3,0.96,0.96,2026-10-01
黒,達する,動詞,3,0.96,-0.46,2026-10-01
黒,結末,名詞,3,0.96,0.77,2026-10-01
黒,澄ます,動詞,3,0.96,1.18,2026-10-01
黒,侯,名詞,3,0.96,nan,2026-10-01
黒,食物,名詞,3,0.96,0.96,2026-10-01
黒,渦巻く,動詞,3,0.96,-0.01,2026-10-01
黒,化け物,名詞,3,0.96,-0.25,2026-10-01
黒,要る,動詞,3,0.96,0.96,2026-10-01
黒,暴れる,動詞,3,0.96,-0.25,2026-10-01
黒,小物,名詞,3,0.96,1.42,2026-10-01
黒,覚ます,動詞,3,0.96,-0.74,2026-10-01
黒,信奉,名詞,3,0.96,-0.13,2026-10-01
黒,塊,名詞,3,0.96,1.42,2026-10-01
黒,腐食,名詞,3,0.96,nan,2026-10-01
黒,サルカン,名詞,3,0.96,-0.91,2026-10-01
黒,平和,名詞,3,0.96,-2.82,2026-10-01
黒,犬,名詞,3,0.96,-0.83,2026-10-01
黒,空っぽ,名詞,3,0.96,0.59,2026-10-01
黒,大笑い,名詞,3,0.96,nan,2026-10-01
黒,覚悟,名詞,3,0.96,-1.06,2026-10-01
黒,繁殖,名詞,3,0.96,0.27,2026-10-01
黒,美味い,形容詞,3,0.96,0.77,2026-10-01
黒,滑る,動詞,3,0.96,0.59,2026-10-01
黒,皮膚,名詞,3,0.96,-0.25,2026-10-01
黒,代価,名詞,3,0.96,1.94,2026-10-01
黒,将軍,名詞,3,0.96,-0.65,2026-10-01
黒,司教,名詞,3,0.96,nan,2026-10-01
黒,メモ,名詞,3,0.96,1.68,2026-10-01
黒,ようやく,副詞,3,0.96,0.12,2026-10-01
黒,比較,名詞,3,0.96,1.18,2026-10-01
黒,ドルイド,名詞,3,0.96,-2.22,2026-10-01
黒,始め,名詞,3,0.96,1.42,2026-10-01
黒,土地,名詞,3,0.96,-2.4,2026-10-01
黒,タール,名詞,3,0.96,0.42,2026-10-01
黒,永久,名詞,3,0.96,0.59,2026-10-01
黒,痛める,動詞,3,0.96,1.42,2026-10-01
黒,ナラー,名詞,3,0.96,-1.06,2026-10-01
黒,チャンドラ,名詞,3,0.96,-2.05,2026-10-01
黒,幸せ,名詞,3,0.96,0.59,2026-10-01
黒,歯向かう,動詞,3,0.96,1.94,2026-10-01
黒,赦し,名詞,3,0.96,1.94,2026-10-01
黒,崇める,動詞,3,0.96,0.27,2026-10-01
黒,強欲,名詞,3,0.96,0.27,2026-10-01
黒,手下,名詞,3,0.96,0.59,2026-10-01
黒,反発,名詞,3,0.96,nan,2026-10-01
黒,商売,名詞,3,0.96,0.59,2026-10-01
黒,ころ,名詞,3,0.96,0.59,2026-10-01
黒,おとり,名詞,3,0.96,nan,2026-10-01
黒,鍵,名詞,3,0.96,-1.06,2026-10-01
黒,塔,名詞,3,0.96,-1.33,2026-10-01
黒,終末,名詞,3,0.96,0.12,2026-10-01
黒,開始,名詞,3,0.96,0.96,2026-10-01
黒,かすり傷,名詞,3,0.96,1.94,2026-10-01
黒,散らす,動詞,3,0.96,0.12,2026-10-01
黒,値段,名詞,3,0.96,1.94,2026-10-01
黒,僧,名詞,3,0.96,-1.33,2026-10-01
黒,財宝,名詞,3,0.96,0.59,2026-10-01
黒,母,名詞,3,0.96,-0.56,2026-10-01
黒,住処,名詞,3,0.96,-1.13,2026-10-01
黒,お気に入り,名詞,3,0.96,0.59,2026-10-01
黒,汚す,動詞,3,0.96,-0.13,2026-10-01
黒,殻,名詞,3,0.96,-0.56,2026-10-01
黒,最古,名詞,3,0.96,1.68,2026-10-01
黒,暴君,名詞,3,0.96,-0.36,2026-10-01
黒,正体,名詞,3,0.96,1.42,2026-10-01
黒,定める,動詞,3,0.96,-0.25,2026-10-01
黒,不安,名詞,3,0.96,0.77,2026-10-01
黒,吸収,名詞,3,0.96,1.18,2026-10-01
黒,踊る,動詞,3,0.96,-1.2,2026-10-01
黒,消化,名詞,3,0.96,1.18,2026-10-01
黒,狂乱,名詞,3,0.96,1.42,2026-10-01
黒,轟く,動詞,3,0.96,0.12,2026-10-01
黒,天,名詞,3,0.96,-0.74,2026-10-01
黒,喉元,名詞,3,0.96,nan,2026-10-01
黒,感情,名詞,3,0.96,-0.13,2026-10-01
黒,笑い声,名詞,3,0.96,0.12,2026-10-01
黒,動かす,動詞,3,0.96,-1.13,2026-10-01
黒,ぶつ,動詞,3,0.96,-0.99,2026-10-01
黒,つぶす,動詞,3,0.96,0.27,2026-10-01
黒,流れ,名詞,3,0.96,-1.97,2026-10-01
黒,一夜,名詞,3,0.96,1.42,2026-10-01
黒,水面,名詞,3,0.96,-0.65,2026-10-01
黒,世代,名詞,3,0.96,-2.1,2026-10-01
黒,直後,名詞,3,0.96,1.94,2026-10-01
黒,毎夜,名詞,3,0.96,1.42,2026-10-01
黒,寒い,形容詞,3,0.96,-0.46,2026-10-01
黒,正気,名詞,3,0.96,0.12,2026-10-01
黒,砕ける,動詞,3,0.96,-1.45,2026-10-01
黒,滴る,動詞,3,0.96,1.18,2026-10-01
黒,自信,名詞,3,0.96,-0.01,2026-10-01
黒,若者,名詞,3,0.96,0.96,2026-10-01
黒,発する,動詞,3,0.96,0.12,2026-10-01
黒,盗人,名詞,3,0.96,0.96,2026-10-01
黒,かまう,動詞,3,0.96,1.94,2026-10-01
黒,紡ぐ,動詞,3,0.96,0.59,2026-10-01
黒,染まる,動詞,3,0.96,1.42,2026-10-01
黒,公平,名詞,3,0.96,1.18,2026-10-01
黒,蟲,名詞,3,0.96,nan,2026-10-01
黒,鼻,名詞,3,0.96,0.27,2026-10-01
黒,取り引き,名詞,3,0.96,nan,2026-10-01
黒,隷属,名詞,3,0.96,1.68,2026-10-01
黒,鐘,名詞,3,0.96,0.59,2026-10-01
黒,定め,名詞,3,0.96,-0.01,2026-10-01
黒,慎重,名詞,3,0.96,0.59,2026-10-01
黒,下水,名詞,3,0.96,1.68,2026-10-01
黒,たてる,動詞,3,0.96,1.42,2026-10-01
黒,外套,名詞,3,0.96,0.77,2026-10-01
黒,服,名詞,3,0.96,1.42,2026-10-01
黒,運,名詞,3,0.96,-0.25,2026-10-01
黒,事態,名詞,3,0.96,-0.01,2026-10-01
黒,回す,動詞,3,0.96,-0.65,2026-10-01
黒,シミック,名詞,3,0.96,-0.74,2026-10-01
黒,責任,名詞,3,0.96,-0.13,2026-10-01
黒,首領,名詞,3,0.96,nan,2026-10-01
黒,タシグル,名詞,3,0.96,nan,2026-10-01
黒,通過,名詞,3,0.96,0.59,2026-10-01
黒,旋律,名詞,3,0.96,1.68,2026-10-01
黒,つなぐ,動詞,3,0.96,-0.01,2026-10-01
黒,虚空,名詞,3,0.96,0.96,2026-10-01
黒,信じる,動詞,3,0.96,-0.99,2026-10-01
黒,リズム,名詞,3,0.96,1.68,2026-10-01
黒,死肉,名詞,3,0.96,1.94,2026-10-01
黒,一目,名詞,3,0.96,0.77,2026-10-01
黒,余地,名詞,3,0.96,-0.36,2026-10-01
黒,伝説,名詞,3,0.96,-1.2,2026-10-01
黒,謎,名詞,3,0.96,-1.33,2026-10-01
黒,白い,形容詞,3,0.96,-0.01,2026-10-01
黒,規則,名詞,3,0.96,0.59,2026-10-01
黒,内側,名詞,3,0.96,0.42,2026-10-01
黒,化する,動詞,3,0.96,-0.13,2026-10-01
黒,テリシア,名詞,3,0.96,0.77,2026-10-01
黒,湖,名詞,3,0.96,0.96,2026-10-01
黒,曲がる,動詞,3,0.96,1.94,2026-10-01
黒,赤い,形容詞,3,0.96,-0.36,2026-10-01
黒,衝撃,名詞,3,0.96,0.42,2026-10-01
黒,損失,名詞,3,0.96,1.94,2026-10-01
黒,反逆,名詞,3,0.96,0.96,2026-10-01
黒,差,名詞,3,0.96,nan,2026-10-01
黒,居,名詞,3,0.96,-0.13,2026-10-01
黒,墳墓,名詞,3,0.96,nan,2026-10-01
黒,滋養,名詞,3,0.96,1.18,2026-10-01
黒,スリヴァー,名詞,3,0.96,-1.73,2026-10-01
黒,長生き,名詞,3,0.96,0.77,2026-10-01
黒,しかと,副詞,3,0.96,nan,2026-10-01
黒,定まる,動詞,3,0.96,nan,2026-10-01
黒,関わる,動詞,3,0.96,0.59,2026-10-01
黒,繰る,動詞,3,0.96,-0.46,2026-10-01
黒,下げる,動詞,3,0.96,0.96,2026-10-01
黒,樹,名詞,3,0.96,-2.05,2026-10-01
黒,遅い,形容詞,3,0.96,-0.01,2026-10-01
黒,ワイン,名詞,3,0.96,1.94,2026-10-01
黒,咬む,動詞,3,0.96,1.94,2026-10-01
黒,鎌,名詞,3,0.96,1.94,2026-10-01
黒,踵,名詞,3,0.96,1.68,2026-10-01
黒,階段,名詞,3,0.96,nan,2026-10-01
黒,照らす,動詞,3,0.96,-0.91,2026-10-01
黒,馬,名詞,3,0.96,-1.45,2026-10-01
黒,のたうつ,動詞,3,0.96,1.18,2026-10-01
黒,谷,名詞,3,0.96,0.27,2026-10-01
黒,髑髏,名詞,3,0.96,1.68,2026-10-01
黒,空洞,名詞,3,0.96,1.94,2026-10-01
黒,持ち主,名詞,3,0.96,-0.36,2026-10-01
黒,大騒ぎ,名詞,3,0.96,nan,2026-10-01
黒,転げる,動詞,3,0.96,nan,2026-10-01
黒,腐り,名詞,3,0.96,1.18,2026-10-01
黒,キスキン,名詞,3,0.96,-1.83,2026-10-01
黒,着る,動詞,3,0.96,-0.01,2026-10-01
黒,むき出し,名詞,3,0.96,1.42,2026-10-01
黒,どんどん,副詞,3,0.96,0.96,2026-10-01
黒,フェアリー,名詞,3,0.96,0.27,2026-10-01
黒,育てる,動詞,3,0.96,-1.2,2026-10-01
黒,弱々しい,形容詞,3,0.96,1.42,2026-10-01
黒,明ける,動詞,3,0.96,0.96,2026-10-01
黒,デズメラ,名詞,3,0.96,1.94,2026-10-01
黒,レン,名詞,3,0.96,0.42,2026-10-01
黒,貸す,動詞,3,0.96,-0.83,2026-10-01
黒,温かい,形容詞,3,0.96,0.77,2026-10-01
黒,半分,名詞,3,0.96,-0.36,2026-10-01
黒,伸ばす,動詞,3,0.96,-0.83,2026-10-01
黒,地上,名詞,3,0.96,-1.62,2026-10-01
黒,横たわる,動詞,3,0.96,1.42,2026-10-01
黒,愛情,名詞,3,0.96,0.59,2026-10-01
黒,蛙,名詞,3,0.96,1.68,2026-10-01
黒,悪戯,名詞,3,0.96,-0.01,2026-10-01
黒,錯乱,名詞,3,0.96,nan,2026-10-01
黒,職務,名詞,3,0.96,nan,2026-10-01
黒,留める,動詞,3,0.96,-0.01,2026-10-01
黒,見返り,名詞,3,0.96,0.96,2026-10-01
黒,同胞,名詞,3,0.96,0.77,2026-10-01
黒,皮肉,名詞,3,0.96,0.59,2026-10-01
黒,賢者,名詞,3,0.96,-1.68,2026-10-01
黒,策,名詞,3,0.96,0.59,2026-10-01
黒,覗く,動詞,3,0.96,0.77,2026-10-01
黒,答える,動詞,3,0.96,-1.13,2026-10-01
黒,思い出,名詞,3,0.96,1.18,2026-10-01
黒,ナイトハース,名詞,3,0.96,nan,2026-10-01
黒,ハエ,名詞,3,0.96,1.42,2026-10-01
黒,悪霊,名詞,3,0.96,1.94,2026-10-01
黒,兄弟,名詞,3,0.96,-1.39,2026-10-01
黒,とこ,名詞,3,0.96,0.77,2026-10-01
黒,ヒル,名詞,3,0.96,nan,2026-10-01
黒,飽きる,動詞,3,0.96,0.96,2026-10-01
黒,みなす,動詞,3,0.96,0.77,2026-10-01
黒,兵器,名詞,3,0.96,-0.01,2026-10-01
黒,才,名詞,3,0.96,1.68,2026-10-01
黒,しがみつく,動詞,3,0.96,0.77,2026-10-01
黒,竜,名詞,3,0.96,-1.57,2026-10-01
黒,一般,名詞,3,0.96,0.59,2026-10-01
黒,通貨,名詞,3,0.96,1.42,2026-10-01
黒,幻影,名詞,3,0.96,-0.25,2026-10-01
黒,エスパー,名詞,3,0.96,-0.01,2026-10-01
黒,決定,名詞,3,0.96,0.96,2026-10-01
黒,業,名詞,3,0.96,0.12,2026-10-01
黒,刈る,動詞,3,0.96,-0.01,2026-10-01
黒,勝る,動詞,3,0.96,-0.01,2026-10-01
黒,数多,名詞,3,0.96,0.12,2026-10-01
黒,工匠,名詞,3,0.96,-0.99,2026-10-01
黒,ジャンド,名詞,3,0.96,-0.25,2026-10-01
黒,戦慄,名詞,3,0.96,1.68,2026-10-01
黒,継ぐ,動詞,3,0.96,-0.65,2026-10-01
黒,密林,名詞,3,0.96,0.96,2026-10-01
黒,味わえる,動詞,3,0.96,nan,2026-10-01
黒,収集,名詞,3,0.96,1.18,2026-10-01
黒,セレズニア,名詞,3,0.96,-0.74,2026-10-01
黒,救済,名詞,3,0.96,0.42,2026-10-01
黒,縁,名詞,3,0.96,0.77,2026-10-01
黒,対価,名詞,3,0.96,-0.13,2026-10-01
黒,楽,名詞,3,0.96,0.27,2026-10-01
黒,出くわす,動詞,3,0.96,1.42,2026-10-01
黒,杯,名詞,3,0.96,1.18,2026-10-01
黒,刺激,名詞,3,0.96,1.42,2026-10-01
黒,新兵,名詞,3,0.96,1.42,2026-10-01
黒,事足りる,動詞,3,0.96,nan,2026-10-01
黒,到来,名詞,3,0.96,-0.36,2026-10-01
黒,適応,名詞,3,0.96,-0.65,2026-10-01
黒,温もり,名詞,3,0.96,nan,2026-10-01
黒,獣,名詞,3,0.96,-3.3,2026-10-01
黒,燃料,名詞,3,0.96,-0.65,2026-10-01
黒,逃す,動詞,3,0.96,0.12,2026-10-01
黒,通行,名詞,3,0.96,1.18,2026-10-01
黒,灯,名詞,3,0.96,0.59,2026-10-01
黒,職人,名詞,3,0.96,0.77,2026-10-01
黒,オンドゥ,名詞,3,0.96,0.96,2026-10-01
黒,地図,名詞,3,0.96,-1.13,2026-10-01
黒,社会,名詞,3,0.96,-0.74,2026-10-01
黒,日没,名詞,3,0.96,1.94,2026-10-01
黒,遺跡,名詞,3,0.96,-0.91,2026-10-01
黒,勘違い,名詞,3,0.96,1.18,2026-10-01
黒,帯びる,動詞,3,0.96,-0.56,2026-10-01
黒,宣教,名詞,3,0.96,nan,2026-10-01
黒,召使い,名詞,3,0.96,1.94,2026-10-01
黒,触手,名詞,3,0.96,1.18,2026-10-01
黒,遭遇,名詞,3,0.96,0.96,2026-10-01
黒,作物,名詞,3,0.96,0.12,2026-10-01
黒,反抗,名詞,3,0.96,1.68,2026-10-01
黒,荒野,名詞,3,0.96,-1.39,2026-10-01
黒,ひざまずく,動詞,3,0.96,0.77,2026-10-01
黒,空く,動詞,3,0.96,0.77,2026-10-01
黒,骸骨,名詞,3,0.96,nan,2026-10-01
黒,顎,名詞,3,0.96,0.42,2026-10-01
黒,髪,名詞,3,0.96,0.27,2026-10-01
黒,見張り,名詞,3,0.96,0.77,2026-10-01
黒,警備,名詞,3,0.96,0.42,2026-10-01
黒,関する,動詞,3,0.96,-0.83,2026-10-01
黒,惜しい,形容詞,3,0.96,1.94,2026-10-01
黒,ノーン,名詞,3,0.96,-0.36,2026-10-01
黒,当然,副詞,3,0.96,1.94,2026-10-01
黒,仕業,名詞,3,0.96,nan,2026-10-01
黒,怠惰,名詞,3,0.96,nan,2026-10-01
黒,いとしい,形容詞,3,0.96,nan,2026-10-01
黒,アザグ,名詞,3,0.96,nan,2026-10-01
黒,アザックス,名詞,3,0.96,nan,2026-10-01
黒,上空,名詞,3,0.96,-0.91,2026-10-01
黒,広げる,動詞,3,0.96,-0.56,2026-10-01
黒,凌駕,名詞,3,0.96,1.68,2026-10-01
黒,静寂,名詞,3,0.96,-0.99,2026-10-01
黒,羽音,名詞,3,0.96,nan,2026-10-01
黒,死する,動詞,3,0.96,0.59,2026-10-01
黒,執着,名詞,3,0.96,1.94,2026-10-01
黒,危機,名詞,3,0.96,-0.36,2026-10-01
黒,エンスロウ,名詞,3,0.96,nan,2026-10-01
黒,曲,名詞,3,0.96,0.27,2026-10-01
黒,ヘイヴングル,名詞,3,0.96,1.94,2026-10-01
黒,派遣,名詞,3,0.96,1.42,2026-10-01
黒,使者,名詞,3,0.96,0.59,2026-10-01
黒,求婚,名詞,3,0.96,nan,2026-10-01
黒,誤る,動詞,3,0.96,0.96,2026-10-01
黒,周辺,名詞,3,0.96,0.42,2026-10-01
黒,以前,名詞,3,0.96,-1.33,2026-10-01
黒,グリセルブランド,名詞,3,0.96,nan,2026-10-01
黒,学べる,動詞,3,0.96,1.42,2026-10-01
黒,絶つ,動詞,3,0.96,nan,2026-10-01
黒,広い,形容詞,3,0.96,-0.36,2026-10-01
黒,宴,名詞,3,0.96,1.68,2026-10-01
黒,シブシグ,名詞,3,0.96,1.94,2026-10-01
黒,冒す,動詞,3,0.96,1.42,2026-10-01
黒,可愛い,形容詞,3,0.96,0.59,2026-10-01
黒,治癒,名詞,3,0.96,1.18,2026-10-01
黒,売買,名詞,3,0.96,nan,2026-10-01
黒,ファルケンラス,名詞,3,0.96,1.18,2026-10-01
黒,驚く,動詞,3,0.96,-1.73,2026-10-01
黒,達人,名詞,3,0.96,-1.13,2026-10-01
黒,血筋,名詞,3,0.96,1.68,2026-10-01
黒,メッセージ,名詞,3,0.96,0.59,2026-10-01
黒,伝わる,動詞,3,0.96,0.96,2026-10-01
黒,掌握,名詞,3,0.96,1.68,2026-10-01
黒,剃刀,名詞,3,0.96,1.42,2026-10-01
黒,個人,名詞,3,0.96,0.42,2026-10-01
黒,病状,名詞,3,0.96,nan,2026-10-01
黒,以つ,動詞,3,0.96,-0.01,2026-10-01
黒,閉める,動詞,3,0.96,nan,2026-10-01
黒,初め,名詞,3,0.96,1.94,2026-10-01
黒,地域,名詞,3,0.96,0.59,2026-10-01
黒,間抜け,名詞,3,0.96,1.94,2026-10-01
黒,疑う,動詞,3,0.96,0.96,2026-10-01
黒,調査,名詞,3,0.96,-0.25,2026-10-01
黒,粘液,名詞,3,0.96,1.94,2026-10-01
黒,怠る,動詞,3,0.96,1.18,2026-10-01
黒,様子,名詞,3,0.96,-0.74,2026-10-01
黒,表情,名詞,3,0.96,1.42,2026-10-01
黒,ボロ,名詞,3,0.96,nan,2026-10-01
黒,財布,名詞,3,0.96,1.68,2026-10-01
黒,斥候,名詞,3,0.96,-0.65,2026-10-01
黒,最近,名詞,3,0.96,0.27,2026-10-01
黒,悲惨,名詞,3,0.96,0.59,2026-10-01
黒,神経,名詞,3,0.96,1.18,2026-10-01
黒,統治,名詞,3,0.96,0.27,2026-10-01
黒,蒔く,動詞,3,0.96,1.18,2026-10-01
黒,頭蓋,名詞,3,0.96,1.18,2026-10-01
黒,象徴,名詞,3,0.96,-0.99,2026-10-01
黒,辿る,動詞,3,0.96,-0.01,2026-10-01
黒,兜,名詞,3,0.96,1.18,2026-10-01
黒,似る,動詞,3,0.96,-1.13,2026-10-01
黒,背負う,動詞,3,0.96,1.42,2026-10-01
黒,事実,名詞,3,0.96,-0.65,2026-10-01
黒,矢,名詞,3,0.96,-2.7,2026-10-01
黒,器具,名詞,3,0.96,nan,2026-10-01
黒,河,名詞,3,0.96,1.42,2026-10-01
黒,神殿,名詞,3,0.96,0.27,2026-10-01
黒,召し上がる,動詞,3,0.96,nan,2026-10-01
黒,奉仕,名詞,3,0.96,0.77,2026-10-01
黒,一息,名詞,3,0.96,0.77,2026-10-01
黒,じき,名詞,3,0.96,1.42,2026-10-01
黒,クリーチャー,名詞,3,0.96,-0.65,2026-10-01
黒,認識,名詞,3,0.96,-0.36,2026-10-01
黒,大昔,名詞,3,0.96,nan,2026-10-01
黒,素材,名詞,3,0.96,0.96,2026-10-01
黒,見分け,名詞,3,0.96,1.94,2026-10-01
黒,オーク,名詞,3,0.96,0.59,2026-10-01
黒,優れる,動詞,3,0.96,-1.13,2026-10-01
黒,欲する,動詞,3,0.96,1.68,2026-10-01
黒,ごく,副詞,3,0.96,0.27,2026-10-01
黒,相対,名詞,3,0.96,1.18,2026-10-01
黒,姫,名詞,3,0.96,nan,2026-10-01
黒,持てる,動詞,3,0.96,1.94,2026-10-01
黒,輝き,名詞,3,0.96,-1.2,2026-10-01
黒,注ぐ,動詞,3,0.96,-0.36,2026-10-01
黒,ニッサ,名詞,3,0.96,-1.62,2026-10-01
黒,増やす,動詞,3,0.96,0.96,2026-10-01
黒,出没,名詞,3,0.96,nan,2026-10-01
黒,末裔,名詞,3,0.96,nan,2026-10-01
黒,とても,副詞,3,0.96,-0.99,2026-10-01
黒,同志,名詞,3,0.96,1.42,2026-10-01
黒,成分,名詞,3,0.96,nan,2026-10-01
黒,樹液,名詞,3,0.96,1.42,2026-10-01
黒,有毒,名詞,3,0.96,1.18,2026-10-01
黒,終焉,名詞,3,0.96,1.18,2026-10-01
黒,慰め,名詞,3,0.96,1.94,2026-10-01
黒,ささやく,動詞,3,0.96,0.77,2026-10-01
黒,乗せる,動詞,3,0.96,0.59,2026-10-01
黒,ルノ,名詞,3,0.96,nan,2026-10-01
黒,独り,名詞,3,0.96,-0.01,2026-10-01
黒,司祭,名詞,3,0.96,1.18,2026-10-01
黒,遠く,名詞,3,0.96,-0.99,2026-10-01
黒,お嬢,名詞,3,0.96,nan,2026-10-01
黒,足る,動詞,3,0.96,0.42,2026-10-01
黒,萎れる,動詞,3,0.96,1.68,2026-10-01
黒,閉ざす,動詞,3,0.96,1.42,2026-10-01
黒,愛しい,形容詞,3,0.96,1.42,2026-10-01
黒,こなし,名詞,3,0.96,nan,2026-10-01
黒,名高い,形容詞,3,0.96,0.77,2026-10-01
黒,墓地,名詞,3,0.96,1.42,2026-10-01
黒,潜入,名詞,3,0.96,1.42,2026-10-01
黒,事故,名詞,3,0.96,0.77,2026-10-01
黒,評価,名詞,3,0.96,-0.36,2026-10-01
黒,飛行,名詞,3,0.96,-1.57,2026-10-01
黒,夜明け,名詞,3,0.96,-1.39,2026-10-01
黒,チャンス,名詞,3,0.96,-0.01,2026-10-01
黒,負ける,動詞,3,0.96,-1.06,2026-10-01
黒,繊細,名詞,3,0.96,-0.46,2026-10-01
黒,帰る,動詞,3,0.96,-1.92,2026-10-01
黒,利益,名詞,3,0.96,0.96,2026-10-01
黒,一門,名詞,3,0.96,-0.36,2026-10-01
黒,来世,名詞,3,0.96,-0.25,2026-10-01
黒,ヘクマ,名詞,3,0.96,0.77,2026-10-01
黒,足元,名詞,3,0.96,-0.13,2026-10-01
黒,一撃,名詞,3,0.96,-1.39,2026-10-01
黒,ドクター,名詞,3,0.96,0.77,2026-10-01
黒,破れる,動詞,3,0.96,0.96,2026-10-01
黒,苦労,名詞,3,0.96,0.96,2026-10-01
黒,対決,名詞,3,0.96,1.42,2026-10-01
黒,碑,名詞,3,0.96,-0.01,2026-10-01
黒,果実,名詞,3,0.96,1.42,2026-10-01
黒,腰抜け,名詞,3,0.96,nan,2026-10-01
黒,分け前,名詞,3,0.96,nan,2026-10-01
黒,懲罰,名詞,3,0.96,nan,2026-10-01
黒,陽光,名詞,3,0.96,-0.25,2026-10-01
黒,干す,動詞,3,0.96,1.94,2026-10-01
黒,横,名詞,3,0.96,nan,2026-10-01
黒,目前,名詞,3,0.96,1.18,2026-10-01
黒,抑える,動詞,3,0.96,-0.36,2026-10-01
黒,ウィンドグレイス,名詞,3,0.96,nan,2026-10-01
黒,サリッド,名詞,3,0.96,-0.01,2026-10-01
黒,本物,名詞,3,0.96,-0.25,2026-10-01
黒,マズーラ,名詞,3,0.96,nan,2026-10-01
黒,保証,名詞,3,0.96,1.18,2026-10-01
黒,消費,名詞,3,0.96,1.42,2026-10-01
黒,咆哮,名詞,3,0.96,-1.13,2026-10-01
黒,汚れる,動詞,3,0.96,1.18,2026-10-01
黒,威嚇,名詞,3,0.96,1.68,2026-10-01
黒,断つ,動詞,3,0.96,0.12,2026-10-01
黒,備える,動詞,3,0.96,-1.87,2026-10-01
黒,抗争,名詞,3,0.96,1.42,2026-10-01
黒,理論,名詞,3,0.96,-0.65,2026-10-01
黒,駆ける,動詞,3,0.96,-0.65,2026-10-01
黒,ショー,名詞,3,0.96,1.18,2026-10-01
黒,眠れる,動詞,3,0.96,1.94,2026-10-01
黒,紙,名詞,3,0.96,0.42,2026-10-01
黒,一重,名詞,3,0.96,1.68,2026-10-01
黒,人物,名詞,3,0.96,-0.65,2026-10-01
黒,工作,名詞,3,0.96,-0.65,2026-10-01
黒,無敵,名詞,3,0.96,0.96,2026-10-01
黒,欠ける,動詞,3,0.96,0.77,2026-10-01
黒,猫,名詞,3,0.96,-1.06,2026-10-01
黒,屋根,名詞,3,0.96,0.42,2026-10-01
黒,ヴェール,名詞,3,0.96,0.59,2026-10-01
黒,大軍,名詞,3,0.96,1.94,2026-10-01
黒,さっさと,副詞,3,0.96,nan,2026-10-01
黒,絶品,名詞,3,0.96,1.94,2026-10-01
黒,コレクション,名詞,3,0.96,1.42,2026-10-01
黒,念,名詞,3,0.96,0.27,2026-10-01
黒,サーカス,名詞,3,0.96,nan,2026-10-01
黒,署名,名詞,3,0.96,1.42,2026-10-01
黒,葉,名詞,3,0.96,-2.14,2026-10-01
黒,技量,名詞,3,0.96,0.42,2026-10-01
黒,かぎり,名詞,3,0.96,-1.45,2026-10-01
黒,苦い,形容詞,3,0.96,1.42,2026-10-01
黒,敗れる,動詞,3,0.96,1.42,2026-10-01
黒,モーギス,名詞,3,0.96,0.96,2026-10-01
黒,残響,名詞,3,0.96,0.12,2026-10-01
黒,自我,名詞,3,0.96,1.18,2026-10-01
黒,罪悪,名詞,3,0.96,nan,2026-10-01
黒,転がる,動詞,3,0.96,1.42,2026-10-01
黒,長年,名詞,3,0.96,0.12,2026-10-01
黒,シーウォン,名詞,3,0.96,nan,2026-10-01
黒,ブレタガルド,名詞,3,0.96,1.94,2026-10-01
黒,大蛇,名詞,3,0.96,-0.56,2026-10-01
黒,エクスタス,名詞,3,0.96,1.94,2026-10-01
黒,クモ,名詞,3,0.96,1.68,2026-10-01
黒,鉤,名詞,3,0.96,1.42,2026-10-01
黒,すむ,動詞,3,0.96,1.42,2026-10-01
黒,詳細,名詞,3,0.96,0.96,2026-10-01
黒,調べる,動詞,3,0.96,-0.36,2026-10-01
黒,都合,名詞,3,0.96,0.96,2026-10-01
黒,餓える,動詞,3,0.96,1.94,2026-10-01
黒,愉快,名詞,3,0.96,0.42,2026-10-01
黒,信条,名詞,3,0.96,0.77,2026-10-01
黒,法務,名詞,3,0.96,0.96,2026-10-01
黒,抽出,名詞,3,0.96,1.94,2026-10-01
黒,突如,副詞,3,0.96,-0.01,2026-10-01
黒,骸,名詞,3,0.96,nan,2026-10-01
黒,チミル,名詞,3,0.96,0.96,2026-10-01
黒,しもべ,名詞,3,0.96,0.96,2026-10-01
黒,週間,名詞,3,0.96,-0.01,2026-10-01
黒,不明,名詞,3,0.96,0.42,2026-10-01
黒,始末,名詞,3,0.96,0.77,2026-10-01
黒,再生,名詞,3,0.96,0.96,2026-10-01
黒,フォーク,名詞,3,0.96,-1.13,2026-10-01
黒,アバター,名詞,3,0.96,-0.36,2026-10-01
黒,厭う,動詞,3,0.96,1.42,2026-10-01
黒,ガスタル,名詞,3,0.96,nan,2026-10-01
黒,放射,名詞,3,0.96,1.18,2026-10-01
黒,能,名詞,3,0.96,1.94,2026-10-01
黒,最善,名詞,3,0.96,0.27,2026-10-01
黒,機,名詞,3,0.96,0.42,2026-10-01
黒,好み,名詞,3,0.96,1.94,2026-10-01
黒,大方,名詞,3,0.96,nan,2026-10-01
黒,ナーグル,名詞,3,0.96,nan,2026-10-01
黒,相応しい,形容詞,3,0.96,-0.46,2026-10-01
黒,ホビット,名詞,3,0.96,-0.36,2026-10-01
黒,厄介,名詞,3,0.96,-0.46,2026-10-01
黒,バース,名詞,2,0.64,nan,2026-10-01
黒,マルチ,名詞,2,0.64,nan,2026-10-01
黒,成果,名詞,2,0.64,0.16,2026-10-01
黒,腕っぷし,名詞,2,0.64,nan,2026-10-01
黒,タイミング,名詞,2,0.64,0.34,2026-10-01
黒,信頼,名詞,2,0.64,-1.43,2026-10-01
黒,やむ,動詞,2,0.64,nan,2026-10-01
黒,今一つ,名詞,2,0.64,nan,2026-10-01
黒,児,名詞,2,0.64,nan,2026-10-01
黒,心中,名詞,2,0.64,nan,2026-10-01
黒,騙す,動詞,2,0.64,-0.42,2026-10-01
黒,怖れる,動詞,2,0.64,nan,2026-10-01
黒,兵団,名詞,2,0.64,-0.01,2026-10-01
黒,そびえる,動詞,2,0.64,0.34,2026-10-01
黒,没落,名詞,2,0.64,nan,2026-10-01
黒,カリゴ,名詞,2,0.64,nan,2026-10-01
黒,探索,名詞,2,0.64,-0.16,2026-10-01
黒,血走る,動詞,2,0.64,nan,2026-10-01
黒,プレインズウォーカー,名詞,2,0.64,-0.84,2026-10-01
黒,腕前,名詞,2,0.64,nan,2026-10-01
黒,悼む,動詞,2,0.64,0.34,2026-10-01
黒,説得,名詞,2,0.64,0.79,2026-10-01
黒,小片,名詞,2,0.64,nan,2026-10-01
黒,包丁,名詞,2,0.64,nan,2026-10-01
黒,捕える,動詞,2,0.64,0.34,2026-10-01
黒,隠者,名詞,2,0.64,1.06,2026-10-01
黒,老いる,動詞,2,0.64,0.79,2026-10-01
黒,活力,名詞,2,0.64,-1.23,2026-10-01
黒,無視,名詞,2,0.64,-0.53,2026-10-01
黒,薬,名詞,2,0.64,-0.53,2026-10-01
黒,新米,名詞,2,0.64,nan,2026-10-01
黒,鳥,名詞,2,0.64,-2.3,2026-10-01
黒,シッ,名詞,2,0.64,nan,2026-10-01
黒,主に,副詞,2,0.64,nan,2026-10-01
黒,座,名詞,2,0.64,0.79,2026-10-01
黒,伝承,名詞,2,0.64,nan,2026-10-01
黒,ひれ伏す,動詞,2,0.64,0.79,2026-10-01
黒,休める,動詞,2,0.64,nan,2026-10-01
黒,値打ち,名詞,2,0.64,nan,2026-10-01
黒,葬儀,名詞,2,0.64,nan,2026-10-01
黒,箱,名詞,2,0.64,0.16,2026-10-01
黒,文明,名詞,2,0.64,-1.66,2026-10-01
黒,詠唱,名詞,2,0.64,0.79,2026-10-01
黒,悲しむ,動詞,2,0.64,1.06,2026-10-01
黒,もがく,動詞,2,0.64,0.34,2026-10-01
黒,寒気,名詞,2,0.64,0.34,2026-10-01
黒,全力,名詞,2,0.64,-0.74,2026-10-01
黒,豪華,名詞,2,0.64,nan,2026-10-01
黒,晩餐,名詞,2,0.64,1.06,2026-10-01
黒,クロウヴァクス,名詞,2,0.64,1.06,2026-10-01
黒,孵る,動詞,2,0.64,0.55,2026-10-01
黒,墓穴,名詞,2,0.64,nan,2026-10-01
黒,嘲笑う,動詞,2,0.64,0.79,2026-10-01
黒,不穏,名詞,2,0.64,nan,2026-10-01
黒,平穏,名詞,2,0.64,-0.74,2026-10-01
黒,妨げる,動詞,2,0.64,0.55,2026-10-01
黒,誇る,動詞,2,0.64,0.34,2026-10-01
黒,巻物,名詞,2,0.64,-0.53,2026-10-01
黒,研ぐ,動詞,2,0.64,-0.01,2026-10-01
黒,ヴラディーン,名詞,2,0.64,nan,2026-10-01
黒,元気,名詞,2,0.64,0.79,2026-10-01
黒,たちまち,副詞,2,0.64,nan,2026-10-01
黒,体臭,名詞,2,0.64,nan,2026-10-01
黒,連鎖,名詞,2,0.64,0.55,2026-10-01
黒,否,名詞,2,0.64,0.79,2026-10-01
黒,奪える,動詞,2,0.64,nan,2026-10-01
黒,ザンチャ,名詞,2,0.64,nan,2026-10-01
黒,脅す,動詞,2,0.64,1.06,2026-10-01
黒,シチュー,名詞,2,0.64,nan,2026-10-01
黒,湿原,名詞,2,0.64,nan,2026-10-01
黒,浅い,形容詞,2,0.64,nan,2026-10-01
黒,置き場,名詞,2,0.64,0.79,2026-10-01
黒,輝かしい,形容詞,2,0.64,-0.01,2026-10-01
黒,なおさら,副詞,2,0.64,0.55,2026-10-01
黒,ズルゴ,名詞,2,0.64,0.79,2026-10-01
黒,囚人,名詞,2,0.64,0.79,2026-10-01
黒,大界,名詞,2,0.64,nan,2026-10-01
黒,予期,名詞,2,0.64,0.79,2026-10-01
黒,かたち,名詞,2,0.64,nan,2026-10-01
黒,欠陥,名詞,2,0.64,1.06,2026-10-01
黒,スクラップ,名詞,2,0.64,nan,2026-10-01
黒,恥ずかしい,形容詞,2,0.64,0.79,2026-10-01
黒,記録,名詞,2,0.64,-1.01,2026-10-01
黒,生かす,動詞,2,0.64,0.79,2026-10-01
黒,労働,名詞,2,0.64,0.34,2026-10-01
黒,面影,名詞,2,0.64,nan,2026-10-01
黒,交換,名詞,2,0.64,0.55,2026-10-01
黒,濡れる,動詞,2,0.64,0.79,2026-10-01
黒,敬意,名詞,2,0.64,-1.09,2026-10-01
黒,本,名詞,2,0.64,-1.01,2026-10-01
黒,扇動,名詞,2,0.64,0.34,2026-10-01
黒,捻じる,動詞,2,0.64,-0.29,2026-10-01
黒,曲げる,動詞,2,0.64,-1.09,2026-10-01
黒,絡める,動詞,2,0.64,0.16,2026-10-01
黒,目立つ,動詞,2,0.64,0.79,2026-10-01
黒,本人,名詞,2,0.64,0.55,2026-10-01
黒,サーボ,名詞,2,0.64,nan,2026-10-01
黒,タヴォーク,名詞,2,0.64,nan,2026-10-01
黒,火葬,名詞,2,0.64,1.06,2026-10-01
黒,勝てる,動詞,2,0.64,-0.01,2026-10-01
黒,ずる賢い,形容詞,2,0.64,1.06,2026-10-01
黒,勇気,名詞,2,0.64,-2.65,2026-10-01
黒,技能,名詞,2,0.64,nan,2026-10-01
黒,愛し,形容詞,2,0.64,nan,2026-10-01
黒,師匠,名詞,2,0.64,nan,2026-10-01
黒,状況,名詞,2,0.64,-1.01,2026-10-01
黒,発想,名詞,2,0.64,0.79,2026-10-01
黒,有望,名詞,2,0.64,1.06,2026-10-01
黒,源,名詞,2,0.64,-0.74,2026-10-01
黒,設計,名詞,2,0.64,-0.01,2026-10-01
黒,戻せる,動詞,2,0.64,1.06,2026-10-01
黒,闘技,名詞,2,0.64,0.55,2026-10-01
黒,擦る,動詞,2,0.64,nan,2026-10-01
黒,うなされる,動詞,2,0.64,nan,2026-10-01
黒,不浄,名詞,2,0.64,-0.42,2026-10-01
黒,悪事,名詞,2,0.64,1.06,2026-10-01
黒,完熟,名詞,2,0.64,nan,2026-10-01
黒,折る,動詞,2,0.64,-0.64,2026-10-01
黒,呼びかけ,名詞,2,0.64,1.06,2026-10-01
黒,操れる,動詞,2,0.64,nan,2026-10-01
黒,知性,名詞,2,0.64,-0.64,2026-10-01
黒,亡霊,名詞,2,0.64,0.79,2026-10-01
黒,往々,副詞,2,0.64,nan,2026-10-01
黒,熱い,形容詞,2,0.64,-1.01,2026-10-01
黒,哀悼,名詞,2,0.64,nan,2026-10-01
黒,チェイナー,名詞,2,0.64,nan,2026-10-01
黒,ナントゥーコ,名詞,2,0.64,nan,2026-10-01
黒,終了,名詞,2,0.64,nan,2026-10-01
黒,ヴィティア,名詞,2,0.64,nan,2026-10-01
黒,臭い,形容詞,2,0.64,-0.01,2026-10-01
黒,罰する,動詞,2,0.64,0.34,2026-10-01
黒,農民,名詞,2,0.64,0.55,2026-10-01
黒,ナイトメア,名詞,2,0.64,nan,2026-10-01
黒,ノック,名詞,2,0.64,1.06,2026-10-01
黒,蛮,名詞,2,0.64,nan,2026-10-01
黒,装置,名詞,2,0.64,-0.42,2026-10-01
黒,荒らし,名詞,2,0.64,nan,2026-10-01
黒,総帥,名詞,2,0.64,nan,2026-10-01
黒,清める,動詞,2,0.64,0.79,2026-10-01
黒,盾,名詞,2,0.64,-2.7,2026-10-01
黒,得意,名詞,2,0.64,-0.29,2026-10-01
黒,なにせ,副詞,2,0.64,nan,2026-10-01
黒,夜空,名詞,2,0.64,-0.01,2026-10-01
黒,すく,動詞,2,0.64,nan,2026-10-01
黒,残滓,名詞,2,0.64,nan,2026-10-01
黒,疑念,名詞,2,0.64,-0.29,2026-10-01
黒,功績,名詞,2,0.64,0.16,2026-10-01
黒,撒く,動詞,2,0.64,0.55,2026-10-01
黒,食い物,名詞,2,0.64,0.55,2026-10-01
黒,墓石,名詞,2,0.64,0.79,2026-10-01
黒,レオニン,名詞,2,0.64,-1.81,2026-10-01
黒,自慢,名詞,2,0.64,0.16,2026-10-01
黒,漆喰,名詞,2,0.64,nan,2026-10-01
黒,鋼鉄,名詞,2,0.64,nan,2026-10-01
黒,スリス,名詞,2,0.64,0.55,2026-10-01
黒,がらくた,名詞,2,0.64,nan,2026-10-01
黒,落ち,名詞,2,0.64,nan,2026-10-01
黒,頂点,名詞,2,0.64,-1.09,2026-10-01
黒,激流,名詞,2,0.64,nan,2026-10-01
黒,蜜,名詞,2,0.64,nan,2026-10-01
黒,視界,名詞,2,0.64,-0.74,2026-10-01
黒,内臓,名詞,2,0.64,nan,2026-10-01
黒,劣る,動詞,2,0.64,-0.01,2026-10-01
黒,怯える,動詞,2,0.64,-0.29,2026-10-01
黒,境,名詞,2,0.64,-0.01,2026-10-01
黒,及ぼす,動詞,2,0.64,nan,2026-10-01
黒,食べ物,名詞,2,0.64,-0.16,2026-10-01
黒,針,名詞,2,0.64,-0.29,2026-10-01
黒,まみえる,動詞,2,0.64,nan,2026-10-01
黒,顧みる,動詞,2,0.64,nan,2026-10-01
黒,臨める,動詞,2,0.64,nan,2026-10-01
黒,臨む,動詞,2,0.64,0.55,2026-10-01
黒,君主,名詞,2,0.64,-0.01,2026-10-01
黒,おかしい,形容詞,2,0.64,-0.53,2026-10-01
黒,寝る,動詞,2,0.64,-0.01,2026-10-01
黒,護る,動詞,2,0.64,-1.01,2026-10-01
黒,通りすがり,名詞,2,0.64,nan,2026-10-01
黒,理屈,名詞,2,0.64,0.79,2026-10-01
黒,事々,名詞,2,0.64,nan,2026-10-01
黒,屠る,動詞,2,0.64,0.34,2026-10-01
黒,夜陰,名詞,2,0.64,nan,2026-10-01
黒,束,名詞,2,0.64,nan,2026-10-01
黒,巫,名詞,2,0.64,-0.29,2026-10-01
黒,裂ける,動詞,2,0.64,0.16,2026-10-01
黒,伝統,名詞,2,0.64,-0.29,2026-10-01
黒,多少,名詞,2,0.64,0.55,2026-10-01
黒,通用,名詞,2,0.64,nan,2026-10-01
黒,出来事,名詞,2,0.64,0.16,2026-10-01
黒,以降,名詞,2,0.64,0.16,2026-10-01
黒,竹,名詞,2,0.64,nan,2026-10-01
黒,訓練,名詞,2,0.64,-2.65,2026-10-01
黒,岩,名詞,2,0.64,-2.47,2026-10-01
黒,一団,名詞,2,0.64,0.55,2026-10-01
黒,与う,動詞,2,0.64,nan,2026-10-01
黒,召す,動詞,2,0.64,0.55,2026-10-01
黒,穢れ,名詞,2,0.64,0.55,2026-10-01
黒,固める,動詞,2,0.64,-0.64,2026-10-01
黒,倍,名詞,2,0.64,-1.37,2026-10-01
黒,穢す,動詞,2,0.64,0.16,2026-10-01
黒,傲慢,名詞,2,0.64,0.79,2026-10-01
黒,率いる,動詞,2,0.64,-1.01,2026-10-01
黒,捕まえる,動詞,2,0.64,-1.55,2026-10-01
黒,孤,名詞,2,0.64,nan,2026-10-01
黒,凶,名詞,2,0.64,nan,2026-10-01
黒,歩む,動詞,2,0.64,-1.9,2026-10-01
黒,災い,名詞,2,0.64,1.06,2026-10-01
黒,暮らし,名詞,2,0.64,0.34,2026-10-01
黒,紛い物,名詞,2,0.64,nan,2026-10-01
黒,金切り,名詞,2,0.64,0.79,2026-10-01
黒,更に,副詞,2,0.64,0.55,2026-10-01
黒,繰り返し,名詞,2,0.64,0.79,2026-10-01
黒,無し,名詞,2,0.64,0.16,2026-10-01
黒,嘲る,動詞,2,0.64,0.55,2026-10-01
黒,歌声,名詞,2,0.64,-0.16,2026-10-01
黒,無理,名詞,2,0.64,-0.64,2026-10-01
黒,疲れ,名詞,2,0.64,-0.16,2026-10-01
黒,地区,名詞,2,0.64,-0.84,2026-10-01
黒,片手,名詞,2,0.64,nan,2026-10-01
黒,満月,名詞,2,0.64,1.06,2026-10-01
黒,はっきり,副詞,2,0.64,-1.09,2026-10-01
黒,出口,名詞,2,0.64,0.34,2026-10-01
黒,吐き気,名詞,2,0.64,nan,2026-10-01
黒,防備,名詞,2,0.64,-0.53,2026-10-01
黒,軽率,名詞,2,0.64,nan,2026-10-01
黒,勘弁,名詞,2,0.64,0.79,2026-10-01
黒,酢,名詞,2,0.64,nan,2026-10-01
黒,武勇,名詞,2,0.64,-0.53,2026-10-01
黒,提案,名詞,2,0.64,0.79,2026-10-01
黒,盲目,名詞,2,0.64,nan,2026-10-01
黒,公式,名詞,2,0.64,nan,2026-10-01
黒,感じ,名詞,2,0.64,-0.16,2026-10-01
黒,晴れる,動詞,2,0.64,nan,2026-10-01
黒,ガラス,名詞,2,0.64,-0.16,2026-10-01
黒,使用,名詞,2,0.64,-0.16,2026-10-01
黒,皿,名詞,2,0.64,nan,2026-10-01
黒,汚れ,名詞,2,0.64,1.06,2026-10-01
黒,見本,名詞,2,0.64,nan,2026-10-01
黒,明かり,名詞,2,0.64,0.34,2026-10-01
黒,鋳造,名詞,2,0.64,0.79,2026-10-01
黒,全面,名詞,2,0.64,nan,2026-10-01
黒,延ばす,動詞,2,0.64,nan,2026-10-01
黒,大いに,副詞,2,0.64,-0.16,2026-10-01
黒,絞る,動詞,2,0.64,0.16,2026-10-01
黒,無垢,名詞,2,0.64,0.55,2026-10-01
黒,不足,名詞,2,0.64,0.34,2026-10-01
黒,死霊,名詞,2,0.64,nan,2026-10-01
黒,はぜる,動詞,2,0.64,nan,2026-10-01
黒,煤ける,動詞,2,0.64,nan,2026-10-01
黒,化す,動詞,2,0.64,0.55,2026-10-01
黒,帰す,動詞,2,0.64,0.34,2026-10-01
黒,リード,名詞,2,0.64,nan,2026-10-01
黒,病原,名詞,2,0.64,nan,2026-10-01
黒,具,名詞,2,0.64,0.55,2026-10-01
黒,操作,名詞,2,0.64,0.34,2026-10-01
黒,行える,動詞,2,0.64,0.79,2026-10-01
黒,高級,名詞,2,0.64,nan,2026-10-01
黒,たいてい,副詞,2,0.64,-0.74,2026-10-01
黒,病む,動詞,2,0.64,0.55,2026-10-01
黒,逃亡,名詞,2,0.64,0.79,2026-10-01
黒,ハーコン,名詞,2,0.64,nan,2026-10-01
黒,ホーン,名詞,2,0.64,nan,2026-10-01
黒,トレッサー,名詞,2,0.64,nan,2026-10-01
黒,片付ける,動詞,2,0.64,-0.01,2026-10-01
黒,雪,名詞,2,0.64,-1.49,2026-10-01
黒,返る,動詞,2,0.64,-1.49,2026-10-01
黒,蔓延,名詞,2,0.64,0.34,2026-10-01
黒,冬,名詞,2,0.64,-1.71,2026-10-01
黒,眺める,動詞,2,0.64,-1.09,2026-10-01
黒,墓所,名詞,2,0.64,0.79,2026-10-01
黒,溶かす,動詞,2,0.64,0.55,2026-10-01
黒,湿地,名詞,2,0.64,1.06,2026-10-01
黒,傀儡,名詞,2,0.64,1.06,2026-10-01
黒,浴びせる,動詞,2,0.64,nan,2026-10-01
黒,幾ばく,副詞,2,0.64,nan,2026-10-01
黒,またがる,動詞,2,0.64,nan,2026-10-01
黒,風邪,名詞,2,0.64,nan,2026-10-01
黒,機関,名詞,2,0.64,nan,2026-10-01
黒,ふれる,動詞,2,0.64,0.55,2026-10-01
黒,饗宴,名詞,2,0.64,nan,2026-10-01
黒,招ける,動詞,2,0.64,nan,2026-10-01
黒,美食,名詞,2,0.64,nan,2026-10-01
黒,組み合わせ,名詞,2,0.64,nan,2026-10-01
黒,各々,名詞,2,0.64,nan,2026-10-01
黒,乏しい,形容詞,2,0.64,nan,2026-10-01
黒,スラル,名詞,2,0.64,nan,2026-10-01
黒,手先,名詞,2,0.64,nan,2026-10-01
黒,同僚,名詞,2,0.64,1.06,2026-10-01
黒,譲る,動詞,2,0.64,0.79,2026-10-01
黒,邪霊,名詞,2,0.64,nan,2026-10-01
黒,上回る,動詞,2,0.64,-0.16,2026-10-01
黒,侍祭,名詞,2,0.64,0.79,2026-10-01
黒,詩,名詞,2,0.64,0.79,2026-10-01
黒,トーラック,名詞,2,0.64,nan,2026-10-01
黒,いったい,副詞,2,0.64,0.16,2026-10-01
黒,通常,名詞,2,0.64,0.79,2026-10-01
黒,理性,名詞,2,0.64,0.55,2026-10-01
黒,本能,名詞,2,0.64,-1.99,2026-10-01
黒,裂け目,名詞,2,0.64,-1.49,2026-10-01
黒,埃,名詞,2,0.64,-0.53,2026-10-01
黒,這いずる,動詞,2,0.64,0.79,2026-10-01
黒,足音,名詞,2,0.64,0.16,2026-10-01
黒,欲求,名詞,2,0.64,0.34,2026-10-01
黒,円,名詞,2,0.64,0.79,2026-10-01
黒,排除,名詞,2,0.64,0.34,2026-10-01
黒,間引く,動詞,2,0.64,nan,2026-10-01
黒,遊び場,名詞,2,0.64,nan,2026-10-01
黒,活気,名詞,2,0.64,0.79,2026-10-01
黒,優位,名詞,2,0.64,0.34,2026-10-01
黒,使い魔,名詞,2,0.64,0.34,2026-10-01
黒,無礼,名詞,2,0.64,nan,2026-10-01
黒,助言,名詞,2,0.64,0.16,2026-10-01
黒,負わす,動詞,2,0.64,nan,2026-10-01
黒,街灯,名詞,2,0.64,nan,2026-10-01
黒,灯る,動詞,2,0.64,nan,2026-10-01
黒,歪める,動詞,2,0.64,nan,2026-10-01
黒,覆面,名詞,2,0.64,nan,2026-10-01
黒,しばし,副詞,2,0.64,0.79,2026-10-01
黒,猿轡,名詞,2,0.64,nan,2026-10-01
黒,うめく,動詞,2,0.64,nan,2026-10-01
黒,焚き火,名詞,2,0.64,1.06,2026-10-01
黒,野営,名詞,2,0.64,0.55,2026-10-01
黒,似せる,動詞,2,0.64,nan,2026-10-01
黒,貴族,名詞,2,0.64,-0.42,2026-10-01
黒,含む,動詞,2,0.64,-0.01,2026-10-01
黒,弾,名詞,2,0.64,1.06,2026-10-01
黒,重荷,名詞,2,0.64,-0.16,2026-10-01
黒,誇示,名詞,2,0.64,nan,2026-10-01
黒,嗅ぐ,動詞,2,0.64,-1.23,2026-10-01
黒,階級,名詞,2,0.64,-0.53,2026-10-01
黒,刺さる,動詞,2,0.64,nan,2026-10-01
黒,農夫,名詞,2,0.64,-0.84,2026-10-01
黒,メドウ,名詞,2,0.64,nan,2026-10-01
黒,使い手,名詞,2,0.64,0.79,2026-10-01
黒,火打ち,名詞,2,0.64,nan,2026-10-01
黒,散る,動詞,2,0.64,-1.09,2026-10-01
黒,決闘,名詞,2,0.64,-0.92,2026-10-01
黒,安定,名詞,2,0.64,-1.16,2026-10-01
黒,蝕,名詞,2,0.64,nan,2026-10-01
黒,均衡,名詞,2,0.64,-0.29,2026-10-01
黒,パイ,名詞,2,0.64,0.79,2026-10-01
黒,エイドレン,名詞,2,0.64,1.06,2026-10-01
黒,境目,名詞,2,0.64,nan,2026-10-01
黒,目覚め,名詞,2,0.64,-0.01,2026-10-01
黒,蜂蜜,名詞,2,0.64,nan,2026-10-01
黒,ビューグ,名詞,2,0.64,nan,2026-10-01
黒,空想,名詞,2,0.64,nan,2026-10-01
黒,やつれる,動詞,2,0.64,nan,2026-10-01
黒,ちび,名詞,2,0.64,0.79,2026-10-01
黒,汁,名詞,2,0.64,nan,2026-10-01
黒,書,名詞,2,0.64,-1.16,2026-10-01
黒,側,名詞,2,0.64,-1.49,2026-10-01
黒,反対,名詞,2,0.64,0.16,2026-10-01
黒,部族,名詞,2,0.64,-1.09,2026-10-01
黒,こもる,動詞,2,0.64,0.79,2026-10-01
黒,マラレン,名詞,2,0.64,nan,2026-10-01
黒,短い,形容詞,2,0.64,-0.29,2026-10-01
黒,夕刻,名詞,2,0.64,nan,2026-10-01
黒,鳴き声,名詞,2,0.64,-0.42,2026-10-01
黒,葬送,名詞,2,0.64,0.79,2026-10-01
黒,儚い,形容詞,2,0.64,nan,2026-10-01
黒,永劫,名詞,2,0.64,0.55,2026-10-01
黒,霊感,名詞,2,0.64,-0.01,2026-10-01
黒,うねり,名詞,2,0.64,-0.42,2026-10-01
黒,ねじれる,動詞,2,0.64,1.06,2026-10-01
黒,育む,動詞,2,0.64,-1.16,2026-10-01
黒,湧く,動詞,2,0.64,0.34,2026-10-01
黒,殴る,動詞,2,0.64,-0.74,2026-10-01
黒,涌く,動詞,2,0.64,nan,2026-10-01
黒,オーロラ,名詞,2,0.64,0.79,2026-10-01
黒,死に際,名詞,2,0.64,nan,2026-10-01
黒,矮村,名詞,2,0.64,0.79,2026-10-01
黒,セドリス,名詞,2,0.64,nan,2026-10-01
黒,死滅,名詞,2,0.64,nan,2026-10-01
黒,エイヴン,名詞,2,0.64,-0.29,2026-10-01
黒,絶滅,名詞,2,0.64,-0.74,2026-10-01
黒,採掘,名詞,2,0.64,nan,2026-10-01
黒,全身,名詞,2,0.64,0.16,2026-10-01
黒,潤沢,名詞,2,0.64,nan,2026-10-01
黒,勢力,名詞,2,0.64,-0.74,2026-10-01
黒,創る,動詞,2,0.64,-0.64,2026-10-01
黒,禁止,名詞,2,0.64,-1.01,2026-10-01
黒,保護,名詞,2,0.64,-1.16,2026-10-01
黒,そもそも,名詞,2,0.64,-0.42,2026-10-01
黒,材質,名詞,2,0.64,nan,2026-10-01
黒,従える,動詞,2,0.64,0.79,2026-10-01
黒,授かり物,名詞,2,0.64,nan,2026-10-01
黒,ゴブレット,名詞,2,0.64,nan,2026-10-01
黒,ヴィダルケン,名詞,2,0.64,-1.61,2026-10-01
黒,か弱い,形容詞,2,0.64,nan,2026-10-01
黒,屑鉄,名詞,2,0.64,0.55,2026-10-01
黒,息の根,名詞,2,0.64,nan,2026-10-01
黒,遥か,副詞,2,0.64,-1.16,2026-10-01
黒,老衰,名詞,2,0.64,nan,2026-10-01
黒,恐慌,名詞,2,0.64,0.16,2026-10-01
黒,火山,名詞,2,0.64,-1.3,2026-10-01
黒,圧倒,名詞,2,0.64,-0.16,2026-10-01
黒,実り,名詞,2,0.64,nan,2026-10-01
黒,縄,名詞,2,0.64,1.06,2026-10-01
黒,反応,名詞,2,0.64,-0.16,2026-10-01
黒,一定,名詞,2,0.64,nan,2026-10-01
黒,栄誉,名詞,2,0.64,-0.84,2026-10-01
黒,都度,名詞,2,0.64,nan,2026-10-01
黒,破片,名詞,2,0.64,0.79,2026-10-01
黒,はだかる,動詞,2,0.64,0.79,2026-10-01
黒,解剖,名詞,2,0.64,1.06,2026-10-01
黒,連合,名詞,2,0.64,-1.23,2026-10-01
黒,蠢く,動詞,2,0.64,nan,2026-10-01
黒,ためらう,動詞,2,0.64,0.34,2026-10-01
黒,拓く,動詞,2,0.64,0.55,2026-10-01
黒,決断,名詞,2,0.64,nan,2026-10-01
黒,ネビニラル,名詞,2,0.64,nan,2026-10-01
黒,豊潤,名詞,2,0.64,0.79,2026-10-01
黒,見栄え,名詞,2,0.64,nan,2026-10-01
黒,乾す,動詞,2,0.64,nan,2026-10-01
黒,虚無,名詞,2,0.64,nan,2026-10-01
黒,闘争,名詞,2,0.64,nan,2026-10-01
黒,気晴らし,名詞,2,0.64,nan,2026-10-01
黒,揺らぐ,動詞,2,0.64,0.79,2026-10-01
黒,鼓舞,名詞,2,0.64,0.79,2026-10-01
黒,標,名詞,2,0.64,0.79,2026-10-01
黒,限界,名詞,2,0.64,-0.92,2026-10-01
黒,傾く,動詞,2,0.64,1.06,2026-10-01
黒,吊るす,動詞,2,0.64,nan,2026-10-01
黒,ねぐら,名詞,2,0.64,nan,2026-10-01
黒,日の出,名詞,2,0.64,-0.01,2026-10-01
黒,制御,名詞,2,0.64,-0.64,2026-10-01
黒,望ましい,形容詞,2,0.64,0.79,2026-10-01
黒,弾ける,動詞,2,0.64,0.34,2026-10-01
黒,ナスリン,名詞,2,0.64,nan,2026-10-01
黒,ジャヴァド,名詞,2,0.64,nan,2026-10-01
黒,積み重ね,名詞,2,0.64,nan,2026-10-01
黒,灯り,名詞,2,0.64,1.06,2026-10-01
黒,伸びる,動詞,2,0.64,-0.29,2026-10-01
黒,シャー,名詞,2,0.64,0.79,2026-10-01
黒,追跡,名詞,2,0.64,-0.64,2026-10-01
黒,有罪,名詞,2,0.64,0.79,2026-10-01
黒,量刑,名詞,2,0.64,nan,2026-10-01
黒,大勢,名詞,2,0.64,-0.74,2026-10-01
黒,待ち伏せ,名詞,2,0.64,0.16,2026-10-01
黒,ニルトゥ,名詞,2,0.64,nan,2026-10-01
黒,螺旋,名詞,2,0.64,nan,2026-10-01
黒,ウラモグ,名詞,2,0.64,0.55,2026-10-01
黒,覚醒,名詞,2,0.64,0.79,2026-10-01
黒,久遠,名詞,2,0.64,0.79,2026-10-01
黒,猟場,名詞,2,0.64,nan,2026-10-01
黒,実行,名詞,2,0.64,-0.29,2026-10-01
黒,辛抱,名詞,2,0.64,-0.01,2026-10-01
黒,極める,動詞,2,0.64,-0.84,2026-10-01
黒,測る,動詞,2,0.64,0.34,2026-10-01
黒,アイリ,名詞,2,0.64,nan,2026-10-01
黒,カムサ,名詞,2,0.64,1.06,2026-10-01
黒,前兆,名詞,2,0.64,0.79,2026-10-01
黒,血族,名詞,2,0.64,0.55,2026-10-01
黒,癒す,動詞,2,0.64,-1.81,2026-10-01
黒,真紅,名詞,2,0.64,nan,2026-10-01
黒,整える,動詞,2,0.64,0.55,2026-10-01
黒,速度,名詞,2,0.64,-0.42,2026-10-01
黒,牢獄,名詞,2,0.64,-0.01,2026-10-01
黒,晩鐘,名詞,2,0.64,nan,2026-10-01
黒,美徳,名詞,2,0.64,-0.16,2026-10-01
黒,剣士,名詞,2,0.64,nan,2026-10-01
黒,切断,名詞,2,0.64,0.79,2026-10-01
黒,宿主,名詞,2,0.64,0.55,2026-10-01
黒,エリシュ,名詞,2,0.64,-0.29,2026-10-01
黒,転ぶ,動詞,2,0.64,nan,2026-10-01
黒,射手,名詞,2,0.64,-1.23,2026-10-01
黒,金屑,名詞,2,0.64,nan,2026-10-01
黒,からかう,動詞,2,0.64,nan,2026-10-01
黒,墜ちる,動詞,2,0.64,nan,2026-10-01
黒,占い師,名詞,2,0.64,0.55,2026-10-01
黒,核,名詞,2,0.64,-0.53,2026-10-01
黒,とっとと,副詞,2,0.64,nan,2026-10-01
黒,脱ぐ,動詞,2,0.64,0.16,2026-10-01
黒,癒し,名詞,2,0.64,-0.64,2026-10-01
黒,請う,動詞,2,0.64,0.34,2026-10-01
黒,侮辱,名詞,2,0.64,0.34,2026-10-01
黒,始祖,名詞,2,0.64,nan,2026-10-01
黒,知らせ,名詞,2,0.64,1.06,2026-10-01
黒,垂れる,動詞,2,0.64,-0.01,2026-10-01
黒,輝かし,形容詞,2,0.64,nan,2026-10-01
黒,はじめて,副詞,2,0.64,1.06,2026-10-01
黒,指揮,名詞,2,0.64,-1.09,2026-10-01
黒,話し声,名詞,2,0.64,nan,2026-10-01
黒,告げる,動詞,2,0.64,-1.23,2026-10-01
黒,初,名詞,2,0.64,0.79,2026-10-01
黒,くくる,動詞,2,0.64,nan,2026-10-01
黒,何物,名詞,2,0.64,-0.16,2026-10-01
黒,暗し,形容詞,2,0.64,0.16,2026-10-01
黒,辛辣,名詞,2,0.64,nan,2026-10-01
黒,ぶつける,動詞,2,0.64,nan,2026-10-01
黒,瑪瑙,名詞,2,0.64,nan,2026-10-01
黒,駄目,名詞,2,0.64,-0.01,2026-10-01
黒,御馳走,名詞,2,0.64,nan,2026-10-01
黒,使い道,名詞,2,0.64,0.79,2026-10-01
黒,探求,名詞,2,0.64,0.34,2026-10-01
黒,交響,名詞,2,0.64,nan,2026-10-01
黒,捕まる,動詞,2,0.64,-0.29,2026-10-01
黒,罹る,動詞,2,0.64,nan,2026-10-01
黒,呑む,動詞,2,0.64,-0.29,2026-10-01
黒,路地,名詞,2,0.64,0.79,2026-10-01
黒,ひっそり,副詞,2,0.64,nan,2026-10-01
黒,装い,名詞,2,0.64,0.79,2026-10-01
黒,消滅,名詞,2,0.64,0.55,2026-10-01
黒,舞踏,名詞,2,0.64,nan,2026-10-01
黒,肥える,動詞,2,0.64,0.79,2026-10-01
黒,味覚,名詞,2,0.64,nan,2026-10-01
黒,乾く,動詞,2,0.64,-0.64,2026-10-01
黒,常々,副詞,2,0.64,nan,2026-10-01
黒,親族,名詞,2,0.64,nan,2026-10-01
黒,衣装,名詞,2,0.64,1.06,2026-10-01
黒,久しい,形容詞,2,0.64,0.55,2026-10-01
黒,賞賛,名詞,2,0.64,0.34,2026-10-01
黒,憎し,形容詞,2,0.64,0.55,2026-10-01
黒,とにかく,副詞,2,0.64,-1.16,2026-10-01
黒,なるべく,副詞,2,0.64,nan,2026-10-01
黒,苦しめる,動詞,2,0.64,0.79,2026-10-01
黒,古え,名詞,2,0.64,0.34,2026-10-01
黒,呼び声,名詞,2,0.64,-0.64,2026-10-01
黒,握る,動詞,2,0.64,-0.64,2026-10-01
黒,あん,名詞,2,0.64,nan,2026-10-01
黒,翡翠,名詞,2,0.64,0.79,2026-10-01
黒,ぐずぐず,副詞,2,0.64,nan,2026-10-01
黒,服従,名詞,2,0.64,0.55,2026-10-01
黒,生活,名詞,2,0.64,-1.16,2026-10-01
黒,方向,名詞,2,0.64,-1.43,2026-10-01
黒,獄,名詞,2,0.64,0.79,2026-10-01
黒,カラス,名詞,2,0.64,-0.53,2026-10-01
黒,従者,名詞,2,0.64,0.34,2026-10-01
黒,軟膏,名詞,2,0.64,nan,2026-10-01
黒,屋敷,名詞,2,0.64,0.79,2026-10-01
黒,ダメ,名詞,2,0.64,0.79,2026-10-01
黒,ステンシア,名詞,2,0.64,-0.16,2026-10-01
黒,永らえる,動詞,2,0.64,1.06,2026-10-01
黒,虚栄,名詞,2,0.64,nan,2026-10-01
黒,陪審,名詞,2,0.64,nan,2026-10-01
黒,裁判,名詞,2,0.64,0.79,2026-10-01
黒,旅路,名詞,2,0.64,0.34,2026-10-01
黒,庭,名詞,2,0.64,-0.64,2026-10-01
黒,イマースターム,名詞,2,0.64,nan,2026-10-01
黒,立証,名詞,2,0.64,nan,2026-10-01
黒,魔導,名詞,2,0.64,-0.29,2026-10-01
黒,凝視,名詞,2,0.64,nan,2026-10-01
黒,負える,動詞,2,0.64,0.16,2026-10-01
黒,無謬,名詞,2,0.64,nan,2026-10-01
黒,ザティ,名詞,2,0.64,nan,2026-10-01
黒,沈める,動詞,2,0.64,0.16,2026-10-01
黒,決まる,動詞,2,0.64,-1.01,2026-10-01
黒,廊,名詞,2,0.64,nan,2026-10-01
黒,ニュー,名詞,2,0.64,-0.84,2026-10-01
黒,魔力,名詞,2,0.64,-1.23,2026-10-01
黒,貴顕,名詞,2,0.64,nan,2026-10-01
黒,パーティ,名詞,2,0.64,nan,2026-10-01
黒,犯人,名詞,2,0.64,0.16,2026-10-01
黒,ゼガーナ,名詞,2,0.64,nan,2026-10-01
黒,神性,名詞,2,0.64,0.34,2026-10-01
黒,偽物,名詞,2,0.64,0.79,2026-10-01
黒,愚行,名詞,2,0.64,nan,2026-10-01
黒,懸賞,名詞,2,0.64,nan,2026-10-01
黒,少女,名詞,2,0.64,nan,2026-10-01
黒,市場,名詞,2,0.64,-1.09,2026-10-01
黒,胞子,名詞,2,0.64,-0.16,2026-10-01
黒,栽培,名詞,2,0.64,nan,2026-10-01
黒,判明,名詞,2,0.64,0.55,2026-10-01
黒,領土,名詞,2,0.64,-1.16,2026-10-01
黒,歪む,動詞,2,0.64,-0.74,2026-10-01
黒,計算,名詞,2,0.64,-0.01,2026-10-01
黒,予言,名詞,2,0.64,0.16,2026-10-01
黒,裁き,名詞,2,0.64,-0.29,2026-10-01
黒,戒め,名詞,2,0.64,nan,2026-10-01
黒,使役,名詞,2,0.64,nan,2026-10-01
黒,密偵,名詞,2,0.64,nan,2026-10-01
黒,捜査,名詞,2,0.64,nan,2026-10-01
黒,法律,名詞,2,0.64,0.79,2026-10-01
黒,拒否,名詞,2,0.64,-0.01,2026-10-01
黒,ストラヴァ,名詞,2,0.64,nan,2026-10-01
黒,ジョーリ,名詞,2,0.64,1.06,2026-10-01
黒,組,名詞,2,0.64,-0.16,2026-10-01
黒,経営,名詞,2,0.64,nan,2026-10-01
黒,うようよ,副詞,2,0.64,nan,2026-10-01
黒,部屋,名詞,2,0.64,-0.53,2026-10-01
黒,気色,名詞,2,0.64,nan,2026-10-01
黒,僧院,名詞,2,0.64,0.34,2026-10-01
黒,いかに,副詞,2,0.64,-0.42,2026-10-01
黒,融合,名詞,2,0.64,0.34,2026-10-01
黒,出来,名詞,2,0.64,nan,2026-10-01
黒,避難,名詞,2,0.64,-0.64,2026-10-01
黒,おかげ,名詞,2,0.64,-1.61,2026-10-01
黒,些細,名詞,2,0.64,-0.29,2026-10-01
黒,連なる,動詞,2,0.64,0.55,2026-10-01
黒,暴徒,名詞,2,0.64,0.79,2026-10-01
黒,忠告,名詞,2,0.64,0.79,2026-10-01
黒,案内,名詞,2,0.64,-0.01,2026-10-01
黒,摺る,動詞,2,0.64,nan,2026-10-01
黒,レスティン,名詞,2,0.64,nan,2026-10-01
黒,同,名詞,2,0.64,nan,2026-10-01
黒,ひとり,名詞,2,0.64,-0.84,2026-10-01
黒,血生臭い,形容詞,2,0.64,nan,2026-10-01
黒,餓え,名詞,2,0.64,nan,2026-10-01
黒,洗練,名詞,2,0.64,0.55,2026-10-01
黒,殺める,動詞,2,0.64,nan,2026-10-01
黒,イアドルナ,名詞,2,0.64,nan,2026-10-01
黒,未知,名詞,2,0.64,-0.29,2026-10-01
黒,金銭,名詞,2,0.64,nan,2026-10-01
黒,幻視,名詞,2,0.64,-0.53,2026-10-01
黒,オドリック,名詞,2,0.64,1.06,2026-10-01
黒,光る,動詞,2,0.64,-2.23,2026-10-01
黒,途切れる,動詞,2,0.64,1.06,2026-10-01
黒,へす,動詞,2,0.64,nan,2026-10-01
黒,金貨,名詞,2,0.64,0.79,2026-10-01
黒,手首,名詞,2,0.64,0.55,2026-10-01
黒,咬傷,名詞,2,0.64,nan,2026-10-01
黒,体験,名詞,2,0.64,0.55,2026-10-01
黒,気まぐれ,名詞,2,0.64,-0.92,2026-10-01
黒,勇者,名詞,2,0.64,-1.81,2026-10-01
黒,まとう,動詞,2,0.64,-0.42,2026-10-01
黒,主張,名詞,2,0.64,0.16,2026-10-01
黒,原動,名詞,2,0.64,1.06,2026-10-01
黒,貨幣,名詞,2,0.64,nan,2026-10-01
黒,ペリソフィア,名詞,2,0.64,nan,2026-10-01
黒,ほぐれる,動詞,2,0.64,nan,2026-10-01
黒,哲人,名詞,2,0.64,0.16,2026-10-01
黒,一糸,名詞,2,0.64,nan,2026-10-01
黒,ゆめゆめ,副詞,2,0.64,nan,2026-10-01
黒,投擲,名詞,2,0.64,nan,2026-10-01
黒,時折,副詞,2,0.64,0.16,2026-10-01
黒,テーロス,名詞,2,0.64,-0.74,2026-10-01
黒,エルズペス,名詞,2,0.64,-1.3,2026-10-01
黒,傷口,名詞,2,0.64,nan,2026-10-01
黒,苛む,動詞,2,0.64,1.06,2026-10-01
黒,激しい,形容詞,2,0.64,-1.81,2026-10-01
黒,無念,名詞,2,0.64,nan,2026-10-01
黒,提供,名詞,2,0.64,-0.01,2026-10-01
黒,近い,形容詞,2,0.64,-1.16,2026-10-01
黒,美学,名詞,2,0.64,nan,2026-10-01
黒,充分,副詞,2,0.64,nan,2026-10-01
黒,志願,名詞,2,0.64,1.06,2026-10-01
黒,一時,名詞,2,0.64,0.16,2026-10-01
黒,ゴミ箱,名詞,2,0.64,nan,2026-10-01
黒,クロコダイル,名詞,2,0.64,nan,2026-10-01
黒,グルマグ,名詞,2,0.64,nan,2026-10-01
黒,活用,名詞,2,0.64,0.55,2026-10-01
黒,いとも,副詞,2,0.64,1.06,2026-10-01
黒,困る,動詞,2,0.64,-0.16,2026-10-01
黒,蝙蝠,名詞,2,0.64,nan,2026-10-01
黒,同族,名詞,2,0.64,0.79,2026-10-01
黒,テイガム,名詞,2,0.64,nan,2026-10-01
黒,州,名詞,2,0.64,nan,2026-10-01
黒,召使,名詞,2,0.64,nan,2026-10-01
黒,痣,名詞,2,0.64,1.06,2026-10-01
黒,キラダ,名詞,2,0.64,nan,2026-10-01
黒,監視,名詞,2,0.64,-1.16,2026-10-01
黒,カルシ,名詞,2,0.64,nan,2026-10-01
黒,損傷,名詞,2,0.64,nan,2026-10-01
黒,医師,名詞,2,0.64,0.79,2026-10-01
黒,頼る,動詞,2,0.64,-0.42,2026-10-01
黒,ふたたび,副詞,2,0.64,0.55,2026-10-01
黒,畜生,名詞,2,0.64,nan,2026-10-01
黒,落とし子,名詞,2,0.64,0.34,2026-10-01
黒,よみがえる,動詞,2,0.64,nan,2026-10-01
黒,命運,名詞,2,0.64,0.79,2026-10-01
黒,タルキール,名詞,2,0.64,-1.37,2026-10-01
黒,失望,名詞,2,0.64,0.55,2026-10-01
黒,賢明,名詞,2,0.64,-0.16,2026-10-01
黒,配下,名詞,2,0.64,1.06,2026-10-01
黒,誇らしい,形容詞,2,0.64,nan,2026-10-01
黒,大義,名詞,2,0.64,-0.29,2026-10-01
黒,轟音,名詞,2,0.64,-0.29,2026-10-01
黒,詞,名詞,2,0.64,1.06,2026-10-01
黒,幅,名詞,2,0.64,nan,2026-10-01
黒,ドロモカ,名詞,2,0.64,-1.37,2026-10-01
黒,性,名詞,2,0.64,1.06,2026-10-01
黒,野性,名詞,2,0.64,0.55,2026-10-01
黒,悪巧み,名詞,2,0.64,nan,2026-10-01
黒,奇怪,名詞,2,0.64,0.34,2026-10-01
黒,ちりばめる,動詞,2,0.64,nan,2026-10-01
黒,侮蔑,名詞,2,0.64,nan,2026-10-01
黒,呪,名詞,2,0.64,0.79,2026-10-01
黒,太古,名詞,2,0.64,-0.64,2026-10-01
黒,建てる,動詞,2,0.64,-0.53,2026-10-01
黒,甲羅,名詞,2,0.64,-0.53,2026-10-01
黒,寺院,名詞,2,0.64,-0.74,2026-10-01
黒,稲妻,名詞,2,0.64,-2.37,2026-10-01
黒,リング,名詞,2,0.64,1.06,2026-10-01
黒,紫,名詞,2,0.64,nan,2026-10-01
黒,前途,名詞,2,0.64,nan,2026-10-01
黒,レヴェイン,名詞,2,0.64,-0.92,2026-10-01
黒,固執,名詞,2,0.64,nan,2026-10-01
黒,抉る,動詞,2,0.64,nan,2026-10-01
黒,惜しむ,動詞,2,0.64,0.79,2026-10-01
黒,従順,名詞,2,0.64,0.79,2026-10-01
黒,亡くす,動詞,2,0.64,nan,2026-10-01
黒,虚勢,名詞,2,0.64,nan,2026-10-01
黒,選べる,動詞,2,0.64,1.06,2026-10-01
黒,調製,名詞,2,0.64,nan,2026-10-01
黒,不能,名詞,2,0.64,-0.16,2026-10-01
黒,種類,名詞,2,0.64,-0.84,2026-10-01
黒,採る,動詞,2,0.64,nan,2026-10-01
黒,ドクヤナギ,名詞,2,0.64,nan,2026-10-01
黒,髄液,名詞,2,0.64,nan,2026-10-01
黒,ニルカーナ,名詞,2,0.64,nan,2026-10-01
黒,薬物,名詞,2,0.64,nan,2026-10-01
黒,操り,名詞,2,0.64,nan,2026-10-01
黒,せめて,副詞,2,0.64,nan,2026-10-01
黒,決意,名詞,2,0.64,-0.84,2026-10-01
黒,水底,名詞,2,0.64,1.06,2026-10-01
黒,遂行,名詞,2,0.64,nan,2026-10-01
黒,没我,名詞,2,0.64,nan,2026-10-01
黒,本気,名詞,2,0.64,0.34,2026-10-01
黒,原野,名詞,2,0.64,nan,2026-10-01
黒,吠える,動詞,2,0.64,-0.84,2026-10-01
黒,振る舞い,名詞,2,0.64,nan,2026-10-01
黒,妄言,名詞,2,0.64,nan,2026-10-01
黒,両親,名詞,2,0.64,0.79,2026-10-01
黒,手伝う,動詞,2,0.64,1.06,2026-10-01
黒,助かる,動詞,2,0.64,nan,2026-10-01
黒,ナヒリ,名詞,2,0.64,-0.53,2026-10-01
黒,彩る,動詞,2,0.64,nan,2026-10-01
黒,祝宴,名詞,2,0.64,0.79,2026-10-01
黒,直接,副詞,2,0.64,0.34,2026-10-01
黒,極上,名詞,2,0.64,nan,2026-10-01
黒,宮廷,名詞,2,0.64,0.34,2026-10-01
黒,固い,形容詞,2,0.64,-1.37,2026-10-01
黒,エムラクール,名詞,2,0.64,-0.84,2026-10-01
黒,傍観,名詞,2,0.64,1.06,2026-10-01
黒,評議,名詞,2,0.64,-0.01,2026-10-01
黒,最新,名詞,2,0.64,1.06,2026-10-01
黒,バラル,名詞,2,0.64,0.79,2026-10-01
黒,ギラプール,名詞,2,0.64,-0.53,2026-10-01
黒,住民,名詞,2,0.64,-0.16,2026-10-01
黒,博覧,名詞,2,0.64,-0.53,2026-10-01
黒,模様,名詞,2,0.64,0.34,2026-10-01
黒,禁断,名詞,2,0.64,nan,2026-10-01
黒,昨日,名詞,2,0.64,0.34,2026-10-01
黒,がっかり,副詞,2,0.64,nan,2026-10-01
黒,価格,名詞,2,0.64,nan,2026-10-01
黒,急,名詞,2,0.64,0.16,2026-10-01
黒,匹敵,名詞,2,0.64,0.34,2026-10-01
黒,ご免,名詞,2,0.64,nan,2026-10-01
黒,諦める,動詞,2,0.64,-0.16,2026-10-01
黒,夜市,名詞,2,0.64,nan,2026-10-01
黒,開催,名詞,2,0.64,nan,2026-10-01
黒,限りない,形容詞,2,0.64,0.79,2026-10-01
黒,ケチ,名詞,2,0.64,nan,2026-10-01
黒,時期,名詞,2,0.64,-0.84,2026-10-01
黒,渦,名詞,2,0.64,-0.92,2026-10-01
黒,壊れる,動詞,2,0.64,-1.16,2026-10-01
黒,切れ味,名詞,2,0.64,nan,2026-10-01
黒,目指す,動詞,2,0.64,-0.42,2026-10-01
黒,創意,名詞,2,0.64,0.79,2026-10-01
黒,干る,動詞,2,0.64,nan,2026-10-01
黒,からびる,動詞,2,0.64,nan,2026-10-01
黒,デジェル,名詞,2,0.64,1.06,2026-10-01
黒,ター,名詞,2,0.64,0.55,2026-10-01
黒,緩める,動詞,2,0.64,nan,2026-10-01
黒,ああ,副詞,2,0.64,1.06,2026-10-01
黒,セニフェト,名詞,2,0.64,nan,2026-10-01
黒,教訓,名詞,2,0.64,0.34,2026-10-01
黒,平等,名詞,2,0.64,nan,2026-10-01
黒,指名,名詞,2,0.64,nan,2026-10-01
黒,紛れる,動詞,2,0.64,0.55,2026-10-01
黒,嫌気,名詞,2,0.64,nan,2026-10-01
黒,殉ずる,動詞,2,0.64,nan,2026-10-01
黒,物質,名詞,2,0.64,-0.29,2026-10-01
黒,年間,名詞,2,0.64,1.06,2026-10-01
黒,極めて,副詞,2,0.64,-0.84,2026-10-01
黒,生える,動詞,2,0.64,-0.92,2026-10-01
黒,捻じれる,動詞,2,0.64,nan,2026-10-01
黒,象形,名詞,2,0.64,0.16,2026-10-01
黒,一掃,名詞,2,0.64,-0.01,2026-10-01
黒,鈍い,形容詞,2,0.64,-0.29,2026-10-01
黒,甚だしい,形容詞,2,0.64,nan,2026-10-01
黒,辺境,名詞,2,0.64,0.79,2026-10-01
黒,勤勉,名詞,2,0.64,1.06,2026-10-01
黒,担当,名詞,2,0.64,0.55,2026-10-01
黒,突発,名詞,2,0.64,nan,2026-10-01
黒,聖域,名詞,2,0.64,-0.01,2026-10-01
黒,孤高,名詞,2,0.64,1.06,2026-10-01
黒,卑劣,名詞,2,0.64,nan,2026-10-01
黒,卑怯,名詞,2,0.64,nan,2026-10-01
黒,艦隊,名詞,2,0.64,0.79,2026-10-01
黒,惨い,形容詞,2,0.64,nan,2026-10-01
黒,共通,名詞,2,0.64,-0.74,2026-10-01
黒,糾弾,名詞,2,0.64,nan,2026-10-01
黒,遂に,副詞,2,0.64,nan,2026-10-01
黒,多数,名詞,2,0.64,-0.01,2026-10-01
黒,オラーズカ,名詞,2,0.64,0.55,2026-10-01
黒,言い伝え,名詞,2,0.64,nan,2026-10-01
黒,置き去り,名詞,2,0.64,nan,2026-10-01
黒,いくら,副詞,2,0.64,1.06,2026-10-01
黒,上質,名詞,2,0.64,nan,2026-10-01
黒,ラット,名詞,2,0.64,1.06,2026-10-01
黒,以来,名詞,2,0.64,-0.74,2026-10-01
黒,全体,名詞,2,0.64,-1.66,2026-10-01
黒,結成,名詞,2,0.64,0.79,2026-10-01
黒,ミスター,名詞,2,0.64,nan,2026-10-01
黒,中心,名詞,2,0.64,-1.71,2026-10-01
黒,苗木,名詞,2,0.64,0.55,2026-10-01
黒,愚者,名詞,2,0.64,nan,2026-10-01
黒,漆黒,名詞,2,0.64,nan,2026-10-01
黒,荒廃,名詞,2,0.64,-0.42,2026-10-01
黒,称える,動詞,2,0.64,0.34,2026-10-01
黒,悩み,名詞,2,0.64,nan,2026-10-01
黒,膿疱,名詞,2,0.64,nan,2026-10-01
黒,神話,名詞,2,0.64,-0.29,2026-10-01
黒,無言,名詞,2,0.64,nan,2026-10-01
黒,もうける,動詞,2,0.64,nan,2026-10-01
黒,店主,名詞,2,0.64,nan,2026-10-01
黒,狂える,動詞,2,0.64,nan,2026-10-01
黒,典礼,名詞,2,0.64,nan,2026-10-01
黒,眼球,名詞,2,0.64,nan,2026-10-01
黒,精密,名詞,2,0.64,nan,2026-10-01
黒,協力,名詞,2,0.64,-0.53,2026-10-01
黒,不老,名詞,2,0.64,nan,2026-10-01
黒,買える,動詞,2,0.64,0.79,2026-10-01
黒,上物,名詞,2,0.64,nan,2026-10-01
黒,あたる,動詞,2,0.64,-0.84,2026-10-01
黒,検体,名詞,2,0.64,nan,2026-10-01
黒,とぐろ,名詞,2,0.64,nan,2026-10-01
黒,絶叫,名詞,2,0.64,0.79,2026-10-01
黒,暮れる,動詞,2,0.64,0.55,2026-10-01
黒,抹消,名詞,2,0.64,nan,2026-10-01
黒,隅,名詞,2,0.64,1.06,2026-10-01
黒,返事,名詞,2,0.64,0.79,2026-10-01
黒,歌,名詞,2,0.64,-2.7,2026-10-01
黒,オクラン,名詞,2,0.64,nan,2026-10-01
黒,トンネル,名詞,2,0.64,-0.74,2026-10-01
黒,垂らす,動詞,2,0.64,1.06,2026-10-01
黒,乗り手,名詞,2,0.64,-1.09,2026-10-01
黒,報酬,名詞,2,0.64,0.55,2026-10-01
黒,杭,名詞,2,0.64,0.79,2026-10-01
黒,焼ける,動詞,2,0.64,-1.09,2026-10-01
黒,カミソリ,名詞,2,0.64,nan,2026-10-01
黒,手遅れ,名詞,2,0.64,-0.29,2026-10-01
黒,雪崩れる,動詞,2,0.64,nan,2026-10-01
黒,態度,名詞,2,0.64,1.06,2026-10-01
黒,時々,名詞,2,0.64,-0.29,2026-10-01
黒,降ろす,動詞,2,0.64,0.55,2026-10-01
黒,締める,動詞,2,0.64,nan,2026-10-01
黒,寝かす,動詞,2,0.64,nan,2026-10-01
黒,合図,名詞,2,0.64,-0.53,2026-10-01
黒,務め,名詞,2,0.64,-0.16,2026-10-01
黒,鴉,名詞,2,0.64,-0.01,2026-10-01
黒,毎日,名詞,2,0.64,-0.29,2026-10-01
黒,アズーラ,名詞,2,0.64,1.06,2026-10-01
黒,ロークスワイン,名詞,2,0.64,nan,2026-10-01
黒,僻境,名詞,2,0.64,-0.42,2026-10-01
黒,保てる,動詞,2,0.64,nan,2026-10-01
黒,床,名詞,2,0.64,nan,2026-10-01
黒,記念,名詞,2,0.64,nan,2026-10-01
黒,ティゼルス,名詞,2,0.64,nan,2026-10-01
黒,涙,名詞,2,0.64,-1.09,2026-10-01
黒,悲嘆,名詞,2,0.64,nan,2026-10-01
黒,角,名詞,2,0.64,-1.81,2026-10-01
黒,瞬く,動詞,2,0.64,0.34,2026-10-01
黒,粗暴,名詞,2,0.64,0.55,2026-10-01
黒,ときどき,名詞,2,0.64,0.34,2026-10-01
黒,精通,名詞,2,0.64,1.06,2026-10-01
黒,きつい,形容詞,2,0.64,nan,2026-10-01
黒,葬式,名詞,2,0.64,nan,2026-10-01
黒,変容,名詞,2,0.64,-0.16,2026-10-01
黒,豚,名詞,2,0.64,0.55,2026-10-01
黒,統一,名詞,2,0.64,-0.29,2026-10-01
黒,異なる,動詞,2,0.64,-0.74,2026-10-01
黒,定義,名詞,2,0.64,nan,2026-10-01
黒,具体,名詞,2,0.64,nan,2026-10-01
黒,生死,名詞,2,0.64,0.79,2026-10-01
黒,全く,副詞,2,0.64,-0.29,2026-10-01
黒,野蛮,名詞,2,0.64,0.34,2026-10-01
黒,歩み,名詞,2,0.64,0.55,2026-10-01
黒,ページ,名詞,2,0.64,0.55,2026-10-01
黒,義務,名詞,2,0.64,-0.92,2026-10-01
黒,会話,名詞,2,0.64,0.55,2026-10-01
黒,有用,名詞,2,0.64,0.79,2026-10-01
黒,見出す,動詞,2,0.64,-0.84,2026-10-01
黒,下りる,動詞,2,0.64,0.79,2026-10-01
黒,構える,動詞,2,0.64,-1.3,2026-10-01
黒,潮流,名詞,2,0.64,-0.01,2026-10-01
黒,心地よい,形容詞,2,0.64,1.06,2026-10-01
黒,シュタルンハイム,名詞,2,0.64,0.16,2026-10-01
黒,映す,動詞,2,0.64,0.55,2026-10-01
黒,スケムファー,名詞,2,0.64,nan,2026-10-01
黒,計略,名詞,2,0.64,1.06,2026-10-01
黒,リッド,名詞,2,0.64,nan,2026-10-01
黒,荒い,形容詞,2,0.64,1.06,2026-10-01
黒,植物,名詞,2,0.64,-1.43,2026-10-01
黒,競技,名詞,2,0.64,-0.53,2026-10-01
黒,相棒,名詞,2,0.64,-0.92,2026-10-01
黒,ウィザーブルーム,名詞,2,0.64,0.55,2026-10-01
黒,しばらく,副詞,2,0.64,0.16,2026-10-01
黒,不満,名詞,2,0.64,0.16,2026-10-01
黒,肉食,名詞,2,0.64,1.06,2026-10-01
黒,否定,名詞,2,0.64,-0.29,2026-10-01
黒,スリ,名詞,2,0.64,nan,2026-10-01
黒,貢物,名詞,2,0.64,nan,2026-10-01
黒,一員,名詞,2,0.64,-0.29,2026-10-01
黒,替える,動詞,2,0.64,0.34,2026-10-01
黒,唱える,動詞,2,0.64,-0.74,2026-10-01
黒,小屋,名詞,2,0.64,0.79,2026-10-01
黒,年長,名詞,2,0.64,nan,2026-10-01
黒,命取り,名詞,2,0.64,0.55,2026-10-01
黒,町民,名詞,2,0.64,nan,2026-10-01
黒,弟,名詞,2,0.64,0.55,2026-10-01
黒,味見,名詞,2,0.64,nan,2026-10-01
黒,虫けら,名詞,2,0.64,0.79,2026-10-01
黒,辺り,名詞,2,0.64,-0.29,2026-10-01
黒,潜る,動詞,2,0.64,-0.01,2026-10-01
黒,笑い,名詞,2,0.64,nan,2026-10-01
黒,跪く,動詞,2,0.64,0.79,2026-10-01
黒,確かめる,動詞,2,0.64,0.55,2026-10-01
黒,塞ぐ,動詞,2,0.64,0.16,2026-10-01
黒,助手,名詞,2,0.64,-0.01,2026-10-01
黒,狩場,名詞,2,0.64,-0.01,2026-10-01
黒,客人,名詞,2,0.64,-0.01,2026-10-01
黒,当,名詞,2,0.64,nan,2026-10-01
黒,世間,名詞,2,0.64,0.16,2026-10-01
黒,飲み物,名詞,2,0.64,nan,2026-10-01
黒,修理,名詞,2,0.64,0.55,2026-10-01
黒,式,名詞,2,0.64,-0.01,2026-10-01
黒,忍ばせる,動詞,2,0.64,nan,2026-10-01
黒,足跡,名詞,2,0.64,-1.01,2026-10-01
黒,比喩,名詞,2,0.64,1.06,2026-10-01
黒,乱,名詞,2,0.64,-1.23,2026-10-01
黒,注文,名詞,2,0.64,nan,2026-10-01
黒,試合,名詞,2,0.64,-0.01,2026-10-01
黒,直前,名詞,2,0.64,0.55,2026-10-01
黒,不信,名詞,2,0.64,1.06,2026-10-01
黒,美味,名詞,2,0.64,-0.29,2026-10-01
黒,層,名詞,2,0.64,0.16,2026-10-01
黒,楼,名詞,2,0.64,nan,2026-10-01
黒,デカい,形容詞,2,0.64,0.16,2026-10-01
黒,友情,名詞,2,0.64,-0.53,2026-10-01
黒,心得る,動詞,2,0.64,1.06,2026-10-01
黒,医者,名詞,2,0.64,nan,2026-10-01
黒,未だ,副詞,2,0.64,-1.09,2026-10-01
黒,距離,名詞,2,0.64,-1.09,2026-10-01
黒,事件,名詞,2,0.64,-0.64,2026-10-01
黒,自動,名詞,2,0.64,-0.29,2026-10-01
黒,ストーン,名詞,2,0.64,0.34,2026-10-01
黒,パワー,名詞,2,0.64,-0.16,2026-10-01
黒,文字,名詞,2,0.64,-0.42,2026-10-01
黒,さま,名詞,2,0.64,0.79,2026-10-01
黒,つかまる,動詞,2,0.64,nan,2026-10-01
黒,負かす,動詞,2,0.64,0.16,2026-10-01
黒,罰,名詞,2,0.64,-0.01,2026-10-01
黒,繕う,動詞,2,0.64,nan,2026-10-01
黒,ぎらつく,動詞,2,0.64,0.79,2026-10-01
黒,細部,名詞,2,0.64,0.34,2026-10-01
黒,ちょうだい,名詞,2,0.64,nan,2026-10-01
黒,偽り,名詞,2,0.64,0.55,2026-10-01
黒,拍車,名詞,2,0.64,0.55,2026-10-01
黒,エルドレイン,名詞,2,0.64,nan,2026-10-01
黒,親分,名詞,2,0.64,1.06,2026-10-01
黒,下す,動詞,2,0.64,-0.53,2026-10-01
黒,寄せ集め,名詞,2,0.64,nan,2026-10-01
黒,変異,名詞,2,0.64,-0.42,2026-10-01
黒,集合,名詞,2,0.64,nan,2026-10-01
黒,質,名詞,2,0.64,nan,2026-10-01
黒,敬う,動詞,2,0.64,0.55,2026-10-01
黒,跡,名詞,2,0.64,-0.84,2026-10-01
黒,逸らす,動詞,2,0.64,0.79,2026-10-01
黒,脱皮,名詞,2,0.64,nan,2026-10-01
黒,カタツムリ,名詞,2,0.64,0.79,2026-10-01
黒,下ろす,動詞,2,0.64,-0.84,2026-10-01
黒,プロフト,名詞,2,0.64,0.55,2026-10-01
黒,エトラータ,名詞,2,0.64,nan,2026-10-01
黒,件,名詞,2,0.64,nan,2026-10-01
黒,手際,名詞,2,0.64,nan,2026-10-01
黒,処分,名詞,2,0.64,0.79,2026-10-01
黒,症状,名詞,2,0.64,nan,2026-10-01
黒,アクル,名詞,2,0.64,nan,2026-10-01
黒,お腹,名詞,2,0.64,0.79,2026-10-01
黒,のめす,動詞,2,0.64,-0.01,2026-10-01
黒,荒れる,動詞,2,0.64,-1.37,2026-10-01
黒,盗み,名詞,2,0.64,0.79,2026-10-01
黒,グラルブ,名詞,2,0.64,nan,2026-10-01
黒,作品,名詞,2,0.64,-1.09,2026-10-01
黒,上昇,名詞,2,0.64,0.34,2026-10-01
黒,かえる,動詞,2,0.64,nan,2026-10-01
黒,燃やす,動詞,2,0.64,-1.81,2026-10-01
黒,頑張る,動詞,2,0.64,1.06,2026-10-01
黒,じっと,副詞,2,0.64,-0.64,2026-10-01
黒,一行,名詞,2,0.64,nan,2026-10-01
黒,ダスクモーン,名詞,2,0.64,0.34,2026-10-01
黒,休暇,名詞,2,0.64,nan,2026-10-01
黒,レース,名詞,2,0.64,0.79,2026-10-01
黒,ブルード,名詞,2,0.64,1.06,2026-10-01
黒,スピード,名詞,2,0.64,0.34,2026-10-01
黒,用意,名詞,2,0.64,-1.37,2026-10-01
黒,魔物,名詞,2,0.64,0.16,2026-10-01
黒,飼う,動詞,2,0.64,-1.23,2026-10-01
黒,物事,名詞,2,0.64,-0.64,2026-10-01
黒,サソリ,名詞,2,0.64,nan,2026-10-01
黒,目障り,名詞,2,0.64,nan,2026-10-01
黒,いでる,動詞,2,0.64,0.55,2026-10-01
黒,料理,名詞,2,0.64,-0.42,2026-10-01
黒,ダイ,名詞,2,0.64,nan,2026-10-01
黒,一筋,名詞,2,0.64,nan,2026-10-01
黒,乱れる,動詞,2,0.64,0.16,2026-10-01
黒,外す,動詞,2,0.64,-0.64,2026-10-01
黒,ズーコ,名詞,2,0.64,0.79,2026-10-01
黒,シューシュー,副詞,2,0.64,nan,2026-10-01
黒,枝,名詞,2,0.64,-1.81,2026-10-01
黒,深手,名詞,2,0.64,nan,2026-10-01
黒,昼,名詞,2,0.64,-0.16,2026-10-01
黒,独裁,名詞,2,0.64,nan,2026-10-01
黒,当たる,動詞,2,0.64,-0.64,2026-10-01
黒,傷跡,名詞,2,0.64,0.34,2026-10-01
黒,カメ,名詞,2,0.64,-0.29,2026-10-01
黒,フット,名詞,2,0.64,0.79,2026-10-01
黒,勝負,名詞,2,0.64,0.55,2026-10-01
黒,きわめて,副詞,2,0.64,0.55,2026-10-01
黒,好奇,名詞,2,0.64,-1.09,2026-10-01
黒,大学,名詞,2,0.64,-0.16,2026-10-01
黒,シルバー,名詞,2,0.64,0.79,2026-10-01
黒,クイル,名詞,2,0.64,0.79,2026-10-01
黒,穀物,名詞,2,0.64,0.79,2026-10-01
黒,魅入られる,動詞,2,0.64,nan,2026-10-01
黒,検疫,名詞,2,0.64,nan,2026-10-01
黒,精髄,名詞,2,0.64,nan,2026-10-01
黒,意,名詞,2,0.64,-0.74,2026-10-01
黒,蝿,名詞,2,0.64,1.06,2026-10-01
黒,演目,名詞,2,0.64,nan,2026-10-01
黒,苦境,名詞,2,0.64,nan,2026-10-01
黒,アンコール,名詞,2,0.64,nan,2026-10-01
黒,短剣,名詞,2,0.64,0.34,2026-10-01
黒,横切る,動詞,2,0.64,1.06,2026-10-01
黒,組織,名詞,2,0.64,-0.53,2026-10-01
黒,断念,名詞,2,0.64,nan,2026-10-01
黒,ネクロン,名詞,2,0.64,nan,2026-10-01
黒,銀河,名詞,2,0.64,nan,2026-10-01
黒,プレーグベアラー,名詞,2,0.64,nan,2026-10-01
黒,惑星,名詞,2,0.64,1.06,2026-10-01
黒,社,名詞,2,0.64,-0.84,2026-10-01
黒,恋しい,形容詞,2,0.64,nan,2026-10-01
黒,台無し,名詞,2,0.64,-0.42,2026-10-01
黒,輪,名詞,2,0.64,-0.84,2026-10-01
黒,よこす,動詞,2,0.64,0.34,2026-10-01
黒,陥没,名詞,2,0.64,nan,2026-10-01
黒,意気,名詞,2,0.64,0.79,2026-10-01
黒,指示,名詞,2,0.64,-1.3,2026-10-01
黒,サウロン,名詞,2,0.64,0.55,2026-10-01
黒,ザズ,名詞,2,0.64,nan,2026-10-01
黒,昇進,名詞,2,0.64,1.06,2026-10-01
黒,等,名詞,2,0.64,nan,2026-10-01
黒,雨,名詞,2,0.64,-1.61,2026-10-01
黒,最上,名詞,2,0.64,0.55,2026-10-01
黒,嵐,名詞,2,0.64,-3.85,2026-10-01
黒,真っ向,名詞,2,0.64,nan,2026-10-01
黒,甦る,動詞,2,0.64,nan,2026-10-01
黒,喧嘩,名詞,2,0.64,-0.01,2026-10-01
黒,ロボット,名詞,2,0.64,nan,2026-10-01
黒,落す,動詞,2,0.64,nan,2026-10-01
黒,厚い,形容詞,2,0.64,0.16,2026-10-01
黒,魔狼,名詞,2,0.64,0.79,2026-10-01
黒,賄賂,名詞,2,0.64,nan,2026-10-01
黒,安心,名詞,2,0.64,-0.92,2026-10-01
黒,ヴェノム,名詞,2,0.64,nan,2026-10-01
黒,ヘクスヘイヴン,名詞,2,0.64,0.55,2026-10-01
黒,かしずく,動詞,1,0.32,nan,2026-10-01
黒,秘術,名詞,1,0.32,nan,2026-10-01
黒,伝言,名詞,1,0.32,nan,2026-10-01
黒,携える,動詞,1,0.32,-1.05,2026-10-01
黒,降伏,名詞,1,0.32,nan,2026-10-01
黒,絶好,名詞,1,0.32,nan,2026-10-01
黒,取れる,動詞,1,0.32,-1.28,2026-10-01
黒,うごめく,動詞,1,0.32,-0.21,2026-10-01
黒,うなり,名詞,1,0.32,nan,2026-10-01
黒,通う,動詞,1,0.32,-0.52,2026-10-01
黒,えじき,名詞,1,0.32,nan,2026-10-01
黒,結界,名詞,1,0.32,-1.21,2026-10-01
黒,承知,名詞,1,0.32,nan,2026-10-01
黒,縮める,動詞,1,0.32,nan,2026-10-01
黒,写本,名詞,1,0.32,nan,2026-10-01
黒,星辰,名詞,1,0.32,nan,2026-10-01
黒,曲がり角,名詞,1,0.32,nan,2026-10-01
黒,気前,名詞,1,0.32,nan,2026-10-01
黒,巻,名詞,1,0.32,-0.52,2026-10-01
黒,物入れ,名詞,1,0.32,nan,2026-10-01
黒,叡智,名詞,1,0.32,-0.52,2026-10-01
黒,禁忌,名詞,1,0.32,nan,2026-10-01
黒,逞い,形容詞,1,0.32,nan,2026-10-01
黒,縮む,動詞,1,0.32,nan,2026-10-01
黒,楼閣,名詞,1,0.32,nan,2026-10-01
黒,強靭,名詞,1,0.32,-0.38,2026-10-01
黒,堅牢,名詞,1,0.32,nan,2026-10-01
黒,中枢,名詞,1,0.32,nan,2026-10-01
黒,災難,名詞,1,0.32,nan,2026-10-01
黒,栄枯,名詞,1,0.32,nan,2026-10-01
黒,盛衰,名詞,1,0.32,nan,2026-10-01
黒,飛び切り,名詞,1,0.32,nan,2026-10-01
黒,若,名詞,1,0.32,nan,2026-10-01
黒,老,名詞,1,0.32,nan,2026-10-01
黒,嬉しい,形容詞,1,0.32,-0.97,2026-10-01
黒,身代わり,名詞,1,0.32,nan,2026-10-01
黒,花嫁,名詞,1,0.32,nan,2026-10-01
黒,最短,名詞,1,0.32,nan,2026-10-01
黒,街道,名詞,1,0.32,nan,2026-10-01
黒,奥,名詞,1,0.32,-0.77,2026-10-01
黒,日中,名詞,1,0.32,nan,2026-10-01
黒,眠気,名詞,1,0.32,nan,2026-10-01
黒,息遣い,名詞,1,0.32,nan,2026-10-01
黒,囁き声,名詞,1,0.32,nan,2026-10-01
黒,聴く,動詞,1,0.32,-0.52,2026-10-01
黒,ちっとも,副詞,1,0.32,nan,2026-10-01
黒,死罪,名詞,1,0.32,nan,2026-10-01
黒,宣告,名詞,1,0.32,nan,2026-10-01
黒,報う,動詞,1,0.32,-0.52,2026-10-01
黒,怠ける,動詞,1,0.32,nan,2026-10-01
黒,贖う,動詞,1,0.32,nan,2026-10-01
黒,償う,動詞,1,0.32,-0.21,2026-10-01
黒,ほか,名詞,1,0.32,-0.38,2026-10-01
黒,怠け者,名詞,1,0.32,nan,2026-10-01
黒,祭,名詞,1,0.32,nan,2026-10-01
黒,ケフィームボウ,名詞,1,0.32,nan,2026-10-01
黒,アゼイウォライ,名詞,1,0.32,nan,2026-10-01
黒,訊く,動詞,1,0.32,-0.38,2026-10-01
黒,チビ,名詞,1,0.32,-0.01,2026-10-01
黒,もめ,名詞,1,0.32,-0.21,2026-10-01
黒,汗,名詞,1,0.32,nan,2026-10-01
黒,賜物,名詞,1,0.32,-0.01,2026-10-01
黒,占める,動詞,1,0.32,-0.21,2026-10-01
黒,形作る,動詞,1,0.32,-0.87,2026-10-01
黒,もの心,名詞,1,0.32,nan,2026-10-01
黒,万人,名詞,1,0.32,nan,2026-10-01
黒,哀願,名詞,1,0.32,nan,2026-10-01
黒,シャベル,名詞,1,0.32,nan,2026-10-01
黒,しのぎ,名詞,1,0.32,nan,2026-10-01
黒,幽鬼,名詞,1,0.32,nan,2026-10-01
黒,地元,名詞,1,0.32,-0.01,2026-10-01
黒,悔しい,形容詞,1,0.32,nan,2026-10-01
黒,男性,名詞,1,0.32,nan,2026-10-01
黒,中味,名詞,1,0.32,nan,2026-10-01
黒,副葬,名詞,1,0.32,nan,2026-10-01
黒,被せる,動詞,1,0.32,nan,2026-10-01
黒,流動,名詞,1,0.32,-0.52,2026-10-01
黒,櫃,名詞,1,0.32,nan,2026-10-01
黒,返し,名詞,1,0.32,-0.38,2026-10-01
黒,する,動詞,1,0.32,nan,2026-10-01
黒,陥穽,名詞,1,0.32,nan,2026-10-01
黒,しゅうしゅう,副詞,1,0.32,nan,2026-10-01
黒,こめる,動詞,1,0.32,-0.21,2026-10-01
黒,よぎる,動詞,1,0.32,nan,2026-10-01
黒,脳裏,名詞,1,0.32,nan,2026-10-01
黒,あなどる,動詞,1,0.32,nan,2026-10-01
黒,とら,名詞,1,0.32,nan,2026-10-01
黒,高潮,名詞,1,0.32,nan,2026-10-01
黒,誤訳,名詞,1,0.32,nan,2026-10-01
黒,へばる,動詞,1,0.32,nan,2026-10-01
黒,緊張,名詞,1,0.32,nan,2026-10-01
黒,端,名詞,1,0.32,nan,2026-10-01
黒,変,名詞,1,0.32,-0.01,2026-10-01
黒,コントロール,名詞,1,0.32,nan,2026-10-01
黒,思想,名詞,1,0.32,-0.21,2026-10-01
黒,豹,名詞,1,0.32,nan,2026-10-01
黒,莫大,名詞,1,0.32,-0.01,2026-10-01
黒,迫害,名詞,1,0.32,nan,2026-10-01
黒,雌鹿,名詞,1,0.32,nan,2026-10-01
黒,群がる,動詞,1,0.32,nan,2026-10-01
黒,出汁,名詞,1,0.32,nan,2026-10-01
黒,思慮,名詞,1,0.32,nan,2026-10-01
黒,御名,名詞,1,0.32,nan,2026-10-01
黒,博識,名詞,1,0.32,nan,2026-10-01
黒,孔,名詞,1,0.32,nan,2026-10-01
黒,汚ない,形容詞,1,0.32,nan,2026-10-01
黒,はやる,動詞,1,0.32,nan,2026-10-01
黒,仇敵,名詞,1,0.32,nan,2026-10-01
黒,凋落,名詞,1,0.32,nan,2026-10-01
黒,手始め,名詞,1,0.32,nan,2026-10-01
黒,気違い,名詞,1,0.32,nan,2026-10-01
黒,気管,名詞,1,0.32,nan,2026-10-01
黒,増幅,名詞,1,0.32,nan,2026-10-01
黒,スカージ,名詞,1,0.32,nan,2026-10-01
黒,甲高い,形容詞,1,0.32,nan,2026-10-01
黒,鋸,名詞,1,0.32,nan,2026-10-01
黒,増長,名詞,1,0.32,nan,2026-10-01
黒,食する,動詞,1,0.32,nan,2026-10-01
黒,突風,名詞,1,0.32,-0.52,2026-10-01
黒,よす,動詞,1,0.32,nan,2026-10-01
黒,トーレン,名詞,1,0.32,nan,2026-10-01
黒,進行,名詞,1,0.32,nan,2026-10-01
黒,ひく,動詞,1,0.32,-0.38,2026-10-01
黒,うわごと,名詞,1,0.32,nan,2026-10-01
黒,バイオマス,名詞,1,0.32,nan,2026-10-01
黒,高熱,名詞,1,0.32,nan,2026-10-01
黒,著しい,形容詞,1,0.32,nan,2026-10-01
黒,審査,名詞,1,0.32,nan,2026-10-01
黒,見いだせる,動詞,1,0.32,nan,2026-10-01
黒,ダヴォール,名詞,1,0.32,nan,2026-10-01
黒,招き,名詞,1,0.32,nan,2026-10-01
黒,表す,動詞,1,0.32,-1.14,2026-10-01
黒,司書,名詞,1,0.32,nan,2026-10-01
黒,散らかす,動詞,1,0.32,nan,2026-10-01
黒,血の海,名詞,1,0.32,nan,2026-10-01
黒,背骨,名詞,1,0.32,nan,2026-10-01
黒,全然,副詞,1,0.32,-0.52,2026-10-01
黒,断然,副詞,1,0.32,nan,2026-10-01
黒,ザデック,名詞,1,0.32,nan,2026-10-01
黒,昇天,名詞,1,0.32,nan,2026-10-01
黒,もぐ,動詞,1,0.32,nan,2026-10-01
黒,バリン,名詞,1,0.32,nan,2026-10-01
黒,グレザーン,名詞,1,0.32,nan,2026-10-01
黒,先人,名詞,1,0.32,nan,2026-10-01
黒,宗教,名詞,1,0.32,nan,2026-10-01
黒,ソマール,名詞,1,0.32,nan,2026-10-01
黒,傷つける,動詞,1,0.32,-1.28,2026-10-01
黒,学院,名詞,1,0.32,-0.52,2026-10-01
黒,夜景,名詞,1,0.32,nan,2026-10-01
黒,賞味,名詞,1,0.32,nan,2026-10-01
黒,現在,名詞,1,0.32,-2.0,2026-10-01
黒,アンダルム,名詞,1,0.32,nan,2026-10-01
黒,今回,名詞,1,0.32,-0.38,2026-10-01
黒,オジュタイ,名詞,1,0.32,-1.21,2026-10-01
黒,重圧,名詞,1,0.32,nan,2026-10-01
黒,ほろ苦い,形容詞,1,0.32,nan,2026-10-01
黒,日夜,名詞,1,0.32,nan,2026-10-01
黒,ちぎれる,動詞,1,0.32,nan,2026-10-01
黒,皮剥ぎ,名詞,1,0.32,nan,2026-10-01
黒,足し,名詞,1,0.32,nan,2026-10-01
黒,遭う,動詞,1,0.32,-1.21,2026-10-01
黒,そそる,動詞,1,0.32,nan,2026-10-01
黒,活性,名詞,1,0.32,nan,2026-10-01
黒,火災,名詞,1,0.32,nan,2026-10-01
黒,森林,名詞,1,0.32,-1.21,2026-10-01
黒,草原,名詞,1,0.32,-0.97,2026-10-01
黒,やばい,形容詞,1,0.32,nan,2026-10-01
黒,ため息,名詞,1,0.32,-0.21,2026-10-01
黒,古老,名詞,1,0.32,-1.21,2026-10-01
黒,秘教,名詞,1,0.32,nan,2026-10-01
黒,強靱,名詞,1,0.32,nan,2026-10-01
黒,エバハート,名詞,1,0.32,nan,2026-10-01
黒,一理,名詞,1,0.32,nan,2026-10-01
黒,我が家,名詞,1,0.32,nan,2026-10-01
黒,アイデア,名詞,1,0.32,-0.52,2026-10-01
黒,いとう,動詞,1,0.32,nan,2026-10-01
黒,奇特,名詞,1,0.32,nan,2026-10-01
黒,祝賀,名詞,1,0.32,nan,2026-10-01
黒,実用,名詞,1,0.32,nan,2026-10-01
黒,遊牧,名詞,1,0.32,-1.35,2026-10-01
黒,むしろ,副詞,1,0.32,-1.21,2026-10-01
黒,積み,名詞,1,0.32,nan,2026-10-01
黒,薪,名詞,1,0.32,nan,2026-10-01
黒,贈る,動詞,1,0.32,nan,2026-10-01
黒,体力,名詞,1,0.32,-0.01,2026-10-01
黒,延びれる,動詞,1,0.32,nan,2026-10-01
黒,むごい,形容詞,1,0.32,nan,2026-10-01
黒,ピット,名詞,1,0.32,-0.01,2026-10-01
黒,ファイター,名詞,1,0.32,nan,2026-10-01
黒,群集,名詞,1,0.32,nan,2026-10-01
黒,ゲト,名詞,1,0.32,nan,2026-10-01
黒,臓物,名詞,1,0.32,-0.01,2026-10-01
黒,大食,名詞,1,0.32,nan,2026-10-01
黒,遺言,名詞,1,0.32,nan,2026-10-01
黒,ラノン,名詞,1,0.32,nan,2026-10-01
黒,教え,名詞,1,0.32,-1.58,2026-10-01
黒,満員,名詞,1,0.32,nan,2026-10-01
黒,儲かる,動詞,1,0.32,nan,2026-10-01
黒,同然,名詞,1,0.32,-0.38,2026-10-01
黒,ハリマー,名詞,1,0.32,-0.87,2026-10-01
黒,ザール,名詞,1,0.32,-0.21,2026-10-01
黒,試験,名詞,1,0.32,-0.21,2026-10-01
黒,強請り,名詞,1,0.32,nan,2026-10-01
黒,部下,名詞,1,0.32,nan,2026-10-01
黒,編成,名詞,1,0.32,nan,2026-10-01
黒,再演,名詞,1,0.32,nan,2026-10-01
黒,頼れる,動詞,1,0.32,-0.21,2026-10-01
黒,凶器,名詞,1,0.32,nan,2026-10-01
黒,アサシン,名詞,1,0.32,nan,2026-10-01
黒,アフェット,名詞,1,0.32,nan,2026-10-01
黒,台,名詞,1,0.32,-0.87,2026-10-01
黒,実力,名詞,1,0.32,nan,2026-10-01
黒,アツい,形容詞,1,0.32,nan,2026-10-01
黒,捕虜,名詞,1,0.32,nan,2026-10-01
黒,強制,名詞,1,0.32,-0.38,2026-10-01
黒,移行,名詞,1,0.32,nan,2026-10-01
黒,脳波,名詞,1,0.32,nan,2026-10-01
黒,プロトコル,名詞,1,0.32,nan,2026-10-01
黒,売り,名詞,1,0.32,nan,2026-10-01
黒,つるはし,名詞,1,0.32,nan,2026-10-01
黒,クレリック,名詞,1,0.32,nan,2026-10-01
黒,作り,名詞,1,0.32,-0.01,2026-10-01
黒,唄,名詞,1,0.32,-0.01,2026-10-01
黒,打撲,名詞,1,0.32,nan,2026-10-01
黒,病苦,名詞,1,0.32,nan,2026-10-01
黒,濃縮,名詞,1,0.32,nan,2026-10-01
黒,たかる,動詞,1,0.32,nan,2026-10-01
黒,肉片,名詞,1,0.32,nan,2026-10-01
黒,粉塵,名詞,1,0.32,nan,2026-10-01
黒,英知,名詞,1,0.32,-0.21,2026-10-01
黒,譲り,名詞,1,0.32,nan,2026-10-01
黒,金額,名詞,1,0.32,nan,2026-10-01
黒,すすり泣き,名詞,1,0.32,nan,2026-10-01
黒,迷惑,名詞,1,0.32,nan,2026-10-01
黒,原料,名詞,1,0.32,nan,2026-10-01
黒,ぼろ,名詞,1,0.32,nan,2026-10-01
黒,人工,名詞,1,0.32,nan,2026-10-01
黒,あさり,名詞,1,0.32,-0.01,2026-10-01
黒,分別,名詞,1,0.32,nan,2026-10-01
黒,胎内,名詞,1,0.32,nan,2026-10-01
黒,カルドーサ,名詞,1,0.32,nan,2026-10-01
黒,千切れる,動詞,1,0.32,nan,2026-10-01
黒,兵卒,名詞,1,0.32,nan,2026-10-01
黒,ゲーム,名詞,1,0.32,-0.21,2026-10-01
黒,飼い主,名詞,1,0.32,nan,2026-10-01
黒,紐,名詞,1,0.32,nan,2026-10-01
黒,しつける,動詞,1,0.32,nan,2026-10-01
黒,ものすごい,形容詞,1,0.32,-0.65,2026-10-01
黒,甲虫,名詞,1,0.32,nan,2026-10-01
黒,削る,動詞,1,0.32,-0.87,2026-10-01
黒,分厚い,形容詞,1,0.32,nan,2026-10-01
黒,ひとかけら,名詞,1,0.32,nan,2026-10-01
黒,一種,名詞,1,0.32,-0.65,2026-10-01
黒,つかる,動詞,1,0.32,nan,2026-10-01
黒,圧制,名詞,1,0.32,nan,2026-10-01
黒,玩具,名詞,1,0.32,-0.65,2026-10-01
黒,移住,名詞,1,0.32,nan,2026-10-01
黒,アイテム,名詞,1,0.32,nan,2026-10-01
黒,弔問,名詞,1,0.32,nan,2026-10-01
黒,形見,名詞,1,0.32,nan,2026-10-01
黒,真っ先,名詞,1,0.32,nan,2026-10-01
黒,ねじる,動詞,1,0.32,nan,2026-10-01
黒,周期,名詞,1,0.32,nan,2026-10-01
黒,しかけ,名詞,1,0.32,nan,2026-10-01
黒,天頂,名詞,1,0.32,nan,2026-10-01
黒,はめる,動詞,1,0.32,nan,2026-10-01
黒,仕返し,名詞,1,0.32,-0.01,2026-10-01
黒,ラグナロク,名詞,1,0.32,nan,2026-10-01
黒,雲間,名詞,1,0.32,nan,2026-10-01
黒,あさる,動詞,1,0.32,-0.01,2026-10-01
黒,乱暴,名詞,1,0.32,-0.21,2026-10-01
黒,たぎる,動詞,1,0.32,-0.77,2026-10-01
黒,モーリオック,名詞,1,0.32,nan,2026-10-01
黒,無くす,動詞,1,0.32,-0.01,2026-10-01
黒,撃つ,動詞,1,0.32,-1.72,2026-10-01
黒,殺し屋,名詞,1,0.32,nan,2026-10-01
黒,火事,名詞,1,0.32,nan,2026-10-01
黒,蛾,名詞,1,0.32,-0.87,2026-10-01
黒,再編,名詞,1,0.32,nan,2026-10-01
黒,散り散り,名詞,1,0.32,-0.38,2026-10-01
黒,如何に,副詞,1,0.32,nan,2026-10-01
黒,師範,名詞,1,0.32,nan,2026-10-01
黒,手紙,名詞,1,0.32,-0.97,2026-10-01
黒,にらむ,動詞,1,0.32,nan,2026-10-01
黒,小人,名詞,1,0.32,nan,2026-10-01
黒,途方,名詞,1,0.32,nan,2026-10-01
黒,曇り,名詞,1,0.32,nan,2026-10-01
黒,メロク,名詞,1,0.32,nan,2026-10-01
黒,大将,名詞,1,0.32,-0.38,2026-10-01
黒,協定,名詞,1,0.32,nan,2026-10-01
黒,主君,名詞,1,0.32,-0.01,2026-10-01
黒,齧り,名詞,1,0.32,nan,2026-10-01
黒,本殿,名詞,1,0.32,-0.21,2026-10-01
黒,支障,名詞,1,0.32,nan,2026-10-01
黒,行進,名詞,1,0.32,nan,2026-10-01
黒,はじめ,名詞,1,0.32,-0.52,2026-10-01
黒,精,名詞,1,0.32,-0.21,2026-10-01
黒,明け,名詞,1,0.32,nan,2026-10-01
黒,先触れ,名詞,1,0.32,nan,2026-10-01
黒,崩老,名詞,1,0.32,nan,2026-10-01
黒,先々,名詞,1,0.32,nan,2026-10-01
黒,峰,名詞,1,0.32,-0.52,2026-10-01
黒,わずか,副詞,1,0.32,-0.52,2026-10-01
黒,なかば,名詞,1,0.32,nan,2026-10-01
黒,流転,名詞,1,0.32,nan,2026-10-01
黒,洞,名詞,1,0.32,nan,2026-10-01
黒,斬,名詞,1,0.32,nan,2026-10-01
黒,駆る,動詞,1,0.32,-1.63,2026-10-01
黒,かわす,動詞,1,0.32,nan,2026-10-01
黒,忍耐,名詞,1,0.32,-1.14,2026-10-01
黒,道すがら,副詞,1,0.32,nan,2026-10-01
黒,攻勢,名詞,1,0.32,nan,2026-10-01
黒,察す,動詞,1,0.32,nan,2026-10-01
黒,只今,名詞,1,0.32,nan,2026-10-01
黒,齢,名詞,1,0.32,nan,2026-10-01
黒,狐,名詞,1,0.32,-0.97,2026-10-01
黒,高値,名詞,1,0.32,nan,2026-10-01
黒,刀,名詞,1,0.32,-0.87,2026-10-01
黒,言い争い,名詞,1,0.32,nan,2026-10-01
黒,しき,名詞,1,0.32,nan,2026-10-01
黒,衆,名詞,1,0.32,-0.01,2026-10-01
黒,妨害,名詞,1,0.32,-0.87,2026-10-01
黒,美田,名詞,1,0.32,nan,2026-10-01
黒,つらい,形容詞,1,0.32,nan,2026-10-01
黒,翌朝,名詞,1,0.32,nan,2026-10-01
黒,制圧,名詞,1,0.32,-0.77,2026-10-01
黒,囚われ,名詞,1,0.32,nan,2026-10-01
黒,幽,名詞,1,0.32,nan,2026-10-01
黒,羅,名詞,1,0.32,nan,2026-10-01
黒,運び手,名詞,1,0.32,nan,2026-10-01
黒,食む,動詞,1,0.32,nan,2026-10-01
黒,肺臓,名詞,1,0.32,nan,2026-10-01
黒,握れる,動詞,1,0.32,nan,2026-10-01
黒,使い出,名詞,1,0.32,nan,2026-10-01
黒,半,名詞,1,0.32,-0.01,2026-10-01
黒,近づける,動詞,1,0.32,-0.77,2026-10-01
黒,哩,名詞,1,0.32,nan,2026-10-01
黒,唸り,名詞,1,0.32,-0.01,2026-10-01
黒,麒麟,名詞,1,0.32,nan,2026-10-01
黒,感動,名詞,1,0.32,-0.21,2026-10-01
黒,呻き,名詞,1,0.32,-0.01,2026-10-01
黒,歯軋り,名詞,1,0.32,nan,2026-10-01
黒,用,名詞,1,0.32,nan,2026-10-01
黒,携,名詞,1,0.32,nan,2026-10-01
黒,侍,名詞,1,0.32,-0.87,2026-10-01
黒,親近,名詞,1,0.32,nan,2026-10-01
黒,膨大,名詞,1,0.32,nan,2026-10-01
黒,奥様,名詞,1,0.32,nan,2026-10-01
黒,砲弾,名詞,1,0.32,nan,2026-10-01
黒,いと,名詞,1,0.32,nan,2026-10-01
黒,悲,名詞,1,0.32,nan,2026-10-01
黒,運び,名詞,1,0.32,nan,2026-10-01
黒,荷車,名詞,1,0.32,nan,2026-10-01
黒,格子,名詞,1,0.32,-0.77,2026-10-01
黒,配管,名詞,1,0.32,nan,2026-10-01
黒,軒先,名詞,1,0.32,nan,2026-10-01
黒,午睡,名詞,1,0.32,nan,2026-10-01
黒,鍵束,名詞,1,0.32,nan,2026-10-01
黒,急ぐ,動詞,1,0.32,-1.28,2026-10-01
黒,すっかり,副詞,1,0.32,-0.52,2026-10-01
黒,ばらまく,動詞,1,0.32,nan,2026-10-01
黒,根気,名詞,1,0.32,nan,2026-10-01
黒,催す,動詞,1,0.32,nan,2026-10-01
黒,媚,名詞,1,0.32,nan,2026-10-01
黒,甘ったるい,形容詞,1,0.32,nan,2026-10-01
黒,ドンドン,副詞,1,0.32,nan,2026-10-01
黒,迷子,名詞,1,0.32,nan,2026-10-01
黒,課題,名詞,1,0.32,nan,2026-10-01
黒,マスク,名詞,1,0.32,nan,2026-10-01
黒,着用,名詞,1,0.32,nan,2026-10-01
黒,壮絶,名詞,1,0.32,nan,2026-10-01
黒,実習,名詞,1,0.32,nan,2026-10-01
黒,アシエン,名詞,1,0.32,nan,2026-10-01
黒,訳,名詞,1,0.32,-0.52,2026-10-01
黒,松明,名詞,1,0.32,-0.87,2026-10-01
黒,煮る,動詞,1,0.32,-0.21,2026-10-01
黒,みそ,名詞,1,0.32,nan,2026-10-01
黒,唆す,動詞,1,0.32,nan,2026-10-01
黒,鈴,名詞,1,0.32,nan,2026-10-01
黒,献金,名詞,1,0.32,nan,2026-10-01
黒,徴収,名詞,1,0.32,nan,2026-10-01
黒,入場,名詞,1,0.32,nan,2026-10-01
黒,楊枝,名詞,1,0.32,nan,2026-10-01
黒,刺青,名詞,1,0.32,nan,2026-10-01
黒,昼飯,名詞,1,0.32,nan,2026-10-01
黒,グルール,名詞,1,0.32,-1.72,2026-10-01
黒,メス,名詞,1,0.32,nan,2026-10-01
黒,スモッグ,名詞,1,0.32,nan,2026-10-01
黒,具合,名詞,1,0.32,nan,2026-10-01
黒,不実,名詞,1,0.32,nan,2026-10-01
黒,邪,名詞,1,0.32,nan,2026-10-01
黒,富貴,名詞,1,0.32,nan,2026-10-01
黒,外観,名詞,1,0.32,nan,2026-10-01
黒,亀裂,名詞,1,0.32,-0.38,2026-10-01
黒,ガジー,名詞,1,0.32,nan,2026-10-01
黒,排斥,名詞,1,0.32,nan,2026-10-01
黒,ヴィトゥ,名詞,1,0.32,nan,2026-10-01
黒,旗竿,名詞,1,0.32,nan,2026-10-01
黒,忠義,名詞,1,0.32,nan,2026-10-01
黒,なびく,動詞,1,0.32,nan,2026-10-01
黒,毒性,名詞,1,0.32,nan,2026-10-01
黒,醸造,名詞,1,0.32,nan,2026-10-01
黒,浸ける,動詞,1,0.32,nan,2026-10-01
黒,寿命,名詞,1,0.32,-0.77,2026-10-01
黒,酒,名詞,1,0.32,-0.21,2026-10-01
黒,釈放,名詞,1,0.32,nan,2026-10-01
黒,幻覚,名詞,1,0.32,nan,2026-10-01
黒,黒ずむ,動詞,1,0.32,nan,2026-10-01
黒,蘭,名詞,1,0.32,nan,2026-10-01
黒,サヴラ,名詞,1,0.32,nan,2026-10-01
黒,汚物,名詞,1,0.32,nan,2026-10-01
黒,ドレカヴァク,名詞,1,0.32,nan,2026-10-01
黒,禿げる,動詞,1,0.32,nan,2026-10-01
黒,頭部,名詞,1,0.32,nan,2026-10-01
黒,脂ぎる,動詞,1,0.32,nan,2026-10-01
黒,混ぜる,動詞,1,0.32,nan,2026-10-01
黒,鍋,名詞,1,0.32,-0.01,2026-10-01
黒,縫い目,名詞,1,0.32,nan,2026-10-01
黒,傍ら,名詞,1,0.32,-0.21,2026-10-01
黒,世の中,名詞,1,0.32,-0.52,2026-10-01
黒,無,名詞,1,0.32,-0.38,2026-10-01
黒,うぬぼれ,名詞,1,0.32,nan,2026-10-01
黒,下る,動詞,1,0.32,-0.21,2026-10-01
黒,身の程,名詞,1,0.32,nan,2026-10-01
黒,オーガ,名詞,1,0.32,-1.21,2026-10-01
黒,チーズ,名詞,1,0.32,nan,2026-10-01
黒,カシュカヴァル,名詞,1,0.32,nan,2026-10-01
黒,ツツキ,名詞,1,0.32,nan,2026-10-01
黒,セッツキ,名詞,1,0.32,nan,2026-10-01
黒,ぶち壊し,名詞,1,0.32,nan,2026-10-01
黒,皆殺し,名詞,1,0.32,nan,2026-10-01
黒,串刺し,名詞,1,0.32,nan,2026-10-01
黒,クトザック,名詞,1,0.32,nan,2026-10-01
黒,荒原,名詞,1,0.32,nan,2026-10-01
黒,羽目,名詞,1,0.32,-0.21,2026-10-01
黒,結晶,名詞,1,0.32,nan,2026-10-01
黒,塵,名詞,1,0.32,-1.52,2026-10-01
黒,尊い,形容詞,1,0.32,-0.21,2026-10-01
黒,泉,名詞,1,0.32,-0.38,2026-10-01
黒,若返り,名詞,1,0.32,nan,2026-10-01
黒,瞬き,名詞,1,0.32,-0.97,2026-10-01
黒,霧氷,名詞,1,0.32,-0.65,2026-10-01
黒,吹雪,名詞,1,0.32,-0.52,2026-10-01
黒,戦略,名詞,1,0.32,-1.35,2026-10-01
黒,白,名詞,1,0.32,-0.77,2026-10-01
黒,仲良く,副詞,1,0.32,nan,2026-10-01
黒,正当,名詞,1,0.32,-0.52,2026-10-01
黒,重ねる,動詞,1,0.32,-0.52,2026-10-01
黒,凍える,動詞,1,0.32,-0.52,2026-10-01
黒,北方,名詞,1,0.32,-0.52,2026-10-01
黒,クロヴ,名詞,1,0.32,nan,2026-10-01
黒,フレイアリーズ,名詞,1,0.32,-0.65,2026-10-01
黒,ザット,名詞,1,0.32,nan,2026-10-01
黒,テヴェシュ,名詞,1,0.32,nan,2026-10-01
黒,惨たらしい,形容詞,1,0.32,nan,2026-10-01
黒,浚う,動詞,1,0.32,nan,2026-10-01
黒,霜,名詞,1,0.32,-1.05,2026-10-01
黒,表面,名詞,1,0.32,-0.77,2026-10-01
黒,豊穣,名詞,1,0.32,nan,2026-10-01
黒,抑圧,名詞,1,0.32,-0.21,2026-10-01
黒,宿命,名詞,1,0.32,-0.01,2026-10-01
黒,特効,名詞,1,0.32,nan,2026-10-01
黒,計る,動詞,1,0.32,-0.52,2026-10-01
黒,奇跡,名詞,1,0.32,-0.77,2026-10-01
黒,医療,名詞,1,0.32,nan,2026-10-01
黒,荒地,名詞,1,0.32,nan,2026-10-01
黒,協調,名詞,1,0.32,nan,2026-10-01
黒,被覆,名詞,1,0.32,nan,2026-10-01
黒,震央,名詞,1,0.32,nan,2026-10-01
黒,レミュー,名詞,1,0.32,nan,2026-10-01
黒,矛盾,名詞,1,0.32,-0.65,2026-10-01
黒,性質,名詞,1,0.32,nan,2026-10-01
黒,蓋,名詞,1,0.32,nan,2026-10-01
黒,捻じくれる,動詞,1,0.32,nan,2026-10-01
黒,珍しい,形容詞,1,0.32,-0.65,2026-10-01
黒,王室,名詞,1,0.32,nan,2026-10-01
黒,ユリン,名詞,1,0.32,nan,2026-10-01
黒,魔神,名詞,1,0.32,nan,2026-10-01
黒,拝める,動詞,1,0.32,nan,2026-10-01
黒,妬み,名詞,1,0.32,nan,2026-10-01
黒,ヤヴィマヤ,名詞,1,0.32,-1.58,2026-10-01
黒,エダリス,名詞,1,0.32,nan,2026-10-01
黒,落とし,名詞,1,0.32,-0.01,2026-10-01
黒,弱体,名詞,1,0.32,nan,2026-10-01
黒,衰弱,名詞,1,0.32,nan,2026-10-01
黒,訪れ,名詞,1,0.32,-0.65,2026-10-01
黒,食いもの,名詞,1,0.32,nan,2026-10-01
黒,生きもの,名詞,1,0.32,nan,2026-10-01
黒,遺す,動詞,1,0.32,nan,2026-10-01
黒,無法,名詞,1,0.32,nan,2026-10-01
黒,尾ひれ,名詞,1,0.32,nan,2026-10-01
黒,必然,名詞,1,0.32,-0.21,2026-10-01
黒,スノッド,名詞,1,0.32,nan,2026-10-01
黒,幹,名詞,1,0.32,-0.87,2026-10-01
黒,猫族,名詞,1,0.32,nan,2026-10-01
黒,案ずる,動詞,1,0.32,nan,2026-10-01
黒,モグ,名詞,1,0.32,-0.01,2026-10-01
黒,基盤,名詞,1,0.32,-0.52,2026-10-01
黒,新任,名詞,1,0.32,nan,2026-10-01
黒,微塵,名詞,1,0.32,nan,2026-10-01
黒,木端,名詞,1,0.32,nan,2026-10-01
黒,朽ちる,動詞,1,0.32,nan,2026-10-01
黒,捻れる,動詞,1,0.32,nan,2026-10-01
黒,替わる,動詞,1,0.32,nan,2026-10-01
黒,堕,名詞,1,0.32,nan,2026-10-01
黒,集中,名詞,1,0.32,-1.63,2026-10-01
黒,悪疫,名詞,1,0.32,nan,2026-10-01
黒,説法,名詞,1,0.32,nan,2026-10-01
黒,衣服,名詞,1,0.32,nan,2026-10-01
黒,御身,名詞,1,0.32,nan,2026-10-01
黒,身悶え,名詞,1,0.32,nan,2026-10-01
黒,粘つく,動詞,1,0.32,nan,2026-10-01
黒,エズリス,名詞,1,0.32,nan,2026-10-01
黒,暗刻,名詞,1,0.32,nan,2026-10-01
黒,ウィンド,名詞,1,0.32,nan,2026-10-01
黒,勝手に,副詞,1,0.32,-0.97,2026-10-01
黒,大半,名詞,1,0.32,-0.97,2026-10-01
黒,精霊,名詞,1,0.32,-2.66,2026-10-01
黒,原形,名詞,1,0.32,nan,2026-10-01
黒,妖術,名詞,1,0.32,nan,2026-10-01
黒,異質,名詞,1,0.32,nan,2026-10-01
黒,化石,名詞,1,0.32,nan,2026-10-01
黒,象る,動詞,1,0.32,-0.21,2026-10-01
黒,アルトゥラン,名詞,1,0.32,nan,2026-10-01
黒,あざ笑う,動詞,1,0.32,nan,2026-10-01
黒,そのまま,名詞,1,0.32,-1.14,2026-10-01
黒,剥く,動詞,1,0.32,-0.01,2026-10-01
黒,蛆虫,名詞,1,0.32,nan,2026-10-01
黒,古ぼける,動詞,1,0.32,nan,2026-10-01
黒,あふれる,動詞,1,0.32,-1.21,2026-10-01
黒,見出し,名詞,1,0.32,nan,2026-10-01
黒,記事,名詞,1,0.32,nan,2026-10-01
黒,ツン,副詞,1,0.32,nan,2026-10-01
黒,幸福,名詞,1,0.32,nan,2026-10-01
黒,ゴミ屑,名詞,1,0.32,nan,2026-10-01
黒,廃除,名詞,1,0.32,nan,2026-10-01
黒,ゴールド,名詞,1,0.32,nan,2026-10-01
黒,カツラ,名詞,1,0.32,nan,2026-10-01
黒,意図,名詞,1,0.32,-0.21,2026-10-01
黒,ジャック,名詞,1,0.32,-0.21,2026-10-01
黒,スプリング,名詞,1,0.32,-0.21,2026-10-01
黒,ナース,名詞,1,0.32,nan,2026-10-01
黒,ステップ,名詞,1,0.32,nan,2026-10-01
黒,ダンス,名詞,1,0.32,-0.21,2026-10-01
黒,スミック,名詞,1,0.32,nan,2026-10-01
黒,変化,名詞,1,0.32,-1.81,2026-10-01
黒,ひろがる,動詞,1,0.32,nan,2026-10-01
黒,修整,名詞,1,0.32,nan,2026-10-01
黒,線引き,名詞,1,0.32,nan,2026-10-01
黒,スノック,名詞,1,0.32,nan,2026-10-01
黒,ボーブ,名詞,1,0.32,nan,2026-10-01
黒,チューチュー,名詞,1,0.32,nan,2026-10-01
黒,トゲブタ,名詞,1,0.32,nan,2026-10-01
黒,チューパイ,名詞,1,0.32,nan,2026-10-01
黒,害,名詞,1,0.32,-0.21,2026-10-01
黒,ガドック,名詞,1,0.32,nan,2026-10-01
黒,容易い,形容詞,1,0.32,-1.58,2026-10-01
黒,エレンドラ,名詞,1,0.32,nan,2026-10-01
黒,醜悪,名詞,1,0.32,nan,2026-10-01
黒,イラクサヅタ,名詞,1,0.32,nan,2026-10-01
黒,クシャミ,名詞,1,0.32,nan,2026-10-01
黒,芋虫,名詞,1,0.32,-0.21,2026-10-01
黒,落っこちる,動詞,1,0.32,-0.01,2026-10-01
黒,生まれたて,名詞,1,0.32,nan,2026-10-01
黒,喚く,動詞,1,0.32,nan,2026-10-01
黒,ギーク,名詞,1,0.32,nan,2026-10-01
黒,ニッブ,名詞,1,0.32,nan,2026-10-01
黒,大枝,名詞,1,0.32,nan,2026-10-01
黒,しわい,形容詞,1,0.32,nan,2026-10-01
黒,きしむ,動詞,1,0.32,nan,2026-10-01
黒,他族,名詞,1,0.32,nan,2026-10-01
黒,レイピア,名詞,1,0.32,nan,2026-10-01
黒,にやけ顔,名詞,1,0.32,nan,2026-10-01
黒,根っこ,名詞,1,0.32,-0.21,2026-10-01
黒,目腐れ,名詞,1,0.32,nan,2026-10-01
黒,喜べる,動詞,1,0.32,nan,2026-10-01
黒,白し,形容詞,1,0.32,nan,2026-10-01
黒,芽吹く,動詞,1,0.32,-0.87,2026-10-01
黒,遠ざける,動詞,1,0.32,-0.01,2026-10-01
黒,萎える,動詞,1,0.32,nan,2026-10-01
黒,軍旗,名詞,1,0.32,-0.38,2026-10-01
黒,投げ,名詞,1,0.32,-0.21,2026-10-01
黒,風上,名詞,1,0.32,nan,2026-10-01
黒,汚い,形容詞,1,0.32,nan,2026-10-01
黒,現われ,名詞,1,0.32,nan,2026-10-01
黒,ディーガン,名詞,1,0.32,nan,2026-10-01
黒,ヴィーサ,名詞,1,0.32,nan,2026-10-01
黒,イリオナーヴェンディリオン,名詞,1,0.32,nan,2026-10-01
黒,エンドリ,名詞,1,0.32,nan,2026-10-01
黒,線,名詞,1,0.32,-0.52,2026-10-01
黒,地平,名詞,1,0.32,-1.47,2026-10-01
黒,咲かす,動詞,1,0.32,nan,2026-10-01
黒,スミレ,名詞,1,0.32,nan,2026-10-01
黒,チューイン,名詞,1,0.32,nan,2026-10-01
黒,外れる,動詞,1,0.32,-0.21,2026-10-01
黒,花々,名詞,1,0.32,nan,2026-10-01
黒,ベイル,名詞,1,0.32,-0.52,2026-10-01
黒,償い,名詞,1,0.32,nan,2026-10-01
黒,請求,名詞,1,0.32,nan,2026-10-01
黒,現実,名詞,1,0.32,-2.88,2026-10-01
黒,単体,名詞,1,0.32,nan,2026-10-01
黒,トゲ,名詞,1,0.32,nan,2026-10-01
黒,誓い,名詞,1,0.32,-1.58,2026-10-01
黒,溺れ死,名詞,1,0.32,nan,2026-10-01
黒,結びつき,名詞,1,0.32,-0.52,2026-10-01
黒,術者,名詞,1,0.32,nan,2026-10-01
黒,神秘,名詞,1,0.32,-1.41,2026-10-01
黒,ものぐるい,名詞,1,0.32,nan,2026-10-01
黒,練る,動詞,1,0.32,-0.38,2026-10-01
黒,粘体,名詞,1,0.32,nan,2026-10-01
黒,産物,名詞,1,0.32,-0.77,2026-10-01
黒,迷信,名詞,1,0.32,-0.01,2026-10-01
黒,乱す,動詞,1,0.32,-0.38,2026-10-01
黒,ナイト,名詞,1,0.32,nan,2026-10-01
黒,勘,名詞,1,0.32,nan,2026-10-01
黒,鈍る,動詞,1,0.32,nan,2026-10-01
黒,マスター,名詞,1,0.32,-0.01,2026-10-01
黒,おとなしい,形容詞,1,0.32,-1.63,2026-10-01
黒,石炭,名詞,1,0.32,-0.01,2026-10-01
黒,焚く,動詞,1,0.32,-0.01,2026-10-01
黒,ガタガタ,副詞,1,0.32,nan,2026-10-01
黒,燃えさし,名詞,1,0.32,-0.01,2026-10-01
黒,剥がす,動詞,1,0.32,-0.21,2026-10-01
黒,妬む,動詞,1,0.32,nan,2026-10-01
黒,ワンダー,名詞,1,0.32,nan,2026-10-01
黒,ぬめる,動詞,1,0.32,nan,2026-10-01
黒,ブライン,名詞,1,0.32,nan,2026-10-01
黒,薙ぐ,動詞,1,0.32,nan,2026-10-01
黒,トレク,名詞,1,0.32,nan,2026-10-01
黒,自力,名詞,1,0.32,nan,2026-10-01
黒,こさえる,動詞,1,0.32,nan,2026-10-01
黒,選りすぐり,名詞,1,0.32,nan,2026-10-01
黒,摘む,動詞,1,0.32,nan,2026-10-01
黒,真剣,名詞,1,0.32,nan,2026-10-01
黒,ダリアル,名詞,1,0.32,nan,2026-10-01
黒,火薬,名詞,1,0.32,nan,2026-10-01
黒,もぐる,動詞,1,0.32,nan,2026-10-01
黒,煙突,名詞,1,0.32,nan,2026-10-01
黒,樽,名詞,1,0.32,nan,2026-10-01
黒,ヘディル,名詞,1,0.32,nan,2026-10-01
黒,ホブ,名詞,1,0.32,nan,2026-10-01
黒,導火,名詞,1,0.32,nan,2026-10-01
黒,通り道,名詞,1,0.32,-0.52,2026-10-01
黒,放す,動詞,1,0.32,nan,2026-10-01
黒,遡る,動詞,1,0.32,-0.21,2026-10-01
黒,男爵,名詞,1,0.32,nan,2026-10-01
黒,賑わう,動詞,1,0.32,nan,2026-10-01
黒,海岸,名詞,1,0.32,-0.65,2026-10-01
黒,ご馳走,名詞,1,0.32,-0.97,2026-10-01
黒,病弱,名詞,1,0.32,nan,2026-10-01
黒,かず,名詞,1,0.32,nan,2026-10-01
黒,造り,名詞,1,0.32,nan,2026-10-01
黒,手付,名詞,1,0.32,nan,2026-10-01
黒,室,名詞,1,0.32,nan,2026-10-01
黒,ノッド,名詞,1,0.32,nan,2026-10-01
黒,シャンガス,名詞,1,0.32,nan,2026-10-01
黒,真似る,動詞,1,0.32,-0.21,2026-10-01
黒,エーテル,名詞,1,0.32,-0.77,2026-10-01
黒,夢見る,動詞,1,0.32,-0.87,2026-10-01
黒,妄信,名詞,1,0.32,nan,2026-10-01
黒,宣誓,名詞,1,0.32,nan,2026-10-01
黒,開封,名詞,1,0.32,nan,2026-10-01
黒,書簡,名詞,1,0.32,nan,2026-10-01
黒,エーテリウム,名詞,1,0.32,-0.38,2026-10-01
黒,ねめる,動詞,1,0.32,nan,2026-10-01
黒,鉄くず,名詞,1,0.32,nan,2026-10-01
黒,屑,名詞,1,0.32,-0.65,2026-10-01
黒,立入,名詞,1,0.32,nan,2026-10-01
黒,書籍,名詞,1,0.32,nan,2026-10-01
黒,エリア,名詞,1,0.32,nan,2026-10-01
黒,保存,名詞,1,0.32,-0.21,2026-10-01
黒,生息,名詞,1,0.32,-0.97,2026-10-01
黒,集い,名詞,1,0.32,nan,2026-10-01
黒,前腕,名詞,1,0.32,nan,2026-10-01
黒,大腿,名詞,1,0.32,nan,2026-10-01
黒,すっきり,副詞,1,0.32,nan,2026-10-01
黒,ずっしり,副詞,1,0.32,nan,2026-10-01
黒,並外れる,動詞,1,0.32,-0.01,2026-10-01
黒,非業,名詞,1,0.32,nan,2026-10-01
黒,ゴリアル,名詞,1,0.32,nan,2026-10-01
黒,スフィンクス,名詞,1,0.32,-1.35,2026-10-01
黒,先駆け,名詞,1,0.32,nan,2026-10-01
黒,漕ぎ手,名詞,1,0.32,nan,2026-10-01
黒,潮,名詞,1,0.32,-1.58,2026-10-01
黒,蛮族,名詞,1,0.32,-0.52,2026-10-01
黒,止まり木,名詞,1,0.32,nan,2026-10-01
黒,アラーラ,名詞,1,0.32,nan,2026-10-01
黒,意気地,名詞,1,0.32,nan,2026-10-01
黒,ふと,副詞,1,0.32,nan,2026-10-01
黒,味噌,名詞,1,0.32,nan,2026-10-01
黒,ナヤ,名詞,1,0.32,-0.87,2026-10-01
黒,毒する,動詞,1,0.32,nan,2026-10-01
黒,種蒔き,名詞,1,0.32,nan,2026-10-01
黒,首吊り,名詞,1,0.32,nan,2026-10-01
黒,頸木,名詞,1,0.32,nan,2026-10-01
黒,液体,名詞,1,0.32,nan,2026-10-01
黒,ケレン,名詞,1,0.32,nan,2026-10-01
黒,峠,名詞,1,0.32,-1.05,2026-10-01
黒,説明,名詞,1,0.32,-1.14,2026-10-01
黒,ファイラックス,名詞,1,0.32,nan,2026-10-01
黒,有益,名詞,1,0.32,nan,2026-10-01
黒,嫌悪,名詞,1,0.32,nan,2026-10-01
黒,人員,名詞,1,0.32,nan,2026-10-01
黒,機動,名詞,1,0.32,nan,2026-10-01
黒,向上,名詞,1,0.32,nan,2026-10-01
黒,運搬,名詞,1,0.32,nan,2026-10-01
黒,大型,名詞,1,0.32,-0.21,2026-10-01
黒,とろける,動詞,1,0.32,nan,2026-10-01
黒,数々,名詞,1,0.32,-0.65,2026-10-01
黒,同類,名詞,1,0.32,nan,2026-10-01
黒,モルグル,名詞,1,0.32,nan,2026-10-01
黒,設ける,動詞,1,0.32,nan,2026-10-01
黒,ケリノア,名詞,1,0.32,nan,2026-10-01
黒,むごたらしい,形容詞,1,0.32,nan,2026-10-01
黒,議事,名詞,1,0.32,-0.77,2026-10-01
黒,当惑,名詞,1,0.32,nan,2026-10-01
黒,傷つく,動詞,1,0.32,-0.52,2026-10-01
黒,かかわる,動詞,1,0.32,-1.14,2026-10-01
黒,何ゆえ,副詞,1,0.32,nan,2026-10-01
黒,今更,副詞,1,0.32,nan,2026-10-01
黒,唯,副詞,1,0.32,nan,2026-10-01
黒,ザスリッド,名詞,1,0.32,nan,2026-10-01
黒,ごめん,名詞,1,0.32,-0.38,2026-10-01
黒,あんまり,副詞,1,0.32,nan,2026-10-01
黒,寛ぐ,動詞,1,0.32,nan,2026-10-01
黒,丁々,名詞,1,0.32,nan,2026-10-01
黒,発止,名詞,1,0.32,nan,2026-10-01
黒,遅れ,名詞,1,0.32,nan,2026-10-01
黒,長し,形容詞,1,0.32,nan,2026-10-01
黒,ムラーサ,名詞,1,0.32,-1.21,2026-10-01
黒,早める,動詞,1,0.32,nan,2026-10-01
黒,脈動,名詞,1,0.32,nan,2026-10-01
黒,ラダーヴィ,名詞,1,0.32,nan,2026-10-01
黒,ジョラーガ,名詞,1,0.32,-0.87,2026-10-01
黒,痛む,動詞,1,0.32,-0.77,2026-10-01
黒,名残り,名詞,1,0.32,nan,2026-10-01
黒,しるし,名詞,1,0.32,-0.01,2026-10-01
黒,潮目,名詞,1,0.32,-0.01,2026-10-01
黒,落雷,名詞,1,0.32,nan,2026-10-01
黒,拉ぐ,動詞,1,0.32,nan,2026-10-01
黒,光輪,名詞,1,0.32,nan,2026-10-01
黒,しかた,名詞,1,0.32,nan,2026-10-01
黒,裂断,名詞,1,0.32,nan,2026-10-01
黒,出血,名詞,1,0.32,nan,2026-10-01
黒,暗示,名詞,1,0.32,nan,2026-10-01
黒,喚ぶ,動詞,1,0.32,nan,2026-10-01
黒,RH,名詞,1,0.32,nan,2026-10-01
黒,無鉛,名詞,1,0.32,nan,2026-10-01
黒,食える,動詞,1,0.32,-0.38,2026-10-01
黒,小船,名詞,1,0.32,nan,2026-10-01
黒,見せ場,名詞,1,0.32,nan,2026-10-01
黒,入刀,名詞,1,0.32,nan,2026-10-01
黒,ケーキ,名詞,1,0.32,nan,2026-10-01
黒,僅差,名詞,1,0.32,nan,2026-10-01
黒,海門,名詞,1,0.32,-0.97,2026-10-01
黒,売,名詞,1,0.32,nan,2026-10-01
黒,膨れる,動詞,1,0.32,-0.01,2026-10-01
黒,形づくる,動詞,1,0.32,nan,2026-10-01
黒,ベルコ,名詞,1,0.32,nan,2026-10-01
黒,ほる,動詞,1,0.32,nan,2026-10-01
黒,アルブリ,名詞,1,0.32,nan,2026-10-01
黒,門番,名詞,1,0.32,nan,2026-10-01
黒,一押し,名詞,1,0.32,nan,2026-10-01
黒,瀬戸際,名詞,1,0.32,nan,2026-10-01
黒,尊大,名詞,1,0.32,nan,2026-10-01
黒,小娘,名詞,1,0.32,nan,2026-10-01
黒,蝋燭,名詞,1,0.32,-0.52,2026-10-01
黒,地位,名詞,1,0.32,-0.38,2026-10-01
黒,航海,名詞,1,0.32,-0.87,2026-10-01
黒,ディア,名詞,1,0.32,-0.21,2026-10-01
黒,ひよっこ,名詞,1,0.32,nan,2026-10-01
黒,駆け出し,名詞,1,0.32,nan,2026-10-01
黒,無駄足,名詞,1,0.32,nan,2026-10-01
黒,深海,名詞,1,0.32,-1.05,2026-10-01
黒,判決,名詞,1,0.32,nan,2026-10-01
黒,評決,名詞,1,0.32,nan,2026-10-01
黒,のける,動詞,1,0.32,-0.01,2026-10-01
黒,所有,名詞,1,0.32,-1.21,2026-10-01
黒,作人,名詞,1,0.32,nan,2026-10-01
黒,落し子,名詞,1,0.32,nan,2026-10-01
黒,実践,名詞,1,0.32,-0.52,2026-10-01
黒,発動,名詞,1,0.32,-0.77,2026-10-01
黒,創始,名詞,1,0.32,nan,2026-10-01
黒,ゾフ,名詞,1,0.32,nan,2026-10-01
黒,年代,名詞,1,0.32,nan,2026-10-01
黒,入り口,名詞,1,0.32,-0.77,2026-10-01
黒,梃子,名詞,1,0.32,nan,2026-10-01
黒,硬直,名詞,1,0.32,nan,2026-10-01
黒,シェイダ,名詞,1,0.32,nan,2026-10-01
黒,遠し,形容詞,1,0.32,nan,2026-10-01
黒,撒き,名詞,1,0.32,nan,2026-10-01
黒,迎え,名詞,1,0.32,nan,2026-10-01
黒,どうせ,副詞,1,0.32,-0.01,2026-10-01
黒,貧弱,名詞,1,0.32,nan,2026-10-01
黒,アイドロル,名詞,1,0.32,nan,2026-10-01
黒,貸し,名詞,1,0.32,nan,2026-10-01
黒,策謀,名詞,1,0.32,nan,2026-10-01
黒,井戸,名詞,1,0.32,-0.21,2026-10-01
黒,遺恨,名詞,1,0.32,nan,2026-10-01
黒,否応,名詞,1,0.32,nan,2026-10-01
黒,品行,名詞,1,0.32,nan,2026-10-01
黒,悲運,名詞,1,0.32,nan,2026-10-01
黒,天国,名詞,1,0.32,-0.01,2026-10-01
黒,遠慮,名詞,1,0.32,nan,2026-10-01
黒,幻想,名詞,1,0.32,-0.21,2026-10-01
黒,美化,名詞,1,0.32,nan,2026-10-01
黒,猥雑,名詞,1,0.32,nan,2026-10-01
黒,ごみ,名詞,1,0.32,nan,2026-10-01
黒,コジレック,名詞,1,0.32,nan,2026-10-01
黒,落し,名詞,1,0.32,nan,2026-10-01
黒,トラーガ,名詞,1,0.32,nan,2026-10-01
黒,走り,名詞,1,0.32,-0.01,2026-10-01
黒,高原,名詞,1,0.32,nan,2026-10-01
黒,ナー,名詞,1,0.32,nan,2026-10-01
黒,グーラス,名詞,1,0.32,nan,2026-10-01
黒,戦える,動詞,1,0.32,-0.21,2026-10-01
黒,言ふ,動詞,1,0.32,nan,2026-10-01
黒,ねえ,名詞,1,0.32,nan,2026-10-01
黒,セドヴァ,名詞,1,0.32,nan,2026-10-01
黒,険しい,形容詞,1,0.32,nan,2026-10-01
黒,流人,名詞,1,0.32,nan,2026-10-01
黒,髄,名詞,1,0.32,nan,2026-10-01
黒,錠,名詞,1,0.32,nan,2026-10-01
黒,腱,名詞,1,0.32,nan,2026-10-01
黒,ファー,名詞,1,0.32,nan,2026-10-01
黒,ビッド,名詞,1,0.32,nan,2026-10-01
黒,有する,動詞,1,0.32,-0.65,2026-10-01
黒,機能,名詞,1,0.32,-1.05,2026-10-01
黒,ほど近い,形容詞,1,0.32,nan,2026-10-01
黒,飽食,名詞,1,0.32,nan,2026-10-01
黒,まさに,副詞,1,0.32,-0.77,2026-10-01
黒,手伝い,名詞,1,0.32,nan,2026-10-01
黒,踊り,名詞,1,0.32,-0.01,2026-10-01
黒,ロクソドン,名詞,1,0.32,-0.87,2026-10-01
黒,外科,名詞,1,0.32,nan,2026-10-01
黒,リーファー,名詞,1,0.32,nan,2026-10-01
黒,バッタ,名詞,1,0.32,nan,2026-10-01
黒,よじる,動詞,1,0.32,nan,2026-10-01
黒,領地,名詞,1,0.32,-1.35,2026-10-01
黒,道士,名詞,1,0.32,-0.65,2026-10-01
黒,接種,名詞,1,0.32,nan,2026-10-01
黒,予防,名詞,1,0.32,nan,2026-10-01
黒,標本,名詞,1,0.32,-0.38,2026-10-01
黒,アダラン,名詞,1,0.32,nan,2026-10-01
黒,正,名詞,1,0.32,nan,2026-10-01
黒,胸壁,名詞,1,0.32,nan,2026-10-01
黒,ギタクシアス,名詞,1,0.32,-1.21,2026-10-01
黒,好意,名詞,1,0.32,nan,2026-10-01
黒,語,名詞,1,0.32,-0.52,2026-10-01
黒,物狂い,名詞,1,0.32,nan,2026-10-01
黒,ヴォリンクレックス,名詞,1,0.32,-1.21,2026-10-01
黒,ひと,名詞,1,0.32,-0.21,2026-10-01
黒,とげ,名詞,1,0.32,nan,2026-10-01
黒,監督,名詞,1,0.32,nan,2026-10-01
黒,統合,名詞,1,0.32,nan,2026-10-01
黒,喜ばす,動詞,1,0.32,nan,2026-10-01
黒,いじくる,動詞,1,0.32,nan,2026-10-01
黒,開放,名詞,1,0.32,nan,2026-10-01
黒,果て,名詞,1,0.32,-1.14,2026-10-01
黒,儚し,形容詞,1,0.32,nan,2026-10-01
黒,ガイェド,名詞,1,0.32,nan,2026-10-01
黒,負担,名詞,1,0.32,nan,2026-10-01
黒,ティタニア,名詞,1,0.32,nan,2026-10-01
黒,申す,動詞,1,0.32,-0.65,2026-10-01
黒,和平,名詞,1,0.32,-0.21,2026-10-01
黒,はねる,動詞,1,0.32,nan,2026-10-01
黒,息子,名詞,1,0.32,-0.65,2026-10-01
黒,終止,名詞,1,0.32,nan,2026-10-01
黒,ラドンハゲードン,名詞,1,0.32,nan,2026-10-01
黒,視点,名詞,1,0.32,-0.52,2026-10-01
黒,イシーラ,名詞,1,0.32,nan,2026-10-01
黒,とくと,副詞,1,0.32,nan,2026-10-01
黒,幇間,名詞,1,0.32,nan,2026-10-01
黒,磁器,名詞,1,0.32,nan,2026-10-01
黒,ドリヴノッド,名詞,1,0.32,nan,2026-10-01
黒,憚る,動詞,1,0.32,nan,2026-10-01
黒,滑空,名詞,1,0.32,nan,2026-10-01
黒,背ける,動詞,1,0.32,nan,2026-10-01
黒,イシュ,名詞,1,0.32,nan,2026-10-01
黒,表層,名詞,1,0.32,nan,2026-10-01
黒,地殻,名詞,1,0.32,nan,2026-10-01
黒,綯う,動詞,1,0.32,nan,2026-10-01
黒,ストーカー,名詞,1,0.32,nan,2026-10-01
黒,つんざく,動詞,1,0.32,nan,2026-10-01
黒,刻み,名詞,1,0.32,nan,2026-10-01
黒,連祷,名詞,1,0.32,nan,2026-10-01
黒,冥府,名詞,1,0.32,nan,2026-10-01
黒,命がけ,名詞,1,0.32,nan,2026-10-01
黒,冥界,名詞,1,0.32,nan,2026-10-01
黒,縞,名詞,1,0.32,nan,2026-10-01
黒,教義,名詞,1,0.32,-0.65,2026-10-01
黒,気取る,動詞,1,0.32,nan,2026-10-01
黒,上辺,名詞,1,0.32,nan,2026-10-01
黒,欲望,名詞,1,0.32,-0.87,2026-10-01
黒,下衆,名詞,1,0.32,nan,2026-10-01
黒,責める,動詞,1,0.32,nan,2026-10-01
黒,再会,名詞,1,0.32,nan,2026-10-01
黒,災害,名詞,1,0.32,-1.41,2026-10-01
黒,美人,名詞,1,0.32,nan,2026-10-01
黒,聴覚,名詞,1,0.32,nan,2026-10-01
黒,牢屋,名詞,1,0.32,nan,2026-10-01
黒,投獄,名詞,1,0.32,nan,2026-10-01
黒,人さらい,名詞,1,0.32,nan,2026-10-01
黒,鼠取り,名詞,1,0.32,nan,2026-10-01
黒,使節,名詞,1,0.32,nan,2026-10-01
黒,前哨,名詞,1,0.32,-0.21,2026-10-01
黒,礼拝,名詞,1,0.32,nan,2026-10-01
黒,献血,名詞,1,0.32,nan,2026-10-01
黒,品定め,名詞,1,0.32,nan,2026-10-01
黒,佇む,動詞,1,0.32,nan,2026-10-01
黒,ミケウス,名詞,1,0.32,nan,2026-10-01
黒,哲学,名詞,1,0.32,-0.52,2026-10-01
黒,浸る,動詞,1,0.32,nan,2026-10-01
黒,伏せる,動詞,1,0.32,-0.65,2026-10-01
黒,暇,名詞,1,0.32,-0.52,2026-10-01
黒,輸送,名詞,1,0.32,nan,2026-10-01
黒,賄う,動詞,1,0.32,nan,2026-10-01
黒,切望,名詞,1,0.32,-0.38,2026-10-01
黒,美形,名詞,1,0.32,nan,2026-10-01
黒,マレーラ,名詞,1,0.32,nan,2026-10-01
黒,嗜好,名詞,1,0.32,nan,2026-10-01
黒,がよう,動詞,1,0.32,nan,2026-10-01
黒,放し飼い,名詞,1,0.32,nan,2026-10-01
黒,牢,名詞,1,0.32,nan,2026-10-01
黒,勤務,名詞,1,0.32,nan,2026-10-01
黒,考慮,名詞,1,0.32,nan,2026-10-01
黒,雇われ,名詞,1,0.32,nan,2026-10-01
黒,宣伝,名詞,1,0.32,nan,2026-10-01
黒,ぶち,副詞,1,0.32,nan,2026-10-01
黒,ヒルディン,名詞,1,0.32,nan,2026-10-01
黒,慟哭,名詞,1,0.32,nan,2026-10-01
黒,喘ぐ,動詞,1,0.32,nan,2026-10-01
黒,羊皮,名詞,1,0.32,nan,2026-10-01
黒,自衛,名詞,1,0.32,nan,2026-10-01
黒,とんでも,副詞,1,0.32,-0.21,2026-10-01
黒,風格,名詞,1,0.32,nan,2026-10-01
黒,思い過ごし,名詞,1,0.32,nan,2026-10-01
黒,細かい,形容詞,1,0.32,-0.21,2026-10-01
黒,僧正,名詞,1,0.32,nan,2026-10-01
黒,ヴォルパグ,名詞,1,0.32,nan,2026-10-01
黒,ゴーガル,名詞,1,0.32,nan,2026-10-01
黒,ラトスタイン,名詞,1,0.32,nan,2026-10-01
黒,クルイーン,名詞,1,0.32,nan,2026-10-01
黒,翁,名詞,1,0.32,nan,2026-10-01
黒,競走,名詞,1,0.32,nan,2026-10-01
黒,墓掘り,名詞,1,0.32,nan,2026-10-01
黒,贅沢,名詞,1,0.32,nan,2026-10-01
黒,ワルマー,名詞,1,0.32,nan,2026-10-01
黒,ベッド,名詞,1,0.32,-0.21,2026-10-01
黒,為す,動詞,1,0.32,-0.65,2026-10-01
黒,巫術,名詞,1,0.32,nan,2026-10-01
黒,スカーブ,名詞,1,0.32,-0.87,2026-10-01
黒,形式,名詞,1,0.32,nan,2026-10-01
黒,入神,名詞,1,0.32,nan,2026-10-01
黒,主賓,名詞,1,0.32,nan,2026-10-01
黒,座興,名詞,1,0.32,nan,2026-10-01
黒,ヴィザグ,名詞,1,0.32,nan,2026-10-01
黒,ミナルドラ,名詞,1,0.32,nan,2026-10-01
黒,アトゥム,名詞,1,0.32,nan,2026-10-01
黒,おびえる,動詞,1,0.32,nan,2026-10-01
黒,アルドレグ,名詞,1,0.32,nan,2026-10-01
黒,柄,名詞,1,0.32,nan,2026-10-01
黒,魅了,名詞,1,0.32,nan,2026-10-01
黒,身動き,名詞,1,0.32,nan,2026-10-01
黒,引きずり,名詞,1,0.32,nan,2026-10-01
黒,底無し,名詞,1,0.32,nan,2026-10-01
黒,丁子,名詞,1,0.32,nan,2026-10-01
黒,岩礁,名詞,1,0.32,nan,2026-10-01
黒,積み荷,名詞,1,0.32,nan,2026-10-01
黒,ギザギザ,名詞,1,0.32,nan,2026-10-01
黒,モークラット,名詞,1,0.32,nan,2026-10-01
黒,溺れる,動詞,1,0.32,-0.87,2026-10-01
黒,オディラ,名詞,1,0.32,nan,2026-10-01
黒,冠,名詞,1,0.32,nan,2026-10-01
黒,藤,名詞,1,0.32,nan,2026-10-01
黒,共鳴,名詞,1,0.32,nan,2026-10-01
黒,適う,動詞,1,0.32,nan,2026-10-01
黒,眼鏡,名詞,1,0.32,nan,2026-10-01
黒,誓約,名詞,1,0.32,-0.21,2026-10-01
黒,ぐずる,動詞,1,0.32,nan,2026-10-01
黒,カアカア,副詞,1,0.32,nan,2026-10-01
黒,忌々しい,形容詞,1,0.32,nan,2026-10-01
黒,鎮痛,名詞,1,0.32,nan,2026-10-01
黒,やつす,動詞,1,0.32,nan,2026-10-01
黒,餌場,名詞,1,0.32,nan,2026-10-01
黒,代々,名詞,1,0.32,nan,2026-10-01
黒,ハンウィアー,名詞,1,0.32,nan,2026-10-01
黒,屈折,名詞,1,0.32,-0.01,2026-10-01
黒,筋肉,名詞,1,0.32,-1.35,2026-10-01
黒,ヴァニア,名詞,1,0.32,nan,2026-10-01
黒,絵画,名詞,1,0.32,nan,2026-10-01
黒,落書き,名詞,1,0.32,nan,2026-10-01
黒,カスティーン,名詞,1,0.32,nan,2026-10-01
黒,洞穴,名詞,1,0.32,nan,2026-10-01
黒,エルゴード,名詞,1,0.32,nan,2026-10-01
黒,エルス,名詞,1,0.32,nan,2026-10-01
黒,ラムホルト,名詞,1,0.32,-0.01,2026-10-01
黒,司令,名詞,1,0.32,-0.52,2026-10-01
黒,手負い,名詞,1,0.32,nan,2026-10-01
黒,トリステン,名詞,1,0.32,nan,2026-10-01
黒,散歩,名詞,1,0.32,nan,2026-10-01
黒,ただただ,副詞,1,0.32,nan,2026-10-01
黒,幽閉,名詞,1,0.32,nan,2026-10-01
黒,ルーエンハート,名詞,1,0.32,nan,2026-10-01
黒,聖職,名詞,1,0.32,nan,2026-10-01
黒,街中,名詞,1,0.32,-0.01,2026-10-01
黒,病人,名詞,1,0.32,nan,2026-10-01
黒,桃,名詞,1,0.32,nan,2026-10-01
黒,ターホールド,名詞,1,0.32,nan,2026-10-01
黒,ドルナウ,名詞,1,0.32,nan,2026-10-01
黒,くすぶる,動詞,1,0.32,nan,2026-10-01
黒,ルーキン,名詞,1,0.32,nan,2026-10-01
黒,優勢,名詞,1,0.32,nan,2026-10-01
黒,上手,名詞,1,0.32,nan,2026-10-01
黒,時点,名詞,1,0.32,-0.21,2026-10-01
黒,平気,名詞,1,0.32,nan,2026-10-01
黒,ネファロックス,名詞,1,0.32,nan,2026-10-01
黒,入り江,名詞,1,0.32,nan,2026-10-01
黒,マーフォーク,名詞,1,0.32,-1.93,2026-10-01
黒,装身,名詞,1,0.32,nan,2026-10-01
黒,治世,名詞,1,0.32,nan,2026-10-01
黒,ザンダー,名詞,1,0.32,nan,2026-10-01
黒,テイサ,名詞,1,0.32,-0.21,2026-10-01
黒,歓楽,名詞,1,0.32,-0.21,2026-10-01
黒,紋章,名詞,1,0.32,-0.21,2026-10-01
黒,様式,名詞,1,0.32,nan,2026-10-01
黒,配置,名詞,1,0.32,-0.77,2026-10-01
黒,幕,名詞,1,0.32,nan,2026-10-01
黒,祝する,動詞,1,0.32,nan,2026-10-01
黒,祝杯,名詞,1,0.32,nan,2026-10-01
黒,接触,名詞,1,0.32,nan,2026-10-01
黒,忙しい,形容詞,1,0.32,-0.21,2026-10-01
黒,サレヴォク,名詞,1,0.32,nan,2026-10-01
黒,聖人,名詞,1,0.32,nan,2026-10-01
黒,ガルトゥ,名詞,1,0.32,nan,2026-10-01
黒,拠り所,名詞,1,0.32,nan,2026-10-01
黒,ヴィシュ,名詞,1,0.32,nan,2026-10-01
黒,調停,名詞,1,0.32,nan,2026-10-01
黒,野外,名詞,1,0.32,nan,2026-10-01
黒,夕暮,名詞,1,0.32,nan,2026-10-01
黒,嘲笑,名詞,1,0.32,-0.01,2026-10-01
黒,シャナーヴ,名詞,1,0.32,nan,2026-10-01
黒,ミーハス,名詞,1,0.32,nan,2026-10-01
黒,滑稽,名詞,1,0.32,nan,2026-10-01
黒,酷薄,名詞,1,0.32,nan,2026-10-01
黒,あたかも,副詞,1,0.32,nan,2026-10-01
黒,卑しめる,動詞,1,0.32,nan,2026-10-01
黒,腐れ,名詞,1,0.32,nan,2026-10-01
黒,ジャラド,名詞,1,0.32,nan,2026-10-01
黒,監房,名詞,1,0.32,nan,2026-10-01
黒,ガーゴイル,名詞,1,0.32,-0.21,2026-10-01
黒,高音,名詞,1,0.32,nan,2026-10-01
黒,臆する,動詞,1,0.32,nan,2026-10-01
黒,上客,名詞,1,0.32,nan,2026-10-01
黒,負け,名詞,1,0.32,nan,2026-10-01
黒,たか,名詞,1,0.32,nan,2026-10-01
黒,損害,名詞,1,0.32,nan,2026-10-01
黒,貧民,名詞,1,0.32,nan,2026-10-01
黒,要する,動詞,1,0.32,-0.21,2026-10-01
黒,解ける,動詞,1,0.32,-0.65,2026-10-01
黒,ジャヴァ,名詞,1,0.32,nan,2026-10-01
黒,ウォジェク,名詞,1,0.32,-0.01,2026-10-01
黒,法廷,名詞,1,0.32,nan,2026-10-01
黒,アゾリウス,名詞,1,0.32,-1.85,2026-10-01
黒,欺す,動詞,1,0.32,nan,2026-10-01
黒,大臣,名詞,1,0.32,nan,2026-10-01
黒,自覚,名詞,1,0.32,nan,2026-10-01
黒,動機,名詞,1,0.32,-0.65,2026-10-01
黒,結論,名詞,1,0.32,-0.52,2026-10-01
黒,シェイド,名詞,1,0.32,nan,2026-10-01
黒,告訴,名詞,1,0.32,nan,2026-10-01
黒,締まる,動詞,1,0.32,nan,2026-10-01
黒,徴募,名詞,1,0.32,nan,2026-10-01
黒,ゼリーナス,名詞,1,0.32,nan,2026-10-01
黒,野次馬,名詞,1,0.32,nan,2026-10-01
黒,イカレる,動詞,1,0.32,nan,2026-10-01
黒,倉庫,名詞,1,0.32,nan,2026-10-01
黒,祓,名詞,1,0.32,nan,2026-10-01
黒,迷う,動詞,1,0.32,-1.89,2026-10-01
黒,庇護,名詞,1,0.32,-0.65,2026-10-01
黒,徴税,名詞,1,0.32,nan,2026-10-01
黒,ブランコ,名詞,1,0.32,nan,2026-10-01
黒,物件,名詞,1,0.32,nan,2026-10-01
黒,拒絶,名詞,1,0.32,-0.77,2026-10-01
黒,付け届け,名詞,1,0.32,nan,2026-10-01
黒,ミラーナ,名詞,1,0.32,nan,2026-10-01
黒,損ない,名詞,1,0.32,nan,2026-10-01
黒,メッセンジャー,名詞,1,0.32,nan,2026-10-01
黒,スキャンダル,名詞,1,0.32,nan,2026-10-01
黒,中傷,名詞,1,0.32,nan,2026-10-01
黒,場末,名詞,1,0.32,nan,2026-10-01
黒,享ける,動詞,1,0.32,nan,2026-10-01
黒,殺せる,動詞,1,0.32,-0.01,2026-10-01
黒,スカイジェク,名詞,1,0.32,nan,2026-10-01
黒,安らげる,動詞,1,0.32,nan,2026-10-01
黒,手記,名詞,1,0.32,nan,2026-10-01
黒,シーサ,名詞,1,0.32,nan,2026-10-01
黒,血判,名詞,1,0.32,nan,2026-10-01
黒,専門,名詞,1,0.32,-0.87,2026-10-01
黒,調達,名詞,1,0.32,nan,2026-10-01
黒,マグラ,名詞,1,0.32,nan,2026-10-01
黒,メジム,名詞,1,0.32,nan,2026-10-01
黒,護民,名詞,1,0.32,nan,2026-10-01
黒,情熱,名詞,1,0.32,-1.58,2026-10-01
黒,稼げる,動詞,1,0.32,nan,2026-10-01
黒,勇猛,名詞,1,0.32,-0.87,2026-10-01
黒,ヴァロルズ,名詞,1,0.32,nan,2026-10-01
黒,走者,名詞,1,0.32,nan,2026-10-01
黒,罵る,動詞,1,0.32,nan,2026-10-01
黒,呟き声,名詞,1,0.32,nan,2026-10-01
黒,無情,名詞,1,0.32,nan,2026-10-01
黒,朝,名詞,1,0.32,-1.28,2026-10-01
黒,彩色,名詞,1,0.32,nan,2026-10-01
黒,鼻面,名詞,1,0.32,nan,2026-10-01
黒,行く先,名詞,1,0.32,nan,2026-10-01
黒,石化,名詞,1,0.32,nan,2026-10-01
黒,ルーラク,名詞,1,0.32,nan,2026-10-01
黒,コカトリス,名詞,1,0.32,nan,2026-10-01
黒,たまに,副詞,1,0.32,nan,2026-10-01
黒,ダク,名詞,1,0.32,nan,2026-10-01
黒,フェイデン,名詞,1,0.32,nan,2026-10-01
黒,出鱈目,名詞,1,0.32,nan,2026-10-01
黒,情けない,形容詞,1,0.32,nan,2026-10-01
黒,はらわた,名詞,1,0.32,nan,2026-10-01
黒,人前,名詞,1,0.32,nan,2026-10-01
黒,駄作,名詞,1,0.32,nan,2026-10-01
黒,ふらふら,副詞,1,0.32,nan,2026-10-01
黒,聴こえる,動詞,1,0.32,nan,2026-10-01
黒,ゴリゴリ,副詞,1,0.32,nan,2026-10-01
黒,農地,名詞,1,0.32,nan,2026-10-01
黒,エクリー,名詞,1,0.32,nan,2026-10-01
黒,寝かせる,動詞,1,0.32,nan,2026-10-01
黒,ヘクジェック,名詞,1,0.32,nan,2026-10-01
黒,煮える,動詞,1,0.32,-0.52,2026-10-01
黒,銀貨,名詞,1,0.32,nan,2026-10-01
黒,シラーク,名詞,1,0.32,nan,2026-10-01
黒,銀,名詞,1,0.32,-1.58,2026-10-01
黒,湿り,名詞,1,0.32,nan,2026-10-01
黒,凍てる,動詞,1,0.32,-0.38,2026-10-01
黒,くぐもる,動詞,1,0.32,nan,2026-10-01
黒,尖腕,名詞,1,0.32,nan,2026-10-01
黒,凡百,名詞,1,0.32,nan,2026-10-01
黒,労力,名詞,1,0.32,nan,2026-10-01
黒,勿体,名詞,1,0.32,nan,2026-10-01
黒,掌,名詞,1,0.32,nan,2026-10-01
黒,入れ墨,名詞,1,0.32,nan,2026-10-01
黒,金地,名詞,1,0.32,nan,2026-10-01
黒,歪曲,名詞,1,0.32,nan,2026-10-01
黒,親しむ,動詞,1,0.32,nan,2026-10-01
黒,了承,名詞,1,0.32,nan,2026-10-01
黒,毒殺,名詞,1,0.32,nan,2026-10-01
黒,共犯,名詞,1,0.32,nan,2026-10-01
黒,神託,名詞,1,0.32,-0.52,2026-10-01
黒,うつろう,動詞,1,0.32,nan,2026-10-01
黒,借り物,名詞,1,0.32,nan,2026-10-01
黒,少数,名詞,1,0.32,nan,2026-10-01
黒,闘う,動詞,1,0.32,-0.21,2026-10-01
黒,逆らえる,動詞,1,0.32,nan,2026-10-01
黒,ケラーナ,名詞,1,0.32,nan,2026-10-01
黒,ぼろ布,名詞,1,0.32,nan,2026-10-01
黒,映る,動詞,1,0.32,-1.47,2026-10-01
黒,へこむ,動詞,1,0.32,nan,2026-10-01
黒,星座,名詞,1,0.32,nan,2026-10-01
黒,エスカロス,名詞,1,0.32,nan,2026-10-01
黒,アスフォデル,名詞,1,0.32,nan,2026-10-01
黒,快適,名詞,1,0.32,nan,2026-10-01
黒,恩恵,名詞,1,0.32,-0.87,2026-10-01
黒,名付ける,動詞,1,0.32,nan,2026-10-01
黒,サイロ,名詞,1,0.32,nan,2026-10-01
黒,掲げる,動詞,1,0.32,-1.28,2026-10-01
黒,灰燼,名詞,1,0.32,nan,2026-10-01
黒,突進,名詞,1,0.32,-1.21,2026-10-01
黒,対峙,名詞,1,0.32,-0.52,2026-10-01
黒,流血,名詞,1,0.32,-0.87,2026-10-01
黒,非情,名詞,1,0.32,nan,2026-10-01
黒,バサリオス,名詞,1,0.32,nan,2026-10-01
黒,被る,動詞,1,0.32,-0.52,2026-10-01
黒,並べる,動詞,1,0.32,-0.21,2026-10-01
黒,肩,名詞,1,0.32,-0.87,2026-10-01
黒,所持,名詞,1,0.32,-0.01,2026-10-01
黒,高し,形容詞,1,0.32,-1.21,2026-10-01
黒,屈める,動詞,1,0.32,nan,2026-10-01
黒,アルクメノス,名詞,1,0.32,nan,2026-10-01
黒,小鳥,名詞,1,0.32,nan,2026-10-01
黒,セテッサ,名詞,1,0.32,-1.28,2026-10-01
黒,アンソーザ,名詞,1,0.32,nan,2026-10-01
黒,攫う,動詞,1,0.32,nan,2026-10-01
黒,商い,名詞,1,0.32,nan,2026-10-01
黒,粘土,名詞,1,0.32,nan,2026-10-01
黒,通ずる,動詞,1,0.32,-1.05,2026-10-01
黒,経路,名詞,1,0.32,nan,2026-10-01
黒,アガテ,名詞,1,0.32,nan,2026-10-01
黒,吸引,名詞,1,0.32,nan,2026-10-01
黒,体内,名詞,1,0.32,-0.21,2026-10-01
黒,喚起,名詞,1,0.32,nan,2026-10-01
黒,恥辱,名詞,1,0.32,nan,2026-10-01
黒,そそぐ,動詞,1,0.32,nan,2026-10-01
黒,煽る,動詞,1,0.32,-0.65,2026-10-01
黒,儀,名詞,1,0.32,nan,2026-10-01
黒,しきたり,名詞,1,0.32,nan,2026-10-01
黒,弔い,名詞,1,0.32,nan,2026-10-01
黒,ジャベリン,名詞,1,0.32,nan,2026-10-01
黒,寵愛,名詞,1,0.32,nan,2026-10-01
黒,彷徨,名詞,1,0.32,nan,2026-10-01
黒,途,名詞,1,0.32,nan,2026-10-01
黒,寸,名詞,1,0.32,nan,2026-10-01
黒,命中,名詞,1,0.32,nan,2026-10-01
黒,誤差,名詞,1,0.32,nan,2026-10-01
黒,一擲,名詞,1,0.32,nan,2026-10-01
黒,乾坤,名詞,1,0.32,nan,2026-10-01
黒,必中,名詞,1,0.32,nan,2026-10-01
黒,痙攣,名詞,1,0.32,nan,2026-10-01
黒,エイス,名詞,1,0.32,nan,2026-10-01
黒,忌避,名詞,1,0.32,nan,2026-10-01
黒,安堵,名詞,1,0.32,-0.52,2026-10-01
黒,耐性,名詞,1,0.32,-0.21,2026-10-01
黒,欺瞞,名詞,1,0.32,-0.87,2026-10-01
黒,由来,名詞,1,0.32,nan,2026-10-01
黒,習慣,名詞,1,0.32,nan,2026-10-01
黒,習わし,名詞,1,0.32,nan,2026-10-01
黒,飾り,名詞,1,0.32,-0.65,2026-10-01
黒,臭気,名詞,1,0.32,nan,2026-10-01
黒,先行,名詞,1,0.32,nan,2026-10-01
黒,養子,名詞,1,0.32,nan,2026-10-01
黒,操舵,名詞,1,0.32,nan,2026-10-01
黒,フォティネ,名詞,1,0.32,nan,2026-10-01
黒,カリアロス,名詞,1,0.32,nan,2026-10-01
黒,ふさがる,動詞,1,0.32,nan,2026-10-01
黒,板の間,名詞,1,0.32,nan,2026-10-01
黒,乗組,名詞,1,0.32,nan,2026-10-01
黒,挟まる,動詞,1,0.32,nan,2026-10-01
黒,大男,名詞,1,0.32,nan,2026-10-01
黒,ささげる,動詞,1,0.32,nan,2026-10-01
黒,欺く,動詞,1,0.32,nan,2026-10-01
黒,毒薬,名詞,1,0.32,nan,2026-10-01
黒,患者,名詞,1,0.32,nan,2026-10-01
黒,処方,名詞,1,0.32,nan,2026-10-01
黒,仕方,名詞,1,0.32,-0.21,2026-10-01
黒,イロアス,名詞,1,0.32,-0.21,2026-10-01
黒,鵜呑み,名詞,1,0.32,nan,2026-10-01
黒,ヴィリニーズ,名詞,1,0.32,nan,2026-10-01
黒,背信,名詞,1,0.32,nan,2026-10-01
黒,方式,名詞,1,0.32,nan,2026-10-01
黒,デーモン,名詞,1,0.32,nan,2026-10-01
黒,信徒,名詞,1,0.32,-0.38,2026-10-01
黒,両者,名詞,1,0.32,-0.21,2026-10-01
黒,同意,名詞,1,0.32,-0.52,2026-10-01
黒,到達,名詞,1,0.32,-1.14,2026-10-01
黒,極限,名詞,1,0.32,nan,2026-10-01
黒,テューン,名詞,1,0.32,-0.97,2026-10-01
黒,隊員,名詞,1,0.32,nan,2026-10-01
黒,ハストリック,名詞,1,0.32,-0.21,2026-10-01
黒,隊,名詞,1,0.32,nan,2026-10-01
黒,イボ,名詞,1,0.32,nan,2026-10-01
黒,ヒキガエル,名詞,1,0.32,nan,2026-10-01
黒,占い,名詞,1,0.32,nan,2026-10-01
黒,カエル,名詞,1,0.32,-0.77,2026-10-01
黒,背徳,名詞,1,0.32,nan,2026-10-01
黒,後ろめたい,形容詞,1,0.32,nan,2026-10-01
黒,受諾,名詞,1,0.32,nan,2026-10-01
黒,非礼,名詞,1,0.32,nan,2026-10-01
黒,辞退,名詞,1,0.32,nan,2026-10-01
黒,robpardo,名詞,1,0.32,nan,2026-10-01
黒,bradmuir,名詞,1,0.32,nan,2026-10-01
黒,マジック,名詞,1,0.32,nan,2026-10-01
黒,コミュニティ,名詞,1,0.32,nan,2026-10-01
黒,edmundmcmillen,名詞,1,0.32,nan,2026-10-01
黒,再興,名詞,1,0.32,nan,2026-10-01
黒,言い回し,名詞,1,0.32,-0.52,2026-10-01
黒,水練,名詞,1,0.32,nan,2026-10-01
黒,区別,名詞,1,0.32,-0.52,2026-10-01
黒,腐乱,名詞,1,0.32,nan,2026-10-01
黒,低級,名詞,1,0.32,nan,2026-10-01
黒,マストドン,名詞,1,0.32,nan,2026-10-01
黒,呟き,名詞,1,0.32,nan,2026-10-01
黒,隼,名詞,1,0.32,-0.21,2026-10-01
黒,ウルドナン,名詞,1,0.32,nan,2026-10-01
黒,空虚,名詞,1,0.32,nan,2026-10-01
黒,ゆがむ,動詞,1,0.32,nan,2026-10-01
黒,品性,名詞,1,0.32,nan,2026-10-01
黒,こじる,動詞,1,0.32,nan,2026-10-01
黒,モンスター,名詞,1,0.32,-0.77,2026-10-01
黒,内部,名詞,1,0.32,nan,2026-10-01
黒,経過,名詞,1,0.32,nan,2026-10-01
黒,贖罪,名詞,1,0.32,nan,2026-10-01
黒,つける,動詞,1,0.32,-0.52,2026-10-01
黒,グドゥル,名詞,1,0.32,nan,2026-10-01
黒,三角,名詞,1,0.32,nan,2026-10-01
黒,蠅,名詞,1,0.32,nan,2026-10-01
黒,よろこぶ,動詞,1,0.32,nan,2026-10-01
黒,反する,動詞,1,0.32,-0.65,2026-10-01
黒,ヴァリョン,名詞,1,0.32,nan,2026-10-01
黒,体躯,名詞,1,0.32,nan,2026-10-01
黒,検査,名詞,1,0.32,-0.21,2026-10-01
黒,血液,名詞,1,0.32,nan,2026-10-01
黒,明け方,名詞,1,0.32,nan,2026-10-01
黒,儲け,名詞,1,0.32,nan,2026-10-01
黒,家具,名詞,1,0.32,nan,2026-10-01
黒,兵役,名詞,1,0.32,nan,2026-10-01
黒,匙,名詞,1,0.32,nan,2026-10-01
黒,出番,名詞,1,0.32,-0.21,2026-10-01
黒,シャーマン,名詞,1,0.32,-1.89,2026-10-01
黒,狩猟,名詞,1,0.32,-1.28,2026-10-01
黒,イラグラ,名詞,1,0.32,nan,2026-10-01
黒,布告,名詞,1,0.32,-0.01,2026-10-01
黒,存続,名詞,1,0.32,nan,2026-10-01
黒,補給,名詞,1,0.32,-0.38,2026-10-01
黒,痕,名詞,1,0.32,nan,2026-10-01
黒,聞ける,動詞,1,0.32,-0.21,2026-10-01
黒,搾取,名詞,1,0.32,-0.01,2026-10-01
黒,咎人,名詞,1,0.32,nan,2026-10-01
黒,ウグルークウバグロンクシャプシュドゥグサルマン,名詞,1,0.32,nan,2026-10-01
黒,グロブブーブホシュスカイ,名詞,1,0.32,nan,2026-10-01
黒,微笑む,動詞,1,0.32,-0.97,2026-10-01
黒,アリーシャ,名詞,1,0.32,-0.01,2026-10-01
黒,余,名詞,1,0.32,nan,2026-10-01
黒,封ずる,動詞,1,0.32,-0.01,2026-10-01
黒,展開,名詞,1,0.32,-0.65,2026-10-01
黒,決戦,名詞,1,0.32,nan,2026-10-01
黒,対,名詞,1,0.32,-0.21,2026-10-01
黒,所詮,副詞,1,0.32,nan,2026-10-01
黒,フレースヴェルグ,名詞,1,0.32,nan,2026-10-01
黒,無様,名詞,1,0.32,nan,2026-10-01
黒,ヒト,名詞,1,0.32,nan,2026-10-01
黒,媚びる,動詞,1,0.32,nan,2026-10-01
黒,ガレーシュ,名詞,1,0.32,nan,2026-10-01
黒,たてがみ,名詞,1,0.32,-0.77,2026-10-01
黒,大嵐,名詞,1,0.32,-0.38,2026-10-01
黒,現象,名詞,1,0.32,nan,2026-10-01
黒,例,名詞,1,0.32,nan,2026-10-01
黒,支える,動詞,1,0.32,-1.35,2026-10-01
黒,望,名詞,1,0.32,nan,2026-10-01
黒,趨勢,名詞,1,0.32,nan,2026-10-01
黒,バーズィール,名詞,1,0.32,nan,2026-10-01
黒,やり取り,名詞,1,0.32,nan,2026-10-01
黒,龍王,名詞,1,0.32,-0.38,2026-10-01
黒,隔絶,名詞,1,0.32,nan,2026-10-01
黒,実態,名詞,1,0.32,nan,2026-10-01
黒,輪廻,名詞,1,0.32,nan,2026-10-01
黒,処罰,名詞,1,0.32,nan,2026-10-01
黒,凍傷,名詞,1,0.32,nan,2026-10-01
黒,羨ましい,形容詞,1,0.32,nan,2026-10-01
黒,狭める,動詞,1,0.32,nan,2026-10-01
黒,バイヒール,名詞,1,0.32,nan,2026-10-01
黒,キバト,名詞,1,0.32,nan,2026-10-01
黒,流水,名詞,1,0.32,nan,2026-10-01
黒,マラング,名詞,1,0.32,nan,2026-10-01
黒,溺死,名詞,1,0.32,nan,2026-10-01
黒,満腹,名詞,1,0.32,nan,2026-10-01
黒,戦死,名詞,1,0.32,nan,2026-10-01
黒,歌い手,名詞,1,0.32,nan,2026-10-01
黒,餓死,名詞,1,0.32,nan,2026-10-01
黒,ケライ,名詞,1,0.32,nan,2026-10-01
黒,伝授,名詞,1,0.32,nan,2026-10-01
黒,各地,名詞,1,0.32,nan,2026-10-01
黒,忌,名詞,1,0.32,nan,2026-10-01
黒,供給,名詞,1,0.32,nan,2026-10-01
黒,亀,名詞,1,0.32,-0.21,2026-10-01
黒,領内,名詞,1,0.32,nan,2026-10-01
黒,人肉,名詞,1,0.32,nan,2026-10-01
黒,鬱陶しい,形容詞,1,0.32,nan,2026-10-01
黒,重苦しい,形容詞,1,0.32,nan,2026-10-01
黒,ハーフ,名詞,1,0.32,nan,2026-10-01
黒,被さる,動詞,1,0.32,nan,2026-10-01
黒,看護,名詞,1,0.32,nan,2026-10-01
黒,悪病,名詞,1,0.32,nan,2026-10-01
黒,西,名詞,1,0.32,-0.01,2026-10-01
黒,動ける,動詞,1,0.32,-0.65,2026-10-01
黒,いくら,名詞,1,0.32,-0.97,2026-10-01
黒,嫉妬,名詞,1,0.32,-0.01,2026-10-01
黒,ドゥイネン,名詞,1,0.32,nan,2026-10-01
黒,舐める,動詞,1,0.32,nan,2026-10-01
黒,切り傷,名詞,1,0.32,nan,2026-10-01
黒,鮮血,名詞,1,0.32,nan,2026-10-01
黒,根絶,名詞,1,0.32,nan,2026-10-01
黒,盗める,動詞,1,0.32,nan,2026-10-01
黒,両目,名詞,1,0.32,nan,2026-10-01
黒,倒錯,名詞,1,0.32,nan,2026-10-01
黒,重症,名詞,1,0.32,nan,2026-10-01
黒,ハラク,名詞,1,0.32,nan,2026-10-01
黒,近頃,名詞,1,0.32,-0.21,2026-10-01
黒,タズリ,名詞,1,0.32,nan,2026-10-01
黒,統率,名詞,1,0.32,-0.97,2026-10-01
黒,一雫,名詞,1,0.32,nan,2026-10-01
黒,ひとしずく,名詞,1,0.32,nan,2026-10-01
黒,ハグラ,名詞,1,0.32,nan,2026-10-01
黒,不定,名詞,1,0.32,nan,2026-10-01
黒,溜め池,名詞,1,0.32,nan,2026-10-01
黒,幸,名詞,1,0.32,nan,2026-10-01
黒,近寄る,動詞,1,0.32,-0.21,2026-10-01
黒,護り手,名詞,1,0.32,nan,2026-10-01
黒,どのみち,副詞,1,0.32,-0.21,2026-10-01
黒,奴僕,名詞,1,0.32,nan,2026-10-01
黒,気力,名詞,1,0.32,nan,2026-10-01
黒,愛す,動詞,1,0.32,-0.52,2026-10-01
黒,対処,名詞,1,0.32,-0.21,2026-10-01
黒,交差,名詞,1,0.32,-0.52,2026-10-01
黒,製法,名詞,1,0.32,nan,2026-10-01
黒,晴らす,動詞,1,0.32,nan,2026-10-01
黒,輩出,名詞,1,0.32,nan,2026-10-01
黒,剣術,名詞,1,0.32,nan,2026-10-01
黒,名手,名詞,1,0.32,nan,2026-10-01
黒,最良,名詞,1,0.32,-1.05,2026-10-01
黒,しっかり,副詞,1,0.32,-1.52,2026-10-01
黒,ナディラ,名詞,1,0.32,nan,2026-10-01
黒,お守り,名詞,1,0.32,nan,2026-10-01
黒,途端,名詞,1,0.32,nan,2026-10-01
黒,屋内,名詞,1,0.32,nan,2026-10-01
黒,荘園,名詞,1,0.32,nan,2026-10-01
黒,モンク,名詞,1,0.32,nan,2026-10-01
黒,レイグ,名詞,1,0.32,nan,2026-10-01
黒,心待ち,名詞,1,0.32,nan,2026-10-01
黒,批難,名詞,1,0.32,nan,2026-10-01
黒,冷やせる,動詞,1,0.32,nan,2026-10-01
黒,ガツタフ,名詞,1,0.32,-0.87,2026-10-01
黒,サニアル,名詞,1,0.32,nan,2026-10-01
黒,羊飼い,名詞,1,0.32,nan,2026-10-01
黒,吉兆,名詞,1,0.32,nan,2026-10-01
黒,騎手,名詞,1,0.32,-0.52,2026-10-01
黒,救える,動詞,1,0.32,-0.01,2026-10-01
黒,グレーテ,名詞,1,0.32,nan,2026-10-01
黒,トラフト,名詞,1,0.32,-0.21,2026-10-01
黒,血の雨,名詞,1,0.32,nan,2026-10-01
黒,おびただしい,形容詞,1,0.32,nan,2026-10-01
黒,シカニ,名詞,1,0.32,nan,2026-10-01
黒,猟犬,名詞,1,0.32,-0.01,2026-10-01
黒,純血,名詞,1,0.32,nan,2026-10-01
黒,赦す,動詞,1,0.32,nan,2026-10-01
黒,樹皮,名詞,1,0.32,-0.38,2026-10-01
黒,ゲート,名詞,1,0.32,-1.14,2026-10-01
黒,ウォッチ,名詞,1,0.32,-1.05,2026-10-01
黒,自制,名詞,1,0.32,-0.01,2026-10-01
黒,審問,名詞,1,0.32,-1.21,2026-10-01
黒,残党,名詞,1,0.32,nan,2026-10-01
黒,自白,名詞,1,0.32,nan,2026-10-01
黒,奪還,名詞,1,0.32,nan,2026-10-01
黒,伺う,動詞,1,0.32,nan,2026-10-01
黒,出陣,名詞,1,0.32,nan,2026-10-01
黒,調子,名詞,1,0.32,nan,2026-10-01
黒,駐屯,名詞,1,0.32,nan,2026-10-01
黒,諜報,名詞,1,0.32,nan,2026-10-01
黒,創り手,名詞,1,0.32,nan,2026-10-01
黒,ラナージ,名詞,1,0.32,nan,2026-10-01
黒,延命,名詞,1,0.32,nan,2026-10-01
黒,プラカタクラブ,名詞,1,0.32,nan,2026-10-01
黒,歓談,名詞,1,0.32,nan,2026-10-01
黒,確率,名詞,1,0.32,nan,2026-10-01
黒,ゴンティ,名詞,1,0.32,nan,2026-10-01
黒,カンバール,名詞,1,0.32,nan,2026-10-01
黒,卑しい,形容詞,1,0.32,nan,2026-10-01
黒,環境,名詞,1,0.32,-0.77,2026-10-01
黒,歯型,名詞,1,0.32,nan,2026-10-01
黒,えくぼ,名詞,1,0.32,nan,2026-10-01
黒,鈍器,名詞,1,0.32,nan,2026-10-01
黒,機器,名詞,1,0.32,nan,2026-10-01
黒,エンブロール,名詞,1,0.32,nan,2026-10-01
黒,木材,名詞,1,0.32,nan,2026-10-01
黒,強度,名詞,1,0.32,nan,2026-10-01
黒,構造,名詞,1,0.32,-1.05,2026-10-01
黒,透かす,動詞,1,0.32,nan,2026-10-01
黒,遵法,名詞,1,0.32,nan,2026-10-01
黒,壊せる,動詞,1,0.32,nan,2026-10-01
黒,援助,名詞,1,0.32,-0.01,2026-10-01
黒,後援,名詞,1,0.32,nan,2026-10-01
黒,鼻先,名詞,1,0.32,nan,2026-10-01
黒,無音,名詞,1,0.32,nan,2026-10-01
黒,過小,名詞,1,0.32,nan,2026-10-01
黒,戦術,名詞,1,0.32,-1.81,2026-10-01
黒,短命,名詞,1,0.32,nan,2026-10-01
黒,びっくり,名詞,1,0.32,-0.38,2026-10-01
黒,公正,名詞,1,0.32,nan,2026-10-01
黒,値引き,名詞,1,0.32,nan,2026-10-01
黒,ヒラヒラ,副詞,1,0.32,nan,2026-10-01
黒,降下,名詞,1,0.32,-0.38,2026-10-01
黒,ビプリクティ,名詞,1,0.32,nan,2026-10-01
黒,製作,名詞,1,0.32,nan,2026-10-01
黒,ただす,動詞,1,0.32,nan,2026-10-01
黒,違法,名詞,1,0.32,nan,2026-10-01
黒,カラデシュ,名詞,1,0.32,-0.77,2026-10-01
黒,たまたま,副詞,1,0.32,nan,2026-10-01
黒,解読,名詞,1,0.32,nan,2026-10-01
黒,暗号,名詞,1,0.32,nan,2026-10-01
黒,モノ,名詞,1,0.32,nan,2026-10-01
黒,まかせる,動詞,1,0.32,nan,2026-10-01
黒,衝突,名詞,1,0.32,-1.05,2026-10-01
黒,死中,名詞,1,0.32,nan,2026-10-01
黒,まぎらわしい,形容詞,1,0.32,nan,2026-10-01
黒,こそ泥,名詞,1,0.32,nan,2026-10-01
黒,高尚,名詞,1,0.32,nan,2026-10-01
黒,備わる,動詞,1,0.32,nan,2026-10-01
黒,班,名詞,1,0.32,nan,2026-10-01
黒,テゼレット,名詞,1,0.32,-1.21,2026-10-01
黒,目当て,名詞,1,0.32,-0.01,2026-10-01
黒,工夫,名詞,1,0.32,-0.01,2026-10-01
黒,危惧,名詞,1,0.32,nan,2026-10-01
黒,密輸,名詞,1,0.32,nan,2026-10-01
黒,勝機,名詞,1,0.32,nan,2026-10-01
黒,委ねる,動詞,1,0.32,-0.38,2026-10-01
黒,事業,名詞,1,0.32,nan,2026-10-01
黒,革命,名詞,1,0.32,nan,2026-10-01
黒,ケッシグ,名詞,1,0.32,-2.14,2026-10-01
黒,サムト,名詞,1,0.32,-0.52,2026-10-01
黒,流刑,名詞,1,0.32,nan,2026-10-01
黒,造反,名詞,1,0.32,nan,2026-10-01
黒,ホネツツキ,名詞,1,0.32,nan,2026-10-01
黒,頭脳,名詞,1,0.32,-0.65,2026-10-01
黒,真意,名詞,1,0.32,nan,2026-10-01
黒,砂嵐,名詞,1,0.32,-0.38,2026-10-01
黒,頻発,名詞,1,0.32,nan,2026-10-01
黒,習う,動詞,1,0.32,-0.01,2026-10-01
黒,ピタムン,名詞,1,0.32,nan,2026-10-01
黒,帯,名詞,1,0.32,nan,2026-10-01
黒,選定,名詞,1,0.32,-0.01,2026-10-01
黒,凡人,名詞,1,0.32,nan,2026-10-01
黒,エプノケプ,名詞,1,0.32,nan,2026-10-01
黒,ウカト,名詞,1,0.32,nan,2026-10-01
黒,断末魔,名詞,1,0.32,nan,2026-10-01
黒,隅々,名詞,1,0.32,-0.01,2026-10-01
黒,浸潤,名詞,1,0.32,nan,2026-10-01
黒,砂粒,名詞,1,0.32,nan,2026-10-01
黒,敬愛,名詞,1,0.32,nan,2026-10-01
黒,シェフェト,名詞,1,0.32,nan,2026-10-01
黒,研磨,名詞,1,0.32,nan,2026-10-01
黒,充たす,動詞,1,0.32,nan,2026-10-01
黒,甲殻,名詞,1,0.32,nan,2026-10-01
黒,会心,名詞,1,0.32,nan,2026-10-01
黒,カルトーシュ,名詞,1,0.32,-0.01,2026-10-01
黒,露払い,名詞,1,0.32,nan,2026-10-01
黒,スカラベ,名詞,1,0.32,nan,2026-10-01
黒,完了,名詞,1,0.32,nan,2026-10-01
黒,のち,名詞,1,0.32,nan,2026-10-01
黒,挫折,名詞,1,0.32,nan,2026-10-01
黒,フォン,名詞,1,0.32,nan,2026-10-01
黒,りえん,名詞,1,0.32,nan,2026-10-01
黒,大声,名詞,1,0.32,-0.38,2026-10-01
黒,筆頭,名詞,1,0.32,nan,2026-10-01
黒,関心,名詞,1,0.32,-0.97,2026-10-01
黒,ミイラ,名詞,1,0.32,-0.01,2026-10-01
黒,用途,名詞,1,0.32,-0.21,2026-10-01
黒,襲来,名詞,1,0.32,-0.01,2026-10-01
黒,ラゾテプ,名詞,1,0.32,nan,2026-10-01
黒,司る,動詞,1,0.32,nan,2026-10-01
黒,蓋世,名詞,1,0.32,-0.21,2026-10-01
黒,痩せる,動詞,1,0.32,-0.01,2026-10-01
黒,2人,名詞,1,0.32,nan,2026-10-01
黒,鱗粉,名詞,1,0.32,nan,2026-10-01
黒,噴出,名詞,1,0.32,-0.01,2026-10-01
黒,大人,名詞,1,0.32,nan,2026-10-01
黒,副王,名詞,1,0.32,nan,2026-10-01
黒,直属,名詞,1,0.32,nan,2026-10-01
黒,ソトノーレズ,名詞,1,0.32,nan,2026-10-01
黒,血中,名詞,1,0.32,nan,2026-10-01
黒,生じる,動詞,1,0.32,nan,2026-10-01
黒,徹底,名詞,1,0.32,-0.01,2026-10-01
黒,応じる,動詞,1,0.32,nan,2026-10-01
黒,飯,名詞,1,0.32,-0.01,2026-10-01
黒,犬面,名詞,1,0.32,nan,2026-10-01
黒,入植,名詞,1,0.32,nan,2026-10-01
黒,強盗,名詞,1,0.32,-0.21,2026-10-01
黒,今週,名詞,1,0.32,nan,2026-10-01
黒,探究,名詞,1,0.32,nan,2026-10-01
黒,割,名詞,1,0.32,-0.52,2026-10-01
黒,浮遊,名詞,1,0.32,-0.38,2026-10-01
黒,錠前,名詞,1,0.32,nan,2026-10-01
黒,対抗,名詞,1,0.32,-1.14,2026-10-01
黒,サメ,名詞,1,0.32,-0.01,2026-10-01
黒,ラッキー,名詞,1,0.32,nan,2026-10-01
黒,宿敵,名詞,1,0.32,nan,2026-10-01
黒,アルゲール,名詞,1,0.32,nan,2026-10-01
黒,イクサラン,名詞,1,0.32,-1.14,2026-10-01
黒,話題,名詞,1,0.32,nan,2026-10-01
黒,睨み,名詞,1,0.32,nan,2026-10-01
黒,拳,名詞,1,0.32,-1.85,2026-10-01
黒,手ごわい,形容詞,1,0.32,nan,2026-10-01
黒,口元,名詞,1,0.32,nan,2026-10-01
黒,正統,名詞,1,0.32,nan,2026-10-01
黒,権威,名詞,1,0.32,nan,2026-10-01
黒,表立つ,動詞,1,0.32,nan,2026-10-01
黒,個々,名詞,1,0.32,nan,2026-10-01
黒,紛争,名詞,1,0.32,nan,2026-10-01
黒,協会,名詞,1,0.32,-0.65,2026-10-01
黒,歓喜,名詞,1,0.32,-0.38,2026-10-01
黒,はじまる,動詞,1,0.32,nan,2026-10-01
黒,アトラクサ,名詞,1,0.32,nan,2026-10-01
黒,家財,名詞,1,0.32,nan,2026-10-01
黒,冠羽,名詞,1,0.32,-0.01,2026-10-01
黒,イザマ,名詞,1,0.32,-0.01,2026-10-01
黒,湾,名詞,1,0.32,nan,2026-10-01
黒,植民,名詞,1,0.32,nan,2026-10-01
黒,手練れ,名詞,1,0.32,nan,2026-10-01
黒,ファートリ,名詞,1,0.32,-1.14,2026-10-01
黒,岸,名詞,1,0.32,-0.77,2026-10-01
黒,林床,名詞,1,0.32,nan,2026-10-01
黒,船員,名詞,1,0.32,-0.87,2026-10-01
黒,敬神,名詞,1,0.32,nan,2026-10-01
黒,ミラルダ,名詞,1,0.32,nan,2026-10-01
黒,秘訣,名詞,1,0.32,-0.65,2026-10-01
黒,担う,動詞,1,0.32,-0.21,2026-10-01
黒,トレゾン,名詞,1,0.32,-0.01,2026-10-01
黒,オノーラ,名詞,1,0.32,nan,2026-10-01
黒,パズル,名詞,1,0.32,nan,2026-10-01
黒,ウドヴィル,名詞,1,0.32,nan,2026-10-01
黒,さっき,名詞,1,0.32,nan,2026-10-01
黒,焼きたて,名詞,1,0.32,nan,2026-10-01
黒,たなびく,動詞,1,0.32,nan,2026-10-01
黒,小舟,名詞,1,0.32,nan,2026-10-01
黒,泳ぐ,動詞,1,0.32,-1.05,2026-10-01
黒,運河,名詞,1,0.32,nan,2026-10-01
黒,火炎,名詞,1,0.32,-0.38,2026-10-01
黒,破門,名詞,1,0.32,nan,2026-10-01
黒,逃がす,動詞,1,0.32,nan,2026-10-01
黒,提督,名詞,1,0.32,nan,2026-10-01
黒,リオア,名詞,1,0.32,nan,2026-10-01
黒,名指し,名詞,1,0.32,nan,2026-10-01
黒,見習い,名詞,1,0.32,-0.38,2026-10-01
黒,失踪,名詞,1,0.32,nan,2026-10-01
黒,秘宝,名詞,1,0.32,-0.01,2026-10-01
黒,スカルタウン,名詞,1,0.32,nan,2026-10-01
黒,噂好き,名詞,1,0.32,nan,2026-10-01
黒,ロストスプーンズ,名詞,1,0.32,nan,2026-10-01
黒,ヘイヴン,名詞,1,0.32,nan,2026-10-01
黒,ウッド,名詞,1,0.32,nan,2026-10-01
黒,褒める,動詞,1,0.32,nan,2026-10-01
黒,クール,名詞,1,0.32,nan,2026-10-01
黒,蛆,名詞,1,0.32,nan,2026-10-01
黒,ヤー,名詞,1,0.32,nan,2026-10-01
黒,副官,名詞,1,0.32,nan,2026-10-01
黒,ヤーグル,名詞,1,0.32,nan,2026-10-01
黒,アーボーク,名詞,1,0.32,nan,2026-10-01
黒,平らげる,動詞,1,0.32,nan,2026-10-01
黒,わめく,動詞,1,0.32,nan,2026-10-01
黒,幽霊,名詞,1,0.32,-0.65,2026-10-01
黒,煩わせる,動詞,1,0.32,nan,2026-10-01
黒,格好,名詞,1,0.32,nan,2026-10-01
黒,ガアガア,副詞,1,0.32,nan,2026-10-01
黒,口汚い,形容詞,1,0.32,nan,2026-10-01
黒,図体,名詞,1,0.32,nan,2026-10-01
黒,安い,形容詞,1,0.32,nan,2026-10-01
黒,屍骸,名詞,1,0.32,nan,2026-10-01
黒,ラタドラビック,名詞,1,0.32,nan,2026-10-01
黒,液,名詞,1,0.32,-0.01,2026-10-01
黒,粉,名詞,1,0.32,nan,2026-10-01
黒,密猟,名詞,1,0.32,nan,2026-10-01
黒,仲介,名詞,1,0.32,nan,2026-10-01
黒,解消,名詞,1,0.32,nan,2026-10-01
黒,専心,名詞,1,0.32,nan,2026-10-01
黒,目安,名詞,1,0.32,nan,2026-10-01
黒,躾ける,動詞,1,0.32,nan,2026-10-01
黒,せがむ,動詞,1,0.32,nan,2026-10-01
黒,剥げる,動詞,1,0.32,nan,2026-10-01
黒,信心,名詞,1,0.32,-0.21,2026-10-01
黒,コイン,名詞,1,0.32,nan,2026-10-01
黒,赤ん坊,名詞,1,0.32,nan,2026-10-01
黒,ヴェールニシュ,名詞,1,0.32,nan,2026-10-01
黒,なか,名詞,1,0.32,-1.72,2026-10-01
黒,小汚い,形容詞,1,0.32,nan,2026-10-01
黒,辞める,動詞,1,0.32,-0.21,2026-10-01
黒,野放し,名詞,1,0.32,nan,2026-10-01
黒,血染め,名詞,1,0.32,nan,2026-10-01
黒,真似,名詞,1,0.32,nan,2026-10-01
黒,脱走,名詞,1,0.32,-0.38,2026-10-01
黒,ラノワール,名詞,1,0.32,-1.81,2026-10-01
黒,マーウィン,名詞,1,0.32,nan,2026-10-01
黒,いじめる,動詞,1,0.32,nan,2026-10-01
黒,制限,名詞,1,0.32,-0.38,2026-10-01
黒,かける,動詞,1,0.32,-1.41,2026-10-01
黒,根,名詞,1,0.32,-2.88,2026-10-01
黒,囲い,名詞,1,0.32,nan,2026-10-01
黒,重なり,名詞,1,0.32,nan,2026-10-01
黒,人質,名詞,1,0.32,nan,2026-10-01
黒,永代,名詞,1,0.32,nan,2026-10-01
黒,精確,名詞,1,0.32,nan,2026-10-01
黒,射撃,名詞,1,0.32,-0.21,2026-10-01
黒,養う,動詞,1,0.32,-0.77,2026-10-01
黒,胴,名詞,1,0.32,nan,2026-10-01
黒,部位,名詞,1,0.32,nan,2026-10-01
黒,スティック,名詞,1,0.32,nan,2026-10-01
黒,左利き,名詞,1,0.32,nan,2026-10-01
黒,磨る,動詞,1,0.32,nan,2026-10-01
黒,減らす,動詞,1,0.32,-0.01,2026-10-01
黒,修復,名詞,1,0.32,-1.05,2026-10-01
黒,散らかる,動詞,1,0.32,nan,2026-10-01
黒,油煙,名詞,1,0.32,nan,2026-10-01
黒,越す,動詞,1,0.32,-0.21,2026-10-01
黒,不潔,名詞,1,0.32,nan,2026-10-01
黒,光り物,名詞,1,0.32,nan,2026-10-01
黒,キノコ,名詞,1,0.32,-0.38,2026-10-01
黒,立ち上がり,名詞,1,0.32,nan,2026-10-01
黒,静穏,名詞,1,0.32,nan,2026-10-01
黒,極致,名詞,1,0.32,nan,2026-10-01
黒,模範,名詞,1,0.32,-0.38,2026-10-01
黒,金縛り,名詞,1,0.32,nan,2026-10-01
黒,園庭,名詞,1,0.32,nan,2026-10-01
黒,草食,名詞,1,0.32,-0.21,2026-10-01
黒,敵意,名詞,1,0.32,-0.01,2026-10-01
黒,鼻歌,名詞,1,0.32,nan,2026-10-01
黒,働き,名詞,1,0.32,nan,2026-10-01
黒,報奨,名詞,1,0.32,-0.01,2026-10-01
黒,重厚,名詞,1,0.32,nan,2026-10-01
黒,近所,名詞,1,0.32,nan,2026-10-01
黒,仇,名詞,1,0.32,nan,2026-10-01
黒,どっしり,副詞,1,0.32,nan,2026-10-01
黒,ちょこまか,副詞,1,0.32,nan,2026-10-01
黒,見解,名詞,1,0.32,nan,2026-10-01
黒,内容,名詞,1,0.32,-0.21,2026-10-01
黒,述べる,動詞,1,0.32,nan,2026-10-01
黒,いろいろ,副詞,1,0.32,-0.01,2026-10-01
黒,渇く,動詞,1,0.32,nan,2026-10-01
黒,ゆるい,形容詞,1,0.32,nan,2026-10-01
黒,とう,名詞,1,0.32,nan,2026-10-01
黒,訪問,名詞,1,0.32,-0.01,2026-10-01
黒,貢ぎ物,名詞,1,0.32,nan,2026-10-01
黒,たいまつ,名詞,1,0.32,nan,2026-10-01
黒,趣,名詞,1,0.32,nan,2026-10-01
黒,城砦,名詞,1,0.32,-0.01,2026-10-01
黒,まだまだ,副詞,1,0.32,-0.21,2026-10-01
黒,重宝,名詞,1,0.32,nan,2026-10-01
黒,クロール,名詞,1,0.32,nan,2026-10-01
黒,戦力,名詞,1,0.32,nan,2026-10-01
黒,精製,名詞,1,0.32,nan,2026-10-01
黒,毒物,名詞,1,0.32,nan,2026-10-01
黒,玉虫,名詞,1,0.32,nan,2026-10-01
黒,昆虫,名詞,1,0.32,-0.21,2026-10-01
黒,飾る,動詞,1,0.32,-0.65,2026-10-01
黒,巡視,名詞,1,0.32,nan,2026-10-01
黒,腐臭,名詞,1,0.32,nan,2026-10-01
黒,すばしっこい,形容詞,1,0.32,nan,2026-10-01
黒,悪賢い,形容詞,1,0.32,nan,2026-10-01
黒,ワニ,名詞,1,0.32,-0.01,2026-10-01
黒,湿る,動詞,1,0.32,nan,2026-10-01
黒,悪鬼,名詞,1,0.32,-0.65,2026-10-01
黒,グルーディオン,名詞,1,0.32,nan,2026-10-01
黒,仕様,名詞,1,0.32,nan,2026-10-01
黒,呻き声,名詞,1,0.32,nan,2026-10-01
黒,一欠片,名詞,1,0.32,nan,2026-10-01
黒,栄養,名詞,1,0.32,nan,2026-10-01
黒,日程,名詞,1,0.32,nan,2026-10-01
黒,一派,名詞,1,0.32,nan,2026-10-01
黒,履行,名詞,1,0.32,nan,2026-10-01
黒,見せしめ,名詞,1,0.32,nan,2026-10-01
黒,悪化,名詞,1,0.32,nan,2026-10-01
黒,抑止,名詞,1,0.32,nan,2026-10-01
黒,パクト,名詞,1,0.32,nan,2026-10-01
黒,巡る,動詞,1,0.32,-1.35,2026-10-01
黒,逆さま,名詞,1,0.32,nan,2026-10-01
黒,品,名詞,1,0.32,-0.21,2026-10-01
黒,借り,名詞,1,0.32,nan,2026-10-01
黒,騒がしい,形容詞,1,0.32,nan,2026-10-01
黒,下顎,名詞,1,0.32,nan,2026-10-01
黒,暴風,名詞,1,0.32,nan,2026-10-01
黒,太鼓,名詞,1,0.32,-0.52,2026-10-01
黒,眩い,形容詞,1,0.32,nan,2026-10-01
黒,聾する,動詞,1,0.32,nan,2026-10-01
黒,吐息,名詞,1,0.32,nan,2026-10-01
黒,フィナーレ,名詞,1,0.32,nan,2026-10-01
黒,空ける,動詞,1,0.32,-0.01,2026-10-01
黒,潰れる,動詞,1,0.32,nan,2026-10-01
黒,祭り,名詞,1,0.32,-0.01,2026-10-01
黒,没収,名詞,1,0.32,nan,2026-10-01
黒,独立,名詞,1,0.32,-0.38,2026-10-01
黒,獲得,名詞,1,0.32,-0.52,2026-10-01
黒,回避,名詞,1,0.32,nan,2026-10-01
黒,姿かたち,名詞,1,0.32,-0.01,2026-10-01
黒,お祭り騒ぎ,名詞,1,0.32,nan,2026-10-01
黒,くびき,名詞,1,0.32,nan,2026-10-01
黒,がた,名詞,1,0.32,nan,2026-10-01
黒,疑わしい,形容詞,1,0.32,nan,2026-10-01
黒,城塞,名詞,1,0.32,nan,2026-10-01
黒,軍資,名詞,1,0.32,nan,2026-10-01
黒,餌やり,名詞,1,0.32,nan,2026-10-01
黒,ぞっと,副詞,1,0.32,nan,2026-10-01
黒,気紛れ,名詞,1,0.32,nan,2026-10-01
黒,関わり,名詞,1,0.32,nan,2026-10-01
黒,配る,動詞,1,0.32,nan,2026-10-01
黒,青い,形容詞,1,0.32,-1.05,2026-10-01
黒,カバ,名詞,1,0.32,nan,2026-10-01
黒,そろそろ,副詞,1,0.32,-0.01,2026-10-01
黒,指令,名詞,1,0.32,nan,2026-10-01
黒,前足,名詞,1,0.32,nan,2026-10-01
黒,裏側,名詞,1,0.32,nan,2026-10-01
黒,敷く,動詞,1,0.32,nan,2026-10-01
黒,期限,名詞,1,0.32,nan,2026-10-01
黒,ドムリ,名詞,1,0.32,nan,2026-10-01
黒,神格,名詞,1,0.32,nan,2026-10-01
黒,レーデヴ,名詞,1,0.32,nan,2026-10-01
黒,たっぷり,副詞,1,0.32,-1.05,2026-10-01
黒,温血,名詞,1,0.32,nan,2026-10-01
黒,演者,名詞,1,0.32,nan,2026-10-01
黒,元々,名詞,1,0.32,nan,2026-10-01
黒,畏敬,名詞,1,0.32,-0.52,2026-10-01
黒,ヤロク,名詞,1,0.32,nan,2026-10-01
黒,一歩,名詞,1,0.32,-0.77,2026-10-01
黒,公明,名詞,1,0.32,nan,2026-10-01
黒,蔓,名詞,1,0.32,-0.52,2026-10-01
黒,合わす,動詞,1,0.32,nan,2026-10-01
黒,ガブっ,副詞,1,0.32,nan,2026-10-01
黒,良し,名詞,1,0.32,-0.21,2026-10-01
黒,天秤,名詞,1,0.32,nan,2026-10-01
黒,些事,名詞,1,0.32,nan,2026-10-01
黒,しまい,名詞,1,0.32,nan,2026-10-01
黒,度胸,名詞,1,0.32,-0.97,2026-10-01
黒,壮麗,名詞,1,0.32,nan,2026-10-01
黒,凝縮,名詞,1,0.32,nan,2026-10-01
黒,ボトル,名詞,1,0.32,nan,2026-10-01
黒,餐,名詞,1,0.32,nan,2026-10-01
黒,饗,名詞,1,0.32,nan,2026-10-01
黒,悲哀,名詞,1,0.32,-0.01,2026-10-01
黒,肩書,名詞,1,0.32,nan,2026-10-01
黒,遺贈,名詞,1,0.32,nan,2026-10-01
黒,深紅,名詞,1,0.32,nan,2026-10-01
黒,纏う,動詞,1,0.32,-0.65,2026-10-01
黒,ドングリ,名詞,1,0.32,nan,2026-10-01
黒,拾う,動詞,1,0.32,-0.01,2026-10-01
黒,隠し味,名詞,1,0.32,nan,2026-10-01
黒,ヒント,名詞,1,0.32,nan,2026-10-01
黒,呪詛,名詞,1,0.32,nan,2026-10-01
黒,タズデイル,名詞,1,0.32,nan,2026-10-01
黒,イグレッタ,名詞,1,0.32,nan,2026-10-01
黒,偵察,名詞,1,0.32,-0.65,2026-10-01
黒,粉々,名詞,1,0.32,-1.05,2026-10-01
黒,悲痛,名詞,1,0.32,nan,2026-10-01
黒,弱める,動詞,1,0.32,nan,2026-10-01
黒,捧げ物,名詞,1,0.32,-0.38,2026-10-01
黒,ランクル,名詞,1,0.32,nan,2026-10-01
黒,夏,名詞,1,0.32,-0.38,2026-10-01
黒,呼び鈴,名詞,1,0.32,nan,2026-10-01
黒,アヤーラ,名詞,1,0.32,nan,2026-10-01
黒,我,名詞,1,0.32,nan,2026-10-01
黒,あがき,名詞,1,0.32,nan,2026-10-01
黒,とらえる,動詞,1,0.32,-0.21,2026-10-01
黒,手駒,名詞,1,0.32,nan,2026-10-01
黒,ミゼラ,名詞,1,0.32,nan,2026-10-01
黒,茂る,動詞,1,0.32,-0.65,2026-10-01
黒,無知,名詞,1,0.32,-0.01,2026-10-01
黒,寄生,名詞,1,0.32,-0.01,2026-10-01
黒,ライオン,名詞,1,0.32,nan,2026-10-01
黒,ハイドラ,名詞,1,0.32,-0.65,2026-10-01
黒,ダクソス,名詞,1,0.32,nan,2026-10-01
黒,フィラスキヤ,名詞,1,0.32,nan,2026-10-01
黒,万能,名詞,1,0.32,nan,2026-10-01
黒,惜しみない,形容詞,1,0.32,-0.21,2026-10-01
黒,至極,副詞,1,0.32,nan,2026-10-01
黒,クロクサ,名詞,1,0.32,nan,2026-10-01
黒,ちかちか,副詞,1,0.32,nan,2026-10-01
黒,濡れ,名詞,1,0.32,nan,2026-10-01
黒,カラフィ,名詞,1,0.32,-0.01,2026-10-01
黒,ヘトス,名詞,1,0.32,nan,2026-10-01
黒,飢饉,名詞,1,0.32,nan,2026-10-01
黒,陸,名詞,1,0.32,-0.77,2026-10-01
黒,狭間,名詞,1,0.32,nan,2026-10-01
黒,締め付け,名詞,1,0.32,nan,2026-10-01
黒,衰え,名詞,1,0.32,nan,2026-10-01
黒,ゼイゴス,名詞,1,0.32,nan,2026-10-01
黒,ネスロイ,名詞,1,0.32,nan,2026-10-01
黒,虎,名詞,1,0.32,nan,2026-10-01
黒,軽々しい,形容詞,1,0.32,nan,2026-10-01
黒,共和,名詞,1,0.32,nan,2026-10-01
黒,レンジャー,名詞,1,0.32,nan,2026-10-01
黒,集結,名詞,1,0.32,-0.52,2026-10-01
黒,締結,名詞,1,0.32,nan,2026-10-01
黒,デザート,名詞,1,0.32,nan,2026-10-01
黒,条約,名詞,1,0.32,nan,2026-10-01
黒,建造,名詞,1,0.32,nan,2026-10-01
黒,バエサル,名詞,1,0.32,nan,2026-10-01
黒,封鎖,名詞,1,0.32,nan,2026-10-01
黒,ガレマール,名詞,1,0.32,nan,2026-10-01
黒,ヴァン,名詞,1,0.32,-0.01,2026-10-01
黒,防壁,名詞,1,0.32,-0.77,2026-10-01
黒,将,名詞,1,0.32,nan,2026-10-01
黒,兵隊,名詞,1,0.32,-0.01,2026-10-01
黒,作れる,動詞,1,0.32,-0.77,2026-10-01
黒,解毒,名詞,1,0.32,nan,2026-10-01
黒,抜き,名詞,1,0.32,nan,2026-10-01
黒,かなり,副詞,1,0.32,-0.01,2026-10-01
黒,はまる,動詞,1,0.32,nan,2026-10-01
黒,青春,名詞,1,0.32,nan,2026-10-01
黒,力強い,形容詞,1,0.32,-0.97,2026-10-01
黒,静める,動詞,1,0.32,nan,2026-10-01
黒,標的,名詞,1,0.32,nan,2026-10-01
黒,胃,名詞,1,0.32,nan,2026-10-01
黒,溶岩,名詞,1,0.32,-1.41,2026-10-01
黒,検証,名詞,1,0.32,nan,2026-10-01
黒,インダサ,名詞,1,0.32,nan,2026-10-01
黒,発光,名詞,1,0.32,nan,2026-10-01
黒,倫理,名詞,1,0.32,nan,2026-10-01
黒,邸宅,名詞,1,0.32,nan,2026-10-01
黒,重視,名詞,1,0.32,nan,2026-10-01
黒,礼儀,名詞,1,0.32,-1.05,2026-10-01
黒,揺るぎない,形容詞,1,0.32,-0.21,2026-10-01
黒,握手,名詞,1,0.32,nan,2026-10-01
黒,笑顔,名詞,1,0.32,nan,2026-10-01
黒,成立,名詞,1,0.32,nan,2026-10-01
黒,のす,動詞,1,0.32,nan,2026-10-01
黒,芯,名詞,1,0.32,nan,2026-10-01
黒,翻る,動詞,1,0.32,nan,2026-10-01
黒,旗,名詞,1,0.32,-0.65,2026-10-01
黒,段,名詞,1,0.32,nan,2026-10-01
黒,受け取り,名詞,1,0.32,nan,2026-10-01
黒,柱,名詞,1,0.32,-0.87,2026-10-01
黒,偶像,名詞,1,0.32,nan,2026-10-01
黒,反撃,名詞,1,0.32,-0.97,2026-10-01
黒,スケレ,名詞,1,0.32,nan,2026-10-01
黒,マガイマガド,名詞,1,0.32,nan,2026-10-01
黒,熱狂,名詞,1,0.32,nan,2026-10-01
黒,陥れる,動詞,1,0.32,nan,2026-10-01
黒,後者,名詞,1,0.32,nan,2026-10-01
黒,絶息,名詞,1,0.32,nan,2026-10-01
黒,調理,名詞,1,0.32,nan,2026-10-01
黒,終身,名詞,1,0.32,nan,2026-10-01
黒,刑,名詞,1,0.32,nan,2026-10-01
黒,片付く,動詞,1,0.32,nan,2026-10-01
黒,アクーム,名詞,1,0.32,-0.97,2026-10-01
黒,カルガ,名詞,1,0.32,nan,2026-10-01
黒,スカイクレイブ,名詞,1,0.32,-0.01,2026-10-01
黒,暮らす,動詞,1,0.32,-0.65,2026-10-01
黒,完敗,名詞,1,0.32,nan,2026-10-01
黒,功名,名詞,1,0.32,nan,2026-10-01
黒,たぶん,副詞,1,0.32,-0.65,2026-10-01
黒,フェリダー,名詞,1,0.32,-0.21,2026-10-01
黒,馴染み深い,形容詞,1,0.32,nan,2026-10-01
黒,いかがわしい,形容詞,1,0.32,nan,2026-10-01
黒,ニマーナ,名詞,1,0.32,nan,2026-10-01
黒,滅亡,名詞,1,0.32,nan,2026-10-01
黒,敵う,動詞,1,0.32,-0.38,2026-10-01
黒,巨体,名詞,1,0.32,nan,2026-10-01
黒,即死,名詞,1,0.32,nan,2026-10-01
黒,異臭,名詞,1,0.32,nan,2026-10-01
黒,耽る,動詞,1,0.32,nan,2026-10-01
黒,ディナー,名詞,1,0.32,nan,2026-10-01
黒,スタイル,名詞,1,0.32,nan,2026-10-01
黒,ならず者,名詞,1,0.32,nan,2026-10-01
黒,解除,名詞,1,0.32,nan,2026-10-01
黒,刻,名詞,1,0.32,-0.38,2026-10-01
黒,連帯,名詞,1,0.32,nan,2026-10-01
黒,指導,名詞,1,0.32,-0.52,2026-10-01
黒,危なっかしい,形容詞,1,0.32,nan,2026-10-01
黒,二本足,名詞,1,0.32,-0.21,2026-10-01
黒,地形,名詞,1,0.32,-0.21,2026-10-01
黒,タボラックス,名詞,1,0.32,nan,2026-10-01
黒,途中,名詞,1,0.32,-0.52,2026-10-01
黒,収監,名詞,1,0.32,nan,2026-10-01
黒,ディヴィジョン,名詞,1,0.32,nan,2026-10-01
黒,ワーム,名詞,1,0.32,-1.72,2026-10-01
黒,スパイン,名詞,1,0.32,nan,2026-10-01
黒,麻酔,名詞,1,0.32,nan,2026-10-01
黒,彼我,名詞,1,0.32,nan,2026-10-01
黒,思念,名詞,1,0.32,nan,2026-10-01
黒,存立,名詞,1,0.32,nan,2026-10-01
黒,個,名詞,1,0.32,nan,2026-10-01
黒,捜す,動詞,1,0.32,-0.21,2026-10-01
黒,ノスリバチ,名詞,1,0.32,nan,2026-10-01
黒,ひたすら,副詞,1,0.32,-0.65,2026-10-01
黒,惑う,動詞,1,0.32,nan,2026-10-01
黒,逆向き,名詞,1,0.32,nan,2026-10-01
黒,気難しい,形容詞,1,0.32,nan,2026-10-01
黒,堰,名詞,1,0.32,nan,2026-10-01
黒,路,名詞,1,0.32,nan,2026-10-01
黒,揺るぐ,動詞,1,0.32,nan,2026-10-01
黒,虐げる,動詞,1,0.32,nan,2026-10-01
黒,合流,名詞,1,0.32,nan,2026-10-01
黒,炙る,動詞,1,0.32,nan,2026-10-01
黒,猪,名詞,1,0.32,-0.01,2026-10-01
黒,みなぎる,動詞,1,0.32,nan,2026-10-01
黒,うすら笑い,名詞,1,0.32,nan,2026-10-01
黒,カーフェル,名詞,1,0.32,nan,2026-10-01
黒,追随,名詞,1,0.32,nan,2026-10-01
黒,空かす,動詞,1,0.32,nan,2026-10-01
黒,ナーフィ,名詞,1,0.32,nan,2026-10-01
黒,野火,名詞,1,0.32,nan,2026-10-01
黒,ドローガー,名詞,1,0.32,nan,2026-10-01
黒,防ぐ,動詞,1,0.32,-1.41,2026-10-01
黒,すんで,名詞,1,0.32,nan,2026-10-01
黒,ケイヤ,名詞,1,0.32,-0.97,2026-10-01
黒,きのこ,名詞,1,0.32,nan,2026-10-01
黒,トラッジ,名詞,1,0.32,nan,2026-10-01
黒,促す,動詞,1,0.32,nan,2026-10-01
黒,事情,名詞,1,0.32,nan,2026-10-01
黒,オニキス,名詞,1,0.32,nan,2026-10-01
黒,詳しい,形容詞,1,0.32,nan,2026-10-01
黒,双子,名詞,1,0.32,-0.01,2026-10-01
黒,秘儀,名詞,1,0.32,-0.87,2026-10-01
黒,嚢,名詞,1,0.32,nan,2026-10-01
黒,毒腺,名詞,1,0.32,nan,2026-10-01
黒,臓,名詞,1,0.32,nan,2026-10-01
黒,考案,名詞,1,0.32,-0.01,2026-10-01
黒,タワー,名詞,1,0.32,nan,2026-10-01
黒,半年,名詞,1,0.32,nan,2026-10-01
黒,エムブローズ,名詞,1,0.32,nan,2026-10-01
黒,部,名詞,1,0.32,-1.47,2026-10-01
黒,キリアン,名詞,1,0.32,nan,2026-10-01
黒,釣る,動詞,1,0.32,-0.65,2026-10-01
黒,薬品,名詞,1,0.32,nan,2026-10-01
黒,くっつける,動詞,1,0.32,nan,2026-10-01
黒,スピリット,名詞,1,0.32,-0.52,2026-10-01
黒,癒せる,動詞,1,0.32,nan,2026-10-01
黒,荒っぽい,形容詞,1,0.32,nan,2026-10-01
黒,右手,名詞,1,0.32,nan,2026-10-01
黒,母校,名詞,1,0.32,nan,2026-10-01
黒,命じる,動詞,1,0.32,nan,2026-10-01
黒,学び,名詞,1,0.32,-0.65,2026-10-01
黒,単位,名詞,1,0.32,nan,2026-10-01
黒,デーモゴス,名詞,1,0.32,nan,2026-10-01
黒,破棄,名詞,1,0.32,nan,2026-10-01
黒,食餌,名詞,1,0.32,nan,2026-10-01
黒,淡水,名詞,1,0.32,nan,2026-10-01
黒,ダンジョン,名詞,1,0.32,nan,2026-10-01
黒,守り手,名詞,1,0.32,-0.52,2026-10-01
黒,惨事,名詞,1,0.32,-0.52,2026-10-01
黒,喪主,名詞,1,0.32,nan,2026-10-01
黒,静けさ,名詞,1,0.32,-0.77,2026-10-01
黒,貪食,名詞,1,0.32,nan,2026-10-01
黒,プロフェッショナル,名詞,1,0.32,nan,2026-10-01
黒,善人,名詞,1,0.32,nan,2026-10-01
黒,義人,名詞,1,0.32,nan,2026-10-01
黒,ブラック,名詞,1,0.32,nan,2026-10-01
黒,ロルス,名詞,1,0.32,nan,2026-10-01
黒,ドラウ,名詞,1,0.32,nan,2026-10-01
黒,ドライダー,名詞,1,0.32,nan,2026-10-01
黒,アラミル,名詞,1,0.32,nan,2026-10-01
黒,美味しい,形容詞,1,0.32,-0.52,2026-10-01
黒,遅延,名詞,1,0.32,nan,2026-10-01
黒,ウォーター,名詞,1,0.32,nan,2026-10-01
黒,ディープ,名詞,1,0.32,nan,2026-10-01
黒,ワイト,名詞,1,0.32,nan,2026-10-01
黒,快諾,名詞,1,0.32,nan,2026-10-01
黒,エリガン,名詞,1,0.32,nan,2026-10-01
黒,しみる,動詞,1,0.32,nan,2026-10-01
黒,捉える,動詞,1,0.32,-0.01,2026-10-01
黒,トログ,名詞,1,0.32,nan,2026-10-01
黒,怪我,名詞,1,0.32,nan,2026-10-01
黒,介入,名詞,1,0.32,-0.01,2026-10-01
黒,乱闘,名詞,1,0.32,nan,2026-10-01
黒,悪党,名詞,1,0.32,-0.87,2026-10-01
黒,仁義,名詞,1,0.32,nan,2026-10-01
黒,潜在,名詞,1,0.32,-0.38,2026-10-01
黒,頂戴,名詞,1,0.32,nan,2026-10-01
黒,うつ伏せ,名詞,1,0.32,nan,2026-10-01
黒,装備,名詞,1,0.32,-0.52,2026-10-01
黒,放置,名詞,1,0.32,-0.38,2026-10-01
黒,正直,副詞,1,0.32,nan,2026-10-01
黒,若し,形容詞,1,0.32,-1.05,2026-10-01
黒,寝室,名詞,1,0.32,nan,2026-10-01
黒,施錠,名詞,1,0.32,nan,2026-10-01
黒,探る,動詞,1,0.32,-0.77,2026-10-01
黒,巾着,名詞,1,0.32,nan,2026-10-01
黒,廃城,名詞,1,0.32,nan,2026-10-01
黒,道路,名詞,1,0.32,-0.21,2026-10-01
黒,税,名詞,1,0.32,nan,2026-10-01
黒,借りる,動詞,1,0.32,-0.52,2026-10-01
黒,隆盛,名詞,1,0.32,nan,2026-10-01
黒,策略,名詞,1,0.32,-0.21,2026-10-01
黒,虚飾,名詞,1,0.32,nan,2026-10-01
黒,矜持,名詞,1,0.32,nan,2026-10-01
黒,グリゼルブランド,名詞,1,0.32,nan,2026-10-01
黒,聖典,名詞,1,0.32,nan,2026-10-01
黒,決する,動詞,1,0.32,nan,2026-10-01
黒,トロフィー,名詞,1,0.32,nan,2026-10-01
黒,エルドワル,名詞,1,0.32,nan,2026-10-01
黒,失礼,名詞,1,0.32,-0.38,2026-10-01
黒,詫び,名詞,1,0.32,nan,2026-10-01
黒,夫妻,名詞,1,0.32,nan,2026-10-01
黒,グレイフェルド,名詞,1,0.32,nan,2026-10-01
黒,トヴォラー,名詞,1,0.32,-0.52,2026-10-01
黒,靴屋,名詞,1,0.32,nan,2026-10-01
黒,教区,名詞,1,0.32,nan,2026-10-01
黒,太刀打ち,名詞,1,0.32,nan,2026-10-01
黒,オモチャ,名詞,1,0.32,nan,2026-10-01
黒,継ぎ接ぎ,名詞,1,0.32,nan,2026-10-01
黒,かわいい,形容詞,1,0.32,nan,2026-10-01
黒,ジェレン,名詞,1,0.32,nan,2026-10-01
黒,手形,名詞,1,0.32,nan,2026-10-01
黒,けいれん,名詞,1,0.32,nan,2026-10-01
黒,翌日,名詞,1,0.32,nan,2026-10-01
黒,バリケード,名詞,1,0.32,nan,2026-10-01
黒,金持ち,名詞,1,0.32,-0.21,2026-10-01
黒,購入,名詞,1,0.32,nan,2026-10-01
黒,稼ぐ,動詞,1,0.32,-0.52,2026-10-01
黒,かけら,名詞,1,0.32,nan,2026-10-01
黒,うめき声,名詞,1,0.32,nan,2026-10-01
黒,厳禁,名詞,1,0.32,nan,2026-10-01
黒,珍味,名詞,1,0.32,-0.01,2026-10-01
黒,ガールー,名詞,1,0.32,nan,2026-10-01
黒,顎骨,名詞,1,0.32,nan,2026-10-01
黒,縫い,名詞,1,0.32,-1.41,2026-10-01
黒,ティヌア,名詞,1,0.32,nan,2026-10-01
黒,鳩,名詞,1,0.32,nan,2026-10-01
黒,米,名詞,1,0.32,nan,2026-10-01
黒,然り,動詞,1,0.32,-0.87,2026-10-01
黒,無理やり,副詞,1,0.32,nan,2026-10-01
黒,尚更,副詞,1,0.32,nan,2026-10-01
黒,ぶっ,副詞,1,0.32,nan,2026-10-01
黒,替え,名詞,1,0.32,nan,2026-10-01
黒,ランド,名詞,1,0.32,-0.52,2026-10-01
黒,集団,名詞,1,0.32,-1.28,2026-10-01
黒,きっと,副詞,1,0.32,-1.63,2026-10-01
黒,利く,動詞,1,0.32,-1.05,2026-10-01
黒,のんびり,副詞,1,0.32,nan,2026-10-01
黒,久しぶり,名詞,1,0.32,nan,2026-10-01
黒,ぬぐう,動詞,1,0.32,nan,2026-10-01
黒,必見,名詞,1,0.32,nan,2026-10-01
黒,劇,名詞,1,0.32,nan,2026-10-01
黒,割合,名詞,1,0.32,nan,2026-10-01
黒,よし,名詞,1,0.32,nan,2026-10-01
黒,後戻り,名詞,1,0.32,nan,2026-10-01
黒,くっつく,動詞,1,0.32,nan,2026-10-01
黒,催し物,名詞,1,0.32,nan,2026-10-01
黒,庭園,名詞,1,0.32,-0.77,2026-10-01
黒,一斉,名詞,1,0.32,-0.01,2026-10-01
黒,参謀,名詞,1,0.32,nan,2026-10-01
黒,渋い,形容詞,1,0.32,nan,2026-10-01
黒,マヌケ,名詞,1,0.32,nan,2026-10-01
黒,駆動,名詞,1,0.32,nan,2026-10-01
黒,油圧,名詞,1,0.32,nan,2026-10-01
黒,メカ,名詞,1,0.32,-0.01,2026-10-01
黒,隠し玉,名詞,1,0.32,nan,2026-10-01
黒,袖,名詞,1,0.32,nan,2026-10-01
黒,解明,名詞,1,0.32,nan,2026-10-01
黒,デバッグ,名詞,1,0.32,nan,2026-10-01
黒,コード,名詞,1,0.32,nan,2026-10-01
黒,発表,名詞,1,0.32,nan,2026-10-01
黒,八丁,名詞,1,0.32,nan,2026-10-01
黒,点検,名詞,1,0.32,nan,2026-10-01
黒,太刀,名詞,1,0.32,nan,2026-10-01
黒,負傷,名詞,1,0.32,nan,2026-10-01
黒,延長,名詞,1,0.32,-0.38,2026-10-01
黒,魁渡,名詞,1,0.32,-0.52,2026-10-01
黒,団結,名詞,1,0.32,-1.41,2026-10-01
黒,一致,名詞,1,0.32,-0.65,2026-10-01
黒,うそぶく,動詞,1,0.32,nan,2026-10-01
黒,バイク,名詞,1,0.32,nan,2026-10-01
黒,礎,名詞,1,0.32,-0.21,2026-10-01
黒,明神,名詞,1,0.32,nan,2026-10-01
黒,中立,名詞,1,0.32,nan,2026-10-01
黒,せり,名詞,1,0.32,nan,2026-10-01
黒,失くす,動詞,1,0.32,-0.01,2026-10-01
黒,悩ます,動詞,1,0.32,nan,2026-10-01
黒,ピカピカ,副詞,1,0.32,-0.21,2026-10-01
黒,見世物,名詞,1,0.32,nan,2026-10-01
黒,履く,動詞,1,0.32,nan,2026-10-01
黒,長靴,名詞,1,0.32,nan,2026-10-01
黒,絨毯,名詞,1,0.32,nan,2026-10-01
黒,たんまり,副詞,1,0.32,nan,2026-10-01
黒,八百長,名詞,1,0.32,nan,2026-10-01
黒,前列,名詞,1,0.32,nan,2026-10-01
黒,観覧,名詞,1,0.32,nan,2026-10-01
黒,到着,名詞,1,0.32,-1.21,2026-10-01
黒,餌付け,名詞,1,0.32,nan,2026-10-01
黒,出どころ,名詞,1,0.32,nan,2026-10-01
黒,二者,名詞,1,0.32,nan,2026-10-01
黒,仲,名詞,1,0.32,nan,2026-10-01
黒,険悪,名詞,1,0.32,nan,2026-10-01
黒,体重,名詞,1,0.32,-0.21,2026-10-01
黒,富裕,名詞,1,0.32,nan,2026-10-01
黒,尖塔,名詞,1,0.32,-0.21,2026-10-01
黒,大通り,名詞,1,0.32,nan,2026-10-01
黒,摩天,名詞,1,0.32,nan,2026-10-01
黒,制度,名詞,1,0.32,nan,2026-10-01
黒,司法,名詞,1,0.32,nan,2026-10-01
黒,競り,名詞,1,0.32,nan,2026-10-01
黒,刑罰,名詞,1,0.32,nan,2026-10-01
黒,ルーレット,名詞,1,0.32,nan,2026-10-01
黒,伸べる,動詞,1,0.32,nan,2026-10-01
黒,確認,名詞,1,0.32,-1.14,2026-10-01
黒,目録,名詞,1,0.32,nan,2026-10-01
黒,バエ,名詞,1,0.32,nan,2026-10-01
黒,指折り,名詞,1,0.32,nan,2026-10-01
黒,延々,副詞,1,0.32,nan,2026-10-01
黒,錆びる,動詞,1,0.32,-0.77,2026-10-01
黒,胆液,名詞,1,0.32,nan,2026-10-01
黒,躯体,名詞,1,0.32,nan,2026-10-01
黒,交わる,動詞,1,0.32,-0.01,2026-10-01
黒,一点,名詞,1,0.32,nan,2026-10-01
黒,形状,名詞,1,0.32,-0.01,2026-10-01
黒,冬眠,名詞,1,0.32,nan,2026-10-01
黒,気配,名詞,1,0.32,nan,2026-10-01
黒,昼寝,名詞,1,0.32,nan,2026-10-01
黒,茶飯,名詞,1,0.32,nan,2026-10-01
黒,日常,名詞,1,0.32,nan,2026-10-01
黒,医学,名詞,1,0.32,nan,2026-10-01
黒,爪痕,名詞,1,0.32,nan,2026-10-01
黒,生々しい,形容詞,1,0.32,nan,2026-10-01
黒,スクイー,名詞,1,0.32,-0.01,2026-10-01
黒,ヤヤ,名詞,1,0.32,-0.38,2026-10-01
黒,故障,名詞,1,0.32,nan,2026-10-01
黒,たしか,副詞,1,0.32,nan,2026-10-01
黒,裏返し,名詞,1,0.32,nan,2026-10-01
黒,閣下,名詞,1,0.32,nan,2026-10-01
黒,即座,名詞,1,0.32,nan,2026-10-01
黒,手抜かり,名詞,1,0.32,nan,2026-10-01
黒,少々,名詞,1,0.32,-1.21,2026-10-01
黒,窃盗,名詞,1,0.32,nan,2026-10-01
黒,チビボネ,名詞,1,0.32,nan,2026-10-01
黒,史上,名詞,1,0.32,nan,2026-10-01
黒,反則,名詞,1,0.32,nan,2026-10-01
黒,肩入れ,名詞,1,0.32,nan,2026-10-01
黒,ボット,名詞,1,0.32,nan,2026-10-01
黒,ちょろちょろ,副詞,1,0.32,nan,2026-10-01
黒,長持ち,名詞,1,0.32,nan,2026-10-01
黒,トカシア,名詞,1,0.32,nan,2026-10-01
黒,振り向き,名詞,1,0.32,nan,2026-10-01
黒,用心,名詞,1,0.32,-0.97,2026-10-01
黒,装飾,名詞,1,0.32,-0.65,2026-10-01
黒,陥落,名詞,1,0.32,-0.52,2026-10-01
黒,着々,副詞,1,0.32,nan,2026-10-01
黒,クルーグ,名詞,1,0.32,nan,2026-10-01
黒,過大,名詞,1,0.32,nan,2026-10-01
黒,為,名詞,1,0.32,-0.01,2026-10-01
黒,ノスリ,名詞,1,0.32,nan,2026-10-01
黒,鍛錬,名詞,1,0.32,-0.52,2026-10-01
黒,酒杯,名詞,1,0.32,-0.21,2026-10-01
黒,大穴,名詞,1,0.32,nan,2026-10-01
黒,ビヒモス,名詞,1,0.32,nan,2026-10-01
黒,退避,名詞,1,0.32,nan,2026-10-01
黒,パニック,名詞,1,0.32,-0.01,2026-10-01
黒,運だめし,名詞,1,0.32,nan,2026-10-01
黒,あったまる,動詞,1,0.32,nan,2026-10-01
黒,ちょうど,副詞,1,0.32,-0.38,2026-10-01
黒,良く,副詞,1,0.32,nan,2026-10-01
黒,ダック,名詞,1,0.32,nan,2026-10-01
黒,陣営,名詞,1,0.32,nan,2026-10-01
黒,覚める,動詞,1,0.32,-0.38,2026-10-01
黒,軋む,動詞,1,0.32,nan,2026-10-01
黒,だー,副詞,1,0.32,nan,2026-10-01
黒,被験,名詞,1,0.32,nan,2026-10-01
黒,化膿,名詞,1,0.32,nan,2026-10-01
黒,貌,名詞,1,0.32,nan,2026-10-01
黒,ちがう,動詞,1,0.32,-0.01,2026-10-01
黒,咀嚼,名詞,1,0.32,nan,2026-10-01
黒,候補,名詞,1,0.32,nan,2026-10-01
黒,固まる,動詞,1,0.32,-0.01,2026-10-01
黒,凝る,動詞,1,0.32,nan,2026-10-01
黒,停滞,名詞,1,0.32,nan,2026-10-01
黒,ほど,名詞,1,0.32,-0.38,2026-10-01
黒,球,名詞,1,0.32,-0.01,2026-10-01
黒,内心,名詞,1,0.32,nan,2026-10-01
黒,めいめい,名詞,1,0.32,nan,2026-10-01
黒,だいたい,名詞,1,0.32,-0.21,2026-10-01
黒,辺,名詞,1,0.32,nan,2026-10-01
黒,口々,名詞,1,0.32,nan,2026-10-01
黒,福音,名詞,1,0.32,nan,2026-10-01
黒,族長,名詞,1,0.32,nan,2026-10-01
黒,根こそぎ,副詞,1,0.32,nan,2026-10-01
黒,四肢,名詞,1,0.32,nan,2026-10-01
黒,ウラブラスク,名詞,1,0.32,-1.28,2026-10-01
黒,盾突く,動詞,1,0.32,nan,2026-10-01
黒,馬車,名詞,1,0.32,nan,2026-10-01
黒,欠かせる,動詞,1,0.32,-0.38,2026-10-01
黒,埋まる,動詞,1,0.32,nan,2026-10-01
黒,殆ど,名詞,1,0.32,nan,2026-10-01
黒,ドウジ,名詞,1,0.32,nan,2026-10-01
黒,長らえる,動詞,1,0.32,nan,2026-10-01
黒,返品,名詞,1,0.32,nan,2026-10-01
黒,不可,名詞,1,0.32,nan,2026-10-01
黒,模索,名詞,1,0.32,nan,2026-10-01
黒,徒党,名詞,1,0.32,-0.21,2026-10-01
黒,刻印,名詞,1,0.32,nan,2026-10-01
黒,トルヴァダ,名詞,1,0.32,nan,2026-10-01
黒,隊列,名詞,1,0.32,-0.38,2026-10-01
黒,装束,名詞,1,0.32,nan,2026-10-01
黒,傷む,動詞,1,0.32,nan,2026-10-01
黒,分解,名詞,1,0.32,-0.21,2026-10-01
黒,汚点,名詞,1,0.32,nan,2026-10-01
黒,サルルフ,名詞,1,0.32,nan,2026-10-01
黒,徐々,名詞,1,0.32,nan,2026-10-01
黒,鳴り,名詞,1,0.32,nan,2026-10-01
黒,全域,名詞,1,0.32,-0.21,2026-10-01
黒,動作,名詞,1,0.32,-0.01,2026-10-01
黒,くずおれる,動詞,1,0.32,nan,2026-10-01
黒,出来合い,名詞,1,0.32,nan,2026-10-01
黒,陥ちる,動詞,1,0.32,nan,2026-10-01
黒,新手,名詞,1,0.32,nan,2026-10-01
黒,他所,名詞,1,0.32,nan,2026-10-01
黒,家紋,名詞,1,0.32,nan,2026-10-01
黒,ギャング,名詞,1,0.32,nan,2026-10-01
黒,名乗る,動詞,1,0.32,-0.01,2026-10-01
黒,ダレッティ,名詞,1,0.32,nan,2026-10-01
黒,イコリア,名詞,1,0.32,-0.87,2026-10-01
黒,無二,名詞,1,0.32,nan,2026-10-01
黒,ハイフェイ,名詞,1,0.32,-0.21,2026-10-01
黒,オビラ,名詞,1,0.32,nan,2026-10-01
黒,エッジ,名詞,1,0.32,nan,2026-10-01
黒,ウォール,名詞,1,0.32,nan,2026-10-01
黒,ひもじい,形容詞,1,0.32,nan,2026-10-01
黒,個体,名詞,1,0.32,-0.65,2026-10-01
黒,食べかす,名詞,1,0.32,nan,2026-10-01
黒,発狂,名詞,1,0.32,nan,2026-10-01
黒,油ぎる,動詞,1,0.32,nan,2026-10-01
黒,ひょっと,副詞,1,0.32,nan,2026-10-01
黒,おそろしい,形容詞,1,0.32,nan,2026-10-01
黒,大物,名詞,1,0.32,nan,2026-10-01
黒,親父,名詞,1,0.32,nan,2026-10-01
黒,量,名詞,1,0.32,-0.21,2026-10-01
黒,余裕,名詞,1,0.32,-0.21,2026-10-01
黒,ケラン,名詞,1,0.32,-0.97,2026-10-01
黒,体当たり,名詞,1,0.32,nan,2026-10-01
黒,りんご,名詞,1,0.32,nan,2026-10-01
黒,棒,名詞,1,0.32,-0.87,2026-10-01
黒,衣,名詞,1,0.32,nan,2026-10-01
黒,砂糖,名詞,1,0.32,nan,2026-10-01
黒,徳行,名詞,1,0.32,nan,2026-10-01
黒,内省,名詞,1,0.32,nan,2026-10-01
黒,摂る,動詞,1,0.32,nan,2026-10-01
黒,糖分,名詞,1,0.32,nan,2026-10-01
黒,無実,名詞,1,0.32,nan,2026-10-01
黒,躊躇い,名詞,1,0.32,nan,2026-10-01
黒,急進,名詞,1,0.32,nan,2026-10-01
黒,文,名詞,1,0.32,nan,2026-10-01
黒,タリアン,名詞,1,0.32,nan,2026-10-01
黒,認定,名詞,1,0.32,nan,2026-10-01
黒,形相,名詞,1,0.32,nan,2026-10-01
黒,締め,名詞,1,0.32,nan,2026-10-01
黒,体現,名詞,1,0.32,-0.65,2026-10-01
黒,信念,名詞,1,0.32,-1.58,2026-10-01
黒,思い違い,名詞,1,0.32,nan,2026-10-01
黒,驚異,名詞,1,0.32,-1.21,2026-10-01
黒,癒やし,名詞,1,0.32,nan,2026-10-01
黒,飲める,動詞,1,0.32,nan,2026-10-01
黒,茶会,名詞,1,0.32,nan,2026-10-01
黒,おろか,名詞,1,0.32,nan,2026-10-01
黒,ヌルガム,名詞,1,0.32,nan,2026-10-01
黒,模する,動詞,1,0.32,nan,2026-10-01
黒,怒れる,動詞,1,0.32,-0.97,2026-10-01
黒,あまり,名詞,1,0.32,-0.52,2026-10-01
黒,概念,名詞,1,0.32,-0.52,2026-10-01
黒,あっちい,形容詞,1,0.32,nan,2026-10-01
黒,加減,名詞,1,0.32,-0.21,2026-10-01
黒,蔓延る,動詞,1,0.32,nan,2026-10-01
黒,カパロクティ,名詞,1,0.32,nan,2026-10-01
黒,クラヴィレーニョ,名詞,1,0.32,nan,2026-10-01
黒,乾き,名詞,1,0.32,nan,2026-10-01
黒,満たせる,動詞,1,0.32,nan,2026-10-01
黒,オルテカ,名詞,1,0.32,-1.28,2026-10-01
黒,ルート,名詞,1,0.32,nan,2026-10-01
黒,手続き,名詞,1,0.32,nan,2026-10-01
黒,正規,名詞,1,0.32,-0.21,2026-10-01
黒,書類,名詞,1,0.32,-0.21,2026-10-01
黒,察し,名詞,1,0.32,nan,2026-10-01
黒,大体,名詞,1,0.32,nan,2026-10-01
黒,死因,名詞,1,0.32,nan,2026-10-01
黒,絵,名詞,1,0.32,nan,2026-10-01
黒,似顔,名詞,1,0.32,nan,2026-10-01
黒,アグルス,名詞,1,0.32,nan,2026-10-01
黒,仕事柄,名詞,1,0.32,nan,2026-10-01
黒,対人,名詞,1,0.32,nan,2026-10-01
黒,欠落,名詞,1,0.32,nan,2026-10-01
黒,打ち所,名詞,1,0.32,nan,2026-10-01
黒,非,名詞,1,0.32,nan,2026-10-01
黒,凄惨,名詞,1,0.32,nan,2026-10-01
黒,行方,名詞,1,0.32,-0.65,2026-10-01
黒,供述,名詞,1,0.32,nan,2026-10-01
黒,精査,名詞,1,0.32,nan,2026-10-01
黒,あて,名詞,1,0.32,nan,2026-10-01
黒,おやつ,名詞,1,0.32,-0.52,2026-10-01
黒,嚙む,動詞,1,0.32,nan,2026-10-01
黒,中々,副詞,1,0.32,nan,2026-10-01
黒,腑,名詞,1,0.32,nan,2026-10-01
黒,死亡,名詞,1,0.32,nan,2026-10-01
黒,ゾンビヒル,名詞,1,0.32,nan,2026-10-01
黒,消せる,動詞,1,0.32,-0.21,2026-10-01
黒,偽,名詞,1,0.32,nan,2026-10-01
黒,水路,名詞,1,0.32,-0.21,2026-10-01
黒,移送,名詞,1,0.32,nan,2026-10-01
黒,週,名詞,1,0.32,nan,2026-10-01
黒,名目,名詞,1,0.32,nan,2026-10-01
黒,検死,名詞,1,0.32,nan,2026-10-01
黒,身元,名詞,1,0.32,nan,2026-10-01
黒,リサイクル,名詞,1,0.32,nan,2026-10-01
黒,疎む,動詞,1,0.32,nan,2026-10-01
黒,身分,名詞,1,0.32,nan,2026-10-01
黒,証言,名詞,1,0.32,nan,2026-10-01
黒,暴く,動詞,1,0.32,-0.87,2026-10-01
黒,散らばる,動詞,1,0.32,-0.21,2026-10-01
黒,鉱夫,名詞,1,0.32,nan,2026-10-01
黒,間に合う,動詞,1,0.32,-0.01,2026-10-01
黒,列車,名詞,1,0.32,-0.01,2026-10-01
黒,箇所,名詞,1,0.32,nan,2026-10-01
黒,まとめる,動詞,1,0.32,nan,2026-10-01
黒,おそらく,副詞,1,0.32,-0.21,2026-10-01
黒,棺桶,名詞,1,0.32,nan,2026-10-01
黒,令状,名詞,1,0.32,nan,2026-10-01
黒,逮捕,名詞,1,0.32,-0.01,2026-10-01
黒,余生,名詞,1,0.32,nan,2026-10-01
黒,緩む,動詞,1,0.32,nan,2026-10-01
黒,蜃気,名詞,1,0.32,nan,2026-10-01
黒,ターネイション,名詞,1,0.32,nan,2026-10-01
黒,プロスペリティ,名詞,1,0.32,nan,2026-10-01
黒,使い捨て,名詞,1,0.32,nan,2026-10-01
黒,哺乳,名詞,1,0.32,nan,2026-10-01
黒,試みる,動詞,1,0.32,-0.52,2026-10-01
黒,カクタス,名詞,1,0.32,nan,2026-10-01
黒,入用,名詞,1,0.32,nan,2026-10-01
黒,気付け,名詞,1,0.32,nan,2026-10-01
黒,保安,名詞,1,0.32,nan,2026-10-01
黒,代理,名詞,1,0.32,nan,2026-10-01
黒,ルール,名詞,1,0.32,-0.65,2026-10-01
黒,バット,名詞,1,0.32,nan,2026-10-01
黒,万物,名詞,1,0.32,-0.77,2026-10-01
黒,闘い,名詞,1,0.32,-0.21,2026-10-01
黒,横取り,名詞,1,0.32,nan,2026-10-01
黒,さえずり,名詞,1,0.32,nan,2026-10-01
黒,秋,名詞,1,0.32,-0.65,2026-10-01
黒,木々,名詞,1,0.32,-2.23,2026-10-01
黒,リザード,名詞,1,0.32,nan,2026-10-01
黒,残光,名詞,1,0.32,nan,2026-10-01
黒,気候,名詞,1,0.32,-0.21,2026-10-01
黒,変動,名詞,1,0.32,nan,2026-10-01
黒,卵,名詞,1,0.32,-1.05,2026-10-01
黒,マーハ,名詞,1,0.32,nan,2026-10-01
黒,言語,名詞,1,0.32,-0.38,2026-10-01
黒,ウルシ,名詞,1,0.32,nan,2026-10-01
黒,役者,名詞,1,0.32,nan,2026-10-01
黒,ソジン,名詞,1,0.32,nan,2026-10-01
黒,彗星,名詞,1,0.32,nan,2026-10-01
黒,トカゲ,名詞,1,0.32,-1.14,2026-10-01
黒,気流,名詞,1,0.32,-0.01,2026-10-01
黒,渓間,名詞,1,0.32,-1.21,2026-10-01
黒,崖,名詞,1,0.32,-1.14,2026-10-01
黒,山賊,名詞,1,0.32,-0.01,2026-10-01
黒,擬態,名詞,1,0.32,nan,2026-10-01
黒,塩水,名詞,1,0.32,nan,2026-10-01
黒,レイー,名詞,1,0.32,nan,2026-10-01
黒,混ざる,動詞,1,0.32,-0.65,2026-10-01
黒,蟻,名詞,1,0.32,nan,2026-10-01
黒,次々,副詞,1,0.32,-0.52,2026-10-01
黒,懲りる,動詞,1,0.32,nan,2026-10-01
黒,親友,名詞,1,0.32,-0.01,2026-10-01
黒,祖母,名詞,1,0.32,nan,2026-10-01
黒,残留,名詞,1,0.32,nan,2026-10-01
黒,脊,名詞,1,0.32,nan,2026-10-01
黒,切れ端,名詞,1,0.32,nan,2026-10-01
黒,まやかし,名詞,1,0.32,nan,2026-10-01
黒,陶酔,名詞,1,0.32,nan,2026-10-01
黒,漲る,動詞,1,0.32,nan,2026-10-01
黒,頭痛,名詞,1,0.32,nan,2026-10-01
黒,拝む,動詞,1,0.32,-0.01,2026-10-01
黒,ターヴィン,名詞,1,0.32,nan,2026-10-01
黒,とどめ,名詞,1,0.32,nan,2026-10-01
黒,耳鳴り,名詞,1,0.32,nan,2026-10-01
黒,マリーナ,名詞,1,0.32,nan,2026-10-01
黒,たずねる,動詞,1,0.32,nan,2026-10-01
黒,ニコ,名詞,1,0.32,nan,2026-10-01
黒,歯茎,名詞,1,0.32,nan,2026-10-01
黒,ほんと,名詞,1,0.32,nan,2026-10-01
黒,前史,名詞,1,0.32,nan,2026-10-01
黒,約定,名詞,1,0.32,nan,2026-10-01
黒,継ぎ目,名詞,1,0.32,nan,2026-10-01
黒,マシン,名詞,1,0.32,nan,2026-10-01
黒,ワケ,名詞,1,0.32,nan,2026-10-01
黒,作りもの,名詞,1,0.32,nan,2026-10-01
黒,ホラー,名詞,1,0.32,nan,2026-10-01
黒,スリル,名詞,1,0.32,-0.01,2026-10-01
黒,グランプリ,名詞,1,0.32,nan,2026-10-01
黒,満点,名詞,1,0.32,nan,2026-10-01
黒,ミラー,名詞,1,0.32,nan,2026-10-01
黒,バック,名詞,1,0.32,nan,2026-10-01
黒,ウィンター,名詞,1,0.32,nan,2026-10-01
黒,しくじる,動詞,1,0.32,nan,2026-10-01
黒,轍,名詞,1,0.32,nan,2026-10-01
黒,ライダーズ,名詞,1,0.32,nan,2026-10-01
黒,シャンタヌ,名詞,1,0.32,nan,2026-10-01
黒,エンド,名詞,1,0.32,-0.01,2026-10-01
黒,連呼,名詞,1,0.32,nan,2026-10-01
黒,つかむ,動詞,1,0.32,-0.87,2026-10-01
黒,掴める,動詞,1,0.32,nan,2026-10-01
黒,恒久,名詞,1,0.32,nan,2026-10-01
黒,ナンバー,名詞,1,0.32,nan,2026-10-01
黒,プレート,名詞,1,0.32,nan,2026-10-01
黒,則る,動詞,1,0.32,nan,2026-10-01
黒,スポーツマンシップ,名詞,1,0.32,nan,2026-10-01
黒,称賛,名詞,1,0.32,-0.21,2026-10-01
黒,挑発,名詞,1,0.32,-0.38,2026-10-01
黒,赴く,動詞,1,0.32,-0.87,2026-10-01
黒,クレーター,名詞,1,0.32,nan,2026-10-01
黒,シオン,名詞,1,0.32,nan,2026-10-01
黒,ガラダク,名詞,1,0.32,nan,2026-10-01
黒,棲む,動詞,1,0.32,-0.38,2026-10-01
黒,飽く,動詞,1,0.32,-0.21,2026-10-01
黒,傷痕,名詞,1,0.32,nan,2026-10-01
黒,救出,名詞,1,0.32,nan,2026-10-01
黒,いんちき,名詞,1,0.32,nan,2026-10-01
黒,潤す,動詞,1,0.32,nan,2026-10-01
黒,際立つ,動詞,1,0.32,nan,2026-10-01
黒,覇者,名詞,1,0.32,nan,2026-10-01
黒,レーサー,名詞,1,0.32,nan,2026-10-01
黒,ジェクト,名詞,1,0.32,nan,2026-10-01
黒,ぼっ,名詞,1,0.32,nan,2026-10-01
黒,がまん,名詞,1,0.32,nan,2026-10-01
黒,話せる,動詞,1,0.32,nan,2026-10-01
黒,ヴァニラ,名詞,1,0.32,nan,2026-10-01
黒,退治,名詞,1,0.32,-0.77,2026-10-01
黒,左側,名詞,1,0.32,nan,2026-10-01
黒,整う,動詞,1,0.32,nan,2026-10-01
黒,せん,名詞,1,0.32,nan,2026-10-01
黒,クトゥルブ,名詞,1,0.32,nan,2026-10-01
黒,氾濫,名詞,1,0.32,nan,2026-10-01
黒,闘神,名詞,1,0.32,nan,2026-10-01
黒,接近,名詞,1,0.32,nan,2026-10-01
黒,なげき,名詞,1,0.32,nan,2026-10-01
黒,はる,動詞,1,0.32,nan,2026-10-01
黒,きろく,名詞,1,0.32,nan,2026-10-01
黒,ヒクウテイ,名詞,1,0.32,nan,2026-10-01
黒,ただしい,形容詞,1,0.32,nan,2026-10-01
黒,ジェイド,名詞,1,0.32,nan,2026-10-01
黒,通路,名詞,1,0.32,-0.21,2026-10-01
黒,かう,動詞,1,0.32,nan,2026-10-01
黒,ヒッヒッ,名詞,1,0.32,nan,2026-10-01
黒,オーケストラ,名詞,1,0.32,nan,2026-10-01
黒,聴きごたえ,名詞,1,0.32,nan,2026-10-01
黒,奏でる,動詞,1,0.32,-0.65,2026-10-01
黒,さぞ,副詞,1,0.32,-0.01,2026-10-01
黒,クラウド,名詞,1,0.32,nan,2026-10-01
黒,神獣,名詞,1,0.32,nan,2026-10-01
黒,もつ,名詞,1,0.32,nan,2026-10-01
黒,ファファファ,名詞,1,0.32,nan,2026-10-01
黒,ガラフ,名詞,1,0.32,nan,2026-10-01
黒,移す,動詞,1,0.32,nan,2026-10-01
黒,狭い,形容詞,1,0.32,-0.65,2026-10-01
黒,地点,名詞,1,0.32,nan,2026-10-01
黒,手懐ける,動詞,1,0.32,nan,2026-10-01
黒,アドバイス,名詞,1,0.32,nan,2026-10-01
黒,ネガティブ,名詞,1,0.32,nan,2026-10-01
黒,インナー,名詞,1,0.32,nan,2026-10-01
黒,ネーミング,名詞,1,0.32,nan,2026-10-01
黒,ストレート,名詞,1,0.32,nan,2026-10-01
黒,インヘリターズ,名詞,1,0.32,nan,2026-10-01
黒,すごい,形容詞,1,0.32,-1.14,2026-10-01
黒,スパンデックス,名詞,1,0.32,nan,2026-10-01
黒,ファンシー,名詞,1,0.32,nan,2026-10-01
黒,伍長,名詞,1,0.32,nan,2026-10-01
黒,発揮,名詞,1,0.32,-0.87,2026-10-01
黒,刑務,名詞,1,0.32,nan,2026-10-01
黒,天敵,名詞,1,0.32,nan,2026-10-01
黒,ガーガン,名詞,1,0.32,nan,2026-10-01
黒,漁,名詞,1,0.32,nan,2026-10-01
黒,捕る,動詞,1,0.32,nan,2026-10-01
黒,ナマズワニ,名詞,1,0.32,nan,2026-10-01
黒,獲る,動詞,1,0.32,nan,2026-10-01
黒,オオカミ,名詞,1,0.32,nan,2026-10-01
黒,アナグマ,名詞,1,0.32,nan,2026-10-01
黒,巣くう,動詞,1,0.32,nan,2026-10-01
黒,モグラ,名詞,1,0.32,nan,2026-10-01
黒,善行,名詞,1,0.32,-0.01,2026-10-01
黒,手ひどい,形容詞,1,0.32,nan,2026-10-01
黒,友だち,名詞,1,0.32,nan,2026-10-01
黒,渡し守,名詞,1,0.32,nan,2026-10-01
黒,掃除,名詞,1,0.32,-0.21,2026-10-01
黒,魚屋,名詞,1,0.32,nan,2026-10-01
黒,ブシ,名詞,1,0.32,nan,2026-10-01
黒,ドック,名詞,1,0.32,nan,2026-10-01
黒,ジャンフイ,名詞,1,0.32,nan,2026-10-01
黒,一網,名詞,1,0.32,nan,2026-10-01
黒,魚,名詞,1,0.32,-0.77,2026-10-01
黒,打尽,名詞,1,0.32,nan,2026-10-01
黒,日頃,名詞,1,0.32,-0.01,2026-10-01
黒,分子,名詞,1,0.32,nan,2026-10-01
黒,出動,名詞,1,0.32,nan,2026-10-01
黒,直接,名詞,1,0.32,nan,2026-10-01
黒,フェン,名詞,1,0.32,nan,2026-10-01
黒,ロー,名詞,1,0.32,nan,2026-10-01
黒,ほぼ,副詞,1,0.32,-0.52,2026-10-01
黒,わらわ,名詞,1,0.32,nan,2026-10-01
黒,砂丘,名詞,1,0.32,-0.21,2026-10-01
黒,ハゲタカバチ,名詞,1,0.32,nan,2026-10-01
黒,投石,名詞,1,0.32,nan,2026-10-01
黒,ベンダー,名詞,1,0.32,-1.14,2026-10-01
黒,日蝕,名詞,1,0.32,nan,2026-10-01
黒,チーム,名詞,1,0.32,-1.05,2026-10-01
黒,首都,名詞,1,0.32,nan,2026-10-01
黒,分間,名詞,1,0.32,nan,2026-10-01
黒,マイ,名詞,1,0.32,nan,2026-10-01
黒,素振り,名詞,1,0.32,nan,2026-10-01
黒,ジュー,名詞,1,0.32,nan,2026-10-01
黒,慣らす,動詞,1,0.32,-0.52,2026-10-01
黒,滑り,名詞,1,0.32,nan,2026-10-01
黒,這い,名詞,1,0.32,nan,2026-10-01
黒,とうとう,副詞,1,0.32,-0.52,2026-10-01
黒,歳月,名詞,1,0.32,nan,2026-10-01
黒,水薬,名詞,1,0.32,nan,2026-10-01
黒,傘,名詞,1,0.32,nan,2026-10-01
黒,弓,名詞,1,0.32,-1.52,2026-10-01
黒,実る,動詞,1,0.32,-0.01,2026-10-01
黒,幻,名詞,1,0.32,-0.38,2026-10-01
黒,経る,動詞,1,0.32,-0.65,2026-10-01
黒,ハチミツ,名詞,1,0.32,nan,2026-10-01
黒,モーカント,名詞,1,0.32,nan,2026-10-01
黒,友愛,名詞,1,0.32,nan,2026-10-01
黒,反目,名詞,1,0.32,nan,2026-10-01
黒,イシルー,名詞,1,0.32,nan,2026-10-01
黒,隣人,名詞,1,0.32,-0.38,2026-10-01
黒,藪,名詞,1,0.32,nan,2026-10-01
黒,猛毒,名詞,1,0.32,-0.01,2026-10-01
黒,長続き,名詞,1,0.32,nan,2026-10-01
黒,振り,名詞,1,0.32,-0.52,2026-10-01
黒,競う,動詞,1,0.32,-0.21,2026-10-01
黒,とびきり,名詞,1,0.32,nan,2026-10-01
黒,代わる,動詞,1,0.32,-0.01,2026-10-01
黒,温情,名詞,1,0.32,nan,2026-10-01
黒,いたずら心,名詞,1,0.32,nan,2026-10-01
黒,光り,名詞,1,0.32,nan,2026-10-01
黒,ほつれる,動詞,1,0.32,nan,2026-10-01
黒,まずい,形容詞,1,0.32,-0.01,2026-10-01
黒,交う,動詞,1,0.32,-0.01,2026-10-01
黒,ひねくれ者,名詞,1,0.32,nan,2026-10-01
黒,花弁,名詞,1,0.32,nan,2026-10-01
黒,ひらひら,副詞,1,0.32,nan,2026-10-01
黒,めそめそ,副詞,1,0.32,nan,2026-10-01
黒,くすくす,副詞,1,0.32,nan,2026-10-01
黒,根付く,動詞,1,0.32,nan,2026-10-01
黒,ボス,名詞,1,0.32,-0.01,2026-10-01
黒,仕上げる,動詞,1,0.32,nan,2026-10-01
黒,手間取る,動詞,1,0.32,nan,2026-10-01
黒,予定,名詞,1,0.32,-0.21,2026-10-01
黒,ウミガメ,名詞,1,0.32,nan,2026-10-01
黒,スープ,名詞,1,0.32,-0.01,2026-10-01
黒,早々,名詞,1,0.32,nan,2026-10-01
黒,せっかく,副詞,1,0.32,nan,2026-10-01
黒,心構え,名詞,1,0.32,nan,2026-10-01
黒,秘伝,名詞,1,0.32,nan,2026-10-01
黒,キング,名詞,1,0.32,nan,2026-10-01
黒,アイズ,名詞,1,0.32,nan,2026-10-01
黒,スネーク,名詞,1,0.32,nan,2026-10-01
黒,講師,名詞,1,0.32,nan,2026-10-01
黒,オロク,名詞,1,0.32,nan,2026-10-01
黒,マシマ,名詞,1,0.32,nan,2026-10-01
黒,ペニシリン,名詞,1,0.32,nan,2026-10-01
黒,ピザ,名詞,1,0.32,nan,2026-10-01
黒,効率,名詞,1,0.32,-0.38,2026-10-01
黒,進化,名詞,1,0.32,-1.63,2026-10-01
黒,円環,名詞,1,0.32,-0.01,2026-10-01
黒,ハマト,名詞,1,0.32,nan,2026-10-01
黒,バチバチ,副詞,1,0.32,nan,2026-10-01
黒,唱和,名詞,1,0.32,nan,2026-10-01
黒,雷鳴,名詞,1,0.32,-1.05,2026-10-01
黒,拍手,名詞,1,0.32,nan,2026-10-01
黒,果たして,副詞,1,0.32,nan,2026-10-01
黒,ありきたり,名詞,1,0.32,nan,2026-10-01
黒,展示,名詞,1,0.32,nan,2026-10-01
黒,ドクニンジン,名詞,1,0.32,nan,2026-10-01
黒,突入,名詞,1,0.32,-0.52,2026-10-01
黒,解散,名詞,1,0.32,nan,2026-10-01
黒,奥地,名詞,1,0.32,nan,2026-10-01
黒,居残り,名詞,1,0.32,nan,2026-10-01
黒,ありがたい,形容詞,1,0.32,-1.05,2026-10-01
黒,蓄え,名詞,1,0.32,nan,2026-10-01
黒,暴走,名詞,1,0.32,-0.77,2026-10-01
黒,講義,名詞,1,0.32,-0.87,2026-10-01
黒,のけ者,名詞,1,0.32,nan,2026-10-01
黒,人気,名詞,1,0.32,-0.52,2026-10-01
黒,エルレン,名詞,1,0.32,nan,2026-10-01
黒,キャンパス,名詞,1,0.32,nan,2026-10-01
黒,ルマレット,名詞,1,0.32,nan,2026-10-01
黒,骨折,名詞,1,0.32,nan,2026-10-01
黒,スカーリド,名詞,1,0.32,nan,2026-10-01
黒,いじめっ子,名詞,1,0.32,nan,2026-10-01
黒,インク,名詞,1,0.32,nan,2026-10-01
黒,次善,名詞,1,0.32,nan,2026-10-01
黒,引き合い,名詞,1,0.32,nan,2026-10-01
黒,議論,名詞,1,0.32,-0.38,2026-10-01
黒,討論,名詞,1,0.32,nan,2026-10-01
黒,自説,名詞,1,0.32,nan,2026-10-01
黒,インターカレッジ,名詞,1,0.32,nan,2026-10-01
黒,科目,名詞,1,0.32,nan,2026-10-01
黒,イーニッド,名詞,1,0.32,nan,2026-10-01
黒,開腹,名詞,1,0.32,nan,2026-10-01
黒,品物,名詞,1,0.32,nan,2026-10-01
黒,交易,名詞,1,0.32,nan,2026-10-01
黒,滅ぶ,動詞,1,0.32,nan,2026-10-01
黒,ダミーア,名詞,1,0.32,nan,2026-10-01
黒,条件,名詞,1,0.32,-0.01,2026-10-01
黒,テラリウム,名詞,1,0.32,nan,2026-10-01
黒,畏怖,名詞,1,0.32,-0.65,2026-10-01
黒,エサラ,名詞,1,0.32,nan,2026-10-01
黒,熟達,名詞,1,0.32,-0.52,2026-10-01
黒,穀倉,名詞,1,0.32,nan,2026-10-01
黒,生け垣,名詞,1,0.32,nan,2026-10-01
黒,列,名詞,1,0.32,nan,2026-10-01
黒,土手,名詞,1,0.32,nan,2026-10-01
黒,西側,名詞,1,0.32,nan,2026-10-01
黒,栗,名詞,1,0.32,nan,2026-10-01
黒,鏡,名詞,1,0.32,-0.77,2026-10-01
黒,機知,名詞,1,0.32,nan,2026-10-01
黒,富む,動詞,1,0.32,-0.21,2026-10-01
黒,対象,名詞,1,0.32,-0.38,2026-10-01
黒,ジモ,名詞,1,0.32,nan,2026-10-01
黒,侮る,動詞,1,0.32,-0.21,2026-10-01
黒,雑魚,名詞,1,0.32,nan,2026-10-01
黒,ゴキブリ,名詞,1,0.32,nan,2026-10-01
黒,コツ,名詞,1,0.32,-0.97,2026-10-01
黒,覚え,名詞,1,0.32,nan,2026-10-01
黒,泣き言,名詞,1,0.32,nan,2026-10-01
黒,バイロ,名詞,1,0.32,nan,2026-10-01
黒,清浄,名詞,1,0.32,nan,2026-10-01
黒,介す,動詞,1,0.32,nan,2026-10-01
黒,骨粉,名詞,1,0.32,nan,2026-10-01
黒,デレクト,名詞,1,0.32,nan,2026-10-01
黒,余り,副詞,1,0.32,nan,2026-10-01
黒,冷える,動詞,1,0.32,nan,2026-10-01
黒,導師,名詞,1,0.32,nan,2026-10-01
黒,黄金虫,名詞,1,0.32,nan,2026-10-01
黒,飛蝗,名詞,1,0.32,nan,2026-10-01
黒,ウェイストランダー,名詞,1,0.32,nan,2026-10-01
黒,トース,名詞,1,0.32,nan,2026-10-01
黒,ネル,名詞,1,0.32,nan,2026-10-01
黒,成就,名詞,1,0.32,nan,2026-10-01
黒,レシュラック,名詞,1,0.32,nan,2026-10-01
黒,調べ,名詞,1,0.32,-0.01,2026-10-01
黒,非道,名詞,1,0.32,nan,2026-10-01
黒,止む,動詞,1,0.32,-0.21,2026-10-01
黒,鱗,名詞,1,0.32,-1.81,2026-10-01
黒,給餌,名詞,1,0.32,nan,2026-10-01
黒,衰退,名詞,1,0.32,nan,2026-10-01
黒,ひんやり,副詞,1,0.32,nan,2026-10-01
黒,背筋,名詞,1,0.32,-0.01,2026-10-01
黒,カチコチ,副詞,1,0.32,nan,2026-10-01
黒,料金,名詞,1,0.32,nan,2026-10-01
黒,オツリーミ,名詞,1,0.32,nan,2026-10-01
黒,遊ぶ,動詞,1,0.32,-1.21,2026-10-01
黒,乞う,動詞,1,0.32,nan,2026-10-01
黒,許し,名詞,1,0.32,-0.38,2026-10-01
黒,観衆,名詞,1,0.32,nan,2026-10-01
黒,決死,名詞,1,0.32,nan,2026-10-01
黒,幸い,名詞,1,0.32,-0.01,2026-10-01
黒,コロニー,名詞,1,0.32,nan,2026-10-01
黒,ダックス,名詞,1,0.32,nan,2026-10-01
黒,スナップ,名詞,1,0.32,nan,2026-10-01
黒,風下,名詞,1,0.32,nan,2026-10-01
黒,簒奪,名詞,1,0.32,nan,2026-10-01
黒,勉強,名詞,1,0.32,-0.38,2026-10-01
黒,アイディア,名詞,1,0.32,nan,2026-10-01
黒,脈,名詞,1,0.32,nan,2026-10-01
黒,好戦,名詞,1,0.32,nan,2026-10-01
黒,教室,名詞,1,0.32,-0.01,2026-10-01
黒,諸共,名詞,1,0.32,nan,2026-10-01
黒,前菜,名詞,1,0.32,nan,2026-10-01
黒,どうぞ,副詞,1,0.32,nan,2026-10-01
黒,テーブル,名詞,1,0.32,nan,2026-10-01
黒,エインジー,名詞,1,0.32,-0.01,2026-10-01
黒,道中,名詞,1,0.32,nan,2026-10-01
黒,激化,名詞,1,0.32,nan,2026-10-01
黒,アブラード,名詞,1,0.32,nan,2026-10-01
黒,カストーディ,名詞,1,0.32,nan,2026-10-01
黒,解体,名詞,1,0.32,-0.21,2026-10-01
黒,有機,名詞,1,0.32,nan,2026-10-01
黒,起訴,名詞,1,0.32,nan,2026-10-01
黒,友人,名詞,1,0.32,-0.87,2026-10-01
黒,ごちゃごちゃ,副詞,1,0.32,nan,2026-10-01
黒,フレイヤー,名詞,1,0.32,nan,2026-10-01
黒,保持,名詞,1,0.32,nan,2026-10-01
黒,直ちに,副詞,1,0.32,-0.38,2026-10-01
黒,ギャラリー,名詞,1,0.32,nan,2026-10-01
黒,ソレムネス,名詞,1,0.32,nan,2026-10-01
黒,つつがない,形容詞,1,0.32,nan,2026-10-01
黒,文書,名詞,1,0.32,-0.01,2026-10-01
黒,考古,名詞,1,0.32,-0.21,2026-10-01
黒,タン,名詞,1,0.32,nan,2026-10-01
黒,本性,名詞,1,0.32,nan,2026-10-01
黒,余波,名詞,1,0.32,nan,2026-10-01
黒,局,名詞,1,0.32,nan,2026-10-01
黒,賢人,名詞,1,0.32,nan,2026-10-01
黒,無用,名詞,1,0.32,-0.52,2026-10-01
黒,異星,名詞,1,0.32,nan,2026-10-01
黒,ディーモン,名詞,1,0.32,nan,2026-10-01
黒,フライ,名詞,1,0.32,nan,2026-10-01
黒,ロット,名詞,1,0.32,nan,2026-10-01
黒,高位,名詞,1,0.32,nan,2026-10-01
黒,生還,名詞,1,0.32,nan,2026-10-01
黒,紅し,形容詞,1,0.32,nan,2026-10-01
黒,不朽,名詞,1,0.32,nan,2026-10-01
黒,力づける,動詞,1,0.32,nan,2026-10-01
黒,生粋,名詞,1,0.32,nan,2026-10-01
黒,抑制,名詞,1,0.32,-0.38,2026-10-01
黒,願望,名詞,1,0.32,-0.52,2026-10-01
黒,王朝,名詞,1,0.32,nan,2026-10-01
黒,ポクスウォーカー,名詞,1,0.32,nan,2026-10-01
黒,菌,名詞,1,0.32,nan,2026-10-01
黒,皇帝,名詞,1,0.32,-0.38,2026-10-01
黒,アーチフィーンド,名詞,1,0.32,nan,2026-10-01
黒,アザ,名詞,1,0.32,nan,2026-10-01
黒,権化,名詞,1,0.32,nan,2026-10-01
黒,ゴロド,名詞,1,0.32,nan,2026-10-01
黒,通じる,動詞,1,0.32,nan,2026-10-01
黒,ミサイル,名詞,1,0.32,nan,2026-10-01
黒,デスストライク,名詞,1,0.32,nan,2026-10-01
黒,グレネード,名詞,1,0.32,nan,2026-10-01
黒,至近,名詞,1,0.32,nan,2026-10-01
黒,ブライト,名詞,1,0.32,nan,2026-10-01
黒,デスガード,名詞,1,0.32,nan,2026-10-01
黒,腐蝕,名詞,1,0.32,nan,2026-10-01
黒,形成,名詞,1,0.32,-1.14,2026-10-01
黒,難攻,名詞,1,0.32,nan,2026-10-01
黒,不落,名詞,1,0.32,nan,2026-10-01
黒,恥,名詞,1,0.32,-0.87,2026-10-01
黒,プラズマンサー,名詞,1,0.32,nan,2026-10-01
黒,シンギュラリティ,名詞,1,0.32,nan,2026-10-01
黒,勝者,名詞,1,0.32,-0.01,2026-10-01
黒,やっぱり,副詞,1,0.32,-0.21,2026-10-01
黒,心無い,形容詞,1,0.32,nan,2026-10-01
黒,抜け殻,名詞,1,0.32,nan,2026-10-01
黒,直近,名詞,1,0.32,nan,2026-10-01
黒,季節,名詞,1,0.32,-1.05,2026-10-01
黒,ダーレク,名詞,1,0.32,nan,2026-10-01
黒,抹殺,名詞,1,0.32,-0.01,2026-10-01
黒,おまけ,名詞,1,0.32,-0.21,2026-10-01
黒,ファスト,名詞,1,0.32,nan,2026-10-01
黒,贈物,名詞,1,0.32,nan,2026-10-01
黒,アヴィール,名詞,1,0.32,nan,2026-10-01
黒,電気,名詞,1,0.32,-0.01,2026-10-01
黒,生贄,名詞,1,0.32,nan,2026-10-01
黒,壊滅,名詞,1,0.32,-1.05,2026-10-01
黒,目つき,名詞,1,0.32,nan,2026-10-01
黒,システム,名詞,1,0.32,-0.21,2026-10-01
黒,ターゲティング,名詞,1,0.32,nan,2026-10-01
黒,一新,名詞,1,0.32,nan,2026-10-01
黒,補助,名詞,1,0.32,nan,2026-10-01
黒,vault,名詞,1,0.32,-0.01,2026-10-01
黒,デバネズミ,名詞,1,0.32,nan,2026-10-01
黒,枯渇,名詞,1,0.32,nan,2026-10-01
黒,凡庸,名詞,1,0.32,nan,2026-10-01
黒,予想,名詞,1,0.32,-1.35,2026-10-01
黒,匪獣,名詞,1,0.32,nan,2026-10-01
黒,懐中,名詞,1,0.32,nan,2026-10-01
黒,時計,名詞,1,0.32,-0.21,2026-10-01
黒,幾多,名詞,1,0.32,-0.21,2026-10-01
黒,故郷,名詞,1,0.32,-2.8,2026-10-01
黒,草木,名詞,1,0.32,nan,2026-10-01
黒,拡がる,動詞,1,0.32,nan,2026-10-01
黒,行く手,名詞,1,0.32,-0.21,2026-10-01
黒,シェル,名詞,1,0.32,nan,2026-10-01
黒,明かす,動詞,1,0.32,-1.35,2026-10-01
黒,月光,名詞,1,0.32,-0.38,2026-10-01
黒,残れる,動詞,1,0.32,-0.65,2026-10-01
黒,出征,名詞,1,0.32,nan,2026-10-01
黒,マンドリル,名詞,1,0.32,nan,2026-10-01
黒,援軍,名詞,1,0.32,-0.38,2026-10-01
黒,ダリヤ,名詞,1,0.32,nan,2026-10-01
黒,ごまかし,名詞,1,0.32,nan,2026-10-01
黒,効く,動詞,1,0.32,nan,2026-10-01
黒,行商,名詞,1,0.32,nan,2026-10-01
黒,世話,名詞,1,0.32,-0.52,2026-10-01
黒,リーグ,名詞,1,0.32,nan,2026-10-01
黒,小僧,名詞,1,0.32,-0.21,2026-10-01
黒,東,名詞,1,0.32,nan,2026-10-01
黒,カサカサ,副詞,1,0.32,nan,2026-10-01
黒,鬨の声,名詞,1,0.32,nan,2026-10-01
黒,純朴,名詞,1,0.32,nan,2026-10-01
黒,セマル,名詞,1,0.32,nan,2026-10-01
黒,芽,名詞,1,0.32,-0.01,2026-10-01
黒,増水,名詞,1,0.32,nan,2026-10-01
黒,権勢,名詞,1,0.32,nan,2026-10-01
黒,さなか,名詞,1,0.32,nan,2026-10-01
黒,政敵,名詞,1,0.32,nan,2026-10-01
黒,メトマ,名詞,1,0.32,nan,2026-10-01
黒,カトロス,名詞,1,0.32,nan,2026-10-01
黒,わきまえる,動詞,1,0.32,-0.01,2026-10-01
黒,フェラー,名詞,1,0.32,nan,2026-10-01
黒,みつかる,動詞,1,0.32,nan,2026-10-01
黒,枯木,名詞,1,0.32,nan,2026-10-01
黒,建物,名詞,1,0.32,-1.41,2026-10-01
黒,プロ,名詞,1,0.32,nan,2026-10-01
黒,テヴァル,名詞,1,0.32,nan,2026-10-01
黒,連勝,名詞,1,0.32,nan,2026-10-01
黒,ジェスカイ,名詞,1,0.32,-1.21,2026-10-01
黒,窮地,名詞,1,0.32,nan,2026-10-01
黒,士気,名詞,1,0.32,-0.38,2026-10-01
黒,挫く,動詞,1,0.32,nan,2026-10-01
黒,ケフカ,名詞,1,0.32,nan,2026-10-01
黒,造る,動詞,1,0.32,-1.35,2026-10-01
黒,ミスト,名詞,1,0.32,nan,2026-10-01
黒,結束,名詞,1,0.32,-0.87,2026-10-01
黒,参照,名詞,1,0.32,nan,2026-10-01
黒,どん底,名詞,1,0.32,nan,2026-10-01
黒,脱する,動詞,1,0.32,nan,2026-10-01
黒,波,名詞,1,0.32,-2.34,2026-10-01
黒,アジャニ,名詞,1,0.32,-1.35,2026-10-01
黒,癒える,動詞,1,0.32,-0.01,2026-10-01
黒,添う,動詞,1,0.32,nan,2026-10-01
黒,荒る,動詞,1,0.32,nan,2026-10-01
黒,露店,名詞,1,0.32,nan,2026-10-01
黒,商品,名詞,1,0.32,nan,2026-10-01
黒,尺骨,名詞,1,0.32,nan,2026-10-01
黒,茸,名詞,1,0.32,-0.01,2026-10-01
黒,足取り,名詞,1,0.32,-0.01,2026-10-01
黒,猟師,名詞,1,0.32,nan,2026-10-01
黒,恐らく,副詞,1,0.32,nan,2026-10-01
黒,トロール,名詞,1,0.32,-1.81,2026-10-01
黒,阻む,動詞,1,0.32,-1.05,2026-10-01
黒,ろうそく,名詞,1,0.32,nan,2026-10-01
黒,嵌める,動詞,1,0.32,nan,2026-10-01
黒,持続,名詞,1,0.32,nan,2026-10-01
黒,初祖,名詞,1,0.32,nan,2026-10-01
黒,闇夜,名詞,1,0.32,-0.21,2026-10-01
黒,四方,名詞,1,0.32,nan,2026-10-01
黒,ポタ,名詞,1,0.32,nan,2026-10-01
黒,姉,名詞,1,0.32,-0.01,2026-10-01
黒,聖歌,名詞,1,0.32,-0.01,2026-10-01
黒,妥当,名詞,1,0.32,nan,2026-10-01
黒,目玉,名詞,1,0.32,-0.01,2026-10-01
黒,廃棄,名詞,1,0.32,-0.21,2026-10-01
黒,下がる,動詞,1,0.32,-1.14,2026-10-01
黒,つまずき,名詞,1,0.32,nan,2026-10-01
黒,年老いる,動詞,1,0.32,nan,2026-10-01
黒,抽象,名詞,1,0.32,nan,2026-10-01
黒,描写,名詞,1,0.32,nan,2026-10-01
黒,ピクシー,名詞,1,0.32,nan,2026-10-01
黒,画像,名詞,1,0.32,nan,2026-10-01
黒,イラスト,名詞,1,0.32,nan,2026-10-01
黒,テクニック,名詞,1,0.32,nan,2026-10-01
黒,既存,名詞,1,0.32,nan,2026-10-01
黒,野生,名詞,1,0.32,-2.52,2026-10-01
黒,熱望,名詞,1,0.32,nan,2026-10-01
黒,笛吹き,名詞,1,0.32,nan,2026-10-01
黒,印象,名詞,1,0.32,-1.05,2026-10-01
黒,ディハーダ,名詞,1,0.32,nan,2026-10-01
黒,ジアドロン,名詞,1,0.32,nan,2026-10-01
黒,企み,名詞,1,0.32,nan,2026-10-01
黒,ダッコン,名詞,1,0.32,nan,2026-10-01
黒,上がり,名詞,1,0.32,nan,2026-10-01
黒,一丁,名詞,1,0.32,nan,2026-10-01
黒,ウーズ,名詞,1,0.32,nan,2026-10-01
黒,ゼリー,名詞,1,0.32,nan,2026-10-01
黒,煮凝り,名詞,1,0.32,nan,2026-10-01
黒,アヌーリッド,名詞,1,0.32,nan,2026-10-01
黒,アスモル,名詞,1,0.32,nan,2026-10-01
黒,台所,名詞,1,0.32,nan,2026-10-01
黒,接す,動詞,1,0.32,nan,2026-10-01
黒,実体,名詞,1,0.32,-0.21,2026-10-01
黒,さす,動詞,1,0.32,nan,2026-10-01
黒,ウチ,名詞,1,0.32,nan,2026-10-01
黒,集積,名詞,1,0.32,nan,2026-10-01
黒,資本,名詞,1,0.32,nan,2026-10-01
黒,改作,名詞,1,0.32,nan,2026-10-01
黒,賛美,名詞,1,0.32,nan,2026-10-01
黒,たたえる,動詞,1,0.32,nan,2026-10-01
黒,つかの間,名詞,1,0.32,nan,2026-10-01
黒,沼沢,名詞,1,0.32,nan,2026-10-01
黒,あわただしい,形容詞,1,0.32,nan,2026-10-01
黒,事切れる,動詞,1,0.32,nan,2026-10-01
黒,ずいぶん,副詞,1,0.32,-0.77,2026-10-01
黒,本腰,名詞,1,0.32,nan,2026-10-01
黒,順応,名詞,1,0.32,-0.87,2026-10-01
黒,真価,名詞,1,0.32,nan,2026-10-01
黒,そらす,動詞,1,0.32,nan,2026-10-01
黒,嘆かわしい,形容詞,1,0.32,nan,2026-10-01
黒,やり直し,名詞,1,0.32,nan,2026-10-01
黒,驚愕,名詞,1,0.32,-0.52,2026-10-01
黒,ずばり,副詞,1,0.32,nan,2026-10-01
黒,バルログ,名詞,1,0.32,nan,2026-10-01
黒,振るう,動詞,1,0.32,-1.14,2026-10-01
黒,ゴンドール,名詞,1,0.32,-0.65,2026-10-01
黒,よだつ,動詞,1,0.32,nan,2026-10-01
黒,身の毛,名詞,1,0.32,nan,2026-10-01
黒,盗っ人,名詞,1,0.32,nan,2026-10-01
黒,憎い,形容詞,1,0.32,nan,2026-10-01
黒,出でる,動詞,1,0.32,-0.01,2026-10-01
黒,モルドール,名詞,1,0.32,-0.52,2026-10-01
黒,吐かす,動詞,1,0.32,nan,2026-10-01
黒,洗いざらい,副詞,1,0.32,nan,2026-10-01
黒,旦那,名詞,1,0.32,nan,2026-10-01
黒,憐れみ,名詞,1,0.32,nan,2026-10-01
黒,早まる,動詞,1,0.32,nan,2026-10-01
黒,自嘲,名詞,1,0.32,nan,2026-10-01
黒,ゴルバグ,名詞,1,0.32,nan,2026-10-01
黒,丘,名詞,1,0.32,-1.35,2026-10-01
黒,東方,名詞,1,0.32,nan,2026-10-01
黒,重々,副詞,1,0.32,nan,2026-10-01
黒,おそれ,名詞,1,0.32,nan,2026-10-01
黒,警戒,名詞,1,0.32,-1.21,2026-10-01
黒,付近,名詞,1,0.32,nan,2026-10-01
黒,ハイ,名詞,1,0.32,nan,2026-10-01
黒,晴れ,名詞,1,0.32,nan,2026-10-01
黒,シェロブ,名詞,1,0.32,nan,2026-10-01
黒,ならぶ,動詞,1,0.32,nan,2026-10-01
黒,精々,副詞,1,0.32,nan,2026-10-01
黒,酷使,名詞,1,0.32,nan,2026-10-01
黒,聞き耳,名詞,1,0.32,nan,2026-10-01
黒,イシルドゥア,名詞,1,0.32,nan,2026-10-01
黒,悲し,形容詞,1,0.32,nan,2026-10-01
黒,毒針,名詞,1,0.32,nan,2026-10-01
黒,左肩,名詞,1,0.32,nan,2026-10-01
黒,参列,名詞,1,0.32,nan,2026-10-01
黒,道連れ,名詞,1,0.32,nan,2026-10-01
黒,変装,名詞,1,0.32,nan,2026-10-01
黒,もどる,動詞,1,0.32,nan,2026-10-01
黒,はかく,名詞,1,0.32,nan,2026-10-01
黒,雫,名詞,1,0.32,nan,2026-10-01
黒,零す,動詞,1,0.32,nan,2026-10-01
黒,ぐっ,副詞,1,0.32,nan,2026-10-01
黒,すばらしい,形容詞,1,0.32,-0.21,2026-10-01
黒,精鋭,名詞,1,0.32,-1.35,2026-10-01
黒,愛用,名詞,1,0.32,nan,2026-10-01
黒,ヴァーラー,名詞,1,0.32,nan,2026-10-01
黒,刻み目,名詞,1,0.32,nan,2026-10-01
黒,丸腰,名詞,1,0.32,nan,2026-10-01
黒,改めて,副詞,1,0.32,nan,2026-10-01
黒,よろしい,形容詞,1,0.32,nan,2026-10-01
黒,軽い,形容詞,1,0.32,-1.14,2026-10-01
黒,無下,名詞,1,0.32,nan,2026-10-01
黒,手掛かり,名詞,1,0.32,-0.38,2026-10-01
黒,垂直,名詞,1,0.32,nan,2026-10-01
黒,足場,名詞,1,0.32,nan,2026-10-01
黒,階,名詞,1,0.32,nan,2026-10-01
黒,空地,名詞,1,0.32,nan,2026-10-01
黒,有り,名詞,1,0.32,nan,2026-10-01
黒,居住,名詞,1,0.32,-0.21,2026-10-01
黒,たがやせる,動詞,1,0.32,nan,2026-10-01
黒,畑,名詞,1,0.32,-0.65,2026-10-01
黒,そだつ,動詞,1,0.32,nan,2026-10-01
黒,やみ,名詞,1,0.32,nan,2026-10-01
黒,番人,名詞,1,0.32,-0.65,2026-10-01
黒,一連,名詞,1,0.32,nan,2026-10-01
黒,入団,名詞,1,0.32,nan,2026-10-01
黒,警鐘,名詞,1,0.32,nan,2026-10-01
黒,ナックル,名詞,1,0.32,nan,2026-10-01
黒,ブラス,名詞,1,0.32,nan,2026-10-01
黒,ひととき,名詞,1,0.32,nan,2026-10-01
黒,アニムス,名詞,1,0.32,nan,2026-10-01
黒,下手,名詞,1,0.32,nan,2026-10-01
黒,昼夜,名詞,1,0.32,nan,2026-10-01
黒,賛辞,名詞,1,0.32,nan,2026-10-01
黒,隙,名詞,1,0.32,-0.65,2026-10-01
黒,プロレス,名詞,1,0.32,nan,2026-10-01
黒,ヤラセ,名詞,1,0.32,nan,2026-10-01
黒,疑い,名詞,1,0.32,-0.65,2026-10-01
黒,辱める,動詞,1,0.32,nan,2026-10-01
黒,所望,名詞,1,0.32,nan,2026-10-01
黒,ハンド,名詞,1,0.32,nan,2026-10-01
黒,応え,名詞,1,0.32,nan,2026-10-01
黒,ドルマムゥ,名詞,1,0.32,nan,2026-10-01
黒,CEO,名詞,1,0.32,nan,2026-10-01
黒,開発,名詞,1,0.32,-0.87,2026-10-01
黒,就任,名詞,1,0.32,nan,2026-10-01
黒,ロクソン,名詞,1,0.32,nan,2026-10-01
黒,受け,名詞,1,0.32,nan,2026-10-01
黒,人類,名詞,1,0.32,-0.65,2026-10-01
黒,エース,名詞,1,0.32,nan,2026-10-01
黒,パイロット,名詞,1,0.32,nan,2026-10-01
黒,きっちり,副詞,1,0.32,nan,2026-10-01
黒,福利,名詞,1,0.32,nan,2026-10-01
黒,厚生,名詞,1,0.32,nan,2026-10-01
黒,めあて,名詞,1,0.32,nan,2026-10-01
黒,淵,名詞,1,0.32,-0.52,2026-10-01
黒,遊び,名詞,1,0.32,-0.97,2026-10-01
黒,トラブル,名詞,1,0.32,nan,2026-10-01
黒,フィクサー,名詞,1,0.32,nan,2026-10-01
黒,修正,名詞,1,0.32,-0.21,2026-10-01
黒,営利,名詞,1,0.32,nan,2026-10-01
黒,イーヴィル,名詞,1,0.32,nan,2026-10-01
黒,善,名詞,1,0.32,-0.21,2026-10-01
黒,まこと,名詞,1,0.32,nan,2026-10-01
黒,アイアンマン,名詞,1,0.32,nan,2026-10-01
黒,装甲,名詞,1,0.32,nan,2026-10-01
黒,正す,動詞,1,0.32,nan,2026-10-01
黒,銭,名詞,1,0.32,nan,2026-10-01
黒,収まる,動詞,1,0.32,-0.65,2026-10-01
黒,あえない,形容詞,1,0.32,nan,2026-10-01
黒,刺し,名詞,1,0.32,nan,2026-10-01
黒,うける,動詞,1,0.32,nan,2026-10-01
黒,向く,動詞,1,0.32,-1.93,2026-10-01
黒,重,名詞,1,0.32,-0.38,2026-10-01
黒,攻める,動詞,1,0.32,-0.77,2026-10-01
黒,北,名詞,1,0.32,-1.14,2026-10-01
黒,ソーリン,名詞,1,0.32,nan,2026-10-01
黒,格別,副詞,1,0.32,nan,2026-10-01
黒,あわせる,動詞,1,0.32,nan,2026-10-01
黒,シールド,名詞,1,0.32,nan,2026-10-01
黒,納得,名詞,1,0.32,-0.01,2026-10-01
黒,いたぶる,動詞,1,0.32,nan,2026-10-01
黒,とおり,名詞,1,0.32,-0.52,2026-10-01
黒,左,名詞,1,0.32,nan,2026-10-01
黒,ばか,名詞,1,0.32,nan,2026-10-01
黒,じじい,名詞,1,0.32,nan,2026-10-01
黒,漕ぐ,動詞,1,0.32,nan,2026-10-01
黒,さざ波,名詞,1,0.32,nan,2026-10-01
黒,けっして,副詞,1,0.32,nan,2026-10-01
黒,腫れる,動詞,1,0.32,nan,2026-10-01
黒,ひとかたまり,名詞,1,0.32,nan,2026-10-01
黒,雷,名詞,1,0.32,-2.17,2026-10-01
黒,つむじ,名詞,1,0.32,nan,2026-10-01
黒,騒ぎ,名詞,1,0.32,-0.52,2026-10-01
黒,揃う,動詞,1,0.32,-1.05,2026-10-01
黒,暮す,動詞,1,0.32,nan,2026-10-01
黒,奥底,名詞,1,0.32,-0.65,2026-10-01
黒,山々,名詞,1,0.32,-0.01,2026-10-01
黒,荒れ地,名詞,1,0.32,nan,2026-10-01
黒,がらす,名詞,1,0.32,nan,2026-10-01
黒,はるか,副詞,1,0.32,-0.01,2026-10-01
黒,はなれ,名詞,1,0.32,nan,2026-10-01
黒,明くる日,名詞,1,0.32,nan,2026-10-01
黒,谷間,名詞,1,0.32,-0.21,2026-10-01
黒,明るい,形容詞,1,0.32,-1.41,2026-10-01
黒,引,名詞,1,0.32,nan,2026-10-01
黒,盤,名詞,1,0.32,nan,2026-10-01
黒,チェス,名詞,1,0.32,nan,2026-10-01
黒,駒,名詞,1,0.32,-0.21,2026-10-01
黒,まさか,副詞,1,0.32,-0.38,2026-10-01
黒,予告,名詞,1,0.32,nan,2026-10-01
黒,封筒,名詞,1,0.32,nan,2026-10-01
黒,仕込む,動詞,1,0.32,nan,2026-10-01
黒,アドリアナ,名詞,1,0.32,nan,2026-10-01
黒,登場,名詞,1,0.32,-0.01,2026-10-01
黒,悪役,名詞,1,0.32,nan,2026-10-01
黒,ビルタズ,名詞,1,0.32,nan,2026-10-01
黒,ゴルム,名詞,1,0.32,nan,2026-10-01
黒,分かれ目,名詞,1,0.32,nan,2026-10-01
黒,精緻,名詞,1,0.32,nan,2026-10-01
黒,大気,名詞,1,0.32,-0.65,2026-10-01
黒,返答,名詞,1,0.32,nan,2026-10-01
黒,ガス,名詞,1,0.32,nan,2026-10-01
黒,控える,動詞,1,0.32,nan,2026-10-01
黒,口実,名詞,1,0.32,nan,2026-10-01
黒,全う,副詞,1,0.32,nan,2026-10-01
黒,多し,形容詞,1,0.32,nan,2026-10-01
黒,文学,名詞,1,0.32,nan,2026-10-01
黒,読者,名詞,1,0.32,nan,2026-10-01
黒,貢献,名詞,1,0.32,nan,2026-10-01
黒,特権,名詞,1,0.32,nan,2026-10-01
黒,繁る,動詞,1,0.32,nan,2026-10-01
黒,疑惑,名詞,1,0.32,nan,2026-10-01
黒,雑草,名詞,1,0.32,nan,2026-10-01
黒,宿す,動詞,1,0.32,-0.38,2026-10-01
黒,生ふ,動詞,1,0.32,-0.65,2026-10-01
黒,はびこる,動詞,1,0.32,-0.21,2026-10-01
黒,誘い,名詞,1,0.32,nan,2026-10-01
黒,肝臓,名詞,1,0.32,nan,2026-10-01
黒,買収,名詞,1,0.32,nan,2026-10-01
黒,確か,副詞,1,0.32,nan,2026-10-01
黒,あたり,名詞,1,0.32,-0.65,2026-10-01
黒,メロディー,名詞,1,0.32,nan,2026-10-01
黒,とくに,副詞,1,0.32,nan,2026-10-01
黒,ゼンタリム,名詞,1,0.32,nan,2026-10-01
黒,節操,名詞,1,0.32,nan,2026-10-01
黒,誠実,名詞,1,0.32,-0.38,2026-10-01
黒,蚊,名詞,1,0.32,nan,2026-10-01
黒,満喫,名詞,1,0.32,nan,2026-10-01
黒,魂魄,名詞,1,0.32,nan,2026-10-01
黒,絹,名詞,1,0.32,-0.97,2026-10-01
黒,善悪,名詞,1,0.32,nan,2026-10-01
黒,手腕,名詞,1,0.32,nan,2026-10-01
黒,ベハル,名詞,1,0.32,nan,2026-10-01
黒,ウォー,名詞,1,0.32,nan,2026-10-01
黒,ハダル,名詞,1,0.32,nan,2026-10-01
黒,滅び,名詞,1,0.32,nan,2026-10-01
黒,目ざわり,名詞,1,0.32,nan,2026-10-01
黒,企てる,動詞,1,0.32,nan,2026-10-01
黒,妄想,名詞,1,0.32,-0.21,2026-10-01
黒,イレニカス,名詞,1,0.32,nan,2026-10-01
黒,まどろむ,動詞,1,0.32,nan,2026-10-01
黒,取り戻し,名詞,1,0.32,nan,2026-10-01
黒,もともと,副詞,1,0.32,nan,2026-10-01
黒,洒落る,動詞,1,0.32,nan,2026-10-01
黒,ロープ,名詞,1,0.32,-0.77,2026-10-01
黒,フック,名詞,1,0.32,nan,2026-10-01
黒,温床,名詞,1,0.32,nan,2026-10-01
黒,憧れる,動詞,1,0.32,nan,2026-10-01
黒,朽葉,名詞,1,0.32,nan,2026-10-01
黒,カビ,名詞,1,0.32,nan,2026-10-01
黒,熟成,名詞,1,0.32,nan,2026-10-01
黒,添える,動詞,1,0.32,nan,2026-10-01
黒,ピューレ,名詞,1,0.32,nan,2026-10-01
黒,口当たり,名詞,1,0.32,nan,2026-10-01
黒,身構える,動詞,1,0.32,nan,2026-10-01
黒,恵む,動詞,1,0.32,nan,2026-10-01
黒,噛み跡,名詞,1,0.32,nan,2026-10-01
黒,くだる,動詞,1,0.32,nan,2026-10-01
黒,毎晩,名詞,1,0.32,-0.38,2026-10-01
黒,期,名詞,1,0.32,-1.21,2026-10-01
黒,幼虫,名詞,1,0.32,nan,2026-10-01
黒,勢い,名詞,1,0.32,-0.65,2026-10-01
黒,適当,名詞,1,0.32,nan,2026-10-01
黒,真似事,名詞,1,0.32,nan,2026-10-01
黒,言い分,名詞,1,0.32,nan,2026-10-01
黒,スターリング,名詞,1,0.32,nan,2026-10-01
黒,妹,名詞,1,0.32,nan,2026-10-01
黒,生体,名詞,1,0.32,-0.01,2026-10-01
黒,ナチオス,名詞,1,0.32,nan,2026-10-01
黒,仕置き,名詞,1,0.32,nan,2026-10-01
黒,蹂躙,名詞,1,0.32,-0.87,2026-10-01
黒,星々,名詞,1,0.32,-1.05,2026-10-01
黒,エディ,名詞,1,0.32,nan,2026-10-01
黒,ブロック,名詞,1,0.32,nan,2026-10-01
黒,ライフ,名詞,1,0.32,nan,2026-10-01
黒,種子,名詞,1,0.32,-0.65,2026-10-01
黒,財団,名詞,1,0.32,nan,2026-10-01
黒,オート,名詞,1,0.32,nan,2026-10-01
黒,捕獲,名詞,1,0.32,-0.65,2026-10-01
黒,新生,名詞,1,0.32,nan,2026-10-01
黒,シンビ,名詞,1,0.32,nan,2026-10-01
黒,伴なう,動詞,1,0.32,nan,2026-10-01
黒,文化,名詞,1,0.32,-0.65,2026-10-01
黒,守護,名詞,1,0.32,-2.14,2026-10-01
黒,立たす,動詞,1,0.32,nan,2026-10-01
黒,捏ちる,動詞,1,0.32,nan,2026-10-01
黒,架空,名詞,1,0.32,nan,2026-10-01
黒,毛皮,名詞,1,0.32,-0.52,2026-10-01
黒,水分,名詞,1,0.32,nan,2026-10-01
黒,働き者,名詞,1,0.32,nan,2026-10-01
黒,敏,名詞,1,0.32,nan,2026-10-01
黒,坊主,名詞,1,0.32,nan,2026-10-01
黒,虜,名詞,1,0.32,-0.01,2026-10-01
黒,えげつない,形容詞,1,0.32,nan,2026-10-01
黒,相当,副詞,1,0.32,nan,2026-10-01
黒,しょう,名詞,1,0.32,-0.01,2026-10-01
黒,ご覧,名詞,1,0.32,nan,2026-10-01
黒,ユニット,名詞,1,0.32,nan,2026-10-01
黒,出力,名詞,1,0.32,-0.01,2026-10-01
黒,起動,名詞,1,0.32,nan,2026-10-01
黒,デスロック,名詞,1,0.32,nan,2026-10-01
黒,キャプテン,名詞,1,0.32,nan,2026-10-01
黒,テロリズム,名詞,1,0.32,nan,2026-10-01
黒,特化,名詞,1,0.32,-0.21,2026-10-01
黒,自認,名詞,1,0.32,nan,2026-10-01
黒,みっともない,形容詞,1,0.32,nan,2026-10-01
黒,サノス,名詞,1,0.32,nan,2026-10-01
黒,一層,副詞,1,0.32,-0.97,2026-10-01
黒,ウェル,名詞,1,0.32,nan,2026-10-01
黒,インフィニティ,名詞,1,0.32,nan,2026-10-01
黒,細胞,名詞,1,0.32,nan,2026-10-01
黒,ワカンダ,名詞,1,0.32,-1.28,2026-10-01
黒,昇る,動詞,1,0.32,-2.04,2026-10-01
黒,階層,名詞,1,0.32,nan,2026-10-01
黒,播く,動詞,1,0.32,nan,2026-10-01
黒,危ない,形容詞,1,0.32,-0.21,2026-10-01
黒,ルーム,名詞,1,0.32,nan,2026-10-01
黒,レッド,名詞,1,0.32,-1.28,2026-10-01
黒,アベンジャーズ,名詞,1,0.32,-0.52,2026-10-01
黒,こっち側,名詞,1,0.32,nan,2026-10-01
黒,万歳,名詞,1,0.32,nan,2026-10-01
黒,台頭,名詞,1,0.32,nan,2026-10-01
黒,切らす,動詞,1,0.32,nan,2026-10-01
黒,歩兵,名詞,1,0.32,-0.01,2026-10-01
黒,辞す,動詞,1,0.32,nan,2026-10-01
黒,捌き,名詞,1,0.32,nan,2026-10-01
黒,困らす,動詞,1,0.32,nan,2026-10-01
黒,解決,名詞,1,0.32,-1.35,2026-10-01
黒,キテオン,名詞,1,0.32,-0.21,2026-10-01
黒,とっく,名詞,1,0.32,nan,2026-10-01
黒,イオラ,名詞,1,0.32,nan,2026-10-01
黒,仕え,名詞,1,0.32,nan,2026-10-01
黒,連続,名詞,1,0.32,nan,2026-10-01
黒,たから,名詞,1,0.32,nan,2026-10-01
黒,変数,名詞,1,0.32,nan,2026-10-01
黒,交ぜる,動詞,1,0.32,nan,2026-10-01
黒,雑言,名詞,1,0.32,nan,2026-10-01
黒,酩酊,名詞,1,0.32,nan,2026-10-01
黒,罵詈,名詞,1,0.32,nan,2026-10-01
黒,織る,動詞,1,0.32,-0.52,2026-10-01
黒,要因,名詞,1,0.32,nan,2026-10-01
黒,超克,名詞,1,0.32,nan,2026-10-01
黒,反転,名詞,1,0.32,nan,2026-10-01
黒,想定,名詞,1,0.32,-0.87,2026-10-01
黒,どおり,名詞,1,0.32,nan,2026-10-01
黒,大典,名詞,1,0.32,nan,2026-10-01
黒,群,名詞,1,0.32,-0.77,2026-10-01
黒,事例,名詞,1,0.32,nan,2026-10-01
黒,セオリクス,名詞,1,0.32,nan,2026-10-01
黒,金剛,名詞,1,0.32,nan,2026-10-01
黒,ダイアモンド,名詞,1,0.32,nan,2026-10-01
黒,硬い,形容詞,1,0.32,-0.87,2026-10-01
黒,メイブル,名詞,1,0.32,nan,2026-10-01
黒,おろす,動詞,1,0.32,nan,2026-10-01
黒,災厄,名詞,1,0.32,-1.41,2026-10-01
黒,向かえる,動詞,1,0.32,nan,2026-10-01
黒,荒事,名詞,1,0.32,nan,2026-10-01
黒,難解,名詞,1,0.32,nan,2026-10-01
黒,プリズマリ,名詞,1,0.32,-0.38,2026-10-01
黒,批評,名詞,1,0.32,nan,2026-10-01
黒,鑑賞,名詞,1,0.32,nan,2026-10-01
黒,食,名詞,1,0.32,-0.01,2026-10-01
黒,エラディア,名詞,1,0.32,nan,2026-10-01
黒,学園,名詞,1,0.32,nan,2026-10-01
黒,至る所,名詞,1,0.32,nan,2026-10-01
黒,似姿,名詞,1,0.32,nan,2026-10-01
黒,離す,動詞,1,0.32,-1.41,2026-10-01
赤,者,名詞,165,53.36,-3.56,2026-10-01
赤,炎,名詞,158,51.1,15.95,2026-10-01
赤,ゴブリン,名詞,130,42.04,14.44,2026-10-01
赤,火,名詞,127,41.07,13.83,2026-10-01
赤,力,名詞,90,29.11,-0.83,2026-10-01
赤,自分,名詞,87,28.14,0.02,2026-10-01
赤,燃える,動詞,86,27.81,11.68,2026-10-01
赤,知る,動詞,80,25.87,-0.57,2026-10-01
赤,手,名詞,79,25.55,0.76,2026-10-01
赤,怒り,名詞,76,24.58,8.89,2026-10-01
赤,思う,動詞,75,24.26,-0.8,2026-10-01
赤,世界,名詞,69,22.32,-1.38,2026-10-01
赤,持つ,動詞,64,20.7,-0.67,2026-10-01
赤,ドラゴン,名詞,62,20.05,9.0,2026-10-01
赤,破壊,名詞,61,19.73,6.73,2026-10-01
赤,血,名詞,61,19.73,2.23,2026-10-01
赤,とる,動詞,59,19.08,1.03,2026-10-01
赤,敵,名詞,56,18.11,1.3,2026-10-01
赤,言う,動詞,55,17.79,-0.27,2026-10-01
赤,目,名詞,54,17.46,-0.66,2026-10-01
赤,奴,名詞,51,16.49,2.22,2026-10-01
赤,今,名詞,51,16.49,-0.39,2026-10-01
赤,死,名詞,50,16.17,-3.1,2026-10-01
赤,嵐,名詞,50,16.17,6.17,2026-10-01
赤,武器,名詞,50,16.17,3.12,2026-10-01
赤,そう,副詞,50,16.17,1.71,2026-10-01
赤,山,名詞,49,15.85,7.67,2026-10-01
赤,作る,動詞,47,15.2,2.64,2026-10-01
赤,前,名詞,46,14.88,-0.67,2026-10-01
赤,神,名詞,45,14.55,-0.85,2026-10-01
赤,立つ,動詞,45,14.55,-1.34,2026-10-01
赤,焼く,動詞,44,14.23,8.08,2026-10-01
赤,取る,動詞,43,13.91,-2.55,2026-10-01
赤,最も,副詞,42,13.58,-0.87,2026-10-01
赤,生きる,動詞,42,13.58,-1.71,2026-10-01
赤,場所,名詞,42,13.58,-0.9,2026-10-01
赤,間,名詞,41,13.26,0.01,2026-10-01
赤,地,名詞,41,13.26,-1.12,2026-10-01
赤,出る,動詞,41,13.26,1.08,2026-10-01
赤,戦う,動詞,41,13.26,0.89,2026-10-01
赤,どう,副詞,40,12.94,0.52,2026-10-01
赤,心,名詞,39,12.61,-1.51,2026-10-01
赤,呼ぶ,動詞,39,12.61,-0.8,2026-10-01
赤,音,名詞,39,12.61,1.21,2026-10-01
赤,死ぬ,動詞,39,12.61,-1.41,2026-10-01
赤,引く,動詞,39,12.61,-0.83,2026-10-01
赤,強い,形容詞,38,12.29,-0.05,2026-10-01
赤,炉,名詞,38,12.29,7.06,2026-10-01
赤,飛ぶ,動詞,38,12.29,1.3,2026-10-01
赤,危険,名詞,37,11.97,1.23,2026-10-01
赤,他,名詞,36,11.64,0.01,2026-10-01
赤,使う,動詞,36,11.64,1.95,2026-10-01
赤,必要,名詞,36,11.64,-2.56,2026-10-01
赤,気,名詞,36,11.64,-0.47,2026-10-01
赤,もう,副詞,35,11.32,-0.25,2026-10-01
赤,追う,動詞,35,11.32,0.36,2026-10-01
赤,道,名詞,35,11.32,-0.71,2026-10-01
赤,巨人,名詞,34,11.0,4.93,2026-10-01
赤,やつ,名詞,34,11.0,3.72,2026-10-01
赤,チャンドラ,名詞,34,11.0,7.39,2026-10-01
赤,方,名詞,34,11.0,0.36,2026-10-01
赤,見える,動詞,34,11.0,1.26,2026-10-01
赤,逃げる,動詞,34,11.0,2.36,2026-10-01
赤,大地,名詞,33,10.67,3.18,2026-10-01
赤,入れる,動詞,33,10.67,-0.06,2026-10-01
赤,物,名詞,33,10.67,-0.44,2026-10-01
赤,戦い,名詞,33,10.67,0.52,2026-10-01
赤,空,名詞,32,10.35,-1.96,2026-10-01
赤,放つ,動詞,32,10.35,3.24,2026-10-01
赤,与える,動詞,32,10.35,-2.17,2026-10-01
赤,見つける,動詞,32,10.35,0.01,2026-10-01
赤,受ける,動詞,31,10.03,-0.75,2026-10-01
赤,体,名詞,31,10.03,1.49,2026-10-01
赤,戦士,名詞,31,10.03,1.4,2026-10-01
赤,求める,動詞,31,10.03,-1.53,2026-10-01
赤,ところ,名詞,31,10.03,0.43,2026-10-01
赤,残る,動詞,30,9.7,-1.68,2026-10-01
赤,魔道,名詞,30,9.7,0.07,2026-10-01
赤,殺す,動詞,30,9.7,1.23,2026-10-01
赤,剣,名詞,30,9.7,-0.05,2026-10-01
赤,わかる,動詞,30,9.7,0.56,2026-10-01
赤,稲妻,名詞,30,9.7,6.65,2026-10-01
赤,悪い,形容詞,30,9.7,2.47,2026-10-01
赤,考える,動詞,29,9.38,0.47,2026-10-01
赤,多く,名詞,29,9.38,-0.25,2026-10-01
赤,一番,名詞,28,9.06,2.88,2026-10-01
赤,落ちる,動詞,28,9.06,1.21,2026-10-01
赤,最初,名詞,28,9.06,1.51,2026-10-01
赤,入る,動詞,28,9.06,0.51,2026-10-01
赤,自身,名詞,28,9.06,-0.1,2026-10-01
赤,立てる,動詞,28,9.06,2.16,2026-10-01
赤,上,名詞,27,8.73,0.3,2026-10-01
赤,燃やす,動詞,27,8.73,6.42,2026-10-01
赤,後,名詞,27,8.73,-2.35,2026-10-01
赤,戦争,名詞,27,8.73,0.47,2026-10-01
赤,失う,動詞,27,8.73,-0.43,2026-10-01
赤,先,名詞,27,8.73,1.69,2026-10-01
赤,最後,名詞,26,8.41,-0.74,2026-10-01
赤,岩,名詞,26,8.41,5.43,2026-10-01
赤,対する,動詞,26,8.41,0.04,2026-10-01
赤,時間,名詞,26,8.41,-1.09,2026-10-01
赤,身,名詞,26,8.41,-0.81,2026-10-01
赤,変える,動詞,26,8.41,2.12,2026-10-01
赤,上がる,動詞,25,8.09,1.2,2026-10-01
赤,生まれる,動詞,25,8.09,-0.14,2026-10-01
赤,太陽,名詞,25,8.09,-0.98,2026-10-01
赤,打つ,動詞,24,7.76,1.56,2026-10-01
赤,起こす,動詞,24,7.76,2.22,2026-10-01
赤,石,名詞,24,7.76,1.17,2026-10-01
赤,刃,名詞,24,7.76,-0.15,2026-10-01
赤,恐怖,名詞,24,7.76,-1.28,2026-10-01
赤,わけ,名詞,24,7.76,-1.0,2026-10-01
赤,頭,名詞,24,7.76,0.2,2026-10-01
赤,一人,名詞,24,7.76,0.42,2026-10-01
赤,つく,動詞,24,7.76,1.33,2026-10-01
赤,年,名詞,24,7.76,0.81,2026-10-01
赤,恐ろしい,形容詞,23,7.44,0.47,2026-10-01
赤,学ぶ,動詞,23,7.44,0.1,2026-10-01
赤,人々,名詞,23,7.44,-0.41,2026-10-01
赤,叩く,動詞,23,7.44,4.85,2026-10-01
赤,日,名詞,23,7.44,-0.61,2026-10-01
赤,相手,名詞,23,7.44,0.87,2026-10-01
赤,魔法,名詞,23,7.44,-1.77,2026-10-01
赤,もたらす,動詞,22,7.12,-0.91,2026-10-01
赤,叫ぶ,動詞,22,7.12,4.18,2026-10-01
赤,永遠,名詞,22,7.12,-1.16,2026-10-01
赤,悪魔,名詞,22,7.12,2.77,2026-10-01
赤,姿,名詞,22,7.12,-1.2,2026-10-01
赤,以上,名詞,22,7.12,0.83,2026-10-01
赤,雷,名詞,22,7.12,5.51,2026-10-01
赤,高い,形容詞,22,7.12,0.09,2026-10-01
赤,熱,名詞,22,7.12,5.42,2026-10-01
赤,獲物,名詞,22,7.12,-0.26,2026-10-01
赤,襲う,動詞,21,6.79,1.41,2026-10-01
赤,火花,名詞,21,6.79,5.5,2026-10-01
赤,向かう,動詞,21,6.79,0.37,2026-10-01
赤,しれる,動詞,21,6.79,0.47,2026-10-01
赤,つもり,名詞,21,6.79,3.87,2026-10-01
赤,恐れる,動詞,21,6.79,-0.53,2026-10-01
赤,壊す,動詞,21,6.79,4.44,2026-10-01
赤,動く,動詞,21,6.79,1.66,2026-10-01
赤,爪,名詞,21,6.79,2.86,2026-10-01
赤,一度,名詞,21,6.79,1.53,2026-10-01
赤,自ら,名詞,21,6.79,-0.49,2026-10-01
赤,吸血,名詞,21,6.79,1.12,2026-10-01
赤,勝利,名詞,20,6.47,0.47,2026-10-01
赤,すぐ,副詞,20,6.47,-0.11,2026-10-01
赤,王,名詞,20,6.47,-1.33,2026-10-01
赤,聞く,動詞,20,6.47,-1.4,2026-10-01
赤,火山,名詞,20,6.47,5.4,2026-10-01
赤,言葉,名詞,20,6.47,-0.64,2026-10-01
赤,ちょっと,副詞,20,6.47,2.87,2026-10-01
赤,待つ,動詞,20,6.47,-1.22,2026-10-01
赤,怒る,動詞,20,6.47,3.56,2026-10-01
赤,従う,動詞,20,6.47,1.57,2026-10-01
赤,憤怒,名詞,20,6.47,5.66,2026-10-01
赤,灰,名詞,20,6.47,4.83,2026-10-01
赤,怪物,名詞,20,6.47,0.32,2026-10-01
赤,かつて,副詞,20,6.47,-2.03,2026-10-01
赤,呪文,名詞,19,6.14,0.06,2026-10-01
赤,長い,形容詞,19,6.14,-1.18,2026-10-01
赤,次,名詞,19,6.14,0.42,2026-10-01
赤,光,名詞,19,6.14,-3.8,2026-10-01
赤,話,名詞,19,6.14,0.53,2026-10-01
赤,望む,動詞,19,6.14,0.26,2026-10-01
赤,攻撃,名詞,19,6.14,1.22,2026-10-01
赤,都市,名詞,19,6.14,0.37,2026-10-01
赤,ラヴニカ,名詞,19,6.14,1.22,2026-10-01
赤,決して,副詞,19,6.14,1.61,2026-10-01
赤,栄光,名詞,19,6.14,1.41,2026-10-01
赤,精神,名詞,19,6.14,-0.91,2026-10-01
赤,理解,名詞,19,6.14,0.37,2026-10-01
赤,群れ,名詞,19,6.14,-1.07,2026-10-01
赤,方法,名詞,19,6.14,1.22,2026-10-01
赤,顔,名詞,19,6.14,0.69,2026-10-01
赤,肉,名詞,19,6.14,0.37,2026-10-01
赤,探す,動詞,19,6.14,-0.95,2026-10-01
赤,まま,名詞,19,6.14,-0.36,2026-10-01
赤,ただ,副詞,19,6.14,0.64,2026-10-01
赤,精霊,名詞,18,5.82,2.49,2026-10-01
赤,投げる,動詞,18,5.82,2.74,2026-10-01
赤,意味,名詞,18,5.82,-0.42,2026-10-01
赤,ナラー,名詞,18,5.82,5.27,2026-10-01
赤,声,名詞,18,5.82,-1.21,2026-10-01
赤,戦場,名詞,18,5.82,0.59,2026-10-01
赤,魂,名詞,18,5.82,-3.67,2026-10-01
赤,もっと,副詞,18,5.82,0.64,2026-10-01
赤,より,副詞,18,5.82,0.82,2026-10-01
赤,餌,名詞,18,5.82,1.87,2026-10-01
赤,生命,名詞,18,5.82,-2.86,2026-10-01
赤,仲間,名詞,18,5.82,-0.86,2026-10-01
赤,残す,動詞,18,5.82,-0.56,2026-10-01
赤,よく,副詞,18,5.82,0.7,2026-10-01
赤,シャーマン,名詞,17,5.5,4.82,2026-10-01
赤,ずっと,副詞,17,5.5,0.48,2026-10-01
赤,常,名詞,17,5.5,-0.76,2026-10-01
赤,紅蓮,名詞,17,5.5,4.81,2026-10-01
赤,竜,名詞,17,5.5,4.17,2026-10-01
赤,大きい,形容詞,17,5.5,-0.84,2026-10-01
赤,魔術,名詞,17,5.5,1.08,2026-10-01
赤,自然,名詞,17,5.5,-3.57,2026-10-01
赤,止める,動詞,17,5.5,-1.55,2026-10-01
赤,守る,動詞,17,5.5,-4.61,2026-10-01
赤,ドワーフ,名詞,17,5.5,4.17,2026-10-01
赤,パーフォロス,名詞,17,5.5,1.85,2026-10-01
赤,新しい,形容詞,17,5.5,0.42,2026-10-01
赤,支配,名詞,17,5.5,0.31,2026-10-01
赤,以外,名詞,17,5.5,2.09,2026-10-01
赤,込める,動詞,17,5.5,1.56,2026-10-01
赤,度,名詞,17,5.5,-0.93,2026-10-01
赤,ミノタウルス,名詞,17,5.5,4.72,2026-10-01
赤,存在,名詞,17,5.5,-3.09,2026-10-01
赤,また,副詞,17,5.5,-1.05,2026-10-01
赤,足,名詞,16,5.17,0.78,2026-10-01
赤,下,名詞,16,5.17,-1.7,2026-10-01
赤,人間,名詞,16,5.17,-2.11,2026-10-01
赤,通り,名詞,16,5.17,0.48,2026-10-01
赤,迎える,動詞,16,5.17,1.61,2026-10-01
赤,訓練,名詞,16,5.17,1.84,2026-10-01
赤,さらに,副詞,16,5.17,1.04,2026-10-01
赤,決める,動詞,16,5.17,1.68,2026-10-01
赤,走る,動詞,16,5.17,1.32,2026-10-01
赤,マルドゥ,名詞,16,5.17,4.27,2026-10-01
赤,始まる,動詞,16,5.17,1.61,2026-10-01
赤,同時,名詞,16,5.17,3.39,2026-10-01
赤,獣,名詞,16,5.17,-0.07,2026-10-01
赤,少し,副詞,16,5.17,0.91,2026-10-01
赤,突く,動詞,16,5.17,1.32,2026-10-01
赤,押す,動詞,16,5.17,1.92,2026-10-01
赤,鉄,名詞,16,5.17,2.79,2026-10-01
赤,終わり,名詞,16,5.17,0.78,2026-10-01
赤,戦,名詞,16,5.17,1.04,2026-10-01
赤,安全,名詞,16,5.17,-0.61,2026-10-01
赤,ほとんど,名詞,16,5.17,-0.17,2026-10-01
赤,うち,名詞,16,5.17,1.11,2026-10-01
赤,襲撃,名詞,16,5.17,3.29,2026-10-01
赤,鍛える,動詞,16,5.17,1.76,2026-10-01
赤,全員,名詞,16,5.17,1.76,2026-10-01
赤,情熱,名詞,15,4.85,4.86,2026-10-01
赤,瞬間,名詞,15,4.85,0.67,2026-10-01
赤,両方,名詞,15,4.85,2.83,2026-10-01
赤,命令,名詞,15,4.85,3.35,2026-10-01
赤,深い,形容詞,15,4.85,-1.92,2026-10-01
赤,食べる,動詞,15,4.85,0.36,2026-10-01
赤,ミラディン,名詞,15,4.85,1.59,2026-10-01
赤,溶岩,名詞,15,4.85,4.82,2026-10-01
赤,狙い,名詞,15,4.85,3.35,2026-10-01
赤,うまい,形容詞,15,4.85,2.83,2026-10-01
赤,人,名詞,15,4.85,-1.4,2026-10-01
赤,現れる,動詞,15,4.85,-0.49,2026-10-01
赤,激しい,形容詞,15,4.85,3.69,2026-10-01
赤,覚える,動詞,15,4.85,0.19,2026-10-01
赤,ぶつ,動詞,15,4.85,4.5,2026-10-01
赤,共,名詞,15,4.85,-1.56,2026-10-01
赤,張る,動詞,15,4.85,-0.73,2026-10-01
赤,巣穴,名詞,15,4.85,4.5,2026-10-01
赤,仕事,名詞,15,4.85,-0.73,2026-10-01
赤,満ちる,動詞,14,4.53,0.24,2026-10-01
赤,シヴ,名詞,14,4.53,3.99,2026-10-01
赤,子,名詞,14,4.53,-0.1,2026-10-01
赤,オーガ,名詞,14,4.53,3.99,2026-10-01
赤,もん,名詞,14,4.53,2.08,2026-10-01
赤,奪う,動詞,14,4.53,-0.62,2026-10-01
赤,焼ける,動詞,14,4.53,4.67,2026-10-01
赤,発明,名詞,14,4.53,2.36,2026-10-01
赤,食う,動詞,14,4.53,-0.32,2026-10-01
赤,騎士,名詞,14,4.53,-0.9,2026-10-01
赤,拳,名詞,14,4.53,3.91,2026-10-01
赤,返す,動詞,14,4.53,-0.26,2026-10-01
赤,別,名詞,14,4.53,-0.16,2026-10-01
赤,軍,名詞,14,4.53,1.03,2026-10-01
赤,形,名詞,14,4.53,0.24,2026-10-01
赤,自由,名詞,14,4.53,-0.1,2026-10-01
赤,復讐,名詞,14,4.53,0.55,2026-10-01
赤,解く,動詞,14,4.53,0.55,2026-10-01
赤,開く,動詞,14,4.53,-0.21,2026-10-01
赤,戻る,動詞,14,4.53,-1.41,2026-10-01
赤,本当,名詞,14,4.53,0.36,2026-10-01
赤,分,名詞,14,4.53,1.4,2026-10-01
赤,突撃,名詞,14,4.53,3.79,2026-10-01
赤,国,名詞,14,4.53,0.12,2026-10-01
赤,盛る,動詞,14,4.53,4.15,2026-10-01
赤,槍,名詞,14,4.53,1.25,2026-10-01
赤,研究,名詞,14,4.53,0.01,2026-10-01
赤,踊る,動詞,14,4.53,3.79,2026-10-01
赤,機械,名詞,14,4.53,0.12,2026-10-01
赤,最高,名詞,14,4.53,-0.76,2026-10-01
赤,矢,名詞,14,4.53,0.68,2026-10-01
赤,変わる,動詞,14,4.53,-1.86,2026-10-01
赤,倒す,動詞,14,4.53,-0.52,2026-10-01
赤,おく,動詞,14,4.53,0.82,2026-10-01
赤,アタルカ,名詞,14,4.53,4.49,2026-10-01
赤,龍,名詞,14,4.53,0.07,2026-10-01
赤,狼,名詞,14,4.53,1.4,2026-10-01
赤,創造,名詞,14,4.53,2.56,2026-10-01
赤,こう,副詞,13,4.2,1.72,2026-10-01
赤,古代,名詞,13,4.2,0.91,2026-10-01
赤,術,名詞,13,4.2,-0.44,2026-10-01
赤,歩く,動詞,13,4.2,-0.44,2026-10-01
赤,命,名詞,13,4.2,-3.88,2026-10-01
赤,なぜ,副詞,13,4.2,0.36,2026-10-01
赤,軍団,名詞,13,4.2,1.38,2026-10-01
赤,吹く,動詞,13,4.2,0.43,2026-10-01
赤,数,名詞,13,4.2,-0.39,2026-10-01
赤,全て,名詞,13,4.2,-0.75,2026-10-01
赤,感ずる,動詞,13,4.2,-0.23,2026-10-01
赤,術士,名詞,13,4.2,3.28,2026-10-01
赤,絶対,名詞,13,4.2,2.39,2026-10-01
赤,通る,動詞,13,4.2,0.7,2026-10-01
赤,金属,名詞,13,4.2,1.54,2026-10-01
赤,全部,名詞,13,4.2,1.3,2026-10-01
赤,役,名詞,13,4.2,0.56,2026-10-01
赤,砕く,動詞,13,4.2,2.93,2026-10-01
赤,生,名詞,13,4.2,0.12,2026-10-01
赤,事,名詞,13,4.2,-0.39,2026-10-01
赤,とにかく,副詞,13,4.2,4.26,2026-10-01
赤,理由,名詞,13,4.2,0.56,2026-10-01
赤,ケルド,名詞,13,4.2,4.53,2026-10-01
赤,息,名詞,13,4.2,-1.16,2026-10-01
赤,兵士,名詞,13,4.2,-0.23,2026-10-01
赤,狩り,名詞,13,4.2,-0.5,2026-10-01
赤,勇気,名詞,13,4.2,0.84,2026-10-01
赤,素晴らしい,形容詞,13,4.2,0.91,2026-10-01
赤,意志,名詞,13,4.2,-0.06,2026-10-01
赤,多い,形容詞,13,4.2,0.12,2026-10-01
赤,気づく,動詞,13,4.2,1.54,2026-10-01
赤,熱い,形容詞,13,4.2,4.46,2026-10-01
赤,完璧,名詞,13,4.2,0.12,2026-10-01
赤,注意,名詞,13,4.2,1.06,2026-10-01
赤,名,名詞,13,4.2,-0.79,2026-10-01
赤,夜,名詞,13,4.2,-2.05,2026-10-01
赤,脅威,名詞,13,4.2,1.54,2026-10-01
赤,とも,名詞,13,4.2,-0.44,2026-10-01
赤,送る,動詞,13,4.2,0.77,2026-10-01
赤,突然,副詞,13,4.2,2.09,2026-10-01
赤,ラクドス,名詞,13,4.2,3.4,2026-10-01
赤,燃料,名詞,13,4.2,4.26,2026-10-01
赤,月,名詞,13,4.2,-0.44,2026-10-01
赤,昔,名詞,13,4.2,0.36,2026-10-01
赤,ウラブラスク,名詞,13,4.2,4.53,2026-10-01
赤,選ぶ,動詞,13,4.2,-0.79,2026-10-01
赤,心臓,名詞,12,3.88,1.52,2026-10-01
赤,煙,名詞,12,3.88,2.1,2026-10-01
赤,主,名詞,12,3.88,0.57,2026-10-01
赤,森,名詞,12,3.88,-4.97,2026-10-01
赤,爆発,名詞,12,3.88,3.77,2026-10-01
赤,内,名詞,12,3.88,2.2,2026-10-01
赤,分かる,動詞,12,3.88,-0.78,2026-10-01
赤,戦術,名詞,12,3.88,3.25,2026-10-01
赤,正確,名詞,12,3.88,2.64,2026-10-01
赤,合わせる,動詞,12,3.88,0.23,2026-10-01
赤,面,名詞,12,3.88,2.2,2026-10-01
赤,戦闘,名詞,12,3.88,0.72,2026-10-01
赤,自体,名詞,12,3.88,2.64,2026-10-01
赤,伝説,名詞,12,3.88,3.0,2026-10-01
赤,真,名詞,12,3.88,-1.58,2026-10-01
赤,戻す,動詞,12,3.88,-0.98,2026-10-01
赤,故郷,名詞,12,3.88,0.04,2026-10-01
赤,狙う,動詞,12,3.88,2.0,2026-10-01
赤,捕まえる,動詞,12,3.88,3.12,2026-10-01
赤,消える,動詞,12,3.88,-2.1,2026-10-01
赤,払う,動詞,12,3.88,-0.53,2026-10-01
赤,失敗,名詞,12,3.88,-0.08,2026-10-01
赤,グルール,名詞,12,3.88,3.51,2026-10-01
赤,村,名詞,12,3.88,0.72,2026-10-01
赤,耳,名詞,12,3.88,-1.29,2026-10-01
赤,婆,名詞,12,3.88,4.14,2026-10-01
赤,試練,名詞,12,3.88,0.79,2026-10-01
赤,残り,名詞,12,3.88,2.53,2026-10-01
赤,侵略,名詞,12,3.88,1.44,2026-10-01
赤,なし,名詞,12,3.88,0.79,2026-10-01
赤,寄せる,動詞,12,3.88,-0.25,2026-10-01
赤,問題,名詞,12,3.88,0.11,2026-10-01
赤,槌,名詞,11,3.56,4.11,2026-10-01
赤,臭い,名詞,11,3.56,2.58,2026-10-01
赤,ほう,名詞,11,3.56,0.58,2026-10-01
赤,雲,名詞,11,3.56,-0.72,2026-10-01
赤,狂う,動詞,11,3.56,1.06,2026-10-01
赤,水,名詞,11,3.56,-0.92,2026-10-01
赤,流れる,動詞,11,3.56,-0.5,2026-10-01
赤,噴火,名詞,11,3.56,4.2,2026-10-01
赤,砂漠,名詞,11,3.56,2.12,2026-10-01
赤,あと,名詞,11,3.56,-0.28,2026-10-01
赤,まだ,副詞,11,3.56,-1.94,2026-10-01
赤,起こる,動詞,11,3.56,-0.09,2026-10-01
赤,サルカン,名詞,11,3.56,3.09,2026-10-01
赤,みんな,名詞,11,3.56,1.06,2026-10-01
赤,恐竜,名詞,11,3.56,2.23,2026-10-01
赤,土地,名詞,11,3.56,0.3,2026-10-01
赤,エネルギー,名詞,11,3.56,1.51,2026-10-01
赤,勝つ,動詞,11,3.56,-0.22,2026-10-01
赤,地下,名詞,11,3.56,2.23,2026-10-01
赤,苦痛,名詞,11,3.56,0.23,2026-10-01
赤,触れる,動詞,11,3.56,-0.28,2026-10-01
赤,撃つ,動詞,11,3.56,3.09,2026-10-01
赤,買う,動詞,11,3.56,2.96,2026-10-01
赤,離れる,動詞,11,3.56,-0.39,2026-10-01
赤,物語,名詞,11,3.56,0.44,2026-10-01
赤,もつ,動詞,11,3.56,0.58,2026-10-01
赤,焦げる,動詞,11,3.56,1.49,2026-10-01
赤,捨てる,動詞,11,3.56,-1.43,2026-10-01
赤,牙,名詞,11,3.56,1.15,2026-10-01
赤,振る,動詞,11,3.56,0.81,2026-10-01
赤,駆る,動詞,11,3.56,3.36,2026-10-01
赤,開ける,動詞,11,3.56,2.01,2026-10-01
赤,肉体,名詞,11,3.56,-1.55,2026-10-01
赤,骨,名詞,11,3.56,-2.43,2026-10-01
赤,好む,動詞,11,3.56,1.51,2026-10-01
赤,信ずる,動詞,11,3.56,-1.02,2026-10-01
赤,利用,名詞,11,3.56,1.51,2026-10-01
赤,目覚める,動詞,11,3.56,-0.72,2026-10-01
赤,互い,名詞,11,3.56,0.37,2026-10-01
赤,乗る,動詞,11,3.56,-0.77,2026-10-01
赤,まったく,副詞,11,3.56,1.15,2026-10-01
赤,盗む,動詞,11,3.56,0.98,2026-10-01
赤,皆,名詞,11,3.56,-0.92,2026-10-01
赤,民,名詞,11,3.56,-0.09,2026-10-01
赤,元,名詞,11,3.56,0.81,2026-10-01
赤,船,名詞,11,3.56,0.1,2026-10-01
赤,記憶,名詞,10,3.23,-1.89,2026-10-01
赤,風,名詞,10,3.23,-2.93,2026-10-01
赤,一瞬,名詞,10,3.23,0.52,2026-10-01
赤,吐く,動詞,10,3.23,2.15,2026-10-01
赤,聞こえる,動詞,10,3.23,-1.3,2026-10-01
赤,応える,動詞,10,3.23,0.93,2026-10-01
赤,痛い,形容詞,10,3.23,0.09,2026-10-01
赤,兵,名詞,10,3.23,-0.24,2026-10-01
赤,今日,名詞,10,3.23,-0.36,2026-10-01
赤,腹,名詞,10,3.23,0.85,2026-10-01
赤,会う,動詞,10,3.23,1.39,2026-10-01
赤,任せる,動詞,10,3.23,2.27,2026-10-01
赤,すでに,副詞,10,3.23,1.7,2026-10-01
赤,ただ,名詞,10,3.23,0.85,2026-10-01
赤,貫く,動詞,10,3.23,2.03,2026-10-01
赤,術師,名詞,10,3.23,0.3,2026-10-01
赤,違う,動詞,10,3.23,0.45,2026-10-01
赤,選択,名詞,10,3.23,0.6,2026-10-01
赤,操る,動詞,10,3.23,1.29,2026-10-01
赤,美しい,形容詞,10,3.23,-1.07,2026-10-01
赤,教える,動詞,10,3.23,-2.11,2026-10-01
赤,誇り,名詞,10,3.23,1.29,2026-10-01
赤,時代,名詞,10,3.23,-0.86,2026-10-01
赤,盾,名詞,10,3.23,-0.3,2026-10-01
赤,口,名詞,10,3.23,-1.69,2026-10-01
赤,木,名詞,10,3.23,-1.11,2026-10-01
赤,一撃,名詞,10,3.23,1.81,2026-10-01
赤,ショク,名詞,10,3.23,1.42,2026-10-01
赤,素早い,形容詞,10,3.23,-0.65,2026-10-01
赤,難しい,形容詞,10,3.23,1.39,2026-10-01
赤,みな,名詞,10,3.23,1.49,2026-10-01
赤,二人,名詞,10,3.23,1.2,2026-10-01
赤,金,名詞,10,3.23,0.76,2026-10-01
赤,数多く,副詞,10,3.23,2.92,2026-10-01
赤,成す,動詞,10,3.23,-0.3,2026-10-01
赤,はず,名詞,10,3.23,-1.35,2026-10-01
赤,スリヴァー,名詞,10,3.23,1.2,2026-10-01
赤,響く,動詞,10,3.23,-0.42,2026-10-01
赤,闇,名詞,10,3.23,-3.8,2026-10-01
赤,容赦,名詞,10,3.23,2.03,2026-10-01
赤,速い,形容詞,10,3.23,1.59,2026-10-01
赤,示す,動詞,10,3.23,-0.71,2026-10-01
赤,倍,名詞,10,3.23,2.65,2026-10-01
赤,広がる,動詞,10,3.23,-0.05,2026-10-01
赤,閉じる,動詞,10,3.23,0.23,2026-10-01
赤,外,名詞,10,3.23,1.39,2026-10-01
赤,忠誠,名詞,10,3.23,0.02,2026-10-01
赤,海,名詞,10,3.23,-2.7,2026-10-01
赤,満たす,動詞,10,3.23,-0.3,2026-10-01
赤,少ない,形容詞,10,3.23,-1.3,2026-10-01
赤,食事,名詞,10,3.23,2.52,2026-10-01
赤,過去,名詞,10,3.23,-1.07,2026-10-01
赤,用いる,動詞,10,3.23,2.03,2026-10-01
赤,エルフ,名詞,10,3.23,-3.62,2026-10-01
赤,最大,名詞,10,3.23,-0.36,2026-10-01
赤,黄金,名詞,10,3.23,0.15,2026-10-01
赤,略奪,名詞,10,3.23,1.92,2026-10-01
赤,楽しい,形容詞,10,3.23,0.76,2026-10-01
赤,平和,名詞,10,3.23,-0.81,2026-10-01
赤,狂気,名詞,10,3.23,1.2,2026-10-01
赤,ハゾレト,名詞,10,3.23,1.42,2026-10-01
赤,神々,名詞,10,3.23,-1.16,2026-10-01
赤,場,名詞,10,3.23,0.85,2026-10-01
赤,輝く,動詞,9,2.91,-0.69,2026-10-01
赤,遊ぶ,動詞,9,2.91,3.48,2026-10-01
赤,まるで,副詞,9,2.91,-0.75,2026-10-01
赤,再び,副詞,9,2.91,-1.87,2026-10-01
赤,隠れる,動詞,9,2.91,-0.69,2026-10-01
赤,丘,名詞,9,2.91,3.19,2026-10-01
赤,技術,名詞,9,2.91,0.3,2026-10-01
赤,住む,動詞,9,2.91,-0.58,2026-10-01
赤,犠牲,名詞,9,2.91,-1.87,2026-10-01
赤,かぎり,名詞,9,2.91,1.27,2026-10-01
赤,向ける,動詞,9,2.91,-0.86,2026-10-01
赤,身体,名詞,9,2.91,-0.86,2026-10-01
赤,飲む,動詞,9,2.91,-1.36,2026-10-01
赤,挑む,動詞,9,2.91,2.06,2026-10-01
赤,普通,名詞,9,2.91,1.7,2026-10-01
赤,連中,名詞,9,2.91,0.37,2026-10-01
赤,あまり,副詞,9,2.91,1.82,2026-10-01
赤,レッド,名詞,9,2.91,3.34,2026-10-01
赤,ゼンディカー,名詞,9,2.91,-1.22,2026-10-01
赤,近づく,動詞,9,2.91,-0.27,2026-10-01
赤,壁,名詞,9,2.91,-0.75,2026-10-01
赤,賢い,形容詞,9,2.91,1.27,2026-10-01
赤,越える,動詞,9,2.91,-0.8,2026-10-01
赤,割る,動詞,9,2.91,2.89,2026-10-01
赤,尽きる,動詞,9,2.91,1.94,2026-10-01
赤,鋼,名詞,9,2.91,-0.52,2026-10-01
赤,会,名詞,9,2.91,-1.02,2026-10-01
赤,必ず,副詞,9,2.91,-0.46,2026-10-01
赤,死体,名詞,9,2.91,-1.95,2026-10-01
赤,掘る,動詞,9,2.91,1.17,2026-10-01
赤,災厄,名詞,9,2.91,3.04,2026-10-01
赤,昇る,動詞,9,2.91,1.27,2026-10-01
赤,明るい,形容詞,9,2.91,3.04,2026-10-01
赤,祝福,名詞,9,2.91,-1.83,2026-10-01
赤,宝物,名詞,9,2.91,1.07,2026-10-01
赤,アクロス,名詞,9,2.91,2.74,2026-10-01
赤,登る,動詞,9,2.91,2.19,2026-10-01
赤,つれる,動詞,9,2.91,1.07,2026-10-01
赤,裂け目,名詞,9,2.91,1.94,2026-10-01
赤,ジャンド,名詞,9,2.91,3.19,2026-10-01
赤,ギルド,名詞,9,2.91,0.07,2026-10-01
赤,刻む,動詞,9,2.91,0.07,2026-10-01
赤,崖,名詞,9,2.91,3.62,2026-10-01
赤,腕,名詞,9,2.91,-0.52,2026-10-01
赤,突進,名詞,9,2.91,3.48,2026-10-01
赤,まず,副詞,9,2.91,-0.27,2026-10-01
赤,集める,動詞,9,2.91,-0.46,2026-10-01
赤,想像,名詞,9,2.91,0.54,2026-10-01
赤,翼,名詞,9,2.91,-2.06,2026-10-01
赤,修練,名詞,9,2.91,0.62,2026-10-01
赤,ボーラス,名詞,9,2.91,0.37,2026-10-01
赤,場合,名詞,9,2.91,0.07,2026-10-01
赤,エルドラージ,名詞,9,2.91,-1.22,2026-10-01
赤,全体,名詞,9,2.91,1.59,2026-10-01
赤,コス,名詞,9,2.91,3.76,2026-10-01
赤,早い,形容詞,9,2.91,0.37,2026-10-01
赤,状態,名詞,9,2.91,1.07,2026-10-01
赤,次第,名詞,9,2.91,1.37,2026-10-01
赤,一緒,名詞,9,2.91,0.62,2026-10-01
赤,優れる,動詞,9,2.91,1.82,2026-10-01
赤,たとえ,副詞,9,2.91,0.7,2026-10-01
赤,歴史,名詞,8,2.59,-0.36,2026-10-01
赤,雨,名詞,8,2.59,1.24,2026-10-01
赤,穴,名詞,8,2.59,1.36,2026-10-01
赤,近く,名詞,8,2.59,-0.3,2026-10-01
赤,慈悲,名詞,8,2.59,0.47,2026-10-01
赤,生き物,名詞,8,2.59,-2.16,2026-10-01
赤,芸術,名詞,8,2.59,2.11,2026-10-01
赤,射手,名詞,8,2.59,1.97,2026-10-01
赤,明日,名詞,8,2.59,0.83,2026-10-01
赤,争い,名詞,8,2.59,1.36,2026-10-01
赤,傷,名詞,8,2.59,-0.43,2026-10-01
赤,交渉,名詞,8,2.59,2.7,2026-10-01
赤,雷鳴,名詞,8,2.59,3.33,2026-10-01
赤,決闘,名詞,8,2.59,2.55,2026-10-01
赤,期待,名詞,8,2.59,1.84,2026-10-01
赤,罠,名詞,8,2.59,-0.3,2026-10-01
赤,主人,名詞,8,2.59,1.71,2026-10-01
赤,赤い,形容詞,8,2.59,2.55,2026-10-01
赤,誓う,動詞,8,2.59,0.74,2026-10-01
赤,家族,名詞,8,2.59,-0.43,2026-10-01
赤,歌う,動詞,8,2.59,-0.49,2026-10-01
赤,歌,名詞,8,2.59,-0.96,2026-10-01
赤,道具,名詞,8,2.59,0.55,2026-10-01
赤,探検,名詞,8,2.59,-0.85,2026-10-01
赤,叫び声,名詞,8,2.59,1.03,2026-10-01
赤,アクーム,名詞,8,2.59,3.47,2026-10-01
赤,準備,名詞,8,2.59,0.06,2026-10-01
赤,野郎,名詞,8,2.59,2.11,2026-10-01
赤,殴る,動詞,8,2.59,2.86,2026-10-01
赤,宝,名詞,8,2.59,0.55,2026-10-01
赤,台無し,名詞,8,2.59,3.33,2026-10-01
赤,点,名詞,8,2.59,0.38,2026-10-01
赤,実験,名詞,8,2.59,-0.09,2026-10-01
赤,グレムリン,名詞,8,2.59,3.33,2026-10-01
赤,たぎる,動詞,8,2.59,3.57,2026-10-01
赤,運命,名詞,8,2.59,-2.34,2026-10-01
赤,破滅,名詞,8,2.59,0.64,2026-10-01
赤,見つかる,動詞,8,2.59,-0.16,2026-10-01
赤,ひどい,形容詞,8,2.59,1.59,2026-10-01
赤,味方,名詞,8,2.59,1.14,2026-10-01
赤,破る,動詞,8,2.59,-0.43,2026-10-01
赤,旅,名詞,8,2.59,-1.42,2026-10-01
赤,鋭い,形容詞,8,2.59,-0.68,2026-10-01
赤,踏む,動詞,8,2.59,-2.05,2026-10-01
赤,やっと,副詞,8,2.59,3.33,2026-10-01
赤,しばしば,副詞,8,2.59,1.47,2026-10-01
赤,延びる,動詞,8,2.59,-0.8,2026-10-01
赤,現実,名詞,8,2.59,-1.42,2026-10-01
赤,侵入,名詞,8,2.59,-0.96,2026-10-01
赤,英雄,名詞,8,2.59,-1.56,2026-10-01
赤,希望,名詞,8,2.59,-2.54,2026-10-01
赤,鬼,名詞,8,2.59,1.71,2026-10-01
赤,着く,動詞,8,2.59,-0.74,2026-10-01
赤,縄張り,名詞,8,2.59,0.22,2026-10-01
赤,未来,名詞,8,2.59,-2.44,2026-10-01
赤,巣,名詞,8,2.59,-0.96,2026-10-01
赤,一方,名詞,8,2.59,1.24,2026-10-01
赤,いつも,名詞,8,2.59,-0.74,2026-10-01
赤,逃れる,動詞,8,2.59,-0.23,2026-10-01
赤,結果,名詞,8,2.59,-0.16,2026-10-01
赤,街路,名詞,8,2.59,2.55,2026-10-01
赤,思考,名詞,8,2.59,-1.37,2026-10-01
赤,うろつく,動詞,8,2.59,1.97,2026-10-01
赤,分ける,動詞,8,2.59,-0.49,2026-10-01
赤,背,名詞,8,2.59,2.55,2026-10-01
赤,安定,名詞,8,2.59,2.11,2026-10-01
赤,遺物,名詞,8,2.59,1.97,2026-10-01
赤,警告,名詞,8,2.59,0.47,2026-10-01
赤,門,名詞,8,2.59,0.38,2026-10-01
赤,生徒,名詞,8,2.59,-0.36,2026-10-01
赤,護衛,名詞,8,2.59,1.47,2026-10-01
赤,虫,名詞,8,2.59,0.64,2026-10-01
赤,行動,名詞,8,2.59,0.3,2026-10-01
赤,言える,動詞,8,2.59,0.74,2026-10-01
赤,首,名詞,8,2.59,1.03,2026-10-01
赤,帝国,名詞,8,2.59,-0.3,2026-10-01
赤,連れる,動詞,8,2.59,-0.43,2026-10-01
赤,扉,名詞,8,2.59,0.22,2026-10-01
赤,鳴らす,動詞,8,2.59,1.47,2026-10-01
赤,宇宙,名詞,8,2.59,-0.74,2026-10-01
赤,迫る,動詞,8,2.59,-0.09,2026-10-01
赤,価値,名詞,8,2.59,-0.96,2026-10-01
赤,咆哮,名詞,8,2.59,1.36,2026-10-01
赤,海賊,名詞,8,2.59,0.93,2026-10-01
赤,正しい,形容詞,8,2.59,0.06,2026-10-01
赤,タルキール,名詞,8,2.59,1.71,2026-10-01
赤,約束,名詞,8,2.59,0.93,2026-10-01
赤,角,名詞,8,2.59,0.83,2026-10-01
赤,鳴る,動詞,8,2.59,0.83,2026-10-01
赤,捧げる,動詞,7,2.26,-0.47,2026-10-01
赤,唯一,名詞,7,2.26,-0.03,2026-10-01
赤,降る,動詞,7,2.26,0.99,2026-10-01
赤,飢える,動詞,7,2.26,0.3,2026-10-01
赤,遠く,名詞,7,2.26,1.11,2026-10-01
赤,ついに,副詞,7,2.26,-0.19,2026-10-01
赤,恐る,動詞,7,2.26,1.6,2026-10-01
赤,結ぶ,動詞,7,2.26,0.3,2026-10-01
赤,備える,動詞,7,2.26,-0.26,2026-10-01
赤,ドミナリア,名詞,7,2.26,0.05,2026-10-01
赤,暴れる,動詞,7,2.26,2.18,2026-10-01
赤,解放,名詞,7,2.26,0.05,2026-10-01
赤,イフリート,名詞,7,2.26,3.17,2026-10-01
赤,なか,名詞,7,2.26,1.22,2026-10-01
赤,馬,名詞,7,2.26,0.39,2026-10-01
赤,今度,名詞,7,2.26,0.21,2026-10-01
赤,群衆,名詞,7,2.26,3.02,2026-10-01
赤,所有,名詞,7,2.26,2.51,2026-10-01
赤,定める,動詞,7,2.26,2.18,2026-10-01
赤,達人,名詞,7,2.26,0.88,2026-10-01
赤,導く,動詞,7,2.26,-1.76,2026-10-01
赤,古い,形容詞,7,2.26,-0.67,2026-10-01
赤,歯,名詞,7,2.26,-0.47,2026-10-01
赤,数える,動詞,7,2.26,0.78,2026-10-01
赤,ヴィーアシーノ,名詞,7,2.26,3.17,2026-10-01
赤,消す,動詞,7,2.26,-1.62,2026-10-01
赤,クリーチャー,名詞,7,2.26,1.6,2026-10-01
赤,参加,名詞,7,2.26,1.74,2026-10-01
赤,法,名詞,7,2.26,-1.49,2026-10-01
赤,審問,名詞,7,2.26,2.51,2026-10-01
赤,定命,名詞,7,2.26,-1.44,2026-10-01
赤,尾,名詞,7,2.26,2.34,2026-10-01
赤,始まり,名詞,7,2.26,0.3,2026-10-01
赤,溶ける,動詞,7,2.26,0.99,2026-10-01
赤,街,名詞,7,2.26,-1.08,2026-10-01
赤,生存,名詞,7,2.26,0.58,2026-10-01
赤,側,名詞,7,2.26,0.99,2026-10-01
赤,地上,名詞,7,2.26,0.13,2026-10-01
赤,気付く,動詞,7,2.26,0.39,2026-10-01
赤,語る,動詞,7,2.26,-1.24,2026-10-01
赤,地面,名詞,7,2.26,-0.67,2026-10-01
赤,傷つける,動詞,7,2.26,2.34,2026-10-01
赤,以前,名詞,7,2.26,0.58,2026-10-01
赤,次元,名詞,7,2.26,-1.92,2026-10-01
赤,皮膚,名詞,7,2.26,2.18,2026-10-01
赤,違い,名詞,7,2.26,0.78,2026-10-01
赤,秘密,名詞,7,2.26,-3.38,2026-10-01
赤,砦,名詞,7,2.26,0.48,2026-10-01
赤,星,名詞,7,2.26,-1.29,2026-10-01
赤,地図,名詞,7,2.26,0.88,2026-10-01
赤,小さい,形容詞,7,2.26,-0.19,2026-10-01
赤,隠す,動詞,7,2.26,-1.92,2026-10-01
赤,奥深い,形容詞,7,2.26,1.34,2026-10-01
赤,峨,名詞,7,2.26,2.68,2026-10-01
赤,氷,名詞,7,2.26,0.05,2026-10-01
赤,鎧,名詞,7,2.26,-1.19,2026-10-01
赤,巻く,動詞,7,2.26,-0.47,2026-10-01
赤,蹴る,動詞,7,2.26,2.51,2026-10-01
赤,恨み,名詞,7,2.26,2.34,2026-10-01
赤,間違い,名詞,7,2.26,-0.73,2026-10-01
赤,足りる,動詞,7,2.26,0.21,2026-10-01
赤,容易い,形容詞,7,2.26,1.6,2026-10-01
赤,包む,動詞,7,2.26,0.48,2026-10-01
赤,色,名詞,7,2.26,-0.6,2026-10-01
赤,落とす,動詞,7,2.26,-1.8,2026-10-01
赤,悲鳴,名詞,7,2.26,0.68,2026-10-01
赤,周り,名詞,7,2.26,0.21,2026-10-01
赤,後悔,名詞,7,2.26,0.48,2026-10-01
赤,心配,名詞,7,2.26,-0.4,2026-10-01
赤,将軍,名詞,7,2.26,1.6,2026-10-01
赤,無謀,名詞,7,2.26,3.02,2026-10-01
赤,状況,名詞,7,2.26,1.88,2026-10-01
赤,たび,名詞,7,2.26,-0.33,2026-10-01
赤,能力,名詞,7,2.26,-0.19,2026-10-01
赤,ヘリオン,名詞,7,2.26,1.19,2026-10-01
赤,耐える,動詞,7,2.26,-0.97,2026-10-01
赤,認める,動詞,7,2.26,0.48,2026-10-01
赤,進む,動詞,7,2.26,-2.16,2026-10-01
赤,弱い,形容詞,7,2.26,-0.4,2026-10-01
赤,いっぱい,名詞,7,2.26,2.34,2026-10-01
赤,サテュロス,名詞,7,2.26,3.17,2026-10-01
赤,船長,名詞,7,2.26,0.68,2026-10-01
赤,ナヒリ,名詞,7,2.26,2.68,2026-10-01
赤,連合,名詞,7,2.26,1.47,2026-10-01
赤,一部,名詞,7,2.26,-1.8,2026-10-01
赤,棘,名詞,7,2.26,0.48,2026-10-01
赤,きっと,副詞,7,2.26,1.47,2026-10-01
赤,アバター,名詞,7,2.26,2.03,2026-10-01
赤,子供,名詞,6,1.94,-0.59,2026-10-01
赤,ヤヤ,名詞,6,1.94,2.99,2026-10-01
赤,轟音,名詞,6,1.94,2.48,2026-10-01
赤,驚く,動詞,6,1.94,-0.45,2026-10-01
赤,荒れる,動詞,6,1.94,0.72,2026-10-01
赤,住まう,動詞,6,1.94,0.83,2026-10-01
赤,計画,名詞,6,1.94,-0.79,2026-10-01
赤,魔力,名詞,6,1.94,0.95,2026-10-01
赤,馬鹿,名詞,6,1.94,0.95,2026-10-01
赤,予測,名詞,6,1.94,0.83,2026-10-01
赤,最近,名詞,6,1.94,2.3,2026-10-01
赤,噴く,動詞,6,1.94,3.1,2026-10-01
赤,生む,動詞,6,1.94,-2.04,2026-10-01
赤,荒々しい,形容詞,6,1.94,1.79,2026-10-01
赤,狩人,名詞,6,1.94,-1.61,2026-10-01
赤,恐れ,名詞,6,1.94,-0.14,2026-10-01
赤,キャップ,名詞,6,1.94,2.66,2026-10-01
赤,邪魔,名詞,6,1.94,-0.3,2026-10-01
赤,はっきり,副詞,6,1.94,1.21,2026-10-01
赤,とても,副詞,6,1.94,0.61,2026-10-01
赤,黒い,形容詞,6,1.94,1.48,2026-10-01
赤,覆う,動詞,6,1.94,-1.26,2026-10-01
赤,頂点,名詞,6,1.94,1.21,2026-10-01
赤,眺める,動詞,6,1.94,1.21,2026-10-01
赤,表す,動詞,6,1.94,2.12,2026-10-01
赤,すごい,形容詞,6,1.94,2.12,2026-10-01
赤,効果,名詞,6,1.94,-0.05,2026-10-01
赤,自信,名詞,6,1.94,1.95,2026-10-01
赤,合図,名詞,6,1.94,2.12,2026-10-01
赤,限る,動詞,6,1.94,-0.52,2026-10-01
赤,吠える,動詞,6,1.94,1.63,2026-10-01
赤,硬い,形容詞,6,1.94,2.66,2026-10-01
赤,土,名詞,6,1.94,-0.37,2026-10-01
赤,雪崩,名詞,6,1.94,3.1,2026-10-01
赤,鈍い,形容詞,6,1.94,2.48,2026-10-01
赤,変異,名詞,6,1.94,2.3,2026-10-01
赤,松明,名詞,6,1.94,2.66,2026-10-01
赤,罪,名詞,6,1.94,-1.03,2026-10-01
赤,煮える,動詞,6,1.94,3.1,2026-10-01
赤,頂,名詞,6,1.94,2.84,2026-10-01
赤,埋める,動詞,6,1.94,-0.52,2026-10-01
赤,余地,名詞,6,1.94,1.48,2026-10-01
赤,避ける,動詞,6,1.94,-0.66,2026-10-01
赤,峠,名詞,6,1.94,2.3,2026-10-01
赤,餌食,名詞,6,1.94,0.72,2026-10-01
赤,知恵,名詞,6,1.94,-1.74,2026-10-01
赤,現す,動詞,6,1.94,1.48,2026-10-01
赤,流す,動詞,6,1.94,-1.15,2026-10-01
赤,伴う,動詞,6,1.94,1.21,2026-10-01
赤,暗い,形容詞,6,1.94,-0.79,2026-10-01
赤,散らす,動詞,6,1.94,2.12,2026-10-01
赤,笑う,動詞,6,1.94,0.51,2026-10-01
赤,召喚,名詞,6,1.94,0.51,2026-10-01
赤,部隊,名詞,6,1.94,0.4,2026-10-01
赤,読む,動詞,6,1.94,-0.37,2026-10-01
赤,霜,名詞,6,1.94,2.3,2026-10-01
赤,悪意,名詞,6,1.94,0.95,2026-10-01
赤,甲羅,名詞,6,1.94,2.12,2026-10-01
赤,世紀,名詞,6,1.94,-0.52,2026-10-01
赤,答え,名詞,6,1.94,-0.59,2026-10-01
赤,巫,名詞,6,1.94,2.48,2026-10-01
赤,技,名詞,6,1.94,-0.66,2026-10-01
赤,種,名詞,6,1.94,-1.65,2026-10-01
赤,住処,名詞,6,1.94,0.4,2026-10-01
赤,裏切り,名詞,6,1.94,1.34,2026-10-01
赤,生活,名詞,6,1.94,1.08,2026-10-01
赤,信仰,名詞,6,1.94,-1.65,2026-10-01
赤,意識,名詞,6,1.94,-0.45,2026-10-01
赤,噛む,動詞,6,1.94,-0.14,2026-10-01
赤,訪れる,動詞,6,1.94,-1.2,2026-10-01
赤,棒,名詞,6,1.94,2.66,2026-10-01
赤,災害,名詞,6,1.94,1.48,2026-10-01
赤,回す,動詞,6,1.94,1.08,2026-10-01
赤,斧,名詞,6,1.94,0.03,2026-10-01
赤,貸す,動詞,6,1.94,0.83,2026-10-01
赤,ルーン,名詞,6,1.94,2.84,2026-10-01
赤,流血,名詞,6,1.94,2.66,2026-10-01
赤,目的,名詞,6,1.94,-1.65,2026-10-01
赤,近い,形容詞,6,1.94,1.08,2026-10-01
赤,話す,動詞,6,1.94,0.51,2026-10-01
赤,贈り物,名詞,6,1.94,-0.72,2026-10-01
赤,匂い,名詞,6,1.94,0.61,2026-10-01
赤,前線,名詞,6,1.94,2.84,2026-10-01
赤,崩れる,動詞,6,1.94,-0.72,2026-10-01
赤,せい,名詞,6,1.94,0.51,2026-10-01
赤,種族,名詞,6,1.94,0.61,2026-10-01
赤,興味,名詞,6,1.94,-0.22,2026-10-01
赤,眠り,名詞,6,1.94,-1.46,2026-10-01
赤,霊,名詞,6,1.94,-2.51,2026-10-01
赤,グール,名詞,6,1.94,-1.2,2026-10-01
赤,流れ,名詞,6,1.94,-0.79,2026-10-01
赤,舌,名詞,6,1.94,1.08,2026-10-01
赤,浮かぶ,動詞,6,1.94,0.51,2026-10-01
赤,怖い,形容詞,6,1.94,-0.05,2026-10-01
赤,影,名詞,6,1.94,-3.49,2026-10-01
赤,血統,名詞,6,1.94,1.95,2026-10-01
赤,最期,名詞,6,1.94,0.12,2026-10-01
赤,針,名詞,6,1.94,2.48,2026-10-01
赤,潰す,動詞,6,1.94,-0.22,2026-10-01
赤,教え,名詞,6,1.94,1.08,2026-10-01
赤,練習,名詞,6,1.94,2.12,2026-10-01
赤,乗り手,名詞,6,1.94,1.21,2026-10-01
赤,知性,名詞,6,1.94,1.95,2026-10-01
赤,十分,副詞,6,1.94,1.21,2026-10-01
赤,防御,名詞,6,1.94,0.95,2026-10-01
赤,狩猟,名詞,6,1.94,1.79,2026-10-01
赤,理想,名詞,6,1.94,0.12,2026-10-01
赤,夢,名詞,6,1.94,-3.25,2026-10-01
赤,煽る,動詞,6,1.94,3.0,2026-10-01
赤,死者,名詞,6,1.94,-3.07,2026-10-01
赤,手段,名詞,6,1.94,-0.72,2026-10-01
赤,無理,名詞,6,1.94,1.95,2026-10-01
赤,峡谷,名詞,6,1.94,2.84,2026-10-01
赤,番,名詞,6,1.94,-0.45,2026-10-01
赤,征服,名詞,6,1.94,-0.45,2026-10-01
赤,怯える,動詞,6,1.94,2.48,2026-10-01
赤,崇拝,名詞,6,1.94,0.4,2026-10-01
赤,最強,名詞,6,1.94,0.12,2026-10-01
赤,駆ける,動詞,6,1.94,1.08,2026-10-01
赤,捕らえる,動詞,6,1.94,-0.45,2026-10-01
赤,喜ぶ,動詞,6,1.94,-0.97,2026-10-01
赤,トンネル,名詞,6,1.94,1.79,2026-10-01
赤,暴力,名詞,6,1.94,0.4,2026-10-01
赤,多元,名詞,6,1.94,-0.72,2026-10-01
赤,業,名詞,6,1.94,2.12,2026-10-01
赤,氏族,名詞,6,1.94,0.72,2026-10-01
赤,愚か者,名詞,6,1.94,0.12,2026-10-01
赤,聖戦,名詞,6,1.94,0.61,2026-10-01
赤,防衛,名詞,6,1.94,-0.14,2026-10-01
赤,ヴォルダーレン,名詞,6,1.94,1.95,2026-10-01
赤,部屋,名詞,6,1.94,2.12,2026-10-01
赤,実現,名詞,6,1.94,2.12,2026-10-01
赤,極める,動詞,6,1.94,1.63,2026-10-01
赤,モーギス,名詞,6,1.94,3.0,2026-10-01
赤,競技,名詞,6,1.94,2.12,2026-10-01
赤,信頼,名詞,6,1.94,0.61,2026-10-01
赤,オーク,名詞,6,1.94,2.66,2026-10-01
赤,詰める,動詞,6,1.94,0.61,2026-10-01
赤,コラガン,名詞,6,1.94,1.95,2026-10-01
赤,気持ち,名詞,6,1.94,0.51,2026-10-01
赤,ティロナーリ,名詞,6,1.94,1.1,2026-10-01
赤,富,名詞,6,1.94,0.31,2026-10-01
赤,領事,名詞,6,1.94,-0.59,2026-10-01
赤,トロール,名詞,6,1.94,0.51,2026-10-01
赤,称号,名詞,5,1.62,2.8,2026-10-01
赤,潜む,動詞,5,1.62,-1.39,2026-10-01
赤,尖る,動詞,5,1.62,2.8,2026-10-01
赤,太鼓,名詞,5,1.62,2.66,2026-10-01
赤,こだま,名詞,5,1.62,1.52,2026-10-01
赤,若い,形容詞,5,1.62,0.11,2026-10-01
赤,頃,名詞,5,1.62,-0.92,2026-10-01
赤,目撃,名詞,5,1.62,0.92,2026-10-01
赤,定め,名詞,5,1.62,1.35,2026-10-01
赤,遭う,動詞,5,1.62,1.35,2026-10-01
赤,保つ,動詞,5,1.62,-0.17,2026-10-01
赤,距離,名詞,5,1.62,0.66,2026-10-01
赤,象徴,名詞,5,1.62,0.11,2026-10-01
赤,鳥,名詞,5,1.62,-1.28,2026-10-01
赤,語,名詞,5,1.62,2.66,2026-10-01
赤,眼,名詞,5,1.62,-0.42,2026-10-01
赤,たくさん,副詞,5,1.62,0.78,2026-10-01
赤,だいたい,名詞,5,1.62,2.78,2026-10-01
赤,以つ,動詞,5,1.62,1.35,2026-10-01
赤,家,名詞,5,1.62,-1.49,2026-10-01
赤,向こう,名詞,5,1.62,-0.08,2026-10-01
赤,割れる,動詞,5,1.62,2.06,2026-10-01
赤,錬金,名詞,5,1.62,0.92,2026-10-01
赤,作品,名詞,5,1.62,0.66,2026-10-01
赤,抱く,動詞,5,1.62,0.11,2026-10-01
赤,優しい,形容詞,5,1.62,0.11,2026-10-01
赤,覚ます,動詞,5,1.62,0.42,2026-10-01
赤,劣る,動詞,5,1.62,2.26,2026-10-01
赤,補う,動詞,5,1.62,2.8,2026-10-01
赤,回,名詞,5,1.62,-0.26,2026-10-01
赤,波,名詞,5,1.62,-1.17,2026-10-01
赤,まあ,副詞,5,1.62,-0.08,2026-10-01
赤,ありがたい,形容詞,5,1.62,1.69,2026-10-01
赤,負ける,動詞,5,1.62,0.01,2026-10-01
赤,衝撃,名詞,5,1.62,1.87,2026-10-01
赤,真実,名詞,5,1.62,-2.26,2026-10-01
赤,軍隊,名詞,5,1.62,-0.72,2026-10-01
赤,広まる,動詞,5,1.62,1.69,2026-10-01
赤,激情,名詞,5,1.62,2.8,2026-10-01
赤,母,名詞,5,1.62,0.66,2026-10-01
赤,やめる,動詞,5,1.62,0.01,2026-10-01
赤,いま,名詞,5,1.62,-0.26,2026-10-01
赤,起きる,動詞,5,1.62,-0.65,2026-10-01
赤,ガラクタ,名詞,5,1.62,2.46,2026-10-01
赤,洞窟,名詞,5,1.62,-0.17,2026-10-01
赤,感じる,動詞,5,1.62,-1.87,2026-10-01
赤,断つ,動詞,5,1.62,1.52,2026-10-01
赤,臆病,名詞,5,1.62,0.54,2026-10-01
赤,下がる,動詞,5,1.62,1.52,2026-10-01
赤,坂,名詞,5,1.62,2.78,2026-10-01
赤,溶鉱,名詞,5,1.62,1.01,2026-10-01
赤,移動,名詞,5,1.62,-0.34,2026-10-01
赤,割,名詞,5,1.62,2.66,2026-10-01
赤,市民,名詞,5,1.62,0.78,2026-10-01
赤,当てる,動詞,5,1.62,1.69,2026-10-01
赤,灯す,動詞,5,1.62,2.26,2026-10-01
赤,なかなか,副詞,5,1.62,1.2,2026-10-01
赤,マグマ,名詞,5,1.62,1.01,2026-10-01
赤,少々,名詞,5,1.62,1.35,2026-10-01
赤,一体,名詞,5,1.62,0.66,2026-10-01
赤,思い,名詞,5,1.62,-0.34,2026-10-01
赤,冒険,名詞,5,1.62,-0.26,2026-10-01
赤,過ごす,動詞,5,1.62,-0.08,2026-10-01
赤,式,名詞,5,1.62,2.26,2026-10-01
赤,轟く,動詞,5,1.62,1.52,2026-10-01
赤,壊滅,名詞,5,1.62,1.69,2026-10-01
赤,闘技,名詞,5,1.62,2.8,2026-10-01
赤,遠い,形容詞,5,1.62,0.01,2026-10-01
赤,不滅,名詞,5,1.62,0.54,2026-10-01
赤,胸,名詞,5,1.62,-0.17,2026-10-01
赤,生物,名詞,5,1.62,-1.28,2026-10-01
赤,秘める,動詞,5,1.62,1.52,2026-10-01
赤,正気,名詞,5,1.62,1.52,2026-10-01
赤,蛮族,名詞,5,1.62,2.66,2026-10-01
赤,残酷,名詞,5,1.62,-0.08,2026-10-01
赤,作戦,名詞,5,1.62,1.2,2026-10-01
赤,ついで,名詞,5,1.62,2.8,2026-10-01
赤,皮肉,名詞,5,1.62,2.06,2026-10-01
赤,禁止,名詞,5,1.62,0.78,2026-10-01
赤,放る,動詞,5,1.62,1.05,2026-10-01
赤,冗談,名詞,5,1.62,2.66,2026-10-01
赤,まさに,副詞,5,1.62,2.26,2026-10-01
赤,おとなしい,形容詞,5,1.62,0.42,2026-10-01
赤,値,名詞,5,1.62,-0.26,2026-10-01
赤,予想,名詞,5,1.62,1.05,2026-10-01
赤,神託,名詞,5,1.62,2.66,2026-10-01
赤,あたり,名詞,5,1.62,2.46,2026-10-01
赤,名誉,名詞,5,1.62,-1.87,2026-10-01
赤,かける,動詞,5,1.62,0.92,2026-10-01
赤,単に,副詞,5,1.62,-1.33,2026-10-01
赤,組む,動詞,5,1.62,-0.5,2026-10-01
赤,そもそも,名詞,5,1.62,1.69,2026-10-01
赤,刺す,動詞,5,1.62,0.01,2026-10-01
赤,飛ばす,動詞,5,1.62,-0.79,2026-10-01
赤,範囲,名詞,5,1.62,1.52,2026-10-01
赤,軍勢,名詞,5,1.62,-0.42,2026-10-01
赤,誓い,名詞,5,1.62,0.54,2026-10-01
赤,筋肉,名詞,5,1.62,1.05,2026-10-01
赤,料理,名詞,5,1.62,1.69,2026-10-01
赤,部分,名詞,5,1.62,0.21,2026-10-01
赤,檻,名詞,5,1.62,0.92,2026-10-01
赤,手下,名詞,5,1.62,2.06,2026-10-01
赤,高める,動詞,5,1.62,1.87,2026-10-01
赤,貪る,動詞,5,1.62,-0.98,2026-10-01
赤,動き,名詞,5,1.62,-0.26,2026-10-01
赤,父,名詞,5,1.62,0.31,2026-10-01
赤,自己,名詞,5,1.62,0.42,2026-10-01
赤,天使,名詞,5,1.62,-3.37,2026-10-01
赤,飢え,名詞,5,1.62,-0.72,2026-10-01
赤,兄弟,名詞,5,1.62,-0.42,2026-10-01
赤,魅力,名詞,5,1.62,1.05,2026-10-01
赤,市場,名詞,5,1.62,0.66,2026-10-01
赤,取れる,動詞,5,1.62,1.2,2026-10-01
赤,フォーク,名詞,5,1.62,-0.08,2026-10-01
赤,特に,副詞,5,1.62,0.01,2026-10-01
赤,集まる,動詞,5,1.62,-0.34,2026-10-01
赤,マイル,名詞,5,1.62,0.54,2026-10-01
赤,考え,名詞,5,1.62,-0.79,2026-10-01
赤,全力,名詞,5,1.62,1.2,2026-10-01
赤,古し,形容詞,5,1.62,-0.65,2026-10-01
赤,肌,名詞,5,1.62,1.52,2026-10-01
赤,程度,名詞,5,1.62,-0.08,2026-10-01
赤,致命,名詞,5,1.62,1.05,2026-10-01
赤,源,名詞,5,1.62,1.2,2026-10-01
赤,中心,名詞,5,1.62,-0.34,2026-10-01
赤,構える,動詞,5,1.62,0.31,2026-10-01
赤,適応,名詞,5,1.62,0.54,2026-10-01
赤,止まる,動詞,5,1.62,-0.5,2026-10-01
赤,アヴァシン,名詞,5,1.62,-1.44,2026-10-01
赤,狼男,名詞,5,1.62,0.66,2026-10-01
赤,発見,名詞,5,1.62,-0.5,2026-10-01
赤,動かす,動詞,5,1.62,-0.08,2026-10-01
赤,癒す,動詞,5,1.62,-0.5,2026-10-01
赤,裂く,動詞,5,1.62,-1.69,2026-10-01
赤,呪い,名詞,5,1.62,-1.64,2026-10-01
赤,芋虫,名詞,5,1.62,2.78,2026-10-01
赤,帰る,動詞,5,1.62,-1.11,2026-10-01
赤,背中,名詞,5,1.62,0.11,2026-10-01
赤,扇動,名詞,5,1.62,2.66,2026-10-01
赤,おかげ,名詞,5,1.62,-0.17,2026-10-01
赤,友情,名詞,5,1.62,1.52,2026-10-01
赤,授ける,動詞,5,1.62,-0.26,2026-10-01
赤,世代,名詞,5,1.62,-1.33,2026-10-01
赤,巡る,動詞,5,1.62,1.05,2026-10-01
赤,統率,名詞,5,1.62,1.87,2026-10-01
赤,燃えがら,名詞,5,1.62,2.06,2026-10-01
赤,殺戮,名詞,5,1.62,0.31,2026-10-01
赤,何者,名詞,5,1.62,0.92,2026-10-01
赤,火口,名詞,5,1.62,1.01,2026-10-01
赤,光る,動詞,5,1.62,-1.17,2026-10-01
赤,鉤爪,名詞,5,1.62,2.8,2026-10-01
赤,意思,名詞,5,1.62,-1.05,2026-10-01
赤,一門,名詞,5,1.62,0.92,2026-10-01
赤,命ずる,動詞,5,1.62,0.54,2026-10-01
赤,駄目,名詞,5,1.62,2.26,2026-10-01
赤,賢者,名詞,5,1.62,-0.79,2026-10-01
赤,観客,名詞,5,1.62,1.52,2026-10-01
赤,裂ける,動詞,5,1.62,2.46,2026-10-01
赤,誕生,名詞,5,1.62,0.92,2026-10-01
赤,無限,名詞,5,1.62,-0.34,2026-10-01
赤,率いる,動詞,5,1.62,0.78,2026-10-01
赤,変化,名詞,5,1.62,0.01,2026-10-01
赤,畏怖,名詞,5,1.62,2.46,2026-10-01
赤,叫び,名詞,5,1.62,0.21,2026-10-01
赤,狩る,動詞,5,1.62,-1.28,2026-10-01
赤,方向,名詞,5,1.62,0.11,2026-10-01
赤,人物,名詞,5,1.62,0.54,2026-10-01
赤,ステンシア,名詞,5,1.62,2.06,2026-10-01
赤,遠吠え,名詞,5,1.62,2.26,2026-10-01
赤,トヴォラー,名詞,5,1.62,2.66,2026-10-01
赤,見出す,動詞,5,1.62,1.05,2026-10-01
赤,囁く,動詞,5,1.62,-1.54,2026-10-01
赤,ネズミ,名詞,5,1.62,-1.28,2026-10-01
赤,幸せ,名詞,5,1.62,2.06,2026-10-01
赤,成長,名詞,5,1.62,-2.34,2026-10-01
赤,ミゼット,名詞,5,1.62,2.46,2026-10-01
赤,ニヴ,名詞,5,1.62,2.46,2026-10-01
赤,愛する,動詞,5,1.62,-0.26,2026-10-01
赤,答える,動詞,5,1.62,-0.08,2026-10-01
赤,向く,動詞,5,1.62,-0.26,2026-10-01
赤,ケラノス,名詞,5,1.62,2.8,2026-10-01
赤,制御,名詞,5,1.62,1.35,2026-10-01
赤,寝る,動詞,5,1.62,2.26,2026-10-01
赤,種類,名詞,5,1.62,1.05,2026-10-01
赤,ジェスカイ,名詞,5,1.62,1.35,2026-10-01
赤,用意,名詞,5,1.62,0.21,2026-10-01
赤,惹く,動詞,5,1.62,0.78,2026-10-01
赤,体制,名詞,5,1.62,2.8,2026-10-01
赤,行為,名詞,5,1.62,-0.34,2026-10-01
赤,妨害,名詞,5,1.62,2.06,2026-10-01
赤,限り,名詞,5,1.62,-1.28,2026-10-01
赤,いくら,名詞,5,1.62,1.87,2026-10-01
赤,助ける,動詞,5,1.62,-0.26,2026-10-01
赤,火炎,名詞,5,1.62,2.8,2026-10-01
赤,ケッシグ,名詞,5,1.62,-0.72,2026-10-01
赤,救う,動詞,5,1.62,-2.07,2026-10-01
赤,ピア,名詞,5,1.62,2.66,2026-10-01
赤,霊気,名詞,5,1.62,-1.28,2026-10-01
赤,府,名詞,5,1.62,-0.79,2026-10-01
赤,予定,名詞,5,1.62,2.78,2026-10-01
赤,号,名詞,5,1.62,2.8,2026-10-01
赤,サムト,名詞,5,1.62,2.66,2026-10-01
赤,水晶,名詞,5,1.62,0.54,2026-10-01
赤,読める,動詞,5,1.62,1.87,2026-10-01
赤,見くびる,動詞,5,1.62,2.8,2026-10-01
赤,王国,名詞,5,1.62,-0.92,2026-10-01
赤,壊れる,動詞,5,1.62,0.54,2026-10-01
赤,使える,動詞,5,1.62,0.11,2026-10-01
赤,相棒,名詞,5,1.62,0.92,2026-10-01
赤,もはや,副詞,5,1.62,-0.17,2026-10-01
赤,ウルザ,名詞,5,1.62,0.54,2026-10-01
赤,悪党,名詞,5,1.62,2.06,2026-10-01
赤,一日,名詞,4,1.29,1.8,2026-10-01
赤,ヤギ,名詞,4,1.29,2.25,2026-10-01
赤,本,名詞,4,1.29,0.21,2026-10-01
赤,勢い,名詞,4,1.29,1.8,2026-10-01
赤,吸う,動詞,4,1.29,-1.37,2026-10-01
赤,同然,名詞,4,1.29,2.25,2026-10-01
赤,やがて,副詞,4,1.29,-0.87,2026-10-01
赤,ゆえ,名詞,4,1.29,-0.56,2026-10-01
赤,忍耐,名詞,4,1.29,0.88,2026-10-01
赤,幸運,名詞,4,1.29,-0.11,2026-10-01
赤,秒,名詞,4,1.29,1.4,2026-10-01
赤,建設,名詞,4,1.29,1.4,2026-10-01
赤,建築,名詞,4,1.29,2.25,2026-10-01
赤,代わり,名詞,4,1.29,-1.58,2026-10-01
赤,ゴミ,名詞,4,1.29,1.21,2026-10-01
赤,不思議,名詞,4,1.29,-0.11,2026-10-01
赤,具,名詞,4,1.29,2.25,2026-10-01
赤,渡す,動詞,4,1.29,-0.3,2026-10-01
赤,あふれる,動詞,4,1.29,0.73,2026-10-01
赤,一般,名詞,4,1.29,1.4,2026-10-01
赤,呼吸,名詞,4,1.29,0.59,2026-10-01
赤,死す,動詞,4,1.29,-1.31,2026-10-01
赤,未だ,副詞,4,1.29,0.1,2026-10-01
赤,足元,名詞,4,1.29,0.59,2026-10-01
赤,素人,名詞,4,1.29,2.45,2026-10-01
赤,操,名詞,4,1.29,2.52,2026-10-01
赤,神聖,名詞,4,1.29,-0.56,2026-10-01
赤,大抵,副詞,4,1.29,-0.01,2026-10-01
赤,モグ,名詞,4,1.29,2.52,2026-10-01
赤,北,名詞,4,1.29,0.88,2026-10-01
赤,終末,名詞,4,1.29,0.88,2026-10-01
赤,移る,動詞,4,1.29,1.04,2026-10-01
赤,なお,副詞,4,1.29,-0.79,2026-10-01
赤,天,名詞,4,1.29,-0.11,2026-10-01
赤,辺り,名詞,4,1.29,1.21,2026-10-01
赤,衝突,名詞,4,1.29,1.04,2026-10-01
赤,流動,名詞,4,1.29,2.02,2026-10-01
赤,巫女,名詞,4,1.29,2.52,2026-10-01
赤,築く,動詞,4,1.29,-0.11,2026-10-01
赤,人生,名詞,4,1.29,-1.73,2026-10-01
赤,生き残り,名詞,4,1.29,-0.3,2026-10-01
赤,ワーム,名詞,4,1.29,-0.3,2026-10-01
赤,遠征,名詞,4,1.29,2.25,2026-10-01
赤,登山,名詞,4,1.29,nan,2026-10-01
赤,惨事,名詞,4,1.29,2.02,2026-10-01
赤,鱗,名詞,4,1.29,-0.48,2026-10-01
赤,思える,動詞,4,1.29,-0.39,2026-10-01
赤,強化,名詞,4,1.29,0.73,2026-10-01
赤,カン,名詞,4,1.29,0.59,2026-10-01
赤,後ろ,名詞,4,1.29,-0.3,2026-10-01
赤,助け,名詞,4,1.29,-1.19,2026-10-01
赤,鞭,名詞,4,1.29,1.04,2026-10-01
赤,共通,名詞,4,1.29,0.59,2026-10-01
赤,豚,名詞,4,1.29,2.25,2026-10-01
赤,実際,名詞,4,1.29,-0.87,2026-10-01
赤,精錬,名詞,4,1.29,2.45,2026-10-01
赤,地区,名詞,4,1.29,0.46,2026-10-01
赤,鍛冶屋,名詞,4,1.29,1.59,2026-10-01
赤,嫌い,名詞,4,1.29,1.4,2026-10-01
赤,カロラス,名詞,4,1.29,1.8,2026-10-01
赤,信奉,名詞,4,1.29,0.59,2026-10-01
赤,ご馳走,名詞,4,1.29,1.21,2026-10-01
赤,底,名詞,4,1.29,0.33,2026-10-01
赤,返る,動詞,4,1.29,-0.48,2026-10-01
赤,脅し,名詞,4,1.29,2.45,2026-10-01
赤,知識,名詞,4,1.29,-3.27,2026-10-01
赤,殺害,名詞,4,1.29,1.4,2026-10-01
赤,町,名詞,4,1.29,-0.11,2026-10-01
赤,近づける,動詞,4,1.29,1.59,2026-10-01
赤,機会,名詞,4,1.29,-0.79,2026-10-01
赤,地表,名詞,4,1.29,1.59,2026-10-01
赤,飛行,名詞,4,1.29,-1.07,2026-10-01
赤,働く,動詞,4,1.29,-0.3,2026-10-01
赤,宿す,動詞,4,1.29,2.25,2026-10-01
赤,一生,名詞,4,1.29,-0.48,2026-10-01
赤,区別,名詞,4,1.29,2.02,2026-10-01
赤,際,名詞,4,1.29,0.59,2026-10-01
赤,溶鉄,名詞,4,1.29,nan,2026-10-01
赤,祈り,名詞,4,1.29,-1.13,2026-10-01
赤,飾り,名詞,4,1.29,1.8,2026-10-01
赤,進化,名詞,4,1.29,-0.11,2026-10-01
赤,宿る,動詞,4,1.29,0.21,2026-10-01
赤,感情,名詞,4,1.29,0.59,2026-10-01
赤,儀式,名詞,4,1.29,-1.19,2026-10-01
赤,観察,名詞,4,1.29,1.04,2026-10-01
赤,電気,名詞,4,1.29,2.52,2026-10-01
赤,追放,名詞,4,1.29,0.88,2026-10-01
赤,食料,名詞,4,1.29,0.59,2026-10-01
赤,毎日,名詞,4,1.29,1.21,2026-10-01
赤,体重,名詞,4,1.29,2.45,2026-10-01
赤,比べる,動詞,4,1.29,-0.48,2026-10-01
赤,告げる,動詞,4,1.29,-0.11,2026-10-01
赤,放浪,名詞,4,1.29,-0.48,2026-10-01
赤,感謝,名詞,4,1.29,0.21,2026-10-01
赤,かかわる,動詞,4,1.29,0.88,2026-10-01
赤,揺れる,動詞,4,1.29,2.25,2026-10-01
赤,あり,名詞,4,1.29,-0.01,2026-10-01
赤,迷う,動詞,4,1.29,-0.64,2026-10-01
赤,面白い,形容詞,4,1.29,0.33,2026-10-01
赤,今宵,名詞,4,1.29,1.8,2026-10-01
赤,唱える,動詞,4,1.29,0.59,2026-10-01
赤,粉々,名詞,4,1.29,1.04,2026-10-01
赤,犬,名詞,4,1.29,-0.21,2026-10-01
赤,悲しい,形容詞,4,1.29,-1.63,2026-10-01
赤,鼓動,名詞,4,1.29,0.21,2026-10-01
赤,様,名詞,4,1.29,0.59,2026-10-01
赤,増す,動詞,4,1.29,-0.3,2026-10-01
赤,謎,名詞,4,1.29,-0.79,2026-10-01
赤,たどる,動詞,4,1.29,-0.01,2026-10-01
赤,守り,名詞,4,1.29,-1.42,2026-10-01
赤,仕掛ける,動詞,4,1.29,0.33,2026-10-01
赤,山羊,名詞,4,1.29,nan,2026-10-01
赤,先陣,名詞,4,1.29,2.52,2026-10-01
赤,たった,副詞,4,1.29,0.59,2026-10-01
赤,病,名詞,4,1.29,0.59,2026-10-01
赤,映る,動詞,4,1.29,0.21,2026-10-01
赤,統治,名詞,4,1.29,1.04,2026-10-01
赤,告,名詞,4,1.29,nan,2026-10-01
赤,碑,名詞,4,1.29,0.73,2026-10-01
赤,似る,動詞,4,1.29,-0.56,2026-10-01
赤,世,名詞,4,1.29,0.73,2026-10-01
赤,正義,名詞,4,1.29,-1.95,2026-10-01
赤,ものすごい,形容詞,4,1.29,1.8,2026-10-01
赤,主義,名詞,4,1.29,1.21,2026-10-01
赤,寄る,動詞,4,1.29,-0.56,2026-10-01
赤,犯罪,名詞,4,1.29,-0.56,2026-10-01
赤,ずいぶん,副詞,4,1.29,1.59,2026-10-01
赤,食い物,名詞,4,1.29,2.25,2026-10-01
赤,愛,名詞,4,1.29,-0.87,2026-10-01
赤,届く,動詞,4,1.29,-2.54,2026-10-01
赤,利点,名詞,4,1.29,nan,2026-10-01
赤,関係,名詞,4,1.29,-1.0,2026-10-01
赤,もちろん,副詞,4,1.29,-0.56,2026-10-01
赤,対価,名詞,4,1.29,0.59,2026-10-01
赤,くせ,名詞,4,1.29,2.25,2026-10-01
赤,狭い,形容詞,4,1.29,1.8,2026-10-01
赤,アゾリウス,名詞,4,1.29,-0.56,2026-10-01
赤,運ぶ,動詞,4,1.29,-1.82,2026-10-01
赤,溢れる,動詞,4,1.29,-0.79,2026-10-01
赤,望ましい,形容詞,4,1.29,2.45,2026-10-01
赤,嬉しい,形容詞,4,1.29,1.21,2026-10-01
赤,殺し,名詞,4,1.29,0.46,2026-10-01
赤,忍ぶ,動詞,4,1.29,-0.39,2026-10-01
赤,部族,名詞,4,1.29,0.1,2026-10-01
赤,つぶす,動詞,4,1.29,1.04,2026-10-01
赤,固い,形容詞,4,1.29,-0.3,2026-10-01
赤,疑い,名詞,4,1.29,1.8,2026-10-01
赤,ラーダ,名詞,4,1.29,2.52,2026-10-01
赤,気質,名詞,4,1.29,2.45,2026-10-01
赤,最終,名詞,4,1.29,0.21,2026-10-01
赤,嫌う,動詞,4,1.29,0.21,2026-10-01
赤,教会,名詞,4,1.29,-0.79,2026-10-01
赤,含む,動詞,4,1.29,1.59,2026-10-01
赤,負う,動詞,4,1.29,-0.3,2026-10-01
赤,責任,名詞,4,1.29,0.59,2026-10-01
赤,怒れる,動詞,4,1.29,1.21,2026-10-01
赤,だめ,名詞,4,1.29,1.04,2026-10-01
赤,プリズマリ,名詞,4,1.29,2.25,2026-10-01
赤,曲げる,動詞,4,1.29,0.1,2026-10-01
赤,縛る,動詞,4,1.29,-1.68,2026-10-01
赤,熊,名詞,4,1.29,0.33,2026-10-01
赤,感覚,名詞,4,1.29,-0.01,2026-10-01
赤,押さえる,動詞,4,1.29,2.02,2026-10-01
赤,煤,名詞,4,1.29,nan,2026-10-01
赤,抱える,動詞,4,1.29,0.88,2026-10-01
赤,冷たい,形容詞,4,1.29,-1.07,2026-10-01
赤,集中,名詞,4,1.29,-0.11,2026-10-01
赤,一切,名詞,4,1.29,0.21,2026-10-01
赤,同意,名詞,4,1.29,2.02,2026-10-01
赤,動物,名詞,4,1.29,-1.37,2026-10-01
赤,スーラク,名詞,4,1.29,2.52,2026-10-01
赤,苦悩,名詞,4,1.29,0.21,2026-10-01
赤,鎮める,動詞,4,1.29,0.59,2026-10-01
赤,解決,名詞,4,1.29,0.46,2026-10-01
赤,焚く,動詞,4,1.29,2.52,2026-10-01
赤,教団,名詞,4,1.29,1.04,2026-10-01
赤,悟る,動詞,4,1.29,0.88,2026-10-01
赤,酒,名詞,4,1.29,2.45,2026-10-01
赤,欲望,名詞,4,1.29,1.4,2026-10-01
赤,野蛮,名詞,4,1.29,2.02,2026-10-01
赤,些細,名詞,4,1.29,1.21,2026-10-01
赤,近道,名詞,4,1.29,0.88,2026-10-01
赤,規則,名詞,4,1.29,1.4,2026-10-01
赤,本質,名詞,4,1.29,0.33,2026-10-01
赤,継ぐ,動詞,4,1.29,-0.01,2026-10-01
赤,発射,名詞,4,1.29,2.52,2026-10-01
赤,増える,動詞,4,1.29,-0.87,2026-10-01
赤,組,名詞,4,1.29,1.4,2026-10-01
赤,愉快,名詞,4,1.29,1.21,2026-10-01
赤,支払う,動詞,4,1.29,-0.11,2026-10-01
赤,ナイフ,名詞,4,1.29,0.73,2026-10-01
赤,稼ぐ,動詞,4,1.29,2.02,2026-10-01
赤,正当,名詞,4,1.29,2.02,2026-10-01
赤,砕ける,動詞,4,1.29,-0.94,2026-10-01
赤,いる,動詞,4,1.29,0.21,2026-10-01
赤,墓,名詞,4,1.29,-1.58,2026-10-01
赤,強欲,名詞,4,1.29,1.04,2026-10-01
赤,航海,名詞,4,1.29,1.4,2026-10-01
赤,衛兵,名詞,4,1.29,1.59,2026-10-01
赤,手紙,名詞,4,1.29,1.21,2026-10-01
赤,意義,名詞,4,1.29,nan,2026-10-01
赤,かく,動詞,4,1.29,-0.48,2026-10-01
赤,つかむ,動詞,4,1.29,1.4,2026-10-01
赤,機嫌,名詞,4,1.29,1.04,2026-10-01
赤,黒焦げ,名詞,4,1.29,nan,2026-10-01
赤,抵抗,名詞,4,1.29,-0.39,2026-10-01
赤,混乱,名詞,4,1.29,0.33,2026-10-01
赤,文明,名詞,4,1.29,-0.72,2026-10-01
赤,ひとり,名詞,4,1.29,0.46,2026-10-01
赤,差す,動詞,4,1.29,-1.91,2026-10-01
赤,権利,名詞,4,1.29,0.73,2026-10-01
赤,理論,名詞,4,1.29,-0.01,2026-10-01
赤,安住,名詞,4,1.29,2.52,2026-10-01
赤,爆弾,名詞,4,1.29,nan,2026-10-01
赤,和平,名詞,4,1.29,2.45,2026-10-01
赤,イニストラード,名詞,4,1.29,-1.13,2026-10-01
赤,スレイベン,名詞,4,1.29,-0.48,2026-10-01
赤,処刑,名詞,4,1.29,0.59,2026-10-01
赤,証明,名詞,4,1.29,0.33,2026-10-01
赤,囁き,名詞,4,1.29,-0.79,2026-10-01
赤,賢明,名詞,4,1.29,1.4,2026-10-01
赤,領土,名詞,4,1.29,-0.01,2026-10-01
赤,継承,名詞,4,1.29,2.25,2026-10-01
赤,初めて,副詞,4,1.29,-1.25,2026-10-01
赤,生く,動詞,4,1.29,-0.64,2026-10-01
赤,エインジー,名詞,4,1.29,2.52,2026-10-01
赤,ファルケンラス,名詞,4,1.29,2.02,2026-10-01
赤,欲求,名詞,4,1.29,2.02,2026-10-01
赤,人狼,名詞,4,1.29,-0.3,2026-10-01
赤,讃える,動詞,4,1.29,1.8,2026-10-01
赤,爆破,名詞,4,1.29,nan,2026-10-01
赤,留まる,動詞,4,1.29,-0.11,2026-10-01
赤,騎兵,名詞,4,1.29,1.21,2026-10-01
赤,掲げる,動詞,4,1.29,0.59,2026-10-01
赤,炎上,名詞,4,1.29,nan,2026-10-01
赤,届ける,動詞,4,1.29,-0.11,2026-10-01
赤,繊細,名詞,4,1.29,0.21,2026-10-01
赤,ラル,名詞,4,1.29,2.52,2026-10-01
赤,オレリア,名詞,4,1.29,2.02,2026-10-01
赤,瓦礫,名詞,4,1.29,0.73,2026-10-01
赤,マーカ,名詞,4,1.29,nan,2026-10-01
赤,集団,名詞,4,1.29,0.59,2026-10-01
赤,詰まる,動詞,4,1.29,0.1,2026-10-01
赤,冷ます,動詞,4,1.29,nan,2026-10-01
赤,祈る,動詞,4,1.29,-1.0,2026-10-01
赤,空腹,名詞,4,1.29,0.73,2026-10-01
赤,イロアス,名詞,4,1.29,2.45,2026-10-01
赤,目指す,動詞,4,1.29,1.04,2026-10-01
赤,様子,名詞,4,1.29,-0.11,2026-10-01
赤,問う,動詞,4,1.29,-0.11,2026-10-01
赤,超える,動詞,4,1.29,-1.0,2026-10-01
赤,テーロス,名詞,4,1.29,0.59,2026-10-01
赤,ゼナゴス,名詞,4,1.29,2.45,2026-10-01
赤,崩壊,名詞,4,1.29,0.21,2026-10-01
赤,到着,名詞,4,1.29,0.73,2026-10-01
赤,デザイン,名詞,4,1.29,-0.11,2026-10-01
赤,実,名詞,4,1.29,-0.87,2026-10-01
赤,同じく,副詞,4,1.29,0.46,2026-10-01
赤,ちゃんと,副詞,4,1.29,1.21,2026-10-01
赤,笑い声,名詞,4,1.29,0.88,2026-10-01
赤,来世,名詞,4,1.29,0.46,2026-10-01
赤,ふさわしい,形容詞,4,1.29,-0.56,2026-10-01
赤,落とし子,名詞,4,1.29,2.02,2026-10-01
赤,龍王,名詞,4,1.29,2.25,2026-10-01
赤,外す,動詞,4,1.29,0.73,2026-10-01
赤,太古,名詞,4,1.29,0.73,2026-10-01
赤,楽しむ,動詞,4,1.29,-1.0,2026-10-01
赤,塵,名詞,4,1.29,0.1,2026-10-01
赤,便利,名詞,4,1.29,2.45,2026-10-01
赤,沈む,動詞,4,1.29,-0.39,2026-10-01
赤,収穫,名詞,4,1.29,-1.0,2026-10-01
赤,たっぷり,副詞,4,1.29,1.04,2026-10-01
赤,科学,名詞,4,1.29,1.04,2026-10-01
赤,作業,名詞,4,1.29,0.1,2026-10-01
赤,自動,名詞,4,1.29,1.21,2026-10-01
赤,改革,名詞,4,1.29,0.21,2026-10-01
赤,許可,名詞,4,1.29,0.59,2026-10-01
赤,作れる,動詞,4,1.29,1.59,2026-10-01
赤,男,名詞,4,1.29,-0.39,2026-10-01
赤,もと,名詞,4,1.29,-0.64,2026-10-01
赤,捕食,名詞,4,1.29,-1.73,2026-10-01
赤,相応しい,形容詞,4,1.29,0.21,2026-10-01
赤,騒乱,名詞,4,1.29,2.25,2026-10-01
赤,薄暮,名詞,4,1.29,-0.01,2026-10-01
赤,利く,動詞,4,1.29,1.04,2026-10-01
赤,ギトゥ,名詞,4,1.29,nan,2026-10-01
赤,量,名詞,4,1.29,2.45,2026-10-01
赤,戦利,名詞,4,1.29,1.4,2026-10-01
赤,輪,名詞,4,1.29,0.46,2026-10-01
赤,表現,名詞,4,1.29,1.59,2026-10-01
赤,前進,名詞,4,1.29,2.25,2026-10-01
赤,暴走,名詞,4,1.29,1.59,2026-10-01
赤,当たる,動詞,4,1.29,0.73,2026-10-01
赤,ウィル,名詞,4,1.29,2.25,2026-10-01
赤,ストリクスヘイヴン,名詞,4,1.29,0.59,2026-10-01
赤,宝石,名詞,4,1.29,0.88,2026-10-01
赤,絆,名詞,4,1.29,-0.39,2026-10-01
赤,脆い,形容詞,4,1.29,0.21,2026-10-01
赤,絶える,動詞,4,1.29,-0.11,2026-10-01
赤,像,名詞,4,1.29,0.59,2026-10-01
赤,試す,動詞,4,1.29,-1.07,2026-10-01
赤,本人,名詞,4,1.29,2.25,2026-10-01
赤,ヤツ,名詞,4,1.29,0.88,2026-10-01
赤,赴く,動詞,4,1.29,1.4,2026-10-01
赤,育つ,動詞,4,1.29,-1.48,2026-10-01
赤,チーム,名詞,4,1.29,1.04,2026-10-01
赤,とうとう,副詞,4,1.29,2.02,2026-10-01
赤,逃げ場,名詞,4,1.29,2.45,2026-10-01
赤,陽,名詞,3,0.97,-0.96,2026-10-01
赤,群集,名詞,3,0.97,nan,2026-10-01
赤,注ぐ,動詞,3,0.97,-0.26,2026-10-01
赤,漂う,動詞,3,0.97,0.08,2026-10-01
赤,積む,動詞,3,0.97,1.05,2026-10-01
赤,急ぐ,動詞,3,0.97,-0.04,2026-10-01
赤,厄介,名詞,3,0.97,-0.37,2026-10-01
赤,育てる,動詞,3,0.97,-1.1,2026-10-01
赤,草原,名詞,3,0.97,0.51,2026-10-01
赤,乾く,動詞,3,0.97,0.08,2026-10-01
赤,地割れ,名詞,3,0.97,nan,2026-10-01
赤,高まる,動詞,3,0.97,1.75,2026-10-01
赤,遥か,副詞,3,0.97,-0.56,2026-10-01
赤,ソー,名詞,3,0.97,nan,2026-10-01
赤,天空,名詞,3,0.97,0.67,2026-10-01
赤,衝動,名詞,3,0.97,0.67,2026-10-01
赤,裏,名詞,3,0.97,-0.04,2026-10-01
赤,完成,名詞,3,0.97,-1.03,2026-10-01
赤,ヶ月,名詞,3,0.97,1.26,2026-10-01
赤,僧,名詞,3,0.97,-1.23,2026-10-01
赤,弾ける,動詞,3,0.97,1.26,2026-10-01
赤,獰猛,名詞,3,0.97,1.75,2026-10-01
赤,羽,名詞,3,0.97,-0.73,2026-10-01
赤,不死,名詞,3,0.97,-1.23,2026-10-01
赤,あさり,名詞,3,0.97,2.01,2026-10-01
赤,微笑む,動詞,3,0.97,0.51,2026-10-01
赤,アリーシャ,名詞,3,0.97,2.01,2026-10-01
赤,なす,動詞,3,0.97,-0.15,2026-10-01
赤,ダメ,名詞,3,0.97,1.75,2026-10-01
赤,デカい,形容詞,3,0.97,1.05,2026-10-01
赤,谷,名詞,3,0.97,0.36,2026-10-01
赤,味わう,動詞,3,0.97,-1.91,2026-10-01
赤,くすぶる,動詞,3,0.97,nan,2026-10-01
赤,ライダ,名詞,3,0.97,nan,2026-10-01
赤,烈火,名詞,3,0.97,nan,2026-10-01
赤,勇ましい,形容詞,3,0.97,nan,2026-10-01
赤,信じる,動詞,3,0.97,-0.89,2026-10-01
赤,燃えさし,名詞,3,0.97,2.01,2026-10-01
赤,そば,名詞,3,0.97,0.36,2026-10-01
赤,休む,動詞,3,0.97,-0.65,2026-10-01
赤,親分,名詞,3,0.97,2.01,2026-10-01
赤,クレンコ,名詞,3,0.97,nan,2026-10-01
赤,痕跡,名詞,3,0.97,-0.56,2026-10-01
赤,調べる,動詞,3,0.97,-0.26,2026-10-01
赤,加える,動詞,3,0.97,-0.65,2026-10-01
赤,使い魔,名詞,3,0.97,1.26,2026-10-01
赤,恥,名詞,3,0.97,0.67,2026-10-01
赤,休息,名詞,3,0.97,-0.15,2026-10-01
赤,ひと,名詞,3,0.97,1.75,2026-10-01
赤,つなぐ,動詞,3,0.97,0.08,2026-10-01
赤,騙す,動詞,3,0.97,0.36,2026-10-01
赤,高し,形容詞,3,0.97,0.08,2026-10-01
赤,地獄,名詞,3,0.97,-0.15,2026-10-01
赤,砂,名詞,3,0.97,-0.65,2026-10-01
赤,冷める,動詞,3,0.97,2.01,2026-10-01
赤,嘘,名詞,3,0.97,-0.89,2026-10-01
赤,騒ぐ,動詞,3,0.97,1.26,2026-10-01
赤,削る,動詞,3,0.97,0.67,2026-10-01
赤,弾,名詞,3,0.97,2.01,2026-10-01
赤,事態,名詞,3,0.97,0.08,2026-10-01
赤,サチャー,名詞,3,0.97,2.01,2026-10-01
赤,協会,名詞,3,0.97,1.05,2026-10-01
赤,言語,名詞,3,0.97,1.5,2026-10-01
赤,食欲,名詞,3,0.97,0.36,2026-10-01
赤,戦略,名詞,3,0.97,-0.15,2026-10-01
赤,不意,名詞,3,0.97,1.5,2026-10-01
赤,滑る,動詞,3,0.97,0.67,2026-10-01
赤,ヨーティア,名詞,3,0.97,nan,2026-10-01
赤,ズルゴ,名詞,3,0.97,1.75,2026-10-01
赤,音色,名詞,3,0.97,1.75,2026-10-01
赤,結構,副詞,3,0.97,nan,2026-10-01
赤,遺伝,名詞,3,0.97,1.5,2026-10-01
赤,体内,名詞,3,0.97,1.75,2026-10-01
赤,修理,名詞,3,0.97,1.5,2026-10-01
赤,くすぶり,名詞,3,0.97,nan,2026-10-01
赤,安心,名詞,3,0.97,-0.26,2026-10-01
赤,負かす,動詞,3,0.97,1.05,2026-10-01
赤,繋ぐ,動詞,3,0.97,0.67,2026-10-01
赤,足る,動詞,3,0.97,0.51,2026-10-01
赤,ギラプール,名詞,3,0.97,0.22,2026-10-01
赤,博覧,名詞,3,0.97,0.22,2026-10-01
赤,費やす,動詞,3,0.97,0.51,2026-10-01
赤,渦巻く,動詞,3,0.97,0.08,2026-10-01
赤,まとう,動詞,3,0.97,0.36,2026-10-01
赤,書,名詞,3,0.97,-0.56,2026-10-01
赤,激怒,名詞,3,0.97,1.5,2026-10-01
赤,邪悪,名詞,3,0.97,-2.59,2026-10-01
赤,陰謀,名詞,3,0.97,-0.73,2026-10-01
赤,乱暴,名詞,3,0.97,1.75,2026-10-01
赤,落下,名詞,3,0.97,0.67,2026-10-01
赤,皇,名詞,3,0.97,-0.15,2026-10-01
赤,栄誉,名詞,3,0.97,-0.15,2026-10-01
赤,斃れる,動詞,3,0.97,1.75,2026-10-01
赤,数多,名詞,3,0.97,0.22,2026-10-01
赤,退く,動詞,3,0.97,nan,2026-10-01
赤,慎重,名詞,3,0.97,0.67,2026-10-01
赤,機,名詞,3,0.97,0.51,2026-10-01
赤,大砲,名詞,3,0.97,1.5,2026-10-01
赤,団結,名詞,3,0.97,-0.26,2026-10-01
赤,ランド,名詞,3,0.97,1.26,2026-10-01
赤,赤,名詞,3,0.97,1.26,2026-10-01
赤,よこす,動詞,3,0.97,1.26,2026-10-01
赤,農民,名詞,3,0.97,1.5,2026-10-01
赤,あたる,動詞,3,0.97,-0.15,2026-10-01
赤,尊敬,名詞,3,0.97,-0.15,2026-10-01
赤,侮辱,名詞,3,0.97,1.26,2026-10-01
赤,弧,名詞,3,0.97,nan,2026-10-01
赤,尻尾,名詞,3,0.97,1.75,2026-10-01
赤,ずる,動詞,3,0.97,-0.04,2026-10-01
赤,書く,動詞,3,0.97,-1.35,2026-10-01
赤,換える,動詞,3,0.97,1.26,2026-10-01
赤,避雷,名詞,3,0.97,nan,2026-10-01
赤,持ち主,名詞,3,0.97,-0.26,2026-10-01
赤,切れ,名詞,3,0.97,nan,2026-10-01
赤,突破,名詞,3,0.97,1.05,2026-10-01
赤,隕石,名詞,3,0.97,1.75,2026-10-01
赤,焦がす,動詞,3,0.97,nan,2026-10-01
赤,錆びる,動詞,3,0.97,0.85,2026-10-01
赤,雷雲,名詞,3,0.97,nan,2026-10-01
赤,舞う,動詞,3,0.97,-1.35,2026-10-01
赤,神殿,名詞,3,0.97,0.36,2026-10-01
赤,涙,名詞,3,0.97,-0.46,2026-10-01
赤,努力,名詞,3,0.97,0.22,2026-10-01
赤,鼻,名詞,3,0.97,0.36,2026-10-01
赤,ねじくれる,動詞,3,0.97,0.85,2026-10-01
赤,悪ふざけ,名詞,3,0.97,nan,2026-10-01
赤,侍,名詞,3,0.97,0.67,2026-10-01
赤,護る,動詞,3,0.97,-0.37,2026-10-01
赤,まえ,名詞,3,0.97,-0.56,2026-10-01
赤,狂乱,名詞,3,0.97,1.5,2026-10-01
赤,知れる,動詞,3,0.97,-1.47,2026-10-01
赤,蒔く,動詞,3,0.97,1.26,2026-10-01
赤,しめる,動詞,3,0.97,1.05,2026-10-01
赤,更に,副詞,3,0.97,1.5,2026-10-01
赤,指揮,名詞,3,0.97,-0.46,2026-10-01
赤,呪う,動詞,3,0.97,-0.73,2026-10-01
赤,全滅,名詞,3,0.97,nan,2026-10-01
赤,美徳,名詞,3,0.97,0.67,2026-10-01
赤,静寂,名詞,3,0.97,-0.89,2026-10-01
赤,閃光,名詞,3,0.97,2.01,2026-10-01
赤,固める,動詞,3,0.97,0.08,2026-10-01
赤,磨く,動詞,3,0.97,-0.15,2026-10-01
赤,たつ,動詞,3,0.97,nan,2026-10-01
赤,歩む,動詞,3,0.97,-1.47,2026-10-01
赤,超越,名詞,3,0.97,0.36,2026-10-01
赤,喰う,動詞,3,0.97,0.36,2026-10-01
赤,霧,名詞,3,0.97,-1.63,2026-10-01
赤,悪夢,名詞,3,0.97,-1.91,2026-10-01
赤,気分,名詞,3,0.97,-0.96,2026-10-01
赤,自殺,名詞,3,0.97,nan,2026-10-01
赤,焼身,名詞,3,0.97,nan,2026-10-01
赤,痛む,動詞,3,0.97,0.85,2026-10-01
赤,無くす,動詞,3,0.97,2.01,2026-10-01
赤,無力,名詞,3,0.97,0.67,2026-10-01
赤,策略,名詞,3,0.97,1.75,2026-10-01
赤,政治,名詞,3,0.97,1.26,2026-10-01
赤,非難,名詞,3,0.97,1.75,2026-10-01
赤,効率,名詞,3,0.97,1.5,2026-10-01
赤,軍事,名詞,3,0.97,2.01,2026-10-01
赤,厚い,形容詞,3,0.97,1.05,2026-10-01
赤,機能,名詞,3,0.97,0.36,2026-10-01
赤,悪戯,名詞,3,0.97,0.08,2026-10-01
赤,番犬,名詞,3,0.97,nan,2026-10-01
赤,猫,名詞,3,0.97,-0.96,2026-10-01
赤,労働,名詞,3,0.97,1.26,2026-10-01
赤,工業,名詞,3,0.97,nan,2026-10-01
赤,秩序,名詞,3,0.97,-1.1,2026-10-01
赤,そう,名詞,3,0.97,0.36,2026-10-01
赤,味,名詞,3,0.97,-1.17,2026-10-01
赤,置き場,名詞,3,0.97,1.75,2026-10-01
赤,忘却,名詞,3,0.97,-0.46,2026-10-01
赤,しもべ,名詞,3,0.97,1.05,2026-10-01
赤,血族,名詞,3,0.97,1.5,2026-10-01
赤,人気,名詞,3,0.97,1.26,2026-10-01
赤,現場,名詞,3,0.97,0.08,2026-10-01
赤,谷間,名詞,3,0.97,1.75,2026-10-01
赤,倒れる,動詞,3,0.97,-1.35,2026-10-01
赤,虐殺,名詞,3,0.97,1.5,2026-10-01
赤,平原,名詞,3,0.97,0.08,2026-10-01
赤,既に,副詞,3,0.97,1.75,2026-10-01
赤,散る,動詞,3,0.97,-0.46,2026-10-01
赤,寒い,形容詞,3,0.97,-0.37,2026-10-01
赤,安息,名詞,3,0.97,-0.04,2026-10-01
赤,スカイ,名詞,3,0.97,0.67,2026-10-01
赤,頭上,名詞,3,0.97,0.08,2026-10-01
赤,対峙,名詞,3,0.97,1.26,2026-10-01
赤,抑圧,名詞,3,0.97,1.75,2026-10-01
赤,どんどん,副詞,3,0.97,1.05,2026-10-01
赤,理性,名詞,3,0.97,1.5,2026-10-01
赤,吸収,名詞,3,0.97,1.26,2026-10-01
赤,空中,名詞,3,0.97,0.67,2026-10-01
赤,撤退,名詞,3,0.97,1.26,2026-10-01
赤,おっしゃる,動詞,3,0.97,2.01,2026-10-01
赤,匹敵,名詞,3,0.97,1.26,2026-10-01
赤,紛れる,動詞,3,0.97,1.5,2026-10-01
赤,繁殖,名詞,3,0.97,0.36,2026-10-01
赤,脳,名詞,3,0.97,-0.46,2026-10-01
赤,いまだ,副詞,3,0.97,-0.46,2026-10-01
赤,揺らめく,動詞,3,0.97,1.26,2026-10-01
赤,楽,名詞,3,0.97,0.36,2026-10-01
赤,勝手に,副詞,3,0.97,0.51,2026-10-01
赤,硬貨,名詞,3,0.97,1.75,2026-10-01
赤,許す,動詞,3,0.97,-2.15,2026-10-01
赤,捻じる,動詞,3,0.97,0.51,2026-10-01
赤,スクイー,名詞,3,0.97,2.01,2026-10-01
赤,挟む,動詞,3,0.97,1.5,2026-10-01
赤,指,名詞,3,0.97,-0.73,2026-10-01
赤,キスキン,名詞,3,0.97,-1.73,2026-10-01
赤,油,名詞,3,0.97,-0.81,2026-10-01
赤,蛙,名詞,3,0.97,1.75,2026-10-01
赤,カワウソ,名詞,3,0.97,1.5,2026-10-01
赤,ヴェジフルズ,名詞,3,0.97,nan,2026-10-01
赤,被害,名詞,3,0.97,-0.65,2026-10-01
赤,美味い,形容詞,3,0.97,0.85,2026-10-01
赤,鍋,名詞,3,0.97,2.01,2026-10-01
赤,落っこちる,動詞,3,0.97,2.01,2026-10-01
赤,書物,名詞,3,0.97,1.5,2026-10-01
赤,暴君,名詞,3,0.97,-0.26,2026-10-01
赤,タール,名詞,3,0.97,0.51,2026-10-01
赤,領地,名詞,3,0.97,-0.15,2026-10-01
赤,羊,名詞,3,0.97,0.85,2026-10-01
赤,アジャニ,名詞,3,0.97,-0.15,2026-10-01
赤,敬意,名詞,3,0.97,-0.46,2026-10-01
赤,体現,名詞,3,0.97,1.05,2026-10-01
赤,日々,名詞,3,0.97,-1.1,2026-10-01
赤,メッセージ,名詞,3,0.97,0.67,2026-10-01
赤,念,名詞,3,0.97,0.36,2026-10-01
赤,魔女,名詞,3,0.97,-1.23,2026-10-01
赤,行なう,動詞,3,0.97,nan,2026-10-01
赤,的,名詞,3,0.97,nan,2026-10-01
赤,とこ,名詞,3,0.97,0.85,2026-10-01
赤,役目,名詞,3,0.97,0.08,2026-10-01
赤,幹,名詞,3,0.97,0.67,2026-10-01
赤,描く,動詞,3,0.97,-1.03,2026-10-01
赤,ナヤ,名詞,3,0.97,0.67,2026-10-01
赤,友,名詞,3,0.97,-1.82,2026-10-01
赤,古老,名詞,3,0.97,0.08,2026-10-01
赤,融合,名詞,3,0.97,1.26,2026-10-01
赤,混ざる,動詞,3,0.97,1.05,2026-10-01
赤,眠る,動詞,3,0.97,-2.88,2026-10-01
赤,文字,名詞,3,0.97,0.36,2026-10-01
赤,飽く,動詞,3,0.97,1.75,2026-10-01
赤,複雑,名詞,3,0.97,-0.04,2026-10-01
赤,並ぶ,動詞,3,0.97,-0.56,2026-10-01
赤,視界,名詞,3,0.97,-0.04,2026-10-01
赤,すぐさま,副詞,3,0.97,0.22,2026-10-01
赤,臓物,名詞,3,0.97,2.01,2026-10-01
赤,いっぺん,名詞,3,0.97,nan,2026-10-01
赤,広間,名詞,3,0.97,1.5,2026-10-01
赤,酋長,名詞,3,0.97,1.75,2026-10-01
赤,我慢,名詞,3,0.97,-0.73,2026-10-01
赤,次々,副詞,3,0.97,1.26,2026-10-01
赤,塗る,動詞,3,0.97,0.22,2026-10-01
赤,本能,名詞,3,0.97,-1.57,2026-10-01
赤,カラス,名詞,3,0.97,0.22,2026-10-01
赤,係,名詞,3,0.97,2.01,2026-10-01
赤,弾薬,名詞,3,0.97,nan,2026-10-01
赤,掴む,動詞,3,0.97,-0.26,2026-10-01
赤,守れる,動詞,3,0.97,0.85,2026-10-01
赤,道理,名詞,3,0.97,nan,2026-10-01
赤,噂,名詞,3,0.97,-0.26,2026-10-01
赤,悲劇,名詞,3,0.97,0.22,2026-10-01
赤,認識,名詞,3,0.97,-0.26,2026-10-01
赤,短い,形容詞,3,0.97,0.51,2026-10-01
赤,生息,名詞,3,0.97,0.51,2026-10-01
赤,コツ,名詞,3,0.97,0.51,2026-10-01
赤,ムラーサ,名詞,3,0.97,0.08,2026-10-01
赤,化粧,名詞,3,0.97,nan,2026-10-01
赤,危ない,形容詞,3,0.97,1.75,2026-10-01
赤,弱点,名詞,3,0.97,-0.04,2026-10-01
赤,民兵,名詞,3,0.97,1.75,2026-10-01
赤,ステージ,名詞,3,0.97,nan,2026-10-01
赤,鎖,名詞,3,0.97,0.36,2026-10-01
赤,トカゲ,名詞,3,0.97,0.22,2026-10-01
赤,珍しい,形容詞,3,0.97,1.05,2026-10-01
赤,覚悟,名詞,3,0.97,-0.96,2026-10-01
赤,周囲,名詞,3,0.97,-0.65,2026-10-01
赤,性格,名詞,3,0.97,2.01,2026-10-01
赤,開始,名詞,3,0.97,1.05,2026-10-01
赤,日誌,名詞,3,0.97,0.22,2026-10-01
赤,プレインズウォーカー,名詞,3,0.97,-0.15,2026-10-01
赤,一族,名詞,3,0.97,-1.52,2026-10-01
赤,及ぶ,動詞,3,0.97,-0.37,2026-10-01
赤,加護,名詞,3,0.97,1.75,2026-10-01
赤,嘆く,動詞,3,0.97,-0.46,2026-10-01
赤,おかしい,形容詞,3,0.97,0.22,2026-10-01
赤,突如,副詞,3,0.97,0.08,2026-10-01
赤,黙る,動詞,3,0.97,0.22,2026-10-01
赤,加減,名詞,3,0.97,1.75,2026-10-01
赤,つまる,動詞,3,0.97,0.08,2026-10-01
赤,伸ばす,動詞,3,0.97,-0.73,2026-10-01
赤,反応,名詞,3,0.97,0.67,2026-10-01
赤,異なる,動詞,3,0.97,-0.04,2026-10-01
赤,樹,名詞,3,0.97,-1.95,2026-10-01
赤,一杯,名詞,3,0.97,1.05,2026-10-01
赤,ゴーグル,名詞,3,0.97,nan,2026-10-01
赤,ダーク,名詞,3,0.97,2.01,2026-10-01
赤,使命,名詞,3,0.97,-0.65,2026-10-01
赤,工匠,名詞,3,0.97,-0.89,2026-10-01
赤,囲む,動詞,3,0.97,-0.56,2026-10-01
赤,地帯,名詞,3,0.97,0.36,2026-10-01
赤,本物,名詞,3,0.97,-0.15,2026-10-01
赤,ピカピカ,副詞,3,0.97,1.75,2026-10-01
赤,執行,名詞,3,0.97,0.51,2026-10-01
赤,勢力,名詞,3,0.97,-0.04,2026-10-01
赤,ノーン,名詞,3,0.97,-0.26,2026-10-01
赤,導き,名詞,3,0.97,0.22,2026-10-01
赤,到来,名詞,3,0.97,-0.26,2026-10-01
赤,一刻,名詞,3,0.97,nan,2026-10-01
赤,浄化,名詞,3,0.97,-0.89,2026-10-01
赤,頭蓋,名詞,3,0.97,1.26,2026-10-01
赤,誇る,動詞,3,0.97,1.26,2026-10-01
赤,渦,名詞,3,0.97,-0.26,2026-10-01
赤,玄関,名詞,3,0.97,2.01,2026-10-01
赤,曲,名詞,3,0.97,0.36,2026-10-01
赤,時折,副詞,3,0.97,1.05,2026-10-01
赤,びっくり,名詞,3,0.97,1.5,2026-10-01
赤,じっと,副詞,3,0.97,0.08,2026-10-01
赤,引っ越す,動詞,3,0.97,nan,2026-10-01
赤,哀れ,名詞,3,0.97,0.08,2026-10-01
赤,滅ぼす,動詞,3,0.97,-0.46,2026-10-01
赤,今夜,名詞,3,0.97,0.22,2026-10-01
赤,俊敏,名詞,3,0.97,2.01,2026-10-01
赤,歓迎,名詞,3,0.97,-1.86,2026-10-01
赤,頭目,名詞,3,0.97,nan,2026-10-01
赤,試み,名詞,3,0.97,2.01,2026-10-01
赤,アイデア,名詞,3,0.97,1.26,2026-10-01
赤,支える,動詞,3,0.97,-0.15,2026-10-01
赤,打てる,動詞,3,0.97,nan,2026-10-01
赤,じき,名詞,3,0.97,1.5,2026-10-01
赤,紙,名詞,3,0.97,0.51,2026-10-01
赤,お気に入り,名詞,3,0.97,0.67,2026-10-01
赤,火葬,名詞,3,0.97,2.01,2026-10-01
赤,討伐,名詞,3,0.97,nan,2026-10-01
赤,扱う,動詞,3,0.97,-0.15,2026-10-01
赤,台,名詞,3,0.97,0.67,2026-10-01
赤,リス,名詞,3,0.97,0.51,2026-10-01
赤,マンモス,名詞,3,0.97,nan,2026-10-01
赤,美,名詞,3,0.97,-1.95,2026-10-01
赤,売る,動詞,3,0.97,-0.26,2026-10-01
赤,オルゾフ,名詞,3,0.97,-0.89,2026-10-01
赤,所,名詞,3,0.97,-0.73,2026-10-01
赤,欠片,名詞,3,0.97,0.36,2026-10-01
赤,石炭,名詞,3,0.97,2.01,2026-10-01
赤,仮面,名詞,3,0.97,-0.04,2026-10-01
赤,必然,名詞,3,0.97,1.75,2026-10-01
赤,鋳造,名詞,3,0.97,1.75,2026-10-01
赤,拘引,名詞,3,0.97,1.5,2026-10-01
赤,暴動,名詞,3,0.97,nan,2026-10-01
赤,欠ける,動詞,3,0.97,0.85,2026-10-01
赤,反論,名詞,3,0.97,nan,2026-10-01
赤,主張,名詞,3,0.97,1.05,2026-10-01
赤,かなう,動詞,3,0.97,1.26,2026-10-01
赤,報告,名詞,3,0.97,0.22,2026-10-01
赤,下す,動詞,3,0.97,0.22,2026-10-01
赤,訊く,動詞,3,0.97,1.5,2026-10-01
赤,喧嘩,名詞,3,0.97,0.85,2026-10-01
赤,伝える,動詞,3,0.97,-1.29,2026-10-01
赤,斥候,名詞,3,0.97,-0.56,2026-10-01
赤,性,名詞,3,0.97,2.01,2026-10-01
赤,卵,名詞,3,0.97,0.36,2026-10-01
赤,下る,動詞,3,0.97,1.75,2026-10-01
赤,トラルフ,名詞,3,0.97,nan,2026-10-01
赤,付け,名詞,3,0.97,nan,2026-10-01
赤,靴,名詞,3,0.97,1.26,2026-10-01
赤,まずい,形容詞,3,0.97,2.01,2026-10-01
赤,勇者,名詞,3,0.97,-1.35,2026-10-01
赤,部,名詞,3,0.97,-0.37,2026-10-01
赤,確認,名詞,3,0.97,0.22,2026-10-01
赤,若し,形容詞,3,0.97,0.36,2026-10-01
赤,意,名詞,3,0.97,-0.04,2026-10-01
赤,鍛冶,名詞,3,0.97,1.05,2026-10-01
赤,いずれ,副詞,3,0.97,-1.29,2026-10-01
赤,幻視,名詞,3,0.97,0.22,2026-10-01
赤,交信,名詞,3,0.97,1.5,2026-10-01
赤,歓楽,名詞,3,0.97,1.75,2026-10-01
赤,遂げる,動詞,3,0.97,-0.46,2026-10-01
赤,巣食う,動詞,3,0.97,nan,2026-10-01
赤,女王,名詞,3,0.97,-1.63,2026-10-01
赤,縮こまる,動詞,3,0.97,nan,2026-10-01
赤,広める,動詞,3,0.97,-0.04,2026-10-01
赤,見舞い,名詞,3,0.97,nan,2026-10-01
赤,縁,名詞,3,0.97,0.85,2026-10-01
赤,配置,名詞,3,0.97,0.85,2026-10-01
赤,イエティ,名詞,3,0.97,nan,2026-10-01
赤,障害,名詞,3,0.97,-0.04,2026-10-01
赤,修行,名詞,3,0.97,1.75,2026-10-01
赤,繰る,動詞,3,0.97,-0.37,2026-10-01
赤,欺瞞,名詞,3,0.97,0.67,2026-10-01
赤,他者,名詞,3,0.97,0.67,2026-10-01
赤,過ち,名詞,3,0.97,-0.46,2026-10-01
赤,カダット,名詞,3,0.97,nan,2026-10-01
赤,両手,名詞,3,0.97,nan,2026-10-01
赤,恵み,名詞,3,0.97,-0.37,2026-10-01
赤,獲得,名詞,3,0.97,1.26,2026-10-01
赤,繋がる,動詞,3,0.97,0.08,2026-10-01
赤,ギデオン,名詞,3,0.97,-1.57,2026-10-01
赤,足音,名詞,3,0.97,1.05,2026-10-01
赤,旅人,名詞,3,0.97,-1.29,2026-10-01
赤,海門,名詞,3,0.97,0.51,2026-10-01
赤,潜在,名詞,3,0.97,1.5,2026-10-01
赤,斜面,名詞,3,0.97,nan,2026-10-01
赤,アーリン,名詞,3,0.97,2.01,2026-10-01
赤,ゲート,名詞,3,0.97,0.22,2026-10-01
赤,ウォッチ,名詞,3,0.97,0.36,2026-10-01
赤,野心,名詞,3,0.97,-0.15,2026-10-01
赤,誘う,動詞,3,0.97,0.08,2026-10-01
赤,天才,名詞,3,0.97,0.85,2026-10-01
赤,矢筒,名詞,3,0.97,1.75,2026-10-01
赤,化け物,名詞,3,0.97,-0.15,2026-10-01
赤,ソリン,名詞,3,0.97,-0.37,2026-10-01
赤,大声,名詞,3,0.97,1.5,2026-10-01
赤,野火,名詞,3,0.97,nan,2026-10-01
赤,女,名詞,3,0.97,1.5,2026-10-01
赤,捕獲,名詞,3,0.97,1.05,2026-10-01
赤,度胸,名詞,3,0.97,0.51,2026-10-01
赤,イクサラン,名詞,3,0.97,0.22,2026-10-01
赤,失礼,名詞,3,0.97,1.5,2026-10-01
赤,名声,名詞,3,0.97,1.26,2026-10-01
赤,優勝,名詞,3,0.97,1.75,2026-10-01
赤,装置,名詞,3,0.97,0.36,2026-10-01
赤,工作,名詞,3,0.97,-0.56,2026-10-01
赤,調整,名詞,3,0.97,1.75,2026-10-01
赤,専門,名詞,3,0.97,0.67,2026-10-01
赤,真意,名詞,3,0.97,nan,2026-10-01
赤,一員,名詞,3,0.97,0.51,2026-10-01
赤,天井,名詞,3,0.97,1.75,2026-10-01
赤,退屈,名詞,3,0.97,-0.04,2026-10-01
赤,突入,名詞,3,0.97,1.26,2026-10-01
赤,対処,名詞,3,0.97,1.75,2026-10-01
赤,ケット,名詞,3,0.97,-0.37,2026-10-01
赤,隣人,名詞,3,0.97,1.5,2026-10-01
赤,しっかり,副詞,3,0.97,-0.46,2026-10-01
赤,探索,名詞,3,0.97,0.67,2026-10-01
赤,見境,名詞,3,0.97,nan,2026-10-01
赤,案内,名詞,3,0.97,0.85,2026-10-01
赤,ちょうど,副詞,3,0.97,1.5,2026-10-01
赤,やっぱり,副詞,3,0.97,1.75,2026-10-01
赤,提督,名詞,3,0.97,nan,2026-10-01
赤,野生,名詞,3,0.97,-2.15,2026-10-01
赤,小競り合い,名詞,3,0.97,nan,2026-10-01
赤,けち,名詞,3,0.97,nan,2026-10-01
赤,運べる,動詞,3,0.97,nan,2026-10-01
赤,反対,名詞,3,0.97,1.05,2026-10-01
赤,鎚,名詞,3,0.97,2.01,2026-10-01
赤,大半,名詞,3,0.97,0.51,2026-10-01
赤,要する,動詞,3,0.97,1.75,2026-10-01
赤,命取り,名詞,3,0.97,1.5,2026-10-01
赤,事件,名詞,3,0.97,0.08,2026-10-01
赤,燃やせる,動詞,3,0.97,nan,2026-10-01
赤,魔,名詞,3,0.97,0.36,2026-10-01
赤,糧,名詞,3,0.97,-0.37,2026-10-01
赤,礼,名詞,3,0.97,0.85,2026-10-01
赤,客人,名詞,3,0.97,0.85,2026-10-01
赤,火の玉,名詞,3,0.97,nan,2026-10-01
赤,渇望,名詞,3,0.97,-1.1,2026-10-01
赤,夜明け,名詞,3,0.97,-1.29,2026-10-01
赤,一種,名詞,3,0.97,1.05,2026-10-01
赤,驚かす,動詞,3,0.97,2.01,2026-10-01
赤,ルーカ,名詞,3,0.97,2.01,2026-10-01
赤,気まぐれ,名詞,3,0.97,-0.26,2026-10-01
赤,友達,名詞,3,0.97,-0.37,2026-10-01
赤,献納,名詞,3,0.97,nan,2026-10-01
赤,図書,名詞,3,0.97,0.85,2026-10-01
赤,維持,名詞,3,0.97,-0.26,2026-10-01
赤,支払い,名詞,3,0.97,0.67,2026-10-01
赤,這う,動詞,3,0.97,-0.56,2026-10-01
赤,カルドハイム,名詞,3,0.97,1.5,2026-10-01
赤,説明,名詞,3,0.97,0.22,2026-10-01
赤,ローアン,名詞,3,0.97,2.01,2026-10-01
赤,ロアホールド,名詞,3,0.97,2.01,2026-10-01
赤,関する,動詞,3,0.97,-0.73,2026-10-01
赤,躍る,動詞,3,0.97,2.01,2026-10-01
赤,挑戦,名詞,3,0.97,1.26,2026-10-01
赤,つくる,動詞,3,0.97,0.36,2026-10-01
赤,拒む,動詞,3,0.97,-0.26,2026-10-01
赤,皇国,名詞,3,0.97,0.36,2026-10-01
赤,山脈,名詞,3,0.97,1.75,2026-10-01
赤,ルール,名詞,3,0.97,1.05,2026-10-01
赤,音楽,名詞,3,0.97,0.85,2026-10-01
赤,陥る,動詞,3,0.97,0.22,2026-10-01
赤,ジアトラ,名詞,3,0.97,nan,2026-10-01
赤,絶する,動詞,3,0.97,nan,2026-10-01
赤,細工,名詞,3,0.97,0.85,2026-10-01
赤,火力,名詞,3,0.97,nan,2026-10-01
赤,子ども,名詞,3,0.97,0.85,2026-10-01
赤,隊,名詞,3,0.97,nan,2026-10-01
赤,裏切る,動詞,3,0.97,0.22,2026-10-01
赤,雄叫び,名詞,3,0.97,0.08,2026-10-01
赤,ようやく,副詞,3,0.97,0.22,2026-10-01
赤,宴会,名詞,3,0.97,nan,2026-10-01
赤,反射,名詞,3,0.97,1.05,2026-10-01
赤,武装,名詞,3,0.97,0.51,2026-10-01
赤,湧く,動詞,3,0.97,1.26,2026-10-01
赤,オルテカ,名詞,3,0.97,-0.04,2026-10-01
赤,特定,名詞,3,0.97,2.01,2026-10-01
赤,精鋭,名詞,3,0.97,-0.15,2026-10-01
赤,最善,名詞,3,0.97,0.36,2026-10-01
赤,マスク,名詞,3,0.97,nan,2026-10-01
赤,ヒーロー,名詞,3,0.97,0.08,2026-10-01
赤,潜入,名詞,3,0.97,1.5,2026-10-01
赤,調和,名詞,3,0.97,-1.35,2026-10-01
赤,のける,動詞,3,0.97,2.01,2026-10-01
赤,ウェイ,名詞,3,0.97,1.26,2026-10-01
赤,ストランド,名詞,3,0.97,1.26,2026-10-01
赤,角笛,名詞,3,0.97,1.5,2026-10-01
赤,抑える,動詞,2,0.65,-0.84,2026-10-01
赤,ブルク,名詞,2,0.65,nan,2026-10-01
赤,バグベア,名詞,2,0.65,nan,2026-10-01
赤,硫黄,名詞,2,0.65,nan,2026-10-01
赤,まぎれ,名詞,2,0.65,nan,2026-10-01
赤,山々,名詞,2,0.65,1.13,2026-10-01
赤,繕う,動詞,2,0.65,nan,2026-10-01
赤,憎悪,名詞,2,0.65,-1.52,2026-10-01
赤,空気,名詞,2,0.65,-1.52,2026-10-01
赤,井戸,名詞,2,0.65,0.86,2026-10-01
赤,達する,動詞,2,0.65,-0.93,2026-10-01
赤,揺るがす,動詞,2,0.65,0.42,2026-10-01
赤,匂う,動詞,2,0.65,nan,2026-10-01
赤,対象,名詞,2,0.65,0.62,2026-10-01
赤,諸刃,名詞,2,0.65,nan,2026-10-01
赤,不幸,名詞,2,0.65,-0.08,2026-10-01
赤,障壁,名詞,2,0.65,0.23,2026-10-01
赤,さかる,動詞,2,0.65,nan,2026-10-01
赤,週,名詞,2,0.65,nan,2026-10-01
赤,クロル,名詞,2,0.65,nan,2026-10-01
赤,創作,名詞,2,0.65,nan,2026-10-01
赤,弓,名詞,2,0.65,-1.01,2026-10-01
赤,驚異,名詞,2,0.65,-0.56,2026-10-01
赤,単語,名詞,2,0.65,nan,2026-10-01
赤,コボルド,名詞,2,0.65,nan,2026-10-01
赤,薬,名詞,2,0.65,-0.45,2026-10-01
赤,雷雨,名詞,2,0.65,nan,2026-10-01
赤,染める,動詞,2,0.65,-0.56,2026-10-01
赤,膝,名詞,2,0.65,0.23,2026-10-01
赤,屈する,動詞,2,0.65,-0.76,2026-10-01
赤,気配,名詞,2,0.65,nan,2026-10-01
赤,空力,名詞,2,0.65,nan,2026-10-01
赤,性能,名詞,2,0.65,nan,2026-10-01
赤,減る,動詞,2,0.65,0.23,2026-10-01
赤,大気,名詞,2,0.65,0.23,2026-10-01
赤,記録,名詞,2,0.65,-0.93,2026-10-01
赤,雪,名詞,2,0.65,-1.41,2026-10-01
赤,バルデュヴィア,名詞,2,0.65,nan,2026-10-01
赤,ロヴィサ,名詞,2,0.65,nan,2026-10-01
赤,冷眼,名詞,2,0.65,nan,2026-10-01
赤,村々,名詞,2,0.65,0.42,2026-10-01
赤,キイェルドー,名詞,2,0.65,0.42,2026-10-01
赤,仕返し,名詞,2,0.65,1.13,2026-10-01
赤,うねる,動詞,2,0.65,0.86,2026-10-01
赤,射撃,名詞,2,0.65,0.86,2026-10-01
赤,地殻,名詞,2,0.65,nan,2026-10-01
赤,手柄,名詞,2,0.65,nan,2026-10-01
赤,代物,名詞,2,0.65,1.13,2026-10-01
赤,確かめる,動詞,2,0.65,0.62,2026-10-01
赤,名高い,形容詞,2,0.65,0.07,2026-10-01
赤,ネファリア,名詞,2,0.65,-1.01,2026-10-01
赤,のろ,名詞,2,0.65,nan,2026-10-01
赤,ぼんやり,副詞,2,0.65,nan,2026-10-01
赤,ぴかぴか,副詞,2,0.65,nan,2026-10-01
赤,ウェザーライト,名詞,2,0.65,nan,2026-10-01
赤,なぞらえる,動詞,2,0.65,nan,2026-10-01
赤,番人,名詞,2,0.65,0.23,2026-10-01
赤,成功,名詞,2,0.65,-1.91,2026-10-01
赤,上級,名詞,2,0.65,0.42,2026-10-01
赤,要素,名詞,2,0.65,nan,2026-10-01
赤,当初,名詞,2,0.65,0.86,2026-10-01
赤,名案,名詞,2,0.65,nan,2026-10-01
赤,カタパルト,名詞,2,0.65,nan,2026-10-01
赤,除く,動詞,2,0.65,-1.35,2026-10-01
赤,災い,名詞,2,0.65,1.13,2026-10-01
赤,ハーダ,名詞,2,0.65,nan,2026-10-01
赤,墓所,名詞,2,0.65,0.86,2026-10-01
赤,きらめき,名詞,2,0.65,1.13,2026-10-01
赤,足踏み,名詞,2,0.65,nan,2026-10-01
赤,マーフォーク,名詞,2,0.65,-1.58,2026-10-01
赤,電光,名詞,2,0.65,nan,2026-10-01
赤,篭,名詞,2,0.65,nan,2026-10-01
赤,岩石,名詞,2,0.65,nan,2026-10-01
赤,砲手,名詞,2,0.65,nan,2026-10-01
赤,目標,名詞,2,0.65,-0.45,2026-10-01
赤,ひるむ,動詞,2,0.65,0.23,2026-10-01
赤,片付ける,動詞,2,0.65,0.07,2026-10-01
赤,悪名,名詞,2,0.65,0.42,2026-10-01
赤,優位,名詞,2,0.65,0.42,2026-10-01
赤,武力,名詞,2,0.65,nan,2026-10-01
赤,拍車,名詞,2,0.65,0.62,2026-10-01
赤,かまど,名詞,2,0.65,nan,2026-10-01
赤,とげ,名詞,2,0.65,nan,2026-10-01
赤,煉瓦,名詞,2,0.65,1.13,2026-10-01
赤,鳴き声,名詞,2,0.65,-0.34,2026-10-01
赤,通り道,名詞,2,0.65,0.42,2026-10-01
赤,交換,名詞,2,0.65,0.62,2026-10-01
赤,最悪,名詞,2,0.65,-1.15,2026-10-01
赤,掃除,名詞,2,0.65,0.86,2026-10-01
赤,居,名詞,2,0.65,-0.66,2026-10-01
赤,廃墟,名詞,2,0.65,-1.01,2026-10-01
赤,専用,名詞,2,0.65,nan,2026-10-01
赤,食物,名詞,2,0.65,0.23,2026-10-01
赤,連鎖,名詞,2,0.65,0.62,2026-10-01
赤,試みる,動詞,2,0.65,0.42,2026-10-01
赤,進める,動詞,2,0.65,-0.21,2026-10-01
赤,打ち,名詞,2,0.65,nan,2026-10-01
赤,重なる,動詞,2,0.65,0.42,2026-10-01
赤,つめる,動詞,2,0.65,-1.47,2026-10-01
赤,困る,動詞,2,0.65,-0.08,2026-10-01
赤,上る,動詞,2,0.65,-0.08,2026-10-01
赤,キージム,名詞,2,0.65,nan,2026-10-01
赤,放蕩,名詞,2,0.65,nan,2026-10-01
赤,カヴー,名詞,2,0.65,1.13,2026-10-01
赤,ゾンビ,名詞,2,0.65,-1.35,2026-10-01
赤,歯牙,名詞,2,0.65,nan,2026-10-01
赤,可愛らしい,形容詞,2,0.65,nan,2026-10-01
赤,勝ち目,名詞,2,0.65,-0.21,2026-10-01
赤,永らえる,動詞,2,0.65,1.13,2026-10-01
赤,乗り気,名詞,2,0.65,nan,2026-10-01
赤,個体,名詞,2,0.65,0.23,2026-10-01
赤,家畜,名詞,2,0.65,0.23,2026-10-01
赤,役割,名詞,2,0.65,-0.66,2026-10-01
赤,バスレル,名詞,2,0.65,nan,2026-10-01
赤,リーフ,名詞,2,0.65,0.62,2026-10-01
赤,蝋燭,名詞,2,0.65,0.42,2026-10-01
赤,造る,動詞,2,0.65,-0.76,2026-10-01
赤,大勢,名詞,2,0.65,-0.66,2026-10-01
赤,彫る,動詞,2,0.65,0.42,2026-10-01
赤,バカ,名詞,2,0.65,nan,2026-10-01
赤,表面,名詞,2,0.65,0.07,2026-10-01
赤,かっこ,名詞,2,0.65,nan,2026-10-01
赤,親しい,形容詞,2,0.65,1.13,2026-10-01
赤,この世,名詞,2,0.65,-1.22,2026-10-01
赤,ジェスカ,名詞,2,0.65,nan,2026-10-01
赤,損ねる,動詞,2,0.65,nan,2026-10-01
赤,羊皮,名詞,2,0.65,nan,2026-10-01
赤,噴出,名詞,2,0.65,1.13,2026-10-01
赤,やる気,名詞,2,0.65,nan,2026-10-01
赤,蹂躙,名詞,2,0.65,-0.08,2026-10-01
赤,そっと,副詞,2,0.65,nan,2026-10-01
赤,遅い,形容詞,2,0.65,-0.56,2026-10-01
赤,たまる,動詞,2,0.65,-0.21,2026-10-01
赤,玉座,名詞,2,0.65,-0.34,2026-10-01
赤,川,名詞,2,0.65,-2.82,2026-10-01
赤,ヴァドロック,名詞,2,0.65,nan,2026-10-01
赤,脱出,名詞,2,0.65,-0.76,2026-10-01
赤,オタリア,名詞,2,0.65,1.13,2026-10-01
赤,遺産,名詞,2,0.65,-0.56,2026-10-01
赤,アイレンクラッグ,名詞,2,0.65,nan,2026-10-01
赤,終焉,名詞,2,0.65,0.42,2026-10-01
赤,スカーク,名詞,2,0.65,nan,2026-10-01
赤,逃げ道,名詞,2,0.65,nan,2026-10-01
赤,多分,副詞,2,0.65,nan,2026-10-01
赤,バリバリ,副詞,2,0.65,nan,2026-10-01
赤,一歩,名詞,2,0.65,0.07,2026-10-01
赤,帰れる,動詞,2,0.65,nan,2026-10-01
赤,こめる,動詞,2,0.65,0.86,2026-10-01
赤,有能,名詞,2,0.65,0.86,2026-10-01
赤,以降,名詞,2,0.65,0.23,2026-10-01
赤,類,名詞,2,0.65,-0.08,2026-10-01
赤,無駄,名詞,2,0.65,-1.91,2026-10-01
赤,胸壁,名詞,2,0.65,nan,2026-10-01
赤,材料,名詞,2,0.65,-0.34,2026-10-01
赤,怪我,名詞,2,0.65,nan,2026-10-01
赤,小物,名詞,2,0.65,0.62,2026-10-01
赤,風景,名詞,2,0.65,-0.08,2026-10-01
赤,めぐる,動詞,2,0.65,1.13,2026-10-01
赤,胃袋,名詞,2,0.65,nan,2026-10-01
赤,大,名詞,2,0.65,0.86,2026-10-01
赤,過程,名詞,2,0.65,0.07,2026-10-01
赤,清純,名詞,2,0.65,nan,2026-10-01
赤,買える,動詞,2,0.65,0.86,2026-10-01
赤,近寄る,動詞,2,0.65,0.86,2026-10-01
赤,まく,動詞,2,0.65,0.62,2026-10-01
赤,剥く,動詞,2,0.65,1.13,2026-10-01
赤,法則,名詞,2,0.65,-0.56,2026-10-01
赤,回せる,動詞,2,0.65,nan,2026-10-01
赤,消化,名詞,2,0.65,0.42,2026-10-01
赤,さも,副詞,2,0.65,-1.35,2026-10-01
赤,何物,名詞,2,0.65,-0.08,2026-10-01
赤,見もの,名詞,2,0.65,nan,2026-10-01
赤,錆,名詞,2,0.65,nan,2026-10-01
赤,発掘,名詞,2,0.65,nan,2026-10-01
赤,乱れる,動詞,2,0.65,0.23,2026-10-01
赤,巡礼,名詞,2,0.65,0.42,2026-10-01
赤,前兆,名詞,2,0.65,0.86,2026-10-01
赤,探る,動詞,2,0.65,0.07,2026-10-01
赤,汗,名詞,2,0.65,nan,2026-10-01
赤,真剣,名詞,2,0.65,nan,2026-10-01
赤,負える,動詞,2,0.65,0.23,2026-10-01
赤,強し,形容詞,2,0.65,-1.01,2026-10-01
赤,誉れ,名詞,2,0.65,-0.21,2026-10-01
赤,隠れ家,名詞,2,0.65,0.62,2026-10-01
赤,盲,名詞,2,0.65,1.13,2026-10-01
赤,山道,名詞,2,0.65,nan,2026-10-01
赤,救い,名詞,2,0.65,-0.21,2026-10-01
赤,情け,名詞,2,0.65,-0.08,2026-10-01
赤,逸らす,動詞,2,0.65,0.86,2026-10-01
赤,警戒,名詞,2,0.65,-0.56,2026-10-01
赤,野営,名詞,2,0.65,0.62,2026-10-01
赤,眠れる,動詞,2,0.65,1.13,2026-10-01
赤,手管,名詞,2,0.65,nan,2026-10-01
赤,伝わる,動詞,2,0.65,0.23,2026-10-01
赤,意図,名詞,2,0.65,0.86,2026-10-01
赤,化身,名詞,2,0.65,1.13,2026-10-01
赤,迷路,名詞,2,0.65,-1.08,2026-10-01
赤,指す,動詞,2,0.65,nan,2026-10-01
赤,重力,名詞,2,0.65,0.23,2026-10-01
赤,まして,副詞,2,0.65,0.86,2026-10-01
赤,主に,副詞,2,0.65,nan,2026-10-01
赤,絶望,名詞,2,0.65,-1.63,2026-10-01
赤,刀,名詞,2,0.65,-0.08,2026-10-01
赤,乱,名詞,2,0.65,-1.15,2026-10-01
赤,闊歩,名詞,2,0.65,nan,2026-10-01
赤,考慮,名詞,2,0.65,nan,2026-10-01
赤,吹雪,名詞,2,0.65,0.42,2026-10-01
赤,血塗る,動詞,2,0.65,nan,2026-10-01
赤,ずうずうしい,形容詞,2,0.65,nan,2026-10-01
赤,判断,名詞,2,0.65,0.07,2026-10-01
赤,悪臭,名詞,2,0.65,0.07,2026-10-01
赤,為す,動詞,2,0.65,0.23,2026-10-01
赤,目前,名詞,2,0.65,0.42,2026-10-01
赤,すむ,動詞,2,0.65,0.62,2026-10-01
赤,侵す,動詞,2,0.65,-0.08,2026-10-01
赤,高熱,名詞,2,0.65,nan,2026-10-01
赤,申す,動詞,2,0.65,0.23,2026-10-01
赤,害,名詞,2,0.65,0.86,2026-10-01
赤,支援,名詞,2,0.65,0.07,2026-10-01
赤,成就,名詞,2,0.65,nan,2026-10-01
赤,唸り声,名詞,2,0.65,0.42,2026-10-01
赤,峰,名詞,2,0.65,0.42,2026-10-01
赤,警備,名詞,2,0.65,-0.21,2026-10-01
赤,贄,名詞,2,0.65,nan,2026-10-01
赤,ごろつき,名詞,2,0.65,nan,2026-10-01
赤,尊い,形容詞,2,0.65,0.86,2026-10-01
赤,罰,名詞,2,0.65,0.07,2026-10-01
赤,ラジア,名詞,2,0.65,nan,2026-10-01
赤,柄,名詞,2,0.65,nan,2026-10-01
赤,景気,名詞,2,0.65,nan,2026-10-01
赤,休まる,動詞,2,0.65,nan,2026-10-01
赤,形作る,動詞,2,0.65,-0.08,2026-10-01
赤,感染,名詞,2,0.65,0.42,2026-10-01
赤,区域,名詞,2,0.65,1.13,2026-10-01
赤,垣間見る,動詞,2,0.65,0.42,2026-10-01
赤,裁判,名詞,2,0.65,0.86,2026-10-01
赤,強大,名詞,2,0.65,-0.93,2026-10-01
赤,建てる,動詞,2,0.65,-0.45,2026-10-01
赤,エール,名詞,2,0.65,nan,2026-10-01
赤,樽,名詞,2,0.65,nan,2026-10-01
赤,束ねる,動詞,2,0.65,nan,2026-10-01
赤,箱,名詞,2,0.65,0.23,2026-10-01
赤,基礎,名詞,2,0.65,0.42,2026-10-01
赤,抜け道,名詞,2,0.65,nan,2026-10-01
赤,嘲笑,名詞,2,0.65,1.13,2026-10-01
赤,期間,名詞,2,0.65,1.13,2026-10-01
赤,仰天,名詞,2,0.65,nan,2026-10-01
赤,熱意,名詞,2,0.65,1.13,2026-10-01
赤,ペット,名詞,2,0.65,-1.29,2026-10-01
赤,芸,名詞,2,0.65,nan,2026-10-01
赤,とめる,動詞,2,0.65,1.13,2026-10-01
赤,確執,名詞,2,0.65,nan,2026-10-01
赤,シャウフ,名詞,2,0.65,nan,2026-10-01
赤,のめす,動詞,2,0.65,0.07,2026-10-01
赤,祝日,名詞,2,0.65,nan,2026-10-01
赤,ラウク,名詞,2,0.65,nan,2026-10-01
赤,無視,名詞,2,0.65,-0.45,2026-10-01
赤,矛盾,名詞,2,0.65,0.23,2026-10-01
赤,広い,形容詞,2,0.65,-0.84,2026-10-01
赤,使い道,名詞,2,0.65,0.86,2026-10-01
赤,司る,動詞,2,0.65,nan,2026-10-01
赤,座興,名詞,2,0.65,nan,2026-10-01
赤,加わる,動詞,2,0.65,-1.35,2026-10-01
赤,競う,動詞,2,0.65,0.86,2026-10-01
赤,回転,名詞,2,0.65,nan,2026-10-01
赤,ゲーム,名詞,2,0.65,0.86,2026-10-01
赤,凍える,動詞,2,0.65,0.42,2026-10-01
赤,速度,名詞,2,0.65,-0.34,2026-10-01
赤,ナメクジ,名詞,2,0.65,0.62,2026-10-01
赤,テリシア,名詞,2,0.65,0.07,2026-10-01
赤,雪解け,名詞,2,0.65,0.62,2026-10-01
赤,毛,名詞,2,0.65,0.62,2026-10-01
赤,走り,名詞,2,0.65,1.13,2026-10-01
赤,霧氷,名詞,2,0.65,0.23,2026-10-01
赤,山肌,名詞,2,0.65,nan,2026-10-01
赤,家々,名詞,2,0.65,nan,2026-10-01
赤,脱ぐ,動詞,2,0.65,0.23,2026-10-01
赤,そそる,動詞,2,0.65,nan,2026-10-01
赤,包丁,名詞,2,0.65,nan,2026-10-01
赤,さばける,動詞,2,0.65,nan,2026-10-01
赤,ガーゴイル,名詞,2,0.65,0.86,2026-10-01
赤,妨げる,動詞,2,0.65,0.62,2026-10-01
赤,ぶつかる,動詞,2,0.65,-0.21,2026-10-01
赤,生まれ,名詞,2,0.65,0.62,2026-10-01
赤,シュラウド,名詞,2,0.65,0.62,2026-10-01
赤,高所,名詞,2,0.65,1.13,2026-10-01
赤,装填,名詞,2,0.65,nan,2026-10-01
赤,そのまま,名詞,2,0.65,-0.45,2026-10-01
赤,失望,名詞,2,0.65,0.62,2026-10-01
赤,辛抱,名詞,2,0.65,0.07,2026-10-01
赤,空ける,動詞,2,0.65,1.13,2026-10-01
赤,唸り,名詞,2,0.65,1.13,2026-10-01
赤,舐める,動詞,2,0.65,nan,2026-10-01
赤,うごめく,動詞,2,0.65,0.86,2026-10-01
赤,沼地,名詞,2,0.65,-0.84,2026-10-01
赤,打撃,名詞,2,0.65,0.62,2026-10-01
赤,ふさぐ,動詞,2,0.65,1.13,2026-10-01
赤,帯,名詞,2,0.65,nan,2026-10-01
赤,セッド,名詞,2,0.65,nan,2026-10-01
赤,息子,名詞,2,0.65,0.23,2026-10-01
赤,反響,名詞,2,0.65,nan,2026-10-01
赤,ミラーリ,名詞,2,0.65,0.86,2026-10-01
赤,ヤヴィマヤ,名詞,2,0.65,-1.08,2026-10-01
赤,首飾り,名詞,2,0.65,nan,2026-10-01
赤,シンボル,名詞,2,0.65,nan,2026-10-01
赤,長,名詞,2,0.65,-0.76,2026-10-01
赤,はじける,動詞,2,0.65,nan,2026-10-01
赤,果,名詞,2,0.65,nan,2026-10-01
赤,熟れる,動詞,2,0.65,nan,2026-10-01
赤,脾臓,名詞,2,0.65,nan,2026-10-01
赤,経つ,動詞,2,0.65,-1.22,2026-10-01
赤,生態,名詞,2,0.65,0.23,2026-10-01
赤,恐慌,名詞,2,0.65,0.23,2026-10-01
赤,薬草,名詞,2,0.65,1.13,2026-10-01
赤,乾燥,名詞,2,0.65,nan,2026-10-01
赤,外殻,名詞,2,0.65,nan,2026-10-01
赤,しょう,名詞,2,0.65,1.13,2026-10-01
赤,死人,名詞,2,0.65,0.86,2026-10-01
赤,向き,名詞,2,0.65,nan,2026-10-01
赤,酔う,動詞,2,0.65,0.86,2026-10-01
赤,蜘蛛,名詞,2,0.65,-2.18,2026-10-01
赤,遺言,名詞,2,0.65,nan,2026-10-01
赤,燎原,名詞,2,0.65,nan,2026-10-01
赤,ジン,名詞,2,0.65,nan,2026-10-01
赤,映す,動詞,2,0.65,0.62,2026-10-01
赤,同胞,名詞,2,0.65,0.07,2026-10-01
赤,イグナス,名詞,2,0.65,nan,2026-10-01
赤,病む,動詞,2,0.65,0.62,2026-10-01
赤,来訪,名詞,2,0.65,nan,2026-10-01
赤,印,名詞,2,0.65,-1.29,2026-10-01
赤,消耗,名詞,2,0.65,nan,2026-10-01
赤,争う,動詞,2,0.65,0.42,2026-10-01
赤,爪先,名詞,2,0.65,nan,2026-10-01
赤,ガドック,名詞,2,0.65,nan,2026-10-01
赤,言い回し,名詞,2,0.65,0.42,2026-10-01
赤,舞台,名詞,2,0.65,0.23,2026-10-01
赤,祖母,名詞,2,0.65,nan,2026-10-01
赤,遊び,名詞,2,0.65,-0.21,2026-10-01
赤,波打つ,動詞,2,0.65,nan,2026-10-01
赤,点火,名詞,2,0.65,nan,2026-10-01
赤,投げ,名詞,2,0.65,0.86,2026-10-01
赤,チームワーク,名詞,2,0.65,nan,2026-10-01
赤,ぬぐう,動詞,2,0.65,nan,2026-10-01
赤,たてる,動詞,2,0.65,0.62,2026-10-01
赤,ブレンタン,名詞,2,0.65,nan,2026-10-01
赤,手法,名詞,2,0.65,nan,2026-10-01
赤,暖かい,形容詞,2,0.65,0.07,2026-10-01
赤,苦しむ,動詞,2,0.65,-1.41,2026-10-01
赤,挑発,名詞,2,0.65,0.62,2026-10-01
赤,鳴く,動詞,2,0.65,-0.34,2026-10-01
赤,抗争,名詞,2,0.65,0.62,2026-10-01
赤,ゴンドール,名詞,2,0.65,0.23,2026-10-01
赤,力強い,形容詞,2,0.65,-0.21,2026-10-01
赤,大口,名詞,2,0.65,0.62,2026-10-01
赤,ローウィン,名詞,2,0.65,-1.08,2026-10-01
赤,なおさら,副詞,2,0.65,0.62,2026-10-01
赤,勝る,動詞,2,0.65,-0.56,2026-10-01
赤,象る,動詞,2,0.65,0.86,2026-10-01
赤,帯びる,動詞,2,0.65,-1.01,2026-10-01
赤,汁,名詞,2,0.65,nan,2026-10-01
赤,悼む,動詞,2,0.65,0.42,2026-10-01
赤,原始,名詞,2,0.65,-0.08,2026-10-01
赤,指輪,名詞,2,0.65,-1.08,2026-10-01
赤,目の当たり,名詞,2,0.65,-0.84,2026-10-01
赤,振り,名詞,2,0.65,0.42,2026-10-01
赤,廃虚,名詞,2,0.65,nan,2026-10-01
赤,食える,動詞,2,0.65,0.62,2026-10-01
赤,計る,動詞,2,0.65,0.42,2026-10-01
赤,あう,動詞,2,0.65,nan,2026-10-01
赤,塞ぐ,動詞,2,0.65,0.23,2026-10-01
赤,今後,名詞,2,0.65,0.23,2026-10-01
赤,ナイト,名詞,2,0.65,nan,2026-10-01
赤,入り口,名詞,2,0.65,0.07,2026-10-01
赤,節くれ,名詞,2,0.65,nan,2026-10-01
赤,毎晩,名詞,2,0.65,0.62,2026-10-01
赤,競争,名詞,2,0.65,-0.34,2026-10-01
赤,奥,名詞,2,0.65,0.07,2026-10-01
赤,ラッカ,名詞,2,0.65,nan,2026-10-01
赤,調査,名詞,2,0.65,-0.76,2026-10-01
赤,悲惨,名詞,2,0.65,-0.08,2026-10-01
赤,通常,名詞,2,0.65,0.86,2026-10-01
赤,積極,名詞,2,0.65,nan,2026-10-01
赤,初,名詞,2,0.65,0.86,2026-10-01
赤,飼う,動詞,2,0.65,-1.15,2026-10-01
赤,おもちゃ,名詞,2,0.65,0.62,2026-10-01
赤,傷つく,動詞,2,0.65,0.42,2026-10-01
赤,けっこう,副詞,2,0.65,nan,2026-10-01
赤,老いる,動詞,2,0.65,0.86,2026-10-01
赤,直前,名詞,2,0.65,0.62,2026-10-01
赤,浸す,動詞,2,0.65,nan,2026-10-01
赤,美味,名詞,2,0.65,-0.21,2026-10-01
赤,忍び込み,名詞,2,0.65,nan,2026-10-01
赤,従える,動詞,2,0.65,0.86,2026-10-01
赤,醸す,動詞,2,0.65,nan,2026-10-01
赤,屑,名詞,2,0.65,0.23,2026-10-01
赤,輝き,名詞,2,0.65,-1.52,2026-10-01
赤,普段,名詞,2,0.65,0.23,2026-10-01
赤,橋,名詞,2,0.65,-0.66,2026-10-01
赤,逆側,名詞,2,0.65,nan,2026-10-01
赤,気性,名詞,2,0.65,nan,2026-10-01
赤,弱者,名詞,2,0.65,-1.15,2026-10-01
赤,アカデミー,名詞,2,0.65,-0.08,2026-10-01
赤,祖先,名詞,2,0.65,-1.47,2026-10-01
赤,ほど,名詞,2,0.65,0.62,2026-10-01
赤,逆らう,動詞,2,0.65,-1.22,2026-10-01
赤,兵舎,名詞,2,0.65,nan,2026-10-01
赤,安静,名詞,2,0.65,nan,2026-10-01
赤,巻物,名詞,2,0.65,-0.45,2026-10-01
赤,広げる,動詞,2,0.65,-1.01,2026-10-01
赤,鏡,名詞,2,0.65,0.07,2026-10-01
赤,投石,名詞,2,0.65,nan,2026-10-01
赤,ヘルハウンド,名詞,2,0.65,nan,2026-10-01
赤,興奮,名詞,2,0.65,-0.08,2026-10-01
赤,サルディア,名詞,2,0.65,nan,2026-10-01
赤,ジョーリ,名詞,2,0.65,1.13,2026-10-01
赤,タクライ,名詞,2,0.65,nan,2026-10-01
赤,歪む,動詞,2,0.65,-0.66,2026-10-01
赤,堕落,名詞,2,0.65,-0.45,2026-10-01
赤,飼い主,名詞,2,0.65,nan,2026-10-01
赤,基本,名詞,2,0.65,nan,2026-10-01
赤,なだめる,動詞,2,0.65,1.13,2026-10-01
赤,マキンディ,名詞,2,0.65,1.13,2026-10-01
赤,はだかる,動詞,2,0.65,0.86,2026-10-01
赤,呻き,名詞,2,0.65,1.13,2026-10-01
赤,金床,名詞,2,0.65,1.13,2026-10-01
赤,髑髏,名詞,2,0.65,0.86,2026-10-01
赤,はやす,動詞,2,0.65,nan,2026-10-01
赤,金貨,名詞,2,0.65,0.86,2026-10-01
赤,箇所,名詞,2,0.65,nan,2026-10-01
赤,客,名詞,2,0.65,-0.93,2026-10-01
赤,臭い,形容詞,2,0.65,0.07,2026-10-01
赤,アーファ,名詞,2,0.65,nan,2026-10-01
赤,ジャルン,名詞,2,0.65,nan,2026-10-01
赤,歩哨,名詞,2,0.65,-0.34,2026-10-01
赤,大衆,名詞,2,0.65,nan,2026-10-01
赤,消せる,動詞,2,0.65,0.86,2026-10-01
赤,跪く,動詞,2,0.65,0.86,2026-10-01
赤,おまけ,名詞,2,0.65,0.86,2026-10-01
赤,鞍,名詞,2,0.65,0.62,2026-10-01
赤,下りる,動詞,2,0.65,0.86,2026-10-01
赤,寺院,名詞,2,0.65,-0.66,2026-10-01
赤,醜悪,名詞,2,0.65,nan,2026-10-01
赤,詐称,名詞,2,0.65,nan,2026-10-01
赤,ナンダーリ,名詞,2,0.65,nan,2026-10-01
赤,離す,動詞,2,0.65,-0.84,2026-10-01
赤,瓶,名詞,2,0.65,0.62,2026-10-01
赤,道のり,名詞,2,0.65,nan,2026-10-01
赤,貢ぎ物,名詞,2,0.65,nan,2026-10-01
赤,発動,名詞,2,0.65,0.07,2026-10-01
赤,担当,名詞,2,0.65,0.62,2026-10-01
赤,どうせ,副詞,2,0.65,1.13,2026-10-01
赤,遡る,動詞,2,0.65,0.86,2026-10-01
赤,隆盛,名詞,2,0.65,nan,2026-10-01
赤,ディア,名詞,2,0.65,0.86,2026-10-01
赤,シャー,名詞,2,0.65,0.86,2026-10-01
赤,要塞,名詞,2,0.65,-1.47,2026-10-01
赤,召す,動詞,2,0.65,0.62,2026-10-01
赤,ごろごろ,副詞,2,0.65,nan,2026-10-01
赤,傀儡,名詞,2,0.65,1.13,2026-10-01
赤,魔物,名詞,2,0.65,0.23,2026-10-01
赤,瞑想,名詞,2,0.65,0.42,2026-10-01
赤,繋がり,名詞,2,0.65,-0.93,2026-10-01
赤,オンドゥ,名詞,2,0.65,0.23,2026-10-01
赤,才能,名詞,2,0.65,-1.29,2026-10-01
赤,よそ者,名詞,2,0.65,-0.56,2026-10-01
赤,溶口,名詞,2,0.65,nan,2026-10-01
赤,コジレック,名詞,2,0.65,nan,2026-10-01
赤,ゆっくり,副詞,2,0.65,-1.58,2026-10-01
赤,生涯,名詞,2,0.65,-1.41,2026-10-01
赤,装飾,名詞,2,0.65,0.23,2026-10-01
赤,とてつ,名詞,2,0.65,nan,2026-10-01
赤,杖,名詞,2,0.65,0.42,2026-10-01
赤,入植,名詞,2,0.65,nan,2026-10-01
赤,忌まわしい,形容詞,2,0.65,-0.93,2026-10-01
赤,耐性,名詞,2,0.65,0.86,2026-10-01
赤,全く,副詞,2,0.65,-0.21,2026-10-01
赤,真ん中,名詞,2,0.65,nan,2026-10-01
赤,制限,名詞,2,0.65,0.62,2026-10-01
赤,一面,名詞,2,0.65,nan,2026-10-01
赤,空間,名詞,2,0.65,-0.21,2026-10-01
赤,疾風,名詞,2,0.65,nan,2026-10-01
赤,わずか,副詞,2,0.65,0.42,2026-10-01
赤,釘,名詞,2,0.65,0.86,2026-10-01
赤,全然,副詞,2,0.65,0.42,2026-10-01
赤,感動,名詞,2,0.65,0.86,2026-10-01
赤,汚れる,動詞,2,0.65,0.42,2026-10-01
赤,カルドーサ,名詞,2,0.65,nan,2026-10-01
赤,考案,名詞,2,0.65,1.13,2026-10-01
赤,メムナーク,名詞,2,0.65,0.07,2026-10-01
赤,重圧,名詞,2,0.65,nan,2026-10-01
赤,スティール,名詞,2,0.65,nan,2026-10-01
赤,触媒,名詞,2,0.65,nan,2026-10-01
赤,きちんと,副詞,2,0.65,1.13,2026-10-01
赤,食べ物,名詞,2,0.65,-0.08,2026-10-01
赤,区画,名詞,2,0.65,1.13,2026-10-01
赤,面倒,名詞,2,0.65,-0.56,2026-10-01
赤,個人,名詞,2,0.65,-0.21,2026-10-01
赤,交戦,名詞,2,0.65,nan,2026-10-01
赤,消費,名詞,2,0.65,0.62,2026-10-01
赤,生成,名詞,2,0.65,1.13,2026-10-01
赤,勅命,名詞,2,0.65,nan,2026-10-01
赤,凍る,動詞,2,0.65,-1.29,2026-10-01
赤,侵攻,名詞,2,0.65,-1.35,2026-10-01
赤,法務,名詞,2,0.65,0.23,2026-10-01
赤,核,名詞,2,0.65,-0.45,2026-10-01
赤,ひざまずく,動詞,2,0.65,0.07,2026-10-01
赤,顔面,名詞,2,0.65,nan,2026-10-01
赤,返し,名詞,2,0.65,0.62,2026-10-01
赤,通行,名詞,2,0.65,0.42,2026-10-01
赤,堀,名詞,2,0.65,nan,2026-10-01
赤,真紅,名詞,2,0.65,nan,2026-10-01
赤,教義,名詞,2,0.65,0.23,2026-10-01
赤,工芸,名詞,2,0.65,1.13,2026-10-01
赤,交差,名詞,2,0.65,0.42,2026-10-01
赤,エルムート,名詞,2,0.65,nan,2026-10-01
赤,財布,名詞,2,0.65,0.86,2026-10-01
赤,くすねる,動詞,2,0.65,nan,2026-10-01
赤,持ち場,名詞,2,0.65,0.23,2026-10-01
赤,気味,名詞,2,0.65,-0.76,2026-10-01
赤,遺棄,名詞,2,0.65,nan,2026-10-01
赤,渓間,名詞,2,0.65,-0.56,2026-10-01
赤,自棄,名詞,2,0.65,nan,2026-10-01
赤,自暴,名詞,2,0.65,nan,2026-10-01
赤,結界,名詞,2,0.65,-0.56,2026-10-01
赤,銀,名詞,2,0.65,-1.08,2026-10-01
赤,茨,名詞,2,0.65,0.07,2026-10-01
赤,真逆,名詞,2,0.65,nan,2026-10-01
赤,工夫,名詞,2,0.65,1.13,2026-10-01
赤,創意,名詞,2,0.65,0.86,2026-10-01
赤,村人,名詞,2,0.65,-0.93,2026-10-01
赤,優雅,名詞,2,0.65,-1.35,2026-10-01
赤,渇き,名詞,2,0.65,0.23,2026-10-01
赤,貴族,名詞,2,0.65,-0.34,2026-10-01
赤,輩,名詞,2,0.65,0.23,2026-10-01
赤,臣下,名詞,2,0.65,0.86,2026-10-01
赤,生まれつき,名詞,2,0.65,nan,2026-10-01
赤,蛇,名詞,2,0.65,-1.41,2026-10-01
赤,ガラス,名詞,2,0.65,-0.08,2026-10-01
赤,エルドワル,名詞,2,0.65,nan,2026-10-01
赤,路地,名詞,2,0.65,0.86,2026-10-01
赤,深し,形容詞,2,0.65,0.23,2026-10-01
赤,満月,名詞,2,0.65,1.13,2026-10-01
赤,霊魂,名詞,2,0.65,-0.56,2026-10-01
赤,結婚,名詞,2,0.65,-0.45,2026-10-01
赤,敵対,名詞,2,0.65,-0.08,2026-10-01
赤,鼻息,名詞,2,0.65,nan,2026-10-01
赤,塊,名詞,2,0.65,0.62,2026-10-01
赤,聖堂,名詞,2,0.65,1.13,2026-10-01
赤,野性,名詞,2,0.65,0.62,2026-10-01
赤,商売,名詞,2,0.65,-0.08,2026-10-01
赤,鷺,名詞,2,0.65,1.13,2026-10-01
赤,蘇る,動詞,2,0.65,-1.15,2026-10-01
赤,居住,名詞,2,0.65,0.86,2026-10-01
赤,ほぼ,副詞,2,0.65,0.42,2026-10-01
赤,瞬時,名詞,2,0.65,nan,2026-10-01
赤,獄,名詞,2,0.65,0.86,2026-10-01
赤,不満,名詞,2,0.65,0.23,2026-10-01
赤,ウルフィー,名詞,2,0.65,nan,2026-10-01
赤,進撃,名詞,2,0.65,nan,2026-10-01
赤,快い,形容詞,2,0.65,nan,2026-10-01
赤,改心,名詞,2,0.65,nan,2026-10-01
赤,反する,動詞,2,0.65,0.23,2026-10-01
赤,暗黒,名詞,2,0.65,-1.08,2026-10-01
赤,スカースダグ,名詞,2,0.65,-0.21,2026-10-01
赤,ガツタフ,名詞,2,0.65,-0.08,2026-10-01
赤,噛み傷,名詞,2,0.65,nan,2026-10-01
赤,削ぐ,動詞,2,0.65,nan,2026-10-01
赤,刺し傷,名詞,2,0.65,nan,2026-10-01
赤,灯,名詞,2,0.65,-0.08,2026-10-01
赤,切断,名詞,2,0.65,0.86,2026-10-01
赤,跡形,名詞,2,0.65,nan,2026-10-01
赤,好奇,名詞,2,0.65,-1.01,2026-10-01
赤,占める,動詞,2,0.65,0.86,2026-10-01
赤,制裁,名詞,2,0.65,1.13,2026-10-01
赤,民事,名詞,2,0.65,nan,2026-10-01
赤,罰する,動詞,2,0.65,0.42,2026-10-01
赤,吉兆,名詞,2,0.65,nan,2026-10-01
赤,フェニックス,名詞,2,0.65,nan,2026-10-01
赤,マザール,名詞,2,0.65,nan,2026-10-01
赤,ハーデック,名詞,2,0.65,nan,2026-10-01
赤,調教,名詞,2,0.65,1.13,2026-10-01
赤,荷物,名詞,2,0.65,0.07,2026-10-01
赤,くつろぐ,動詞,2,0.65,nan,2026-10-01
赤,再現,名詞,2,0.65,1.13,2026-10-01
赤,滅ぶ,動詞,2,0.65,nan,2026-10-01
赤,オモチャ,名詞,2,0.65,nan,2026-10-01
赤,モリア,名詞,2,0.65,nan,2026-10-01
赤,恥ずかしい,形容詞,2,0.65,0.86,2026-10-01
赤,正体,名詞,2,0.65,0.62,2026-10-01
赤,決着,名詞,2,0.65,0.62,2026-10-01
赤,降りる,動詞,2,0.65,-1.08,2026-10-01
赤,重視,名詞,2,0.65,nan,2026-10-01
赤,ごらん,名詞,2,0.65,0.62,2026-10-01
赤,屍,名詞,2,0.65,-2.96,2026-10-01
赤,契約,名詞,2,0.65,-0.93,2026-10-01
赤,黒,名詞,2,0.65,-0.76,2026-10-01
赤,小道,名詞,2,0.65,nan,2026-10-01
赤,信者,名詞,2,0.65,-0.34,2026-10-01
赤,なだれる,動詞,2,0.65,nan,2026-10-01
赤,防護,名詞,2,0.65,0.62,2026-10-01
赤,棍棒,名詞,2,0.65,0.86,2026-10-01
赤,建物,名詞,2,0.65,-0.84,2026-10-01
赤,スパイ,名詞,2,0.65,0.42,2026-10-01
赤,管区,名詞,2,0.65,-0.56,2026-10-01
赤,時々,名詞,2,0.65,-0.21,2026-10-01
赤,語り部,名詞,2,0.65,nan,2026-10-01
赤,指先,名詞,2,0.65,nan,2026-10-01
赤,究極,名詞,2,0.65,-0.56,2026-10-01
赤,適当,名詞,2,0.65,nan,2026-10-01
赤,唾,名詞,2,0.65,1.13,2026-10-01
赤,具合,名詞,2,0.65,nan,2026-10-01
赤,幕,名詞,2,0.65,nan,2026-10-01
赤,社,名詞,2,0.65,-0.76,2026-10-01
赤,先頭,名詞,2,0.65,0.86,2026-10-01
赤,力線,名詞,2,0.65,0.42,2026-10-01
赤,応援,名詞,2,0.65,nan,2026-10-01
赤,協力,名詞,2,0.65,-0.45,2026-10-01
赤,所属,名詞,2,0.65,nan,2026-10-01
赤,関わる,動詞,2,0.65,-0.08,2026-10-01
赤,社会,名詞,2,0.65,-1.15,2026-10-01
赤,ワイロ,名詞,2,0.65,nan,2026-10-01
赤,ルーリク,名詞,2,0.65,nan,2026-10-01
赤,脳天,名詞,2,0.65,nan,2026-10-01
赤,テューン,名詞,2,0.65,-0.21,2026-10-01
赤,尖腕,名詞,2,0.65,nan,2026-10-01
赤,ハストリック,名詞,2,0.65,0.86,2026-10-01
赤,背後,名詞,2,0.65,-0.76,2026-10-01
赤,融ける,動詞,2,0.65,nan,2026-10-01
赤,高地,名詞,2,0.65,nan,2026-10-01
赤,僧院,名詞,2,0.65,0.42,2026-10-01
赤,潰れる,動詞,2,0.65,nan,2026-10-01
赤,説得,名詞,2,0.65,0.86,2026-10-01
赤,呼応,名詞,2,0.65,nan,2026-10-01
赤,動機,名詞,2,0.65,0.23,2026-10-01
赤,夢見る,動詞,2,0.65,-0.08,2026-10-01
赤,束縛,名詞,2,0.65,0.23,2026-10-01
赤,祭殿,名詞,2,0.65,nan,2026-10-01
赤,小技,名詞,2,0.65,nan,2026-10-01
赤,アズーラ,名詞,2,0.65,1.13,2026-10-01
赤,ハイラ,名詞,2,0.65,nan,2026-10-01
赤,予兆,名詞,2,0.65,0.23,2026-10-01
赤,額,名詞,2,0.65,0.42,2026-10-01
赤,テーリアス,名詞,2,0.65,1.13,2026-10-01
赤,拭う,動詞,2,0.65,nan,2026-10-01
赤,勇猛,名詞,2,0.65,-0.08,2026-10-01
赤,メレティス,名詞,2,0.65,-0.34,2026-10-01
赤,エオクレス,名詞,2,0.65,nan,2026-10-01
赤,一押し,名詞,2,0.65,nan,2026-10-01
赤,国家,名詞,2,0.65,-0.56,2026-10-01
赤,賜る,動詞,2,0.65,nan,2026-10-01
赤,纏う,動詞,2,0.65,0.23,2026-10-01
赤,業火,名詞,2,0.65,nan,2026-10-01
赤,消失,名詞,2,0.65,1.13,2026-10-01
赤,崇める,動詞,2,0.65,-0.34,2026-10-01
赤,意匠,名詞,2,0.65,nan,2026-10-01
赤,務め,名詞,2,0.65,-0.08,2026-10-01
赤,連なる,動詞,2,0.65,0.62,2026-10-01
赤,形成,名詞,2,0.65,-0.45,2026-10-01
赤,城壁,名詞,2,0.65,-0.34,2026-10-01
赤,願い,名詞,2,0.65,-1.29,2026-10-01
赤,大いに,副詞,2,0.65,-0.08,2026-10-01
赤,行進,名詞,2,0.65,nan,2026-10-01
赤,従者,名詞,2,0.65,0.42,2026-10-01
赤,最上,名詞,2,0.65,0.62,2026-10-01
赤,回収,名詞,2,0.65,0.42,2026-10-01
赤,折る,動詞,2,0.65,-0.56,2026-10-01
赤,地中,名詞,2,0.65,nan,2026-10-01
赤,良し,名詞,2,0.65,0.86,2026-10-01
赤,報復,名詞,2,0.65,-0.34,2026-10-01
赤,帰還,名詞,2,0.65,-1.01,2026-10-01
赤,不浄,名詞,2,0.65,-0.34,2026-10-01
赤,オナッケ,名詞,2,0.65,nan,2026-10-01
赤,技巧,名詞,2,0.65,nan,2026-10-01
赤,チビ,名詞,2,0.65,1.13,2026-10-01
赤,長ける,動詞,2,0.65,-0.21,2026-10-01
赤,活躍,名詞,2,0.65,nan,2026-10-01
赤,逸話,名詞,2,0.65,nan,2026-10-01
赤,物語る,動詞,2,0.65,nan,2026-10-01
赤,族長,名詞,2,0.65,nan,2026-10-01
赤,染まる,動詞,2,0.65,0.62,2026-10-01
赤,放棄,名詞,2,0.65,nan,2026-10-01
赤,不利,名詞,2,0.65,0.62,2026-10-01
赤,害虫,名詞,2,0.65,-0.08,2026-10-01
赤,肉片,名詞,2,0.65,nan,2026-10-01
赤,パンチ,名詞,2,0.65,nan,2026-10-01
赤,人目,名詞,2,0.65,0.62,2026-10-01
赤,満足,名詞,2,0.65,-1.41,2026-10-01
赤,熟練,名詞,2,0.65,0.42,2026-10-01
赤,圧迫,名詞,2,0.65,nan,2026-10-01
赤,ウギン,名詞,2,0.65,-0.34,2026-10-01
赤,好く,動詞,2,0.65,nan,2026-10-01
赤,ますます,副詞,2,0.65,nan,2026-10-01
赤,朝,名詞,2,0.65,-0.66,2026-10-01
赤,偶然,名詞,2,0.65,1.13,2026-10-01
赤,発揮,名詞,2,0.65,-0.08,2026-10-01
赤,大蛇,名詞,2,0.65,-1.01,2026-10-01
赤,沸,名詞,2,0.65,nan,2026-10-01
赤,汚す,動詞,2,0.65,-0.66,2026-10-01
赤,ケイシャム,名詞,2,0.65,nan,2026-10-01
赤,転換,名詞,2,0.65,1.13,2026-10-01
赤,汲む,動詞,2,0.65,nan,2026-10-01
赤,信念,名詞,2,0.65,-1.08,2026-10-01
赤,体系,名詞,2,0.65,0.86,2026-10-01
赤,組織,名詞,2,0.65,-0.45,2026-10-01
赤,図る,動詞,2,0.65,nan,2026-10-01
赤,故,名詞,2,0.65,-0.34,2026-10-01
赤,降伏,名詞,2,0.65,nan,2026-10-01
赤,習得,名詞,2,0.65,-0.08,2026-10-01
赤,確信,名詞,2,0.65,0.07,2026-10-01
赤,大嵐,名詞,2,0.65,0.62,2026-10-01
赤,形態,名詞,2,0.65,0.42,2026-10-01
赤,イカロ,名詞,2,0.65,nan,2026-10-01
赤,自制,名詞,2,0.65,1.13,2026-10-01
赤,逃す,動詞,2,0.65,-0.45,2026-10-01
赤,礼儀,名詞,2,0.65,-0.34,2026-10-01
赤,納得,名詞,2,0.65,1.13,2026-10-01
赤,降下,名詞,2,0.65,0.62,2026-10-01
赤,射程,名詞,2,0.65,1.13,2026-10-01
赤,隊長,名詞,2,0.65,-1.01,2026-10-01
赤,春,名詞,2,0.65,-0.21,2026-10-01
赤,働き,名詞,2,0.65,nan,2026-10-01
赤,よろしく,副詞,2,0.65,nan,2026-10-01
赤,頼む,動詞,2,0.65,-0.76,2026-10-01
赤,たまたま,副詞,2,0.65,nan,2026-10-01
赤,欠かせる,動詞,2,0.65,0.62,2026-10-01
赤,ラフ,名詞,2,0.65,nan,2026-10-01
赤,ビリビリ,副詞,2,0.65,nan,2026-10-01
赤,意見,名詞,2,0.65,0.07,2026-10-01
赤,勧める,動詞,2,0.65,0.62,2026-10-01
赤,噴流,名詞,2,0.65,nan,2026-10-01
赤,阻む,動詞,2,0.65,-0.34,2026-10-01
赤,行く手,名詞,2,0.65,0.86,2026-10-01
赤,異端,名詞,2,0.65,-0.21,2026-10-01
赤,セルホフ,名詞,2,0.65,nan,2026-10-01
赤,屋根,名詞,2,0.65,-0.21,2026-10-01
赤,若人,名詞,2,0.65,nan,2026-10-01
赤,用心,名詞,2,0.65,-0.21,2026-10-01
赤,冷静,名詞,2,0.65,0.23,2026-10-01
赤,通ずる,動詞,2,0.65,-0.34,2026-10-01
赤,訴える,動詞,2,0.65,nan,2026-10-01
赤,カカシ,名詞,2,0.65,nan,2026-10-01
赤,属する,動詞,2,0.65,nan,2026-10-01
赤,唸る,動詞,2,0.65,0.86,2026-10-01
赤,急,名詞,2,0.65,0.23,2026-10-01
赤,おびく,動詞,2,0.65,nan,2026-10-01
赤,蝕む,動詞,2,0.65,-0.56,2026-10-01
赤,収まる,動詞,2,0.65,0.23,2026-10-01
赤,万端,名詞,2,0.65,0.86,2026-10-01
赤,軽視,名詞,2,0.65,nan,2026-10-01
赤,代価,名詞,2,0.65,1.13,2026-10-01
赤,のたうつ,動詞,2,0.65,0.42,2026-10-01
赤,年月,名詞,2,0.65,-0.93,2026-10-01
赤,ライバル,名詞,2,0.65,nan,2026-10-01
赤,食らう,動詞,2,0.65,0.23,2026-10-01
赤,伝統,名詞,2,0.65,-0.21,2026-10-01
赤,もともと,副詞,2,0.65,nan,2026-10-01
赤,試し,名詞,2,0.65,nan,2026-10-01
赤,アングラス,名詞,2,0.65,nan,2026-10-01
赤,船乗り,名詞,2,0.65,-0.21,2026-10-01
赤,乗客,名詞,2,0.65,nan,2026-10-01
赤,つまり,副詞,2,0.65,-0.93,2026-10-01
赤,覆す,動詞,2,0.65,0.62,2026-10-01
赤,市,名詞,2,0.65,-1.08,2026-10-01
赤,役人,名詞,2,0.65,nan,2026-10-01
赤,形式,名詞,2,0.65,nan,2026-10-01
赤,対策,名詞,2,0.65,nan,2026-10-01
赤,製造,名詞,2,0.65,nan,2026-10-01
赤,限界,名詞,2,0.65,-0.84,2026-10-01
赤,ブレーキ,名詞,2,0.65,nan,2026-10-01
赤,ペダル,名詞,2,0.65,nan,2026-10-01
赤,職人,名詞,2,0.65,0.07,2026-10-01
赤,構想,名詞,2,0.65,0.62,2026-10-01
赤,近ごろ,名詞,2,0.65,nan,2026-10-01
赤,防犯,名詞,2,0.65,nan,2026-10-01
赤,機構,名詞,2,0.65,1.13,2026-10-01
赤,一新,名詞,2,0.65,nan,2026-10-01
赤,品,名詞,2,0.65,0.86,2026-10-01
赤,独立,名詞,2,0.65,0.62,2026-10-01
赤,塔,名詞,2,0.65,-1.63,2026-10-01
赤,得意,名詞,2,0.65,-0.21,2026-10-01
赤,笑み,名詞,2,0.65,-0.21,2026-10-01
赤,キラン,名詞,2,0.65,nan,2026-10-01
赤,ドビン,名詞,2,0.65,1.13,2026-10-01
赤,爆炎,名詞,2,0.65,nan,2026-10-01
赤,船倉,名詞,2,0.65,nan,2026-10-01
赤,造反,名詞,2,0.65,nan,2026-10-01
赤,ナクタムン,名詞,2,0.65,-0.84,2026-10-01
赤,間に合う,動詞,2,0.65,1.13,2026-10-01
赤,蓋世,名詞,2,0.65,0.86,2026-10-01
赤,勝てる,動詞,2,0.65,0.07,2026-10-01
赤,一心,名詞,2,0.65,1.13,2026-10-01
赤,ヘクマ,名詞,2,0.65,0.07,2026-10-01
赤,防げる,動詞,2,0.65,nan,2026-10-01
赤,快楽,名詞,2,0.65,0.23,2026-10-01
赤,子孫,名詞,2,0.65,0.23,2026-10-01
赤,自慢,名詞,2,0.65,0.23,2026-10-01
赤,時計,名詞,2,0.65,0.86,2026-10-01
赤,模範,名詞,2,0.65,0.62,2026-10-01
赤,好み,名詞,2,0.65,1.13,2026-10-01
赤,卓越,名詞,2,0.65,nan,2026-10-01
赤,ター,名詞,2,0.65,0.62,2026-10-01
赤,ためらう,動詞,2,0.65,0.42,2026-10-01
赤,苦しめる,動詞,2,0.65,0.86,2026-10-01
赤,小柄,名詞,2,0.65,nan,2026-10-01
赤,一斉,名詞,2,0.65,1.13,2026-10-01
赤,然り,動詞,2,0.65,-0.08,2026-10-01
赤,皮,名詞,2,0.65,-1.52,2026-10-01
赤,水夫,名詞,2,0.65,nan,2026-10-01
赤,搾取,名詞,2,0.65,1.13,2026-10-01
赤,岸,名詞,2,0.65,0.07,2026-10-01
赤,警報,名詞,2,0.65,0.62,2026-10-01
赤,くぐる,動詞,2,0.65,0.62,2026-10-01
赤,順応,名詞,2,0.65,-0.08,2026-10-01
赤,補給,名詞,2,0.65,0.62,2026-10-01
赤,陽光,名詞,2,0.65,-0.76,2026-10-01
赤,防備,名詞,2,0.65,-0.45,2026-10-01
赤,感じ,名詞,2,0.65,-0.08,2026-10-01
赤,帽子,名詞,2,0.65,0.62,2026-10-01
赤,鉤,名詞,2,0.65,0.62,2026-10-01
赤,激化,名詞,2,0.65,nan,2026-10-01
赤,甲高い,形容詞,2,0.65,nan,2026-10-01
赤,火薬,名詞,2,0.65,nan,2026-10-01
赤,ああ,副詞,2,0.65,1.13,2026-10-01
赤,勝ち,名詞,2,0.65,nan,2026-10-01
赤,死ねる,動詞,2,0.65,nan,2026-10-01
赤,引退,名詞,2,0.65,nan,2026-10-01
赤,地震,名詞,2,0.65,1.13,2026-10-01
赤,暮らせる,動詞,2,0.65,nan,2026-10-01
赤,左団扇,名詞,2,0.65,nan,2026-10-01
赤,指示,名詞,2,0.65,-1.22,2026-10-01
赤,仕留める,動詞,2,0.65,-0.21,2026-10-01
赤,沈める,動詞,2,0.65,0.23,2026-10-01
赤,目方,名詞,2,0.65,nan,2026-10-01
赤,ファートリ,名詞,2,0.65,-0.45,2026-10-01
赤,焦熱,名詞,2,0.65,nan,2026-10-01
赤,頼れる,動詞,2,0.65,0.86,2026-10-01
赤,コモドサイ,名詞,2,0.65,nan,2026-10-01
赤,冬,名詞,2,0.65,-1.63,2026-10-01
赤,適する,動詞,2,0.65,1.13,2026-10-01
赤,制約,名詞,2,0.65,0.86,2026-10-01
赤,コロス,名詞,2,0.65,nan,2026-10-01
赤,以来,名詞,2,0.65,-0.66,2026-10-01
赤,秘宝,名詞,2,0.65,1.13,2026-10-01
赤,踊り,名詞,2,0.65,1.13,2026-10-01
赤,滅びる,動詞,2,0.65,-0.56,2026-10-01
赤,反抗,名詞,2,0.65,0.86,2026-10-01
赤,逆,名詞,2,0.65,-0.45,2026-10-01
赤,放電,名詞,2,0.65,nan,2026-10-01
赤,臨界,名詞,2,0.65,nan,2026-10-01
赤,じわじわ,副詞,2,0.65,nan,2026-10-01
赤,帰す,動詞,2,0.65,0.42,2026-10-01
赤,現象,名詞,2,0.65,nan,2026-10-01
赤,娯楽,名詞,2,0.65,0.42,2026-10-01
赤,止む,動詞,2,0.65,0.86,2026-10-01
赤,照らす,動詞,2,0.65,-1.29,2026-10-01
赤,指導,名詞,2,0.65,0.42,2026-10-01
赤,小僧,名詞,2,0.65,0.86,2026-10-01
赤,窓,名詞,2,0.65,-0.66,2026-10-01
赤,拘束,名詞,2,0.65,0.07,2026-10-01
赤,改良,名詞,2,0.65,-0.45,2026-10-01
赤,革新,名詞,2,0.65,0.23,2026-10-01
赤,位置,名詞,2,0.65,-0.45,2026-10-01
赤,コーヒー,名詞,2,0.65,nan,2026-10-01
赤,ディミーア,名詞,2,0.65,-1.41,2026-10-01
赤,歩,名詞,2,0.65,-1.01,2026-10-01
赤,オルサンク,名詞,2,0.65,nan,2026-10-01
赤,焦げ,名詞,2,0.65,nan,2026-10-01
赤,ブラスター,名詞,2,0.65,nan,2026-10-01
赤,検査,名詞,2,0.65,0.86,2026-10-01
赤,協定,名詞,2,0.65,nan,2026-10-01
赤,腐敗,名詞,2,0.65,-1.22,2026-10-01
赤,絶え間,名詞,2,0.65,-0.56,2026-10-01
赤,騒音,名詞,2,0.65,nan,2026-10-01
赤,緑,名詞,2,0.65,-0.56,2026-10-01
赤,羽ばたく,動詞,2,0.65,0.62,2026-10-01
赤,改善,名詞,2,0.65,nan,2026-10-01
赤,悪化,名詞,2,0.65,nan,2026-10-01
赤,衛生,名詞,2,0.65,nan,2026-10-01
赤,共感,名詞,2,0.65,nan,2026-10-01
赤,帳消し,名詞,2,0.65,nan,2026-10-01
赤,モルドール,名詞,2,0.65,0.42,2026-10-01
赤,それぞれ,名詞,2,0.65,-1.68,2026-10-01
赤,大戦,名詞,2,0.65,nan,2026-10-01
赤,秘儀,名詞,2,0.65,-0.08,2026-10-01
赤,友人,名詞,2,0.65,-0.08,2026-10-01
赤,辛い,形容詞,2,0.65,0.62,2026-10-01
赤,否定,名詞,2,0.65,-0.21,2026-10-01
赤,金持ち,名詞,2,0.65,0.86,2026-10-01
赤,跡,名詞,2,0.65,-0.76,2026-10-01
赤,気づき,名詞,2,0.65,nan,2026-10-01
赤,夕食,名詞,2,0.65,-0.21,2026-10-01
赤,渓谷,名詞,2,0.65,nan,2026-10-01
赤,服,名詞,2,0.65,0.62,2026-10-01
赤,射る,動詞,2,0.65,0.42,2026-10-01
赤,眩しい,形容詞,2,0.65,nan,2026-10-01
赤,深淵,名詞,2,0.65,-0.34,2026-10-01
赤,願い事,名詞,2,0.65,1.13,2026-10-01
赤,叶う,動詞,2,0.65,-0.21,2026-10-01
赤,聞かせる,動詞,2,0.65,nan,2026-10-01
赤,試合,名詞,2,0.65,0.07,2026-10-01
赤,日の出,名詞,2,0.65,0.07,2026-10-01
赤,暑い,形容詞,2,0.65,1.13,2026-10-01
赤,息苦しい,形容詞,2,0.65,nan,2026-10-01
赤,ひょっと,副詞,2,0.65,nan,2026-10-01
赤,泳げる,動詞,2,0.65,1.13,2026-10-01
赤,濠,名詞,2,0.65,nan,2026-10-01
赤,魁渡,名詞,2,0.65,0.42,2026-10-01
赤,城,名詞,2,0.65,-0.08,2026-10-01
赤,逸品,名詞,2,0.65,nan,2026-10-01
赤,冒す,動詞,2,0.65,0.62,2026-10-01
赤,もし,副詞,2,0.65,-1.01,2026-10-01
赤,砂丘,名詞,2,0.65,0.86,2026-10-01
赤,よっぽど,副詞,2,0.65,0.42,2026-10-01
赤,縫い目,名詞,2,0.65,nan,2026-10-01
赤,ダンス,名詞,2,0.65,0.86,2026-10-01
赤,冒涜,名詞,2,0.65,-0.21,2026-10-01
赤,いっぱい,副詞,2,0.65,nan,2026-10-01
赤,一重,名詞,2,0.65,0.86,2026-10-01
赤,静まる,動詞,2,0.65,-0.56,2026-10-01
赤,優先,名詞,2,0.65,0.62,2026-10-01
赤,破片,名詞,2,0.65,0.86,2026-10-01
赤,明かす,動詞,2,0.65,-0.76,2026-10-01
赤,批評,名詞,2,0.65,nan,2026-10-01
赤,ラバブリンク,名詞,2,0.65,nan,2026-10-01
赤,風呂,名詞,2,0.65,nan,2026-10-01
赤,なめる,動詞,2,0.65,nan,2026-10-01
赤,化する,動詞,2,0.65,-0.66,2026-10-01
赤,咬む,動詞,2,0.65,1.13,2026-10-01
赤,ダニ,名詞,2,0.65,nan,2026-10-01
赤,なくなる,動詞,2,0.65,-1.86,2026-10-01
赤,さまよう,動詞,2,0.65,-0.34,2026-10-01
赤,途中,名詞,2,0.65,0.42,2026-10-01
赤,宿営,名詞,2,0.65,nan,2026-10-01
赤,動,名詞,2,0.65,-1.15,2026-10-01
赤,貧弱,名詞,2,0.65,nan,2026-10-01
赤,行い,名詞,2,0.65,-1.08,2026-10-01
赤,前触れ,名詞,2,0.65,1.13,2026-10-01
赤,印象,名詞,2,0.65,-0.34,2026-10-01
赤,職工,名詞,2,0.65,nan,2026-10-01
赤,杯,名詞,2,0.65,0.42,2026-10-01
赤,シュタルンハイム,名詞,2,0.65,0.23,2026-10-01
赤,厳しい,形容詞,2,0.65,-1.35,2026-10-01
赤,ルーサ,名詞,2,0.65,nan,2026-10-01
赤,クイントリウス,名詞,2,0.65,0.86,2026-10-01
赤,兵団,名詞,2,0.65,0.07,2026-10-01
赤,教授,名詞,2,0.65,-0.34,2026-10-01
赤,細部,名詞,2,0.65,0.42,2026-10-01
赤,使用,名詞,2,0.65,-0.08,2026-10-01
赤,初期,名詞,2,0.65,nan,2026-10-01
赤,ペン,名詞,2,0.65,0.86,2026-10-01
赤,ウィザード,名詞,2,0.65,nan,2026-10-01
赤,ホブゴブリン,名詞,2,0.65,nan,2026-10-01
赤,地球,名詞,2,0.65,0.62,2026-10-01
赤,闘い,名詞,2,0.65,0.86,2026-10-01
赤,石畳,名詞,2,0.65,nan,2026-10-01
赤,装い,名詞,2,0.65,0.86,2026-10-01
赤,あがる,動詞,2,0.65,-0.08,2026-10-01
赤,被る,動詞,2,0.65,0.42,2026-10-01
赤,戦力,名詞,2,0.65,nan,2026-10-01
赤,退廃,名詞,2,0.65,0.62,2026-10-01
赤,粗暴,名詞,2,0.65,0.62,2026-10-01
赤,家具,名詞,2,0.65,nan,2026-10-01
赤,不快,名詞,2,0.65,-0.34,2026-10-01
赤,地方,名詞,2,0.65,nan,2026-10-01
赤,澄ます,動詞,2,0.65,0.42,2026-10-01
赤,研ぐ,動詞,2,0.65,0.07,2026-10-01
赤,素材,名詞,2,0.65,0.23,2026-10-01
赤,暮れる,動詞,2,0.65,0.62,2026-10-01
赤,成果,名詞,2,0.65,0.23,2026-10-01
赤,玩具,名詞,2,0.65,0.23,2026-10-01
赤,具現,名詞,2,0.65,nan,2026-10-01
赤,戦乱,名詞,2,0.65,0.42,2026-10-01
赤,制圧,名詞,2,0.65,0.07,2026-10-01
赤,派手,名詞,2,0.65,0.86,2026-10-01
赤,複製,名詞,2,0.65,1.13,2026-10-01
赤,直線,名詞,2,0.65,nan,2026-10-01
赤,カエル,名詞,2,0.65,0.07,2026-10-01
赤,補強,名詞,2,0.65,nan,2026-10-01
赤,装備,名詞,2,0.65,0.42,2026-10-01
赤,いでる,動詞,2,0.65,0.62,2026-10-01
赤,ちび,名詞,2,0.65,0.86,2026-10-01
赤,無用,名詞,2,0.65,0.42,2026-10-01
赤,運,名詞,2,0.65,-0.76,2026-10-01
赤,把握,名詞,2,0.65,0.23,2026-10-01
赤,昇進,名詞,2,0.65,1.13,2026-10-01
赤,暗殺,名詞,2,0.65,-1.22,2026-10-01
赤,週間,名詞,2,0.65,-0.56,2026-10-01
赤,シェオルドレッド,名詞,2,0.65,-0.93,2026-10-01
赤,笛,名詞,2,0.65,nan,2026-10-01
赤,増幅,名詞,2,0.65,nan,2026-10-01
赤,安い,形容詞,2,0.65,nan,2026-10-01
赤,至る,動詞,2,0.65,-1.77,2026-10-01
赤,たいてい,副詞,2,0.65,-0.66,2026-10-01
赤,ストーン,名詞,2,0.65,0.42,2026-10-01
赤,放射,名詞,2,0.65,0.42,2026-10-01
赤,沙汰,名詞,2,0.65,nan,2026-10-01
赤,パワー,名詞,2,0.65,-0.08,2026-10-01
赤,豪華,名詞,2,0.65,nan,2026-10-01
赤,ふざける,動詞,2,0.65,nan,2026-10-01
赤,訪れ,名詞,2,0.65,0.23,2026-10-01
赤,渾身,名詞,2,0.65,nan,2026-10-01
赤,両親,名詞,2,0.65,0.86,2026-10-01
赤,駆け引き,名詞,2,0.65,nan,2026-10-01
赤,正典,名詞,2,0.65,0.86,2026-10-01
赤,レン,名詞,2,0.65,-0.21,2026-10-01
赤,メラメラ,副詞,2,0.65,nan,2026-10-01
赤,徒党,名詞,2,0.65,0.86,2026-10-01
赤,変更,名詞,2,0.65,nan,2026-10-01
赤,プラズマ,名詞,2,0.65,nan,2026-10-01
赤,温かい,形容詞,2,0.65,0.07,2026-10-01
赤,染みる,動詞,2,0.65,0.07,2026-10-01
赤,諜報,名詞,2,0.65,nan,2026-10-01
赤,布告,名詞,2,0.65,1.13,2026-10-01
赤,拝む,動詞,2,0.65,1.13,2026-10-01
赤,どのみち,副詞,2,0.65,0.86,2026-10-01
赤,保管,名詞,2,0.65,0.23,2026-10-01
赤,もめ,名詞,2,0.65,0.86,2026-10-01
赤,命中,名詞,2,0.65,nan,2026-10-01
赤,ケラン,名詞,2,0.65,-0.21,2026-10-01
赤,買収,名詞,2,0.65,nan,2026-10-01
赤,いとも,副詞,2,0.65,1.13,2026-10-01
赤,一体,副詞,2,0.65,-1.08,2026-10-01
赤,片方,名詞,2,0.65,nan,2026-10-01
赤,サヒーリ,名詞,2,0.65,nan,2026-10-01
赤,変革,名詞,2,0.65,1.13,2026-10-01
赤,オヘル,名詞,2,0.65,0.86,2026-10-01
赤,アショニル,名詞,2,0.65,nan,2026-10-01
赤,とおり,名詞,2,0.65,0.42,2026-10-01
赤,投ずる,動詞,2,0.65,nan,2026-10-01
赤,転用,名詞,2,0.65,nan,2026-10-01
赤,陽動,名詞,2,0.65,nan,2026-10-01
赤,越す,動詞,2,0.65,0.86,2026-10-01
赤,編成,名詞,2,0.65,nan,2026-10-01
赤,軽,名詞,2,0.65,nan,2026-10-01
赤,飯,名詞,2,0.65,1.13,2026-10-01
赤,結集,名詞,2,0.65,nan,2026-10-01
赤,探偵,名詞,2,0.65,-0.34,2026-10-01
赤,困難,名詞,2,0.65,-1.29,2026-10-01
赤,開発,名詞,2,0.65,-0.08,2026-10-01
赤,山分け,名詞,2,0.65,nan,2026-10-01
赤,タダ,名詞,2,0.65,1.13,2026-10-01
赤,ごく,副詞,2,0.65,-0.34,2026-10-01
赤,繁栄,名詞,2,0.65,-0.84,2026-10-01
赤,率,名詞,2,0.65,nan,2026-10-01
赤,敵う,動詞,2,0.65,0.62,2026-10-01
赤,リズム,名詞,2,0.65,0.86,2026-10-01
赤,掻く,動詞,2,0.65,-0.66,2026-10-01
赤,ベッド,名詞,2,0.65,0.86,2026-10-01
赤,隣,名詞,2,0.65,nan,2026-10-01
赤,握る,動詞,2,0.65,-0.56,2026-10-01
赤,派遣,名詞,2,0.65,0.62,2026-10-01
赤,本気,名詞,2,0.65,0.42,2026-10-01
赤,路上,名詞,2,0.65,nan,2026-10-01
赤,エンド,名詞,2,0.65,1.13,2026-10-01
赤,事故,名詞,2,0.65,0.07,2026-10-01
赤,ライダー,名詞,2,0.65,nan,2026-10-01
赤,分かつ,動詞,2,0.65,-1.22,2026-10-01
赤,裁き,名詞,2,0.65,-0.21,2026-10-01
赤,タイガー,名詞,2,0.65,nan,2026-10-01
赤,スパイダー,名詞,2,0.65,1.13,2026-10-01
赤,ズーコ,名詞,2,0.65,0.86,2026-10-01
赤,使い手,名詞,2,0.65,0.86,2026-10-01
赤,火の技,名詞,2,0.65,nan,2026-10-01
赤,収める,動詞,2,0.65,-0.08,2026-10-01
赤,事実,名詞,2,0.65,-1.08,2026-10-01
赤,捜す,動詞,2,0.65,0.86,2026-10-01
赤,クルラス,名詞,2,0.65,nan,2026-10-01
赤,ぶん,名詞,2,0.65,nan,2026-10-01
赤,現在,名詞,2,0.65,-1.68,2026-10-01
赤,引き換え,名詞,2,0.65,0.62,2026-10-01
赤,大会,名詞,2,0.65,nan,2026-10-01
赤,カメ,名詞,2,0.65,-0.21,2026-10-01
赤,替え,名詞,2,0.65,nan,2026-10-01
赤,むしろ,副詞,2,0.65,-0.56,2026-10-01
赤,経験,名詞,2,0.65,-1.15,2026-10-01
赤,物理,名詞,2,0.65,0.86,2026-10-01
赤,いたずら,名詞,2,0.65,-0.76,2026-10-01
赤,動ずる,動詞,2,0.65,nan,2026-10-01
赤,無比,名詞,2,0.65,nan,2026-10-01
赤,参謀,名詞,2,0.65,nan,2026-10-01
赤,君主,名詞,2,0.65,0.07,2026-10-01
赤,主君,名詞,2,0.65,1.13,2026-10-01
赤,報い,名詞,2,0.65,-0.21,2026-10-01
赤,高貴,名詞,2,0.65,-0.76,2026-10-01
赤,変わり,名詞,2,0.65,-0.21,2026-10-01
赤,烽火,名詞,2,0.65,nan,2026-10-01
赤,悪事,名詞,2,0.65,1.13,2026-10-01
赤,半分,名詞,2,0.65,-0.84,2026-10-01
赤,今年,名詞,2,0.65,1.13,2026-10-01
赤,ナーセット,名詞,2,0.65,0.62,2026-10-01
赤,諦める,動詞,2,0.65,-0.08,2026-10-01
赤,射つ,動詞,2,0.65,nan,2026-10-01
赤,岩陰,名詞,2,0.65,nan,2026-10-01
赤,猶予,名詞,2,0.65,nan,2026-10-01
赤,ごみ,名詞,2,0.65,nan,2026-10-01
赤,祭壇,名詞,2,0.65,0.23,2026-10-01
赤,断言,名詞,2,0.65,1.13,2026-10-01
赤,伏せる,動詞,2,0.65,0.23,2026-10-01
赤,依頼,名詞,2,0.65,nan,2026-10-01
赤,震える,動詞,2,0.65,-1.01,2026-10-01
赤,戦える,動詞,2,0.65,0.86,2026-10-01
赤,トーチ,名詞,2,0.65,nan,2026-10-01
赤,ヒューマン,名詞,2,0.65,nan,2026-10-01
赤,交える,動詞,2,0.65,nan,2026-10-01
赤,ウィッチ,名詞,2,0.65,nan,2026-10-01
赤,重,名詞,2,0.65,0.62,2026-10-01
赤,実習,名詞,2,0.65,nan,2026-10-01
赤,コンストラリ,名詞,2,0.65,nan,2026-10-01
赤,ヘクスヘイヴン,名詞,2,0.65,0.62,2026-10-01
赤,出来事,名詞,1,0.32,-0.6,2026-10-01
赤,ありきたり,名詞,1,0.32,nan,2026-10-01
赤,古え,名詞,1,0.32,-0.47,2026-10-01
赤,桃,名詞,1,0.32,nan,2026-10-01
赤,果樹,名詞,1,0.32,nan,2026-10-01
赤,香り,名詞,1,0.32,-0.81,2026-10-01
赤,マースデン,名詞,1,0.32,nan,2026-10-01
赤,ナムスギル,名詞,1,0.32,nan,2026-10-01
赤,アルロック,名詞,1,0.32,nan,2026-10-01
赤,謀殺,名詞,1,0.32,nan,2026-10-01
赤,ブログ,名詞,1,0.32,nan,2026-10-01
赤,ヴィッデル,名詞,1,0.32,nan,2026-10-01
赤,ロル,名詞,1,0.32,nan,2026-10-01
赤,アンクフル,名詞,1,0.32,nan,2026-10-01
赤,叩き,名詞,1,0.32,nan,2026-10-01
赤,尻,名詞,1,0.32,nan,2026-10-01
赤,夕暮れ,名詞,1,0.32,nan,2026-10-01
赤,ひき蛙,名詞,1,0.32,nan,2026-10-01
赤,膨らむ,動詞,1,0.32,nan,2026-10-01
赤,ジェフリン,名詞,1,0.32,nan,2026-10-01
赤,巨,名詞,1,0.32,nan,2026-10-01
赤,野放し,名詞,1,0.32,nan,2026-10-01
赤,白熱,名詞,1,0.32,nan,2026-10-01
赤,傍,名詞,1,0.32,nan,2026-10-01
赤,携える,動詞,1,0.32,-1.0,2026-10-01
赤,遺恨,名詞,1,0.32,nan,2026-10-01
赤,くち,名詞,1,0.32,nan,2026-10-01
赤,小石,名詞,1,0.32,nan,2026-10-01
赤,地響き,名詞,1,0.32,nan,2026-10-01
赤,初め,名詞,1,0.32,0.05,2026-10-01
赤,物音,名詞,1,0.32,nan,2026-10-01
赤,き電,名詞,1,0.32,nan,2026-10-01
赤,激す,動詞,1,0.32,nan,2026-10-01
赤,ノック,名詞,1,0.32,0.05,2026-10-01
赤,聴こえる,動詞,1,0.32,nan,2026-10-01
赤,しびれる,動詞,1,0.32,nan,2026-10-01
赤,しゃべる,動詞,1,0.32,nan,2026-10-01
赤,原初,名詞,1,0.32,-0.47,2026-10-01
赤,短命,名詞,1,0.32,nan,2026-10-01
赤,軽侮,名詞,1,0.32,nan,2026-10-01
赤,万事,名詞,1,0.32,nan,2026-10-01
赤,旗,名詞,1,0.32,-0.6,2026-10-01
赤,ファイター,名詞,1,0.32,nan,2026-10-01
赤,死角,名詞,1,0.32,nan,2026-10-01
赤,どでかい,形容詞,1,0.32,nan,2026-10-01
赤,袋,名詞,1,0.32,-0.32,2026-10-01
赤,緒,名詞,1,0.32,nan,2026-10-01
赤,堪忍,名詞,1,0.32,nan,2026-10-01
赤,グラス,名詞,1,0.32,nan,2026-10-01
赤,造船,名詞,1,0.32,nan,2026-10-01
赤,奇跡,名詞,1,0.32,-0.71,2026-10-01
赤,流木,名詞,1,0.32,nan,2026-10-01
赤,覇権,名詞,1,0.32,nan,2026-10-01
赤,ステンド,名詞,1,0.32,nan,2026-10-01
赤,体毛,名詞,1,0.32,nan,2026-10-01
赤,ルフ,名詞,1,0.32,nan,2026-10-01
赤,低地,名詞,1,0.32,nan,2026-10-01
赤,相当,名詞,1,0.32,nan,2026-10-01
赤,猛獣,名詞,1,0.32,-0.15,2026-10-01
赤,摩訶,名詞,1,0.32,nan,2026-10-01
赤,消し炭,名詞,1,0.32,nan,2026-10-01
赤,結末,名詞,1,0.32,-0.71,2026-10-01
赤,面白おかしい,形容詞,1,0.32,nan,2026-10-01
赤,監督,名詞,1,0.32,nan,2026-10-01
赤,織る,動詞,1,0.32,-0.47,2026-10-01
赤,深紅,名詞,1,0.32,nan,2026-10-01
赤,鼓膜,名詞,1,0.32,nan,2026-10-01
赤,食いもん,名詞,1,0.32,nan,2026-10-01
赤,快活,名詞,1,0.32,nan,2026-10-01
赤,圧倒,名詞,1,0.32,-0.81,2026-10-01
赤,こんがり,副詞,1,0.32,nan,2026-10-01
赤,妙,名詞,1,0.32,nan,2026-10-01
赤,人体,名詞,1,0.32,nan,2026-10-01
赤,神話,名詞,1,0.32,-0.91,2026-10-01
赤,発火,名詞,1,0.32,nan,2026-10-01
赤,キロール,名詞,1,0.32,nan,2026-10-01
赤,騒ぎ,名詞,1,0.32,-0.47,2026-10-01
赤,唄,名詞,1,0.32,0.05,2026-10-01
赤,居酒屋,名詞,1,0.32,nan,2026-10-01
赤,バンデュ,名詞,1,0.32,nan,2026-10-01
赤,悩み事,名詞,1,0.32,nan,2026-10-01
赤,エロン,名詞,1,0.32,nan,2026-10-01
赤,ミノタウロス,名詞,1,0.32,nan,2026-10-01
赤,牛耳る,動詞,1,0.32,nan,2026-10-01
赤,本職,名詞,1,0.32,nan,2026-10-01
赤,勲章,名詞,1,0.32,nan,2026-10-01
赤,証,名詞,1,0.32,-1.66,2026-10-01
赤,有り,名詞,1,0.32,nan,2026-10-01
赤,山崩れ,名詞,1,0.32,nan,2026-10-01
赤,各々,名詞,1,0.32,nan,2026-10-01
赤,大臣,名詞,1,0.32,nan,2026-10-01
赤,アミーカット,名詞,1,0.32,nan,2026-10-01
赤,クハッティーブ,名詞,1,0.32,nan,2026-10-01
赤,遊び場,名詞,1,0.32,nan,2026-10-01
赤,幻,名詞,1,0.32,-0.32,2026-10-01
赤,手腕,名詞,1,0.32,nan,2026-10-01
赤,ほとばしる,動詞,1,0.32,nan,2026-10-01
赤,蹄,名詞,1,0.32,-1.61,2026-10-01
赤,ハダーケン,名詞,1,0.32,nan,2026-10-01
赤,あの世,名詞,1,0.32,nan,2026-10-01
赤,暖炉,名詞,1,0.32,nan,2026-10-01
赤,丸い,形容詞,1,0.32,nan,2026-10-01
赤,シャキッ,副詞,1,0.32,nan,2026-10-01
赤,グズ,名詞,1,0.32,nan,2026-10-01
赤,女性,名詞,1,0.32,nan,2026-10-01
赤,親切,名詞,1,0.32,-0.71,2026-10-01
赤,東路,名詞,1,0.32,nan,2026-10-01
赤,ニュー,名詞,1,0.32,-1.29,2026-10-01
赤,中級,名詞,1,0.32,nan,2026-10-01
赤,芸人,名詞,1,0.32,nan,2026-10-01
赤,演技,名詞,1,0.32,nan,2026-10-01
赤,大道,名詞,1,0.32,nan,2026-10-01
赤,噛み跡,名詞,1,0.32,nan,2026-10-01
赤,ノミ,名詞,1,0.32,nan,2026-10-01
赤,疥癬,名詞,1,0.32,nan,2026-10-01
赤,翌朝,名詞,1,0.32,nan,2026-10-01
赤,無益,名詞,1,0.32,nan,2026-10-01
赤,ただれる,動詞,1,0.32,nan,2026-10-01
赤,操縦,名詞,1,0.32,nan,2026-10-01
赤,動作,名詞,1,0.32,0.05,2026-10-01
赤,灼熱,名詞,1,0.32,nan,2026-10-01
赤,口論,名詞,1,0.32,nan,2026-10-01
赤,ラジックス,名詞,1,0.32,nan,2026-10-01
赤,賜物,名詞,1,0.32,0.05,2026-10-01
赤,革命,名詞,1,0.32,nan,2026-10-01
赤,業物,名詞,1,0.32,nan,2026-10-01
赤,次ぐ,動詞,1,0.32,nan,2026-10-01
赤,気付かす,動詞,1,0.32,nan,2026-10-01
赤,活かす,動詞,1,0.32,nan,2026-10-01
赤,ギミック,名詞,1,0.32,nan,2026-10-01
赤,徹底,名詞,1,0.32,0.05,2026-10-01
赤,たらー,副詞,1,0.32,nan,2026-10-01
赤,フラーグ,名詞,1,0.32,nan,2026-10-01
赤,砲丸,名詞,1,0.32,nan,2026-10-01
赤,スヌック,名詞,1,0.32,nan,2026-10-01
赤,半ば,名詞,1,0.32,nan,2026-10-01
赤,たじろぐ,動詞,1,0.32,nan,2026-10-01
赤,隊列,名詞,1,0.32,-0.32,2026-10-01
赤,ヴェク,名詞,1,0.32,nan,2026-10-01
赤,消滅,名詞,1,0.32,-0.32,2026-10-01
赤,ライト,名詞,1,0.32,-0.15,2026-10-01
赤,引き金,名詞,1,0.32,nan,2026-10-01
赤,サイクル,名詞,1,0.32,nan,2026-10-01
赤,暴行,名詞,1,0.32,nan,2026-10-01
赤,夜中,名詞,1,0.32,-1.51,2026-10-01
赤,ホーホー,名詞,1,0.32,nan,2026-10-01
赤,愛らしい,形容詞,1,0.32,nan,2026-10-01
赤,中止,名詞,1,0.32,nan,2026-10-01
赤,ウロコ,名詞,1,0.32,nan,2026-10-01
赤,ボロ,名詞,1,0.32,nan,2026-10-01
赤,甲斐,名詞,1,0.32,nan,2026-10-01
赤,煙突,名詞,1,0.32,nan,2026-10-01
赤,山岳,名詞,1,0.32,nan,2026-10-01
赤,掘削,名詞,1,0.32,nan,2026-10-01
赤,施設,名詞,1,0.32,-0.32,2026-10-01
赤,襲,名詞,1,0.32,nan,2026-10-01
赤,コルラグ,名詞,1,0.32,nan,2026-10-01
赤,あっちい,形容詞,1,0.32,nan,2026-10-01
赤,やわらげる,動詞,1,0.32,nan,2026-10-01
赤,矛,名詞,1,0.32,nan,2026-10-01
赤,医術,名詞,1,0.32,nan,2026-10-01
赤,精肉,名詞,1,0.32,nan,2026-10-01
赤,ドリク,名詞,1,0.32,nan,2026-10-01
赤,揺るぎない,形容詞,1,0.32,-0.15,2026-10-01
赤,杉,名詞,1,0.32,nan,2026-10-01
赤,あばら骨,名詞,1,0.32,nan,2026-10-01
赤,手斧,名詞,1,0.32,nan,2026-10-01
赤,版,名詞,1,0.32,nan,2026-10-01
赤,灰皿,名詞,1,0.32,nan,2026-10-01
赤,金物,名詞,1,0.32,nan,2026-10-01
赤,ボス,名詞,1,0.32,0.05,2026-10-01
赤,創る,動詞,1,0.32,-1.15,2026-10-01
赤,ラッパ,名詞,1,0.32,-0.32,2026-10-01
赤,ともす,動詞,1,0.32,nan,2026-10-01
赤,連打,名詞,1,0.32,nan,2026-10-01
赤,いぶかしい,形容詞,1,0.32,nan,2026-10-01
赤,ターグラン,名詞,1,0.32,nan,2026-10-01
赤,一見,名詞,1,0.32,nan,2026-10-01
赤,性質,名詞,1,0.32,nan,2026-10-01
赤,ときどき,名詞,1,0.32,-0.47,2026-10-01
赤,触手,名詞,1,0.32,-0.47,2026-10-01
赤,艦長,名詞,1,0.32,nan,2026-10-01
赤,シッセイ,名詞,1,0.32,nan,2026-10-01
赤,つむる,動詞,1,0.32,nan,2026-10-01
赤,よだつ,動詞,1,0.32,nan,2026-10-01
赤,案外,副詞,1,0.32,nan,2026-10-01
赤,身の毛,名詞,1,0.32,nan,2026-10-01
赤,吐息,名詞,1,0.32,nan,2026-10-01
赤,おぞましい,形容詞,1,0.32,-0.81,2026-10-01
赤,かつ,動詞,1,0.32,nan,2026-10-01
赤,酒びたり,名詞,1,0.32,nan,2026-10-01
赤,装具,名詞,1,0.32,nan,2026-10-01
赤,金庫,名詞,1,0.32,-0.32,2026-10-01
赤,産業,名詞,1,0.32,nan,2026-10-01
赤,工場,名詞,1,0.32,nan,2026-10-01
赤,あわせ,名詞,1,0.32,nan,2026-10-01
赤,植える,動詞,1,0.32,-1.29,2026-10-01
赤,定住,名詞,1,0.32,nan,2026-10-01
赤,スカーブ,名詞,1,0.32,-0.81,2026-10-01
赤,報いる,動詞,1,0.32,0.05,2026-10-01
赤,一矢,名詞,1,0.32,nan,2026-10-01
赤,皆無,名詞,1,0.32,nan,2026-10-01
赤,目当て,名詞,1,0.32,0.05,2026-10-01
赤,か月,名詞,1,0.32,nan,2026-10-01
赤,曲芸,名詞,1,0.32,nan,2026-10-01
赤,沸く,動詞,1,0.32,nan,2026-10-01
赤,敵意,名詞,1,0.32,0.05,2026-10-01
赤,ゾイ,名詞,1,0.32,nan,2026-10-01
赤,熟達,名詞,1,0.32,-0.47,2026-10-01
赤,星空,名詞,1,0.32,nan,2026-10-01
赤,しみじみ,副詞,1,0.32,nan,2026-10-01
赤,馳せる,動詞,1,0.32,nan,2026-10-01
赤,死闘,名詞,1,0.32,nan,2026-10-01
赤,おこす,動詞,1,0.32,nan,2026-10-01
赤,ターン,名詞,1,0.32,nan,2026-10-01
赤,わびる,動詞,1,0.32,nan,2026-10-01
赤,滲む,動詞,1,0.32,nan,2026-10-01
赤,訳す,動詞,1,0.32,nan,2026-10-01
赤,マトック,名詞,1,0.32,nan,2026-10-01
赤,拓く,動詞,1,0.32,-0.32,2026-10-01
赤,高ぶる,動詞,1,0.32,nan,2026-10-01
赤,驕る,動詞,1,0.32,nan,2026-10-01
赤,妬む,動詞,1,0.32,nan,2026-10-01
赤,大陸,名詞,1,0.32,0.05,2026-10-01
赤,採掘,名詞,1,0.32,nan,2026-10-01
赤,ロリックス,名詞,1,0.32,nan,2026-10-01
赤,エンバレス,名詞,1,0.32,nan,2026-10-01
赤,焦る,動詞,1,0.32,nan,2026-10-01
赤,ヒストロドン,名詞,1,0.32,nan,2026-10-01
赤,コソコソ,副詞,1,0.32,nan,2026-10-01
赤,砕岩,名詞,1,0.32,nan,2026-10-01
赤,パシャリク,名詞,1,0.32,nan,2026-10-01
赤,ヴェルト,名詞,1,0.32,nan,2026-10-01
赤,モンス,名詞,1,0.32,nan,2026-10-01
赤,詩,名詞,1,0.32,-0.15,2026-10-01
赤,紡ぐ,動詞,1,0.32,-0.81,2026-10-01
赤,ズシン,副詞,1,0.32,nan,2026-10-01
赤,大石,名詞,1,0.32,nan,2026-10-01
赤,環状,名詞,1,0.32,nan,2026-10-01
赤,シャツ,名詞,1,0.32,nan,2026-10-01
赤,孵る,動詞,1,0.32,-0.32,2026-10-01
赤,スリス,名詞,1,0.32,-0.32,2026-10-01
赤,鋳潰す,動詞,1,0.32,nan,2026-10-01
赤,脚,名詞,1,0.32,-0.81,2026-10-01
赤,負荷,名詞,1,0.32,nan,2026-10-01
赤,応え,名詞,1,0.32,nan,2026-10-01
赤,片手,名詞,1,0.32,nan,2026-10-01
赤,例え,副詞,1,0.32,nan,2026-10-01
赤,くず鉄,名詞,1,0.32,nan,2026-10-01
赤,あさる,動詞,1,0.32,0.05,2026-10-01
赤,メガエイトグ,名詞,1,0.32,nan,2026-10-01
赤,丸呑み,名詞,1,0.32,nan,2026-10-01
赤,継,名詞,1,0.32,nan,2026-10-01
赤,レオニン,名詞,1,0.32,-1.97,2026-10-01
赤,手引き,名詞,1,0.32,nan,2026-10-01
赤,接近,名詞,1,0.32,nan,2026-10-01
赤,ヴァルショク,名詞,1,0.32,nan,2026-10-01
赤,白目,名詞,1,0.32,nan,2026-10-01
赤,撒き,名詞,1,0.32,nan,2026-10-01
赤,仕掛け,名詞,1,0.32,nan,2026-10-01
赤,オゾン,名詞,1,0.32,nan,2026-10-01
赤,アランジル,名詞,1,0.32,nan,2026-10-01
赤,過失,名詞,1,0.32,nan,2026-10-01
赤,渇く,動詞,1,0.32,nan,2026-10-01
赤,のど,名詞,1,0.32,nan,2026-10-01
赤,QC,名詞,1,0.32,nan,2026-10-01
赤,サンシーカー,名詞,1,0.32,nan,2026-10-01
赤,グリッサ,名詞,1,0.32,0.05,2026-10-01
赤,感性,名詞,1,0.32,nan,2026-10-01
赤,ダーグ,名詞,1,0.32,nan,2026-10-01
赤,感激,名詞,1,0.32,nan,2026-10-01
赤,ナンカ,名詞,1,0.32,nan,2026-10-01
赤,見栄え,名詞,1,0.32,nan,2026-10-01
赤,地鳴り,名詞,1,0.32,nan,2026-10-01
赤,疎む,動詞,1,0.32,nan,2026-10-01
赤,おとす,動詞,1,0.32,nan,2026-10-01
赤,傭兵,名詞,1,0.32,nan,2026-10-01
赤,住人,名詞,1,0.32,-1.41,2026-10-01
赤,盗める,動詞,1,0.32,nan,2026-10-01
赤,藪の中,名詞,1,0.32,nan,2026-10-01
赤,生かす,動詞,1,0.32,-0.15,2026-10-01
赤,アーティファクト,名詞,1,0.32,nan,2026-10-01
赤,亀裂,名詞,1,0.32,-0.32,2026-10-01
赤,煙る,動詞,1,0.32,nan,2026-10-01
赤,水銀,名詞,1,0.32,-0.81,2026-10-01
赤,泡,名詞,1,0.32,nan,2026-10-01
赤,辱め,名詞,1,0.32,nan,2026-10-01
赤,生死,名詞,1,0.32,-0.15,2026-10-01
赤,笑い顔,名詞,1,0.32,nan,2026-10-01
赤,剣山,名詞,1,0.32,nan,2026-10-01
赤,責め,名詞,1,0.32,nan,2026-10-01
赤,落石,名詞,1,0.32,nan,2026-10-01
赤,近場,名詞,1,0.32,nan,2026-10-01
赤,賛成,名詞,1,0.32,nan,2026-10-01
赤,競える,動詞,1,0.32,nan,2026-10-01
赤,挑める,動詞,1,0.32,nan,2026-10-01
赤,争える,動詞,1,0.32,nan,2026-10-01
赤,落つ,動詞,1,0.32,0.05,2026-10-01
赤,のけ者,名詞,1,0.32,nan,2026-10-01
赤,将,名詞,1,0.32,nan,2026-10-01
赤,斬,名詞,1,0.32,nan,2026-10-01
赤,いと,副詞,1,0.32,nan,2026-10-01
赤,毎夜,名詞,1,0.32,-0.32,2026-10-01
赤,少なし,形容詞,1,0.32,0.05,2026-10-01
赤,出でる,動詞,1,0.32,0.05,2026-10-01
赤,洞,名詞,1,0.32,nan,2026-10-01
赤,絡まる,動詞,1,0.32,-0.15,2026-10-01
赤,丸焼け,名詞,1,0.32,nan,2026-10-01
赤,とっとと,副詞,1,0.32,nan,2026-10-01
赤,苦労,名詞,1,0.32,-0.6,2026-10-01
赤,手練,名詞,1,0.32,nan,2026-10-01
赤,呪法,名詞,1,0.32,nan,2026-10-01
赤,激憤,名詞,1,0.32,nan,2026-10-01
赤,本殿,名詞,1,0.32,-0.15,2026-10-01
赤,詐欺,名詞,1,0.32,0.05,2026-10-01
赤,ベンベン,名詞,1,0.32,nan,2026-10-01
赤,あてる,動詞,1,0.32,nan,2026-10-01
赤,格子,名詞,1,0.32,-0.71,2026-10-01
赤,虜囚,名詞,1,0.32,nan,2026-10-01
赤,不実,名詞,1,0.32,nan,2026-10-01
赤,本意,名詞,1,0.32,nan,2026-10-01
赤,臨む,動詞,1,0.32,-0.32,2026-10-01
赤,大将,名詞,1,0.32,-0.32,2026-10-01
赤,負け,名詞,1,0.32,nan,2026-10-01
赤,興,名詞,1,0.32,nan,2026-10-01
赤,興ずる,動詞,1,0.32,nan,2026-10-01
赤,隠遁,名詞,1,0.32,nan,2026-10-01
赤,強いる,動詞,1,0.32,nan,2026-10-01
赤,捨て鉢,名詞,1,0.32,nan,2026-10-01
赤,集落,名詞,1,0.32,nan,2026-10-01
赤,逆さま,名詞,1,0.32,nan,2026-10-01
赤,転がる,動詞,1,0.32,-0.32,2026-10-01
赤,下り坂,名詞,1,0.32,nan,2026-10-01
赤,まつ,動詞,1,0.32,nan,2026-10-01
赤,止め,名詞,1,0.32,nan,2026-10-01
赤,刀傷,名詞,1,0.32,nan,2026-10-01
赤,晒す,動詞,1,0.32,nan,2026-10-01
赤,かぐ,動詞,1,0.32,nan,2026-10-01
赤,進展,名詞,1,0.32,nan,2026-10-01
赤,天罰,名詞,1,0.32,nan,2026-10-01
赤,イシイシ,名詞,1,0.32,nan,2026-10-01
赤,砂利,名詞,1,0.32,nan,2026-10-01
赤,愛好,名詞,1,0.32,nan,2026-10-01
赤,山の神,名詞,1,0.32,nan,2026-10-01
赤,務める,動詞,1,0.32,nan,2026-10-01
赤,雷音,名詞,1,0.32,nan,2026-10-01
赤,中ほど,名詞,1,0.32,nan,2026-10-01
赤,しんがり,名詞,1,0.32,nan,2026-10-01
赤,直後,名詞,1,0.32,0.05,2026-10-01
赤,つま先,名詞,1,0.32,nan,2026-10-01
赤,伏す,動詞,1,0.32,nan,2026-10-01
赤,空虚,名詞,1,0.32,nan,2026-10-01
赤,一手間,名詞,1,0.32,nan,2026-10-01
赤,焚き火,名詞,1,0.32,0.05,2026-10-01
赤,しき,名詞,1,0.32,nan,2026-10-01
赤,帷,名詞,1,0.32,nan,2026-10-01
赤,火の粉,名詞,1,0.32,nan,2026-10-01
赤,ハヤクイケエ,名詞,1,0.32,nan,2026-10-01
赤,眼差し,名詞,1,0.32,-1.08,2026-10-01
赤,永劫,名詞,1,0.32,-0.32,2026-10-01
赤,鐘,名詞,1,0.32,-0.81,2026-10-01
赤,凧,名詞,1,0.32,-0.15,2026-10-01
赤,雇う,動詞,1,0.32,-1.15,2026-10-01
赤,仕方,名詞,1,0.32,-0.15,2026-10-01
赤,羽目,名詞,1,0.32,-0.15,2026-10-01
赤,滅す,動詞,1,0.32,nan,2026-10-01
赤,想い,名詞,1,0.32,-0.15,2026-10-01
赤,かっと,副詞,1,0.32,nan,2026-10-01
赤,霧散,名詞,1,0.32,nan,2026-10-01
赤,楽々,副詞,1,0.32,nan,2026-10-01
赤,もてあそぶ,動詞,1,0.32,nan,2026-10-01
赤,手形,名詞,1,0.32,nan,2026-10-01
赤,隅,名詞,1,0.32,0.05,2026-10-01
赤,猿,名詞,1,0.32,-0.15,2026-10-01
赤,すばやい,形容詞,1,0.32,nan,2026-10-01
赤,覗く,動詞,1,0.32,-0.71,2026-10-01
赤,沸騰,名詞,1,0.32,nan,2026-10-01
赤,昇格,名詞,1,0.32,nan,2026-10-01
赤,下界,名詞,1,0.32,nan,2026-10-01
赤,譲り,名詞,1,0.32,nan,2026-10-01
赤,自爆,名詞,1,0.32,nan,2026-10-01
赤,政府,名詞,1,0.32,nan,2026-10-01
赤,耕す,動詞,1,0.32,0.05,2026-10-01
赤,訳,名詞,1,0.32,-0.47,2026-10-01
赤,盲信,名詞,1,0.32,nan,2026-10-01
赤,程遠い,形容詞,1,0.32,-0.15,2026-10-01
赤,学問,名詞,1,0.32,-0.32,2026-10-01
赤,内側,名詞,1,0.32,-0.91,2026-10-01
赤,近隣,名詞,1,0.32,nan,2026-10-01
赤,テクノロジー,名詞,1,0.32,nan,2026-10-01
赤,ボタン,名詞,1,0.32,nan,2026-10-01
赤,脇,名詞,1,0.32,-0.32,2026-10-01
赤,ランタン,名詞,1,0.32,-1.0,2026-10-01
赤,兼任,名詞,1,0.32,nan,2026-10-01
赤,酒場,名詞,1,0.32,-0.6,2026-10-01
赤,建て直し,名詞,1,0.32,nan,2026-10-01
赤,ベルコ,名詞,1,0.32,nan,2026-10-01
赤,紐,名詞,1,0.32,nan,2026-10-01
赤,つるす,動詞,1,0.32,nan,2026-10-01
赤,並べる,動詞,1,0.32,-0.15,2026-10-01
赤,塩漬け,名詞,1,0.32,nan,2026-10-01
赤,売り子,名詞,1,0.32,nan,2026-10-01
赤,根菜,名詞,1,0.32,nan,2026-10-01
赤,オルド,名詞,1,0.32,nan,2026-10-01
赤,忙しい,形容詞,1,0.32,-0.15,2026-10-01
赤,裏道,名詞,1,0.32,nan,2026-10-01
赤,大通り,名詞,1,0.32,nan,2026-10-01
赤,ひさし,名詞,1,0.32,nan,2026-10-01
赤,骨ばる,動詞,1,0.32,nan,2026-10-01
赤,一定,名詞,1,0.32,nan,2026-10-01
赤,毒針,名詞,1,0.32,nan,2026-10-01
赤,貫通,名詞,1,0.32,nan,2026-10-01
赤,標本,名詞,1,0.32,-0.32,2026-10-01
赤,激痛,名詞,1,0.32,nan,2026-10-01
赤,直ちに,副詞,1,0.32,-0.32,2026-10-01
赤,全身,名詞,1,0.32,-0.6,2026-10-01
赤,因果,名詞,1,0.32,nan,2026-10-01
赤,胡散,名詞,1,0.32,nan,2026-10-01
赤,筋,名詞,1,0.32,0.05,2026-10-01
赤,試薬,名詞,1,0.32,nan,2026-10-01
赤,売り,名詞,1,0.32,nan,2026-10-01
赤,座り,名詞,1,0.32,nan,2026-10-01
赤,行商,名詞,1,0.32,nan,2026-10-01
赤,パジク,名詞,1,0.32,nan,2026-10-01
赤,大喜び,名詞,1,0.32,-0.47,2026-10-01
赤,何もの,名詞,1,0.32,nan,2026-10-01
赤,天気,名詞,1,0.32,-0.15,2026-10-01
赤,ズバッ,副詞,1,0.32,nan,2026-10-01
赤,バシッ,副詞,1,0.32,nan,2026-10-01
赤,載る,動詞,1,0.32,nan,2026-10-01
赤,暦,名詞,1,0.32,nan,2026-10-01
赤,慣習,名詞,1,0.32,nan,2026-10-01
赤,あらかじめ,副詞,1,0.32,nan,2026-10-01
赤,構造,名詞,1,0.32,-1.0,2026-10-01
赤,反動,名詞,1,0.32,nan,2026-10-01
赤,寄生,名詞,1,0.32,0.05,2026-10-01
赤,矮小,名詞,1,0.32,nan,2026-10-01
赤,小路,名詞,1,0.32,nan,2026-10-01
赤,羽虫,名詞,1,0.32,nan,2026-10-01
赤,さながら,副詞,1,0.32,nan,2026-10-01
赤,ねじれる,動詞,1,0.32,0.05,2026-10-01
赤,抑制,名詞,1,0.32,-0.32,2026-10-01
赤,坊主,名詞,1,0.32,nan,2026-10-01
赤,ぼろ,名詞,1,0.32,nan,2026-10-01
赤,娘,名詞,1,0.32,-0.81,2026-10-01
赤,身なり,名詞,1,0.32,nan,2026-10-01
赤,タイミング,名詞,1,0.32,-0.47,2026-10-01
赤,手ごわい,形容詞,1,0.32,nan,2026-10-01
赤,ねじ,名詞,1,0.32,nan,2026-10-01
赤,嗅ぐ,動詞,1,0.32,-1.57,2026-10-01
赤,お出まし,名詞,1,0.32,nan,2026-10-01
赤,北西,名詞,1,0.32,nan,2026-10-01
赤,魔性,名詞,1,0.32,nan,2026-10-01
赤,加熱,名詞,1,0.32,nan,2026-10-01
赤,底面,名詞,1,0.32,nan,2026-10-01
赤,氷面,名詞,1,0.32,nan,2026-10-01
赤,留め,名詞,1,0.32,nan,2026-10-01
赤,波紋,名詞,1,0.32,nan,2026-10-01
赤,海蛇,名詞,1,0.32,nan,2026-10-01
赤,添う,動詞,1,0.32,nan,2026-10-01
赤,対面,名詞,1,0.32,nan,2026-10-01
赤,新品,名詞,1,0.32,0.05,2026-10-01
赤,粉雪,名詞,1,0.32,nan,2026-10-01
赤,むく,名詞,1,0.32,nan,2026-10-01
赤,ぴったり,副詞,1,0.32,nan,2026-10-01
赤,耳当て,名詞,1,0.32,nan,2026-10-01
赤,動ける,動詞,1,0.32,-0.6,2026-10-01
赤,スロープ,名詞,1,0.32,nan,2026-10-01
赤,起こり,名詞,1,0.32,nan,2026-10-01
赤,険しい,形容詞,1,0.32,nan,2026-10-01
赤,吹き溜まり,名詞,1,0.32,nan,2026-10-01
赤,瘴気,名詞,1,0.32,0.05,2026-10-01
赤,本拠,名詞,1,0.32,nan,2026-10-01
赤,ショッカー,名詞,1,0.32,nan,2026-10-01
赤,熱狂,名詞,1,0.32,nan,2026-10-01
赤,太刀打ち,名詞,1,0.32,nan,2026-10-01
赤,亡霊,名詞,1,0.32,-0.15,2026-10-01
赤,アスモラノマルデカダイスティナカルダカール,名詞,1,0.32,nan,2026-10-01
赤,ボガーダン,名詞,1,0.32,nan,2026-10-01
赤,ケルドン,名詞,1,0.32,nan,2026-10-01
赤,助,名詞,1,0.32,nan,2026-10-01
赤,ジャムーラ,名詞,1,0.32,nan,2026-10-01
赤,婦人,名詞,1,0.32,nan,2026-10-01
赤,産む,動詞,1,0.32,0.05,2026-10-01
赤,行き詰まり,名詞,1,0.32,nan,2026-10-01
赤,決定,名詞,1,0.32,-0.6,2026-10-01
赤,移ろう,動詞,1,0.32,-0.15,2026-10-01
赤,エヴィンカー,名詞,1,0.32,0.05,2026-10-01
赤,黒ずむ,動詞,1,0.32,nan,2026-10-01
赤,欠伸,名詞,1,0.32,nan,2026-10-01
赤,予感,名詞,1,0.32,nan,2026-10-01
赤,ぬめる,動詞,1,0.32,nan,2026-10-01
赤,模倣,名詞,1,0.32,-1.08,2026-10-01
赤,炭団,名詞,1,0.32,nan,2026-10-01
赤,愚鈍,名詞,1,0.32,nan,2026-10-01
赤,道すがら,副詞,1,0.32,nan,2026-10-01
赤,けたたましい,形容詞,1,0.32,nan,2026-10-01
赤,管理,名詞,1,0.32,-1.35,2026-10-01
赤,火難,名詞,1,0.32,nan,2026-10-01
赤,ランプ,名詞,1,0.32,nan,2026-10-01
赤,物狂い,名詞,1,0.32,nan,2026-10-01
赤,噴煙,名詞,1,0.32,nan,2026-10-01
赤,パーディック,名詞,1,0.32,nan,2026-10-01
赤,死滅,名詞,1,0.32,nan,2026-10-01
赤,野,名詞,1,0.32,0.05,2026-10-01
赤,豆,名詞,1,0.32,nan,2026-10-01
赤,空洞,名詞,1,0.32,0.05,2026-10-01
赤,垢,名詞,1,0.32,nan,2026-10-01
赤,表情,名詞,1,0.32,-0.32,2026-10-01
赤,模,名詞,1,0.32,nan,2026-10-01
赤,天国,名詞,1,0.32,0.05,2026-10-01
赤,辺土,名詞,1,0.32,nan,2026-10-01
赤,髪,名詞,1,0.32,-1.0,2026-10-01
赤,特務,名詞,1,0.32,nan,2026-10-01
赤,進歩,名詞,1,0.32,-0.47,2026-10-01
赤,ウンパス,名詞,1,0.32,nan,2026-10-01
赤,いじる,動詞,1,0.32,nan,2026-10-01
赤,誤ち,名詞,1,0.32,nan,2026-10-01
赤,犯す,動詞,1,0.32,-1.66,2026-10-01
赤,ドゥエルディア,名詞,1,0.32,nan,2026-10-01
赤,死する,動詞,1,0.32,-0.81,2026-10-01
赤,宿命,名詞,1,0.32,0.05,2026-10-01
赤,順,名詞,1,0.32,nan,2026-10-01
赤,名折れ,名詞,1,0.32,nan,2026-10-01
赤,有望,名詞,1,0.32,0.05,2026-10-01
赤,滞在,名詞,1,0.32,nan,2026-10-01
赤,入学,名詞,1,0.32,nan,2026-10-01
赤,血染め,名詞,1,0.32,nan,2026-10-01
赤,泥,名詞,1,0.32,-1.22,2026-10-01
赤,宝珠,名詞,1,0.32,nan,2026-10-01
赤,潮流,名詞,1,0.32,-0.71,2026-10-01
赤,石柱,名詞,1,0.32,nan,2026-10-01
赤,バツ,名詞,1,0.32,nan,2026-10-01
赤,つまめる,動詞,1,0.32,nan,2026-10-01
赤,マル,名詞,1,0.32,nan,2026-10-01
赤,振れ,名詞,1,0.32,nan,2026-10-01
赤,マナ,名詞,1,0.32,nan,2026-10-01
赤,転がす,動詞,1,0.32,nan,2026-10-01
赤,突付く,動詞,1,0.32,nan,2026-10-01
赤,千切れる,動詞,1,0.32,nan,2026-10-01
赤,塁壁,名詞,1,0.32,nan,2026-10-01
赤,不死身,名詞,1,0.32,nan,2026-10-01
赤,ヨーグモス,名詞,1,0.32,-0.15,2026-10-01
赤,色々,副詞,1,0.32,nan,2026-10-01
赤,チップ,名詞,1,0.32,nan,2026-10-01
赤,なめくじ,名詞,1,0.32,nan,2026-10-01
赤,にきび,名詞,1,0.32,nan,2026-10-01
赤,聞ける,動詞,1,0.32,-0.15,2026-10-01
赤,ボウボウ,副詞,1,0.32,nan,2026-10-01
赤,ジュージュー,副詞,1,0.32,nan,2026-10-01
赤,麦汁,名詞,1,0.32,nan,2026-10-01
赤,墓穴,名詞,1,0.32,nan,2026-10-01
赤,足跡,名詞,1,0.32,-1.41,2026-10-01
赤,例えば,副詞,1,0.32,nan,2026-10-01
赤,ぶち壊し,名詞,1,0.32,nan,2026-10-01
赤,晴れ,名詞,1,0.32,nan,2026-10-01
赤,真価,名詞,1,0.32,nan,2026-10-01
赤,スクリプタス,名詞,1,0.32,nan,2026-10-01
赤,捻術,名詞,1,0.32,nan,2026-10-01
赤,フリーン,名詞,1,0.32,nan,2026-10-01
赤,肉塊,名詞,1,0.32,nan,2026-10-01
赤,盛り上がり,名詞,1,0.32,nan,2026-10-01
赤,チドリ,名詞,1,0.32,nan,2026-10-01
赤,農夫,名詞,1,0.32,-1.29,2026-10-01
赤,熟考,名詞,1,0.32,nan,2026-10-01
赤,迎え,名詞,1,0.32,nan,2026-10-01
赤,下ろせる,動詞,1,0.32,nan,2026-10-01
赤,一言,名詞,1,0.32,-1.08,2026-10-01
赤,左下,名詞,1,0.32,nan,2026-10-01
赤,降ろせる,動詞,1,0.32,nan,2026-10-01
赤,降ろす,動詞,1,0.32,-0.32,2026-10-01
赤,ちっちゃい,形容詞,1,0.32,nan,2026-10-01
赤,追える,動詞,1,0.32,nan,2026-10-01
赤,散らかる,動詞,1,0.32,nan,2026-10-01
赤,小屋,名詞,1,0.32,-0.15,2026-10-01
赤,トウモロコシ,名詞,1,0.32,nan,2026-10-01
赤,ディーガン,名詞,1,0.32,nan,2026-10-01
赤,いらだつ,動詞,1,0.32,nan,2026-10-01
赤,ピンポイント,名詞,1,0.32,nan,2026-10-01
赤,干渉,名詞,1,0.32,nan,2026-10-01
赤,うなり声,名詞,1,0.32,0.05,2026-10-01
赤,飛べる,動詞,1,0.32,-0.6,2026-10-01
赤,妖精,名詞,1,0.32,-1.83,2026-10-01
赤,変わり身,名詞,1,0.32,-0.81,2026-10-01
赤,わめく,動詞,1,0.32,nan,2026-10-01
赤,雌,名詞,1,0.32,nan,2026-10-01
赤,すそ分け,名詞,1,0.32,nan,2026-10-01
赤,キス,名詞,1,0.32,nan,2026-10-01
赤,ぶら下がる,動詞,1,0.32,-0.15,2026-10-01
赤,合財,名詞,1,0.32,nan,2026-10-01
赤,スプーン,名詞,1,0.32,nan,2026-10-01
赤,発端,名詞,1,0.32,nan,2026-10-01
赤,大昔,名詞,1,0.32,nan,2026-10-01
赤,北方,名詞,1,0.32,-0.47,2026-10-01
赤,ドゥーネダイン,名詞,1,0.32,nan,2026-10-01
赤,敵陣,名詞,1,0.32,nan,2026-10-01
赤,包囲,名詞,1,0.32,-0.15,2026-10-01
赤,穂先,名詞,1,0.32,nan,2026-10-01
赤,浮き足,名詞,1,0.32,nan,2026-10-01
赤,滝,名詞,1,0.32,-0.81,2026-10-01
赤,強風,名詞,1,0.32,nan,2026-10-01
赤,身構え,名詞,1,0.32,nan,2026-10-01
赤,アツい,形容詞,1,0.32,nan,2026-10-01
赤,迫害,名詞,1,0.32,nan,2026-10-01
赤,土石,名詞,1,0.32,nan,2026-10-01
赤,石ころ,名詞,1,0.32,nan,2026-10-01
赤,無名,名詞,1,0.32,nan,2026-10-01
赤,見張り,名詞,1,0.32,-0.71,2026-10-01
赤,葬儀,名詞,1,0.32,nan,2026-10-01
赤,日記,名詞,1,0.32,nan,2026-10-01
赤,トレク,名詞,1,0.32,nan,2026-10-01
赤,ゴールドメドウ,名詞,1,0.32,nan,2026-10-01
赤,ヒマワリ,名詞,1,0.32,nan,2026-10-01
赤,話題,名詞,1,0.32,nan,2026-10-01
赤,イルリア,名詞,1,0.32,-0.15,2026-10-01
赤,炊く,動詞,1,0.32,nan,2026-10-01
赤,たてがみ,名詞,1,0.32,-0.71,2026-10-01
赤,部位,名詞,1,0.32,nan,2026-10-01
赤,殲滅,名詞,1,0.32,nan,2026-10-01
赤,余す,動詞,1,0.32,nan,2026-10-01
赤,凝視,名詞,1,0.32,nan,2026-10-01
赤,必殺,名詞,1,0.32,nan,2026-10-01
赤,強打,名詞,1,0.32,nan,2026-10-01
赤,相対,名詞,1,0.32,-0.47,2026-10-01
赤,卑怯,名詞,1,0.32,nan,2026-10-01
赤,無辜,名詞,1,0.32,nan,2026-10-01
赤,密使,名詞,1,0.32,nan,2026-10-01
赤,軍旗,名詞,1,0.32,-0.32,2026-10-01
赤,友好,名詞,1,0.32,nan,2026-10-01
赤,ニブい,形容詞,1,0.32,nan,2026-10-01
赤,悪戯者,名詞,1,0.32,nan,2026-10-01
赤,ギィク,名詞,1,0.32,nan,2026-10-01
赤,オーロラ,名詞,1,0.32,-0.15,2026-10-01
赤,うめく,動詞,1,0.32,nan,2026-10-01
赤,角度,名詞,1,0.32,nan,2026-10-01
赤,炭,名詞,1,0.32,nan,2026-10-01
赤,はせる,動詞,1,0.32,nan,2026-10-01
赤,ギャラ,名詞,1,0.32,nan,2026-10-01
赤,名乗る,動詞,1,0.32,0.05,2026-10-01
赤,輝石,名詞,1,0.32,nan,2026-10-01
赤,ターヴィック,名詞,1,0.32,nan,2026-10-01
赤,鉢,名詞,1,0.32,nan,2026-10-01
赤,ためし,名詞,1,0.32,nan,2026-10-01
赤,全軍,名詞,1,0.32,nan,2026-10-01
赤,ささやき,名詞,1,0.32,0.05,2026-10-01
赤,緊急,名詞,1,0.32,-0.32,2026-10-01
赤,サウロン,名詞,1,0.32,-0.32,2026-10-01
赤,猟奇,名詞,1,0.32,nan,2026-10-01
赤,味付け,名詞,1,0.32,nan,2026-10-01
赤,胡椒,名詞,1,0.32,nan,2026-10-01
赤,塩,名詞,1,0.32,-1.46,2026-10-01
赤,魅く,動詞,1,0.32,nan,2026-10-01
赤,小山,名詞,1,0.32,nan,2026-10-01
赤,背骨,名詞,1,0.32,nan,2026-10-01
赤,分類,名詞,1,0.32,nan,2026-10-01
赤,あく,動詞,1,0.32,nan,2026-10-01
赤,横行,名詞,1,0.32,nan,2026-10-01
赤,バレントン,名詞,1,0.32,nan,2026-10-01
赤,落胆,名詞,1,0.32,nan,2026-10-01
赤,ダイフリン,名詞,1,0.32,nan,2026-10-01
赤,隠れ場,名詞,1,0.32,nan,2026-10-01
赤,糸,名詞,1,0.32,-2.28,2026-10-01
赤,概念,名詞,1,0.32,-0.47,2026-10-01
赤,拷問,名詞,1,0.32,-0.81,2026-10-01
赤,あんま,副詞,1,0.32,nan,2026-10-01
赤,住める,動詞,1,0.32,nan,2026-10-01
赤,デュルガー,名詞,1,0.32,nan,2026-10-01
赤,閃き,名詞,1,0.32,nan,2026-10-01
赤,揮発,名詞,1,0.32,nan,2026-10-01
赤,節穴,名詞,1,0.32,nan,2026-10-01
赤,フローン,名詞,1,0.32,nan,2026-10-01
赤,赤道,名詞,1,0.32,nan,2026-10-01
赤,息づく,動詞,1,0.32,0.05,2026-10-01
赤,セドリス,名詞,1,0.32,nan,2026-10-01
赤,裂傷,名詞,1,0.32,nan,2026-10-01
赤,直撃,名詞,1,0.32,nan,2026-10-01
赤,ジャヴァ,名詞,1,0.32,nan,2026-10-01
赤,死因,名詞,1,0.32,nan,2026-10-01
赤,ウォジェク,名詞,1,0.32,0.05,2026-10-01
赤,ヴァーグ,名詞,1,0.32,nan,2026-10-01
赤,グノール,名詞,1,0.32,nan,2026-10-01
赤,グローント,名詞,1,0.32,nan,2026-10-01
赤,ガルガンチュアン,名詞,1,0.32,-0.47,2026-10-01
赤,司祭,名詞,1,0.32,-0.47,2026-10-01
赤,イグアナール,名詞,1,0.32,nan,2026-10-01
赤,カワイイ,形容詞,1,0.32,nan,2026-10-01
赤,激動,名詞,1,0.32,nan,2026-10-01
赤,手順,名詞,1,0.32,nan,2026-10-01
赤,薬液,名詞,1,0.32,nan,2026-10-01
赤,揺らす,動詞,1,0.32,nan,2026-10-01
赤,まどろむ,動詞,1,0.32,nan,2026-10-01
赤,シーズ,名詞,1,0.32,nan,2026-10-01
赤,不朽,名詞,1,0.32,nan,2026-10-01
赤,ネヘブ,名詞,1,0.32,nan,2026-10-01
赤,行える,動詞,1,0.32,-0.15,2026-10-01
赤,崖崩れ,名詞,1,0.32,nan,2026-10-01
赤,ナカティル,名詞,1,0.32,nan,2026-10-01
赤,ジャングル,名詞,1,0.32,-1.79,2026-10-01
赤,メイエル,名詞,1,0.32,nan,2026-10-01
赤,アニマ,名詞,1,0.32,0.05,2026-10-01
赤,エトラン,名詞,1,0.32,nan,2026-10-01
赤,踊り子,名詞,1,0.32,nan,2026-10-01
赤,高潮,名詞,1,0.32,nan,2026-10-01
赤,ビヒモス,名詞,1,0.32,nan,2026-10-01
赤,印す,動詞,1,0.32,nan,2026-10-01
赤,グリクシス,名詞,1,0.32,-1.15,2026-10-01
赤,絶滅,名詞,1,0.32,-1.22,2026-10-01
赤,地底,名詞,1,0.32,-1.29,2026-10-01
赤,発現,名詞,1,0.32,nan,2026-10-01
赤,風下,名詞,1,0.32,nan,2026-10-01
赤,触れ,名詞,1,0.32,nan,2026-10-01
赤,エブレル,名詞,1,0.32,nan,2026-10-01
赤,クラニオセロス,名詞,1,0.32,nan,2026-10-01
赤,険悪,名詞,1,0.32,nan,2026-10-01
赤,導師,名詞,1,0.32,nan,2026-10-01
赤,正解,名詞,1,0.32,nan,2026-10-01
赤,あながち,副詞,1,0.32,nan,2026-10-01
赤,金線,名詞,1,0.32,0.05,2026-10-01
赤,こぼれる,動詞,1,0.32,nan,2026-10-01
赤,ヘイドラン,名詞,1,0.32,nan,2026-10-01
赤,種蒔き,名詞,1,0.32,nan,2026-10-01
赤,議論,名詞,1,0.32,-0.32,2026-10-01
赤,放てる,動詞,1,0.32,nan,2026-10-01
赤,雨乞い,名詞,1,0.32,nan,2026-10-01
赤,逆襲,名詞,1,0.32,nan,2026-10-01
赤,バント,名詞,1,0.32,-1.41,2026-10-01
赤,切望,名詞,1,0.32,-0.32,2026-10-01
赤,活気,名詞,1,0.32,-0.15,2026-10-01
赤,虚飾,名詞,1,0.32,nan,2026-10-01
赤,無駄口,名詞,1,0.32,nan,2026-10-01
赤,手駒,名詞,1,0.32,nan,2026-10-01
赤,捨て駒,名詞,1,0.32,nan,2026-10-01
赤,威光,名詞,1,0.32,nan,2026-10-01
赤,巻,名詞,1,0.32,-0.47,2026-10-01
赤,報酬,名詞,1,0.32,-0.32,2026-10-01
赤,実例,名詞,1,0.32,nan,2026-10-01
赤,望み,名詞,1,0.32,-1.46,2026-10-01
赤,仰せ,名詞,1,0.32,nan,2026-10-01
赤,世継ぎ,名詞,1,0.32,nan,2026-10-01
赤,火つけ,名詞,1,0.32,nan,2026-10-01
赤,呼び声,名詞,1,0.32,-1.15,2026-10-01
赤,付け火,名詞,1,0.32,nan,2026-10-01
赤,ドカバキ,名詞,1,0.32,nan,2026-10-01
赤,羨む,動詞,1,0.32,nan,2026-10-01
赤,ロットスカブ,名詞,1,0.32,nan,2026-10-01
赤,徹する,動詞,1,0.32,nan,2026-10-01
赤,ジャリアド,名詞,1,0.32,nan,2026-10-01
赤,記す,動詞,1,0.32,-1.08,2026-10-01
赤,しかめる,動詞,1,0.32,nan,2026-10-01
赤,ため息,名詞,1,0.32,-0.15,2026-10-01
赤,作り,名詞,1,0.32,0.05,2026-10-01
赤,麦畑,名詞,1,0.32,nan,2026-10-01
赤,タイヴァン,名詞,1,0.32,nan,2026-10-01
赤,白髪,名詞,1,0.32,nan,2026-10-01
赤,預ける,動詞,1,0.32,nan,2026-10-01
赤,順番,名詞,1,0.32,nan,2026-10-01
赤,囚人,名詞,1,0.32,-0.15,2026-10-01
赤,脈打つ,動詞,1,0.32,-0.47,2026-10-01
赤,マーガス,名詞,1,0.32,nan,2026-10-01
赤,疑念,名詞,1,0.32,-0.91,2026-10-01
赤,ごと,名詞,1,0.32,nan,2026-10-01
赤,スゥルタイ,名詞,1,0.32,-1.66,2026-10-01
赤,教訓,名詞,1,0.32,-0.47,2026-10-01
赤,一芸,名詞,1,0.32,nan,2026-10-01
赤,猟犬,名詞,1,0.32,0.05,2026-10-01
赤,辺,名詞,1,0.32,nan,2026-10-01
赤,会話,名詞,1,0.32,-0.32,2026-10-01
赤,下り道,名詞,1,0.32,nan,2026-10-01
赤,凪,名詞,1,0.32,-1.0,2026-10-01
赤,ヴェルタン,名詞,1,0.32,nan,2026-10-01
赤,はじめ,名詞,1,0.32,-0.47,2026-10-01
赤,教室,名詞,1,0.32,0.05,2026-10-01
赤,フレック,名詞,1,0.32,nan,2026-10-01
赤,宣教,名詞,1,0.32,nan,2026-10-01
赤,果敢,名詞,1,0.32,nan,2026-10-01
赤,雇い主,名詞,1,0.32,nan,2026-10-01
赤,懲りる,動詞,1,0.32,nan,2026-10-01
赤,アイィィィー,名詞,1,0.32,nan,2026-10-01
赤,ニコウ,名詞,1,0.32,nan,2026-10-01
赤,吟遊,名詞,1,0.32,0.05,2026-10-01
赤,詩人,名詞,1,0.32,-0.6,2026-10-01
赤,ジョラーガ,名詞,1,0.32,-0.81,2026-10-01
赤,気恥ずかしい,形容詞,1,0.32,nan,2026-10-01
赤,果実,名詞,1,0.32,-0.32,2026-10-01
赤,コライア,名詞,1,0.32,nan,2026-10-01
赤,減らす,動詞,1,0.32,0.05,2026-10-01
赤,山盛り,名詞,1,0.32,nan,2026-10-01
赤,唐辛子,名詞,1,0.32,nan,2026-10-01
赤,スカッブ,名詞,1,0.32,nan,2026-10-01
赤,勢いづく,動詞,1,0.32,nan,2026-10-01
赤,交じる,動詞,1,0.32,0.05,2026-10-01
赤,僧侶,名詞,1,0.32,-2.14,2026-10-01
赤,コーシ,名詞,1,0.32,nan,2026-10-01
赤,求め,名詞,1,0.32,nan,2026-10-01
赤,飛び地,名詞,1,0.32,nan,2026-10-01
赤,ザッケン,名詞,1,0.32,nan,2026-10-01
赤,ダヤ,名詞,1,0.32,nan,2026-10-01
赤,レマス,名詞,1,0.32,nan,2026-10-01
赤,またがる,動詞,1,0.32,nan,2026-10-01
赤,使い,名詞,1,0.32,-1.29,2026-10-01
赤,スクリル,名詞,1,0.32,nan,2026-10-01
赤,山腹,名詞,1,0.32,nan,2026-10-01
赤,グリブル,名詞,1,0.32,nan,2026-10-01
赤,グロータグ,名詞,1,0.32,nan,2026-10-01
赤,野望,名詞,1,0.32,-0.71,2026-10-01
赤,下層,名詞,1,0.32,-0.91,2026-10-01
赤,死骸,名詞,1,0.32,-0.47,2026-10-01
赤,嘆き,名詞,1,0.32,-1.08,2026-10-01
赤,骨肉,名詞,1,0.32,nan,2026-10-01
赤,ハルダ,名詞,1,0.32,nan,2026-10-01
赤,喜び,名詞,1,0.32,-2.01,2026-10-01
赤,見当,名詞,1,0.32,nan,2026-10-01
赤,饗宴,名詞,1,0.32,nan,2026-10-01
赤,そびえる,動詞,1,0.32,-0.47,2026-10-01
赤,選り好み,名詞,1,0.32,nan,2026-10-01
赤,鎮圧,名詞,1,0.32,nan,2026-10-01
赤,ラガークトカゲ,名詞,1,0.32,nan,2026-10-01
赤,創生,名詞,1,0.32,nan,2026-10-01
赤,往来,名詞,1,0.32,nan,2026-10-01
赤,さす,動詞,1,0.32,nan,2026-10-01
赤,かがむ,動詞,1,0.32,nan,2026-10-01
赤,ヤナシュ,名詞,1,0.32,nan,2026-10-01
赤,前哨,名詞,1,0.32,-0.15,2026-10-01
赤,聖域,名詞,1,0.32,-0.71,2026-10-01
赤,狂人,名詞,1,0.32,-0.6,2026-10-01
赤,ナスリン,名詞,1,0.32,nan,2026-10-01
赤,ジャヴァド,名詞,1,0.32,nan,2026-10-01
赤,すっかり,副詞,1,0.32,-0.47,2026-10-01
赤,ジャジー,名詞,1,0.32,nan,2026-10-01
赤,系,名詞,1,0.32,nan,2026-10-01
赤,ウーラ,名詞,1,0.32,nan,2026-10-01
赤,服従,名詞,1,0.32,-0.32,2026-10-01
赤,腹立たしい,形容詞,1,0.32,nan,2026-10-01
赤,ぱっ,副詞,1,0.32,nan,2026-10-01
赤,ケーキ,名詞,1,0.32,nan,2026-10-01
赤,大食,名詞,1,0.32,nan,2026-10-01
赤,果物,名詞,1,0.32,-0.47,2026-10-01
赤,老僧,名詞,1,0.32,nan,2026-10-01
赤,マンドリ,名詞,1,0.32,nan,2026-10-01
赤,悪鬼,名詞,1,0.32,-0.6,2026-10-01
赤,苛立ち,名詞,1,0.32,nan,2026-10-01
赤,絶えま,名詞,1,0.32,nan,2026-10-01
赤,剥がれる,動詞,1,0.32,nan,2026-10-01
赤,薄皮,名詞,1,0.32,nan,2026-10-01
赤,フラーク,名詞,1,0.32,nan,2026-10-01
赤,不断,名詞,1,0.32,nan,2026-10-01
赤,優柔,名詞,1,0.32,nan,2026-10-01
赤,混在,名詞,1,0.32,nan,2026-10-01
赤,要る,動詞,1,0.32,-0.6,2026-10-01
赤,昔話,名詞,1,0.32,nan,2026-10-01
赤,傍観,名詞,1,0.32,0.05,2026-10-01
赤,薔薇,名詞,1,0.32,0.05,2026-10-01
赤,燻る,動詞,1,0.32,nan,2026-10-01
赤,元素,名詞,1,0.32,0.05,2026-10-01
赤,炸裂,名詞,1,0.32,nan,2026-10-01
赤,怒濤,名詞,1,0.32,nan,2026-10-01
赤,石火,名詞,1,0.32,nan,2026-10-01
赤,しゃぶる,動詞,1,0.32,nan,2026-10-01
赤,噴気,名詞,1,0.32,nan,2026-10-01
赤,側面,名詞,1,0.32,nan,2026-10-01
赤,含める,動詞,1,0.32,nan,2026-10-01
赤,気候,名詞,1,0.32,-0.15,2026-10-01
赤,削減,名詞,1,0.32,nan,2026-10-01
赤,線,名詞,1,0.32,-0.47,2026-10-01
赤,戦槌,名詞,1,0.32,nan,2026-10-01
赤,奮起,名詞,1,0.32,nan,2026-10-01
赤,鍛錬,名詞,1,0.32,-0.47,2026-10-01
赤,経る,動詞,1,0.32,-0.6,2026-10-01
赤,歪み,名詞,1,0.32,nan,2026-10-01
赤,融解,名詞,1,0.32,nan,2026-10-01
赤,対抗,名詞,1,0.32,-1.08,2026-10-01
赤,熱中,名詞,1,0.32,nan,2026-10-01
赤,臭う,動詞,1,0.32,nan,2026-10-01
赤,分解,名詞,1,0.32,-0.15,2026-10-01
赤,板金,名詞,1,0.32,nan,2026-10-01
赤,腐れ,名詞,1,0.32,nan,2026-10-01
赤,生産,名詞,1,0.32,nan,2026-10-01
赤,催促,名詞,1,0.32,nan,2026-10-01
赤,墓場,名詞,1,0.32,-0.15,2026-10-01
赤,鍛造,名詞,1,0.32,nan,2026-10-01
赤,ケセック,名詞,1,0.32,nan,2026-10-01
赤,正規,名詞,1,0.32,-0.15,2026-10-01
赤,絡む,動詞,1,0.32,-1.97,2026-10-01
赤,歯ごたえ,名詞,1,0.32,nan,2026-10-01
赤,大量,名詞,1,0.32,-0.71,2026-10-01
赤,一山,名詞,1,0.32,nan,2026-10-01
赤,キーキー,副詞,1,0.32,nan,2026-10-01
赤,構築,名詞,1,0.32,-0.71,2026-10-01
赤,難民,名詞,1,0.32,-0.15,2026-10-01
赤,責め苦,名詞,1,0.32,nan,2026-10-01
赤,総督,名詞,1,0.32,nan,2026-10-01
赤,ジュエクス,名詞,1,0.32,nan,2026-10-01
赤,重荷,名詞,1,0.32,-0.81,2026-10-01
赤,ちらつく,動詞,1,0.32,-0.6,2026-10-01
赤,パイサー,名詞,1,0.32,nan,2026-10-01
赤,乗ずる,動詞,1,0.32,nan,2026-10-01
赤,動力,名詞,1,0.32,nan,2026-10-01
赤,封印,名詞,1,0.32,nan,2026-10-01
赤,抜き,名詞,1,0.32,nan,2026-10-01
赤,穢れる,動詞,1,0.32,-0.15,2026-10-01
赤,固執,名詞,1,0.32,nan,2026-10-01
赤,背く,動詞,1,0.32,nan,2026-10-01
赤,階層,名詞,1,0.32,nan,2026-10-01
赤,エリシュ,名詞,1,0.32,-0.91,2026-10-01
赤,表,名詞,1,0.32,nan,2026-10-01
赤,聖句,名詞,1,0.32,nan,2026-10-01
赤,堕ちる,動詞,1,0.32,-0.47,2026-10-01
赤,金屑,名詞,1,0.32,nan,2026-10-01
赤,ざる,名詞,1,0.32,nan,2026-10-01
赤,アシュ,名詞,1,0.32,nan,2026-10-01
赤,クロノー,名詞,1,0.32,nan,2026-10-01
赤,早口,名詞,1,0.32,nan,2026-10-01
赤,足止め,名詞,1,0.32,nan,2026-10-01
赤,博学,名詞,1,0.32,nan,2026-10-01
赤,哲学,名詞,1,0.32,-0.47,2026-10-01
赤,ミルティーン,名詞,1,0.32,nan,2026-10-01
赤,傲慢,名詞,1,0.32,-0.15,2026-10-01
赤,跳ぶ,動詞,1,0.32,nan,2026-10-01
赤,イマースターム,名詞,1,0.32,nan,2026-10-01
赤,いかに,副詞,1,0.32,-1.0,2026-10-01
赤,モグラ,名詞,1,0.32,nan,2026-10-01
赤,防塁,名詞,1,0.32,nan,2026-10-01
赤,先達,名詞,1,0.32,nan,2026-10-01
赤,カレク,名詞,1,0.32,nan,2026-10-01
赤,手足,名詞,1,0.32,nan,2026-10-01
赤,悲哀,名詞,1,0.32,0.05,2026-10-01
赤,毎朝,名詞,1,0.32,nan,2026-10-01
赤,ブラールムー,名詞,1,0.32,nan,2026-10-01
赤,そちら側,名詞,1,0.32,nan,2026-10-01
赤,許せる,動詞,1,0.32,nan,2026-10-01
赤,ギャリフレイ,名詞,1,0.32,nan,2026-10-01
赤,ウソ,名詞,1,0.32,nan,2026-10-01
赤,樹立,名詞,1,0.32,nan,2026-10-01
赤,投下,名詞,1,0.32,nan,2026-10-01
赤,アニマル,名詞,1,0.32,0.05,2026-10-01
赤,往時,名詞,1,0.32,nan,2026-10-01
赤,タートルズ,名詞,1,0.32,nan,2026-10-01
赤,引き寄せ,名詞,1,0.32,nan,2026-10-01
赤,不善,名詞,1,0.32,nan,2026-10-01
赤,閑居,名詞,1,0.32,nan,2026-10-01
赤,無垢,名詞,1,0.32,-0.32,2026-10-01
赤,人形,名詞,1,0.32,-0.6,2026-10-01
赤,蠢く,動詞,1,0.32,nan,2026-10-01
赤,つながる,動詞,1,0.32,-1.0,2026-10-01
赤,役立つ,動詞,1,0.32,0.05,2026-10-01
赤,半,名詞,1,0.32,0.05,2026-10-01
赤,溜まり,名詞,1,0.32,nan,2026-10-01
赤,桶,名詞,1,0.32,nan,2026-10-01
赤,頓着,名詞,1,0.32,nan,2026-10-01
赤,御身,名詞,1,0.32,nan,2026-10-01
赤,グリセルブランド,名詞,1,0.32,nan,2026-10-01
赤,血管,名詞,1,0.32,-1.61,2026-10-01
赤,古参,名詞,1,0.32,0.05,2026-10-01
赤,新参,名詞,1,0.32,nan,2026-10-01
赤,賛美,名詞,1,0.32,nan,2026-10-01
赤,疑う,動詞,1,0.32,-0.6,2026-10-01
赤,トローゲン,名詞,1,0.32,nan,2026-10-01
赤,請う,動詞,1,0.32,-0.47,2026-10-01
赤,四つん這い,名詞,1,0.32,nan,2026-10-01
赤,へつらう,動詞,1,0.32,nan,2026-10-01
赤,こびる,動詞,1,0.32,nan,2026-10-01
赤,獣人,名詞,1,0.32,nan,2026-10-01
赤,かあっ,副詞,1,0.32,nan,2026-10-01
赤,嫌悪,名詞,1,0.32,nan,2026-10-01
赤,腐肉,名詞,1,0.32,-0.47,2026-10-01
赤,殿,名詞,1,0.32,nan,2026-10-01
赤,いろいろ,副詞,1,0.32,0.05,2026-10-01
赤,はいる,動詞,1,0.32,nan,2026-10-01
赤,失くす,動詞,1,0.32,0.05,2026-10-01
赤,ヘルグリム,名詞,1,0.32,nan,2026-10-01
赤,名剣,名詞,1,0.32,nan,2026-10-01
赤,古,名詞,1,0.32,-1.08,2026-10-01
赤,飛散,名詞,1,0.32,nan,2026-10-01
赤,層,名詞,1,0.32,-0.6,2026-10-01
赤,防止,名詞,1,0.32,nan,2026-10-01
赤,気まま,名詞,1,0.32,nan,2026-10-01
赤,弱る,動詞,1,0.32,-0.15,2026-10-01
赤,聖印,名詞,1,0.32,nan,2026-10-01
赤,杭,名詞,1,0.32,-0.15,2026-10-01
赤,残忍,名詞,1,0.32,-1.15,2026-10-01
赤,ヴィザグ,名詞,1,0.32,nan,2026-10-01
赤,ミナルドラ,名詞,1,0.32,nan,2026-10-01
赤,アトゥム,名詞,1,0.32,nan,2026-10-01
赤,飾る,動詞,1,0.32,-0.6,2026-10-01
赤,要求,名詞,1,0.32,-0.91,2026-10-01
赤,剣技,名詞,1,0.32,nan,2026-10-01
赤,せいぜい,副詞,1,0.32,nan,2026-10-01
赤,排除,名詞,1,0.32,-0.47,2026-10-01
赤,スカサル,名詞,1,0.32,nan,2026-10-01
赤,疲れ,名詞,1,0.32,-0.81,2026-10-01
赤,血流,名詞,1,0.32,nan,2026-10-01
赤,多々,副詞,1,0.32,nan,2026-10-01
赤,決まる,動詞,1,0.32,-1.41,2026-10-01
赤,鬼王,名詞,1,0.32,nan,2026-10-01
赤,粉砕,名詞,1,0.32,-0.32,2026-10-01
赤,枷,名詞,1,0.32,nan,2026-10-01
赤,計略,名詞,1,0.32,0.05,2026-10-01
赤,肺,名詞,1,0.32,-0.6,2026-10-01
赤,適う,動詞,1,0.32,nan,2026-10-01
赤,極めて,副詞,1,0.32,-1.29,2026-10-01
赤,断続,名詞,1,0.32,nan,2026-10-01
赤,柱,名詞,1,0.32,-0.81,2026-10-01
赤,ひび,名詞,1,0.32,nan,2026-10-01
赤,書庫,名詞,1,0.32,nan,2026-10-01
赤,低層,名詞,1,0.32,nan,2026-10-01
赤,重量,名詞,1,0.32,nan,2026-10-01
赤,苦,名詞,1,0.32,nan,2026-10-01
赤,弱まる,動詞,1,0.32,nan,2026-10-01
赤,脈動,名詞,1,0.32,nan,2026-10-01
赤,ワルツ,名詞,1,0.32,nan,2026-10-01
赤,よろい,名詞,1,0.32,nan,2026-10-01
赤,円,名詞,1,0.32,-0.15,2026-10-01
赤,貯える,動詞,1,0.32,nan,2026-10-01
赤,胴,名詞,1,0.32,nan,2026-10-01
赤,あずかる,動詞,1,0.32,0.05,2026-10-01
赤,好意,名詞,1,0.32,nan,2026-10-01
赤,躊躇い,名詞,1,0.32,nan,2026-10-01
赤,うざったい,形容詞,1,0.32,nan,2026-10-01
赤,おっかない,形容詞,1,0.32,nan,2026-10-01
赤,邪,名詞,1,0.32,nan,2026-10-01
赤,期,名詞,1,0.32,-1.15,2026-10-01
赤,黎明,名詞,1,0.32,nan,2026-10-01
赤,ボワッ,副詞,1,0.32,nan,2026-10-01
赤,アンデッド,名詞,1,0.32,-1.22,2026-10-01
赤,椅子,名詞,1,0.32,nan,2026-10-01
赤,皆殺し,名詞,1,0.32,nan,2026-10-01
赤,一連,名詞,1,0.32,nan,2026-10-01
赤,だるま,名詞,1,0.32,nan,2026-10-01
赤,境遇,名詞,1,0.32,nan,2026-10-01
赤,とどめる,動詞,1,0.32,-0.6,2026-10-01
赤,グリーゲル,名詞,1,0.32,nan,2026-10-01
赤,エスト,名詞,1,0.32,nan,2026-10-01
赤,苦悶,名詞,1,0.32,-1.51,2026-10-01
赤,滋養,名詞,1,0.32,-0.47,2026-10-01
赤,依存,名詞,1,0.32,nan,2026-10-01
赤,変貌,名詞,1,0.32,nan,2026-10-01
赤,時期,名詞,1,0.32,-1.29,2026-10-01
赤,階級,名詞,1,0.32,-1.08,2026-10-01
赤,習慣,名詞,1,0.32,nan,2026-10-01
赤,狂信,名詞,1,0.32,-0.81,2026-10-01
赤,信徒,名詞,1,0.32,-0.32,2026-10-01
赤,篤し,形容詞,1,0.32,nan,2026-10-01
赤,モットー,名詞,1,0.32,nan,2026-10-01
赤,商店,名詞,1,0.32,nan,2026-10-01
赤,グレズクリック,名詞,1,0.32,nan,2026-10-01
赤,最小,名詞,1,0.32,nan,2026-10-01
赤,測る,動詞,1,0.32,-0.47,2026-10-01
赤,プスプス,名詞,1,0.32,nan,2026-10-01
赤,ぷんぷん,副詞,1,0.32,nan,2026-10-01
赤,コソ泥,名詞,1,0.32,nan,2026-10-01
赤,出世,名詞,1,0.32,nan,2026-10-01
赤,船員,名詞,1,0.32,-0.81,2026-10-01
赤,悪用,名詞,1,0.32,nan,2026-10-01
赤,サーヴ,名詞,1,0.32,nan,2026-10-01
赤,アグマンド,名詞,1,0.32,nan,2026-10-01
赤,強請り,名詞,1,0.32,nan,2026-10-01
赤,思い違い,名詞,1,0.32,nan,2026-10-01
赤,旦那,名詞,1,0.32,nan,2026-10-01
赤,ゴルマーク,名詞,1,0.32,nan,2026-10-01
赤,悪態,名詞,1,0.32,nan,2026-10-01
赤,派兵,名詞,1,0.32,nan,2026-10-01
赤,道化,名詞,1,0.32,nan,2026-10-01
赤,委員,名詞,1,0.32,nan,2026-10-01
赤,審査,名詞,1,0.32,nan,2026-10-01
赤,無茶,名詞,1,0.32,nan,2026-10-01
赤,シマ,名詞,1,0.32,nan,2026-10-01
赤,仕立てる,動詞,1,0.32,nan,2026-10-01
赤,上昇,名詞,1,0.32,-0.47,2026-10-01
赤,工房,名詞,1,0.32,nan,2026-10-01
赤,価格,名詞,1,0.32,nan,2026-10-01
赤,表通り,名詞,1,0.32,nan,2026-10-01
赤,かえる,動詞,1,0.32,nan,2026-10-01
赤,スター,名詞,1,0.32,nan,2026-10-01
赤,鮮血,名詞,1,0.32,nan,2026-10-01
赤,ゴール,名詞,1,0.32,nan,2026-10-01
赤,僅差,名詞,1,0.32,nan,2026-10-01
赤,陳列,名詞,1,0.32,nan,2026-10-01
赤,新米,名詞,1,0.32,nan,2026-10-01
赤,店主,名詞,1,0.32,nan,2026-10-01
赤,持ち運び,名詞,1,0.32,nan,2026-10-01
赤,ベテラン,名詞,1,0.32,nan,2026-10-01
赤,商品,名詞,1,0.32,nan,2026-10-01
赤,最古,名詞,1,0.32,-0.15,2026-10-01
赤,みそ,名詞,1,0.32,nan,2026-10-01
赤,方程,名詞,1,0.32,-0.6,2026-10-01
赤,レオノス,名詞,1,0.32,nan,2026-10-01
赤,調停,名詞,1,0.32,nan,2026-10-01
赤,雇用,名詞,1,0.32,nan,2026-10-01
赤,墜落,名詞,1,0.32,nan,2026-10-01
赤,アンダーン,名詞,1,0.32,nan,2026-10-01
赤,爆風,名詞,1,0.32,nan,2026-10-01
赤,ボーリ,名詞,1,0.32,nan,2026-10-01
赤,電圧,名詞,1,0.32,nan,2026-10-01
赤,仲良く,副詞,1,0.32,nan,2026-10-01
赤,根城,名詞,1,0.32,nan,2026-10-01
赤,玉,名詞,1,0.32,nan,2026-10-01
赤,モート,名詞,1,0.32,nan,2026-10-01
赤,離れ業,名詞,1,0.32,nan,2026-10-01
赤,鉄砲,名詞,1,0.32,nan,2026-10-01
赤,ひときわ,副詞,1,0.32,nan,2026-10-01
赤,階,名詞,1,0.32,nan,2026-10-01
赤,駐屯,名詞,1,0.32,nan,2026-10-01
赤,ヴラスカ,名詞,1,0.32,-0.81,2026-10-01
赤,勝率,名詞,1,0.32,nan,2026-10-01
赤,ザレック,名詞,1,0.32,nan,2026-10-01
赤,荒野,名詞,1,0.32,-1.94,2026-10-01
赤,擁護,名詞,1,0.32,nan,2026-10-01
赤,境界,名詞,1,0.32,-1.41,2026-10-01
赤,観衆,名詞,1,0.32,nan,2026-10-01
赤,防ぐ,動詞,1,0.32,-1.35,2026-10-01
赤,講ずる,動詞,1,0.32,nan,2026-10-01
赤,方策,名詞,1,0.32,nan,2026-10-01
赤,ポケット,名詞,1,0.32,-0.6,2026-10-01
赤,白ける,動詞,1,0.32,nan,2026-10-01
赤,座,名詞,1,0.32,-0.15,2026-10-01
赤,ルーバー,名詞,1,0.32,nan,2026-10-01
赤,図体,名詞,1,0.32,nan,2026-10-01
赤,興ざめ,名詞,1,0.32,nan,2026-10-01
赤,禁制,名詞,1,0.32,nan,2026-10-01
赤,フルベイン,名詞,1,0.32,nan,2026-10-01
赤,ケンカ,名詞,1,0.32,nan,2026-10-01
赤,ボーラク,名詞,1,0.32,nan,2026-10-01
赤,ふく,動詞,1,0.32,nan,2026-10-01
赤,ライブース,名詞,1,0.32,nan,2026-10-01
赤,反逆,名詞,1,0.32,-0.6,2026-10-01
赤,軍曹,名詞,1,0.32,nan,2026-10-01
赤,嘲る,動詞,1,0.32,-0.32,2026-10-01
赤,穢す,動詞,1,0.32,-0.6,2026-10-01
赤,ブリキ,名詞,1,0.32,-0.32,2026-10-01
赤,住民,名詞,1,0.32,-0.81,2026-10-01
赤,ダイヴァ,名詞,1,0.32,nan,2026-10-01
赤,いにしえ,名詞,1,0.32,nan,2026-10-01
赤,旧,名詞,1,0.32,-0.32,2026-10-01
赤,遣わす,動詞,1,0.32,nan,2026-10-01
赤,果てし,名詞,1,0.32,-0.15,2026-10-01
赤,都,名詞,1,0.32,-1.29,2026-10-01
赤,糾弾,名詞,1,0.32,nan,2026-10-01
赤,推進,名詞,1,0.32,nan,2026-10-01
赤,洞察,名詞,1,0.32,-0.71,2026-10-01
赤,ラザーヴ,名詞,1,0.32,0.05,2026-10-01
赤,身代わり,名詞,1,0.32,nan,2026-10-01
赤,反骨,名詞,1,0.32,nan,2026-10-01
赤,スリーツ,名詞,1,0.32,nan,2026-10-01
赤,喊声,名詞,1,0.32,nan,2026-10-01
赤,理,名詞,1,0.32,nan,2026-10-01
赤,抗弁,名詞,1,0.32,nan,2026-10-01
赤,ブルンク,名詞,1,0.32,nan,2026-10-01
赤,スターリング,名詞,1,0.32,nan,2026-10-01
赤,猛暑,名詞,1,0.32,nan,2026-10-01
赤,ぜんぜん,副詞,1,0.32,nan,2026-10-01
赤,助手,名詞,1,0.32,-0.71,2026-10-01
赤,小男,名詞,1,0.32,nan,2026-10-01
赤,続行,名詞,1,0.32,nan,2026-10-01
赤,局面,名詞,1,0.32,nan,2026-10-01
赤,反撃,名詞,1,0.32,-0.91,2026-10-01
赤,解明,名詞,1,0.32,nan,2026-10-01
赤,ただただ,副詞,1,0.32,nan,2026-10-01
赤,謳歌,名詞,1,0.32,nan,2026-10-01
赤,下僕,名詞,1,0.32,-0.91,2026-10-01
赤,交易,名詞,1,0.32,nan,2026-10-01
赤,ネジャ,名詞,1,0.32,nan,2026-10-01
赤,まみれる,動詞,1,0.32,-0.6,2026-10-01
赤,とれる,動詞,1,0.32,nan,2026-10-01
赤,統制,名詞,1,0.32,nan,2026-10-01
赤,ボロ切れ,名詞,1,0.32,nan,2026-10-01
赤,丸める,動詞,1,0.32,nan,2026-10-01
赤,兵隊,名詞,1,0.32,0.05,2026-10-01
赤,しばらく,副詞,1,0.32,-0.6,2026-10-01
赤,しわがれる,動詞,1,0.32,nan,2026-10-01
赤,生やす,動詞,1,0.32,nan,2026-10-01
赤,カチカチ,副詞,1,0.32,nan,2026-10-01
赤,生える,動詞,1,0.32,-1.35,2026-10-01
赤,号令,名詞,1,0.32,nan,2026-10-01
赤,スラジーク,名詞,1,0.32,nan,2026-10-01
赤,代言,名詞,1,0.32,nan,2026-10-01
赤,アーデノス,名詞,1,0.32,nan,2026-10-01
赤,レガーサ,名詞,1,0.32,nan,2026-10-01
赤,雛,名詞,1,0.32,nan,2026-10-01
赤,追従,名詞,1,0.32,nan,2026-10-01
赤,誠実,名詞,1,0.32,-0.32,2026-10-01
赤,根絶やし,名詞,1,0.32,nan,2026-10-01
赤,火遊び,名詞,1,0.32,nan,2026-10-01
赤,地平,名詞,1,0.32,-1.41,2026-10-01
赤,刺さる,動詞,1,0.32,nan,2026-10-01
赤,投げ槍,名詞,1,0.32,nan,2026-10-01
赤,鬨の声,名詞,1,0.32,nan,2026-10-01
赤,本数,名詞,1,0.32,nan,2026-10-01
赤,裁定,名詞,1,0.32,nan,2026-10-01
赤,表れる,動詞,1,0.32,nan,2026-10-01
赤,大群,名詞,1,0.32,-1.29,2026-10-01
赤,左,名詞,1,0.32,nan,2026-10-01
赤,追跡,名詞,1,0.32,-1.15,2026-10-01
赤,右,名詞,1,0.32,nan,2026-10-01
赤,クリオン,名詞,1,0.32,nan,2026-10-01
赤,祭り,名詞,1,0.32,0.05,2026-10-01
赤,山頂,名詞,1,0.32,nan,2026-10-01
赤,ラクレイア,名詞,1,0.32,nan,2026-10-01
赤,ドービン,名詞,1,0.32,nan,2026-10-01
赤,電流,名詞,1,0.32,nan,2026-10-01
赤,ダニサ,名詞,1,0.32,nan,2026-10-01
赤,ドカーン,副詞,1,0.32,nan,2026-10-01
赤,要点,名詞,1,0.32,nan,2026-10-01
赤,絞る,動詞,1,0.32,-0.6,2026-10-01
赤,指さす,動詞,1,0.32,nan,2026-10-01
赤,姫,名詞,1,0.32,nan,2026-10-01
赤,ヴィラン,名詞,1,0.32,nan,2026-10-01
赤,一息,名詞,1,0.32,-0.71,2026-10-01
赤,侍祭,名詞,1,0.32,-0.15,2026-10-01
赤,オリーブ,名詞,1,0.32,nan,2026-10-01
赤,芽吹く,動詞,1,0.32,-0.81,2026-10-01
赤,基,名詞,1,0.32,nan,2026-10-01
赤,ブライガス,名詞,1,0.32,nan,2026-10-01
赤,造作,名詞,1,0.32,-0.15,2026-10-01
赤,最深,名詞,1,0.32,nan,2026-10-01
赤,クラグマ,名詞,1,0.32,nan,2026-10-01
赤,メダル,名詞,1,0.32,nan,2026-10-01
赤,光臨,名詞,1,0.32,nan,2026-10-01
赤,授与,名詞,1,0.32,nan,2026-10-01
赤,ラストス,名詞,1,0.32,nan,2026-10-01
赤,改宗,名詞,1,0.32,nan,2026-10-01
赤,罵声,名詞,1,0.32,nan,2026-10-01
赤,ベイマ,名詞,1,0.32,nan,2026-10-01
赤,ラゴンナ,名詞,1,0.32,nan,2026-10-01
赤,反感,名詞,1,0.32,nan,2026-10-01
赤,溜まる,動詞,1,0.32,nan,2026-10-01
赤,掃く,動詞,1,0.32,nan,2026-10-01
赤,鍛冶場,名詞,1,0.32,nan,2026-10-01
赤,血肉,名詞,1,0.32,nan,2026-10-01
赤,みぞ,名詞,1,0.32,nan,2026-10-01
赤,メイカル,名詞,1,0.32,nan,2026-10-01
赤,あまり,名詞,1,0.32,-0.47,2026-10-01
赤,発露,名詞,1,0.32,nan,2026-10-01
赤,スラノ,名詞,1,0.32,nan,2026-10-01
赤,兜,名詞,1,0.32,-0.47,2026-10-01
赤,賭け,名詞,1,0.32,-0.32,2026-10-01
赤,キマイラ,名詞,1,0.32,nan,2026-10-01
赤,プリディウス,名詞,1,0.32,nan,2026-10-01
赤,アリッサ,名詞,1,0.32,nan,2026-10-01
赤,ジャベリン,名詞,1,0.32,nan,2026-10-01
赤,雨粒,名詞,1,0.32,nan,2026-10-01
赤,天啓,名詞,1,0.32,nan,2026-10-01
赤,打破,名詞,1,0.32,nan,2026-10-01
赤,現状,名詞,1,0.32,nan,2026-10-01
赤,介す,動詞,1,0.32,nan,2026-10-01
赤,アルセモニー,名詞,1,0.32,nan,2026-10-01
赤,同行,名詞,1,0.32,nan,2026-10-01
赤,ヘリオッド,名詞,1,0.32,-1.08,2026-10-01
赤,神格,名詞,1,0.32,nan,2026-10-01
赤,願望,名詞,1,0.32,-0.47,2026-10-01
赤,羊飼い,名詞,1,0.32,nan,2026-10-01
赤,トリトン,名詞,1,0.32,-0.15,2026-10-01
赤,楽しめる,動詞,1,0.32,nan,2026-10-01
赤,レクセノール,名詞,1,0.32,nan,2026-10-01
赤,セテッサ,名詞,1,0.32,-1.22,2026-10-01
赤,アンソーザ,名詞,1,0.32,nan,2026-10-01
赤,伝染,名詞,1,0.32,-0.81,2026-10-01
赤,戦線,名詞,1,0.32,-0.47,2026-10-01
赤,圧政,名詞,1,0.32,0.05,2026-10-01
赤,夜通し,副詞,1,0.32,nan,2026-10-01
赤,座る,動詞,1,0.32,-0.81,2026-10-01
赤,印章,名詞,1,0.32,-0.71,2026-10-01
赤,余る,動詞,1,0.32,-0.81,2026-10-01
赤,オリアード,名詞,1,0.32,nan,2026-10-01
赤,サイミーディ,名詞,1,0.32,nan,2026-10-01
赤,情報,名詞,1,0.32,-1.87,2026-10-01
赤,喝采,名詞,1,0.32,nan,2026-10-01
赤,妾,名詞,1,0.32,nan,2026-10-01
赤,不憫,名詞,1,0.32,nan,2026-10-01
赤,コリグ,名詞,1,0.32,nan,2026-10-01
赤,重い,形容詞,1,0.32,-2.07,2026-10-01
赤,趣味,名詞,1,0.32,0.05,2026-10-01
赤,借金,名詞,1,0.32,nan,2026-10-01
赤,有限,名詞,1,0.32,nan,2026-10-01
赤,markuspersson,名詞,1,0.32,nan,2026-10-01
赤,ハンマー,名詞,1,0.32,nan,2026-10-01
赤,まかせる,動詞,1,0.32,nan,2026-10-01
赤,標,名詞,1,0.32,-0.15,2026-10-01
赤,秘術,名詞,1,0.32,nan,2026-10-01
赤,握手,名詞,1,0.32,nan,2026-10-01
赤,stonelibrande,名詞,1,0.32,nan,2026-10-01
赤,雪片,名詞,1,0.32,nan,2026-10-01
赤,ケライ,名詞,1,0.32,nan,2026-10-01
赤,住居,名詞,1,0.32,nan,2026-10-01
赤,シスマ,名詞,1,0.32,0.05,2026-10-01
赤,伏兵,名詞,1,0.32,nan,2026-10-01
赤,地形,名詞,1,0.32,-0.15,2026-10-01
赤,起伏,名詞,1,0.32,nan,2026-10-01
赤,丘陵,名詞,1,0.32,nan,2026-10-01
赤,アイノク,名詞,1,0.32,nan,2026-10-01
赤,邪気,名詞,1,0.32,nan,2026-10-01
赤,シンタン,名詞,1,0.32,nan,2026-10-01
赤,控える,動詞,1,0.32,nan,2026-10-01
赤,対戦,名詞,1,0.32,nan,2026-10-01
赤,発する,動詞,1,0.32,-1.08,2026-10-01
赤,先制,名詞,1,0.32,nan,2026-10-01
赤,萎縮,名詞,1,0.32,nan,2026-10-01
赤,両側,名詞,1,0.32,nan,2026-10-01
赤,揺らめき,名詞,1,0.32,nan,2026-10-01
赤,ニトゥラ,名詞,1,0.32,nan,2026-10-01
赤,ミンク,名詞,1,0.32,nan,2026-10-01
赤,青年,名詞,1,0.32,nan,2026-10-01
赤,温まる,動詞,1,0.32,nan,2026-10-01
赤,若造,名詞,1,0.32,nan,2026-10-01
赤,柔らかい,形容詞,1,0.32,0.05,2026-10-01
赤,整う,動詞,1,0.32,nan,2026-10-01
赤,規律,名詞,1,0.32,nan,2026-10-01
赤,突発,名詞,1,0.32,nan,2026-10-01
赤,書道,名詞,1,0.32,nan,2026-10-01
赤,凝らす,動詞,1,0.32,nan,2026-10-01
赤,先手,名詞,1,0.32,nan,2026-10-01
赤,蓄積,名詞,1,0.32,nan,2026-10-01
赤,嘲ける,動詞,1,0.32,nan,2026-10-01
赤,ひしぐ,動詞,1,0.32,nan,2026-10-01
赤,放題,名詞,1,0.32,nan,2026-10-01
赤,まかる,動詞,1,0.32,nan,2026-10-01
赤,屋敷,名詞,1,0.32,-0.15,2026-10-01
赤,批難,名詞,1,0.32,nan,2026-10-01
赤,受容,名詞,1,0.32,nan,2026-10-01
赤,悩む,動詞,1,0.32,-0.15,2026-10-01
赤,カルガ,名詞,1,0.32,nan,2026-10-01
赤,洗練,名詞,1,0.32,-0.32,2026-10-01
赤,穢れ,名詞,1,0.32,-0.32,2026-10-01
赤,神秘,名詞,1,0.32,-1.35,2026-10-01
赤,騎乗,名詞,1,0.32,-0.15,2026-10-01
赤,死に様,名詞,1,0.32,nan,2026-10-01
赤,ジレイヤ,名詞,1,0.32,nan,2026-10-01
赤,通う,動詞,1,0.32,-0.47,2026-10-01
赤,ウラト,名詞,1,0.32,nan,2026-10-01
赤,バズィール,名詞,1,0.32,nan,2026-10-01
赤,一気,名詞,1,0.32,nan,2026-10-01
赤,放出,名詞,1,0.32,nan,2026-10-01
赤,行者,名詞,1,0.32,nan,2026-10-01
赤,溜める,動詞,1,0.32,-0.6,2026-10-01
赤,遊牧,名詞,1,0.32,-1.29,2026-10-01
赤,様式,名詞,1,0.32,nan,2026-10-01
赤,原動,名詞,1,0.32,0.05,2026-10-01
赤,遊戯,名詞,1,0.32,nan,2026-10-01
赤,発案,名詞,1,0.32,nan,2026-10-01
赤,転覆,名詞,1,0.32,nan,2026-10-01
赤,凄惨,名詞,1,0.32,nan,2026-10-01
赤,功績,名詞,1,0.32,-0.6,2026-10-01
赤,黙秘,名詞,1,0.32,nan,2026-10-01
赤,ヴァラッシュ,名詞,1,0.32,nan,2026-10-01
赤,長老,名詞,1,0.32,-0.6,2026-10-01
赤,捕える,動詞,1,0.32,-0.47,2026-10-01
赤,国境,名詞,1,0.32,-0.15,2026-10-01
赤,連行,名詞,1,0.32,nan,2026-10-01
赤,喜悦,名詞,1,0.32,nan,2026-10-01
赤,ダクラ,名詞,1,0.32,nan,2026-10-01
赤,弓術,名詞,1,0.32,nan,2026-10-01
赤,シェンスー,名詞,1,0.32,nan,2026-10-01
赤,灼く,動詞,1,0.32,nan,2026-10-01
赤,唯,名詞,1,0.32,nan,2026-10-01
赤,最短,名詞,1,0.32,nan,2026-10-01
赤,足下,名詞,1,0.32,nan,2026-10-01
赤,アヤゴール,名詞,1,0.32,nan,2026-10-01
赤,平らげる,動詞,1,0.32,nan,2026-10-01
赤,暇,名詞,1,0.32,-0.47,2026-10-01
赤,人影,名詞,1,0.32,nan,2026-10-01
赤,メニュー,名詞,1,0.32,nan,2026-10-01
赤,たくる,動詞,1,0.32,nan,2026-10-01
赤,油脂,名詞,1,0.32,nan,2026-10-01
赤,仕える,動詞,1,0.32,-2.22,2026-10-01
赤,とどまる,動詞,1,0.32,nan,2026-10-01
赤,練る,動詞,1,0.32,-0.32,2026-10-01
赤,ウルナック,名詞,1,0.32,nan,2026-10-01
赤,出現,名詞,1,0.32,-1.29,2026-10-01
赤,盾突く,動詞,1,0.32,nan,2026-10-01
赤,下賤,名詞,1,0.32,nan,2026-10-01
赤,確保,名詞,1,0.32,-1.0,2026-10-01
赤,山地,名詞,1,0.32,nan,2026-10-01
赤,蛇行,名詞,1,0.32,nan,2026-10-01
赤,望,名詞,1,0.32,nan,2026-10-01
赤,呼びかけ,名詞,1,0.32,0.05,2026-10-01
赤,わきまえる,動詞,1,0.32,0.05,2026-10-01
赤,眺め,名詞,1,0.32,-0.32,2026-10-01
赤,ベレレン,名詞,1,0.32,-1.87,2026-10-01
赤,浪費,名詞,1,0.32,nan,2026-10-01
赤,兵長,名詞,1,0.32,nan,2026-10-01
赤,投槍,名詞,1,0.32,nan,2026-10-01
赤,際立つ,動詞,1,0.32,nan,2026-10-01
赤,天資,名詞,1,0.32,nan,2026-10-01
赤,フォベロス,名詞,1,0.32,nan,2026-10-01
赤,荒れ地,名詞,1,0.32,nan,2026-10-01
赤,ミリンテス,名詞,1,0.32,nan,2026-10-01
赤,いわば,副詞,1,0.32,nan,2026-10-01
赤,通路,名詞,1,0.32,-0.15,2026-10-01
赤,思わしい,形容詞,1,0.32,nan,2026-10-01
赤,物事,名詞,1,0.32,-1.15,2026-10-01
赤,リーダー,名詞,1,0.32,-0.6,2026-10-01
赤,恐らく,副詞,1,0.32,nan,2026-10-01
赤,手技,名詞,1,0.32,nan,2026-10-01
赤,製品,名詞,1,0.32,nan,2026-10-01
赤,歌声,名詞,1,0.32,-0.81,2026-10-01
赤,お手上げ,名詞,1,0.32,nan,2026-10-01
赤,捻くれ者,名詞,1,0.32,nan,2026-10-01
赤,奪還,名詞,1,0.32,nan,2026-10-01
赤,歓喜,名詞,1,0.32,-0.32,2026-10-01
赤,扱い,名詞,1,0.32,nan,2026-10-01
赤,次回,名詞,1,0.32,nan,2026-10-01
赤,分割,名詞,1,0.32,nan,2026-10-01
赤,ななめ,名詞,1,0.32,nan,2026-10-01
赤,百足,名詞,1,0.32,nan,2026-10-01
赤,ウラモグ,名詞,1,0.32,-0.32,2026-10-01
赤,堅い,形容詞,1,0.32,nan,2026-10-01
赤,試験,名詞,1,0.32,-0.15,2026-10-01
赤,管,名詞,1,0.32,nan,2026-10-01
赤,導電,名詞,1,0.32,nan,2026-10-01
赤,不服,名詞,1,0.32,nan,2026-10-01
赤,成婚,名詞,1,0.32,nan,2026-10-01
赤,祭司,名詞,1,0.32,nan,2026-10-01
赤,排泄,名詞,1,0.32,nan,2026-10-01
赤,病原,名詞,1,0.32,nan,2026-10-01
赤,途切れる,動詞,1,0.32,0.05,2026-10-01
赤,ザダ,名詞,1,0.32,nan,2026-10-01
赤,ニクシリス,名詞,1,0.32,-0.71,2026-10-01
赤,想定,名詞,1,0.32,-0.81,2026-10-01
赤,オブ,名詞,1,0.32,-0.81,2026-10-01
赤,見てくれ,名詞,1,0.32,nan,2026-10-01
赤,オベリスク,名詞,1,0.32,nan,2026-10-01
赤,オケチラ,名詞,1,0.32,-0.71,2026-10-01
赤,建造,名詞,1,0.32,nan,2026-10-01
赤,うしろ,名詞,1,0.32,nan,2026-10-01
赤,みなす,動詞,1,0.32,-0.71,2026-10-01
赤,エルゴード,名詞,1,0.32,nan,2026-10-01
赤,ヴィルディン,名詞,1,0.32,nan,2026-10-01
赤,ラヒルダ,名詞,1,0.32,nan,2026-10-01
赤,凝縮,名詞,1,0.32,nan,2026-10-01
赤,るつぼ,名詞,1,0.32,nan,2026-10-01
赤,宣告,名詞,1,0.32,nan,2026-10-01
赤,濡らす,動詞,1,0.32,nan,2026-10-01
赤,死刑,名詞,1,0.32,-0.15,2026-10-01
赤,悪評,名詞,1,0.32,nan,2026-10-01
赤,守護,名詞,1,0.32,-2.07,2026-10-01
赤,コスパー,名詞,1,0.32,nan,2026-10-01
赤,シルバーン,名詞,1,0.32,nan,2026-10-01
赤,ロウ,名詞,1,0.32,nan,2026-10-01
赤,折れ,名詞,1,0.32,nan,2026-10-01
赤,渦中,名詞,1,0.32,nan,2026-10-01
赤,正直,名詞,1,0.32,-0.15,2026-10-01
赤,大混乱,名詞,1,0.32,nan,2026-10-01
赤,デルムンド,名詞,1,0.32,nan,2026-10-01
赤,作法,名詞,1,0.32,nan,2026-10-01
赤,背部,名詞,1,0.32,nan,2026-10-01
赤,付け根,名詞,1,0.32,nan,2026-10-01
赤,患者,名詞,1,0.32,nan,2026-10-01
赤,コード,名詞,1,0.32,nan,2026-10-01
赤,省みる,動詞,1,0.32,nan,2026-10-01
赤,レイリン,名詞,1,0.32,nan,2026-10-01
赤,不正,名詞,1,0.32,nan,2026-10-01
赤,流,名詞,1,0.32,-0.32,2026-10-01
赤,教祖,名詞,1,0.32,nan,2026-10-01
赤,同志,名詞,1,0.32,-0.32,2026-10-01
赤,興る,動詞,1,0.32,nan,2026-10-01
赤,知らせ,名詞,1,0.32,0.05,2026-10-01
赤,伍する,動詞,1,0.32,nan,2026-10-01
赤,ウルリッチ,名詞,1,0.32,nan,2026-10-01
赤,償う,動詞,1,0.32,-0.15,2026-10-01
赤,バチバチ,副詞,1,0.32,nan,2026-10-01
赤,一致,名詞,1,0.32,-0.6,2026-10-01
赤,喉元,名詞,1,0.32,nan,2026-10-01
赤,ハルミッグ,名詞,1,0.32,nan,2026-10-01
赤,トラフト,名詞,1,0.32,-0.15,2026-10-01
赤,地歩,名詞,1,0.32,nan,2026-10-01
赤,評議,名詞,1,0.32,-0.71,2026-10-01
赤,ゲトアンダー,名詞,1,0.32,nan,2026-10-01
赤,ステリン,名詞,1,0.32,nan,2026-10-01
赤,増援,名詞,1,0.32,nan,2026-10-01
赤,ゴーン,名詞,1,0.32,nan,2026-10-01
赤,ホフスアデル,名詞,1,0.32,nan,2026-10-01
赤,外面,名詞,1,0.32,nan,2026-10-01
赤,内面,名詞,1,0.32,nan,2026-10-01
赤,まさか,副詞,1,0.32,-0.32,2026-10-01
赤,道中,名詞,1,0.32,nan,2026-10-01
赤,整理,名詞,1,0.32,nan,2026-10-01
赤,机,名詞,1,0.32,nan,2026-10-01
赤,自得,名詞,1,0.32,nan,2026-10-01
赤,自業,名詞,1,0.32,nan,2026-10-01
赤,鼠,名詞,1,0.32,-1.46,2026-10-01
赤,道々,副詞,1,0.32,nan,2026-10-01
赤,狩場,名詞,1,0.32,-0.71,2026-10-01
赤,巡回,名詞,1,0.32,-1.61,2026-10-01
赤,恰好,名詞,1,0.32,nan,2026-10-01
赤,ひれ伏す,動詞,1,0.32,-0.15,2026-10-01
赤,ギエル,名詞,1,0.32,nan,2026-10-01
赤,霊力,名詞,1,0.32,nan,2026-10-01
赤,駆動,名詞,1,0.32,nan,2026-10-01
赤,機器,名詞,1,0.32,nan,2026-10-01
赤,よじれる,動詞,1,0.32,nan,2026-10-01
赤,荘園,名詞,1,0.32,nan,2026-10-01
赤,通過,名詞,1,0.32,-0.81,2026-10-01
赤,視野,名詞,1,0.32,0.05,2026-10-01
赤,曇り,名詞,1,0.32,nan,2026-10-01
赤,明晰,名詞,1,0.32,nan,2026-10-01
赤,エムラクール,名詞,1,0.32,-1.29,2026-10-01
赤,隙間,名詞,1,0.32,-0.71,2026-10-01
赤,クソ,名詞,1,0.32,nan,2026-10-01
赤,隔たり,名詞,1,0.32,nan,2026-10-01
赤,ともかく,副詞,1,0.32,-0.47,2026-10-01
赤,しっぺ,名詞,1,0.32,nan,2026-10-01
赤,移住,名詞,1,0.32,nan,2026-10-01
赤,呼び物,名詞,1,0.32,nan,2026-10-01
赤,コンテスト,名詞,1,0.32,nan,2026-10-01
赤,遠回り,名詞,1,0.32,nan,2026-10-01
赤,幅,名詞,1,0.32,nan,2026-10-01
赤,スラム,名詞,1,0.32,nan,2026-10-01
赤,切符,名詞,1,0.32,nan,2026-10-01
赤,母さん,名詞,1,0.32,nan,2026-10-01
赤,片付く,動詞,1,0.32,nan,2026-10-01
赤,組める,動詞,1,0.32,nan,2026-10-01
赤,一掃,名詞,1,0.32,-0.71,2026-10-01
赤,着想,名詞,1,0.32,0.05,2026-10-01
赤,ヒント,名詞,1,0.32,nan,2026-10-01
赤,手遅れ,名詞,1,0.32,-0.91,2026-10-01
赤,審判,名詞,1,0.32,-0.71,2026-10-01
赤,対決,名詞,1,0.32,-0.32,2026-10-01
赤,ご覧,名詞,1,0.32,nan,2026-10-01
赤,テゼレット,名詞,1,0.32,-1.15,2026-10-01
赤,展示,名詞,1,0.32,nan,2026-10-01
赤,ヴェス,名詞,1,0.32,-2.2,2026-10-01
赤,リリアナ,名詞,1,0.32,-2.48,2026-10-01
赤,パヴ,名詞,1,0.32,nan,2026-10-01
赤,退治,名詞,1,0.32,-0.71,2026-10-01
赤,放置,名詞,1,0.32,-0.32,2026-10-01
赤,アップ,名詞,1,0.32,nan,2026-10-01
赤,ウォーミング,名詞,1,0.32,nan,2026-10-01
赤,規制,名詞,1,0.32,0.05,2026-10-01
赤,嘘つき,名詞,1,0.32,nan,2026-10-01
赤,無効,名詞,1,0.32,nan,2026-10-01
赤,手掛ける,動詞,1,0.32,nan,2026-10-01
赤,思いつき,名詞,1,0.32,nan,2026-10-01
赤,速,名詞,1,0.32,nan,2026-10-01
赤,漏,名詞,1,0.32,nan,2026-10-01
赤,落書き,名詞,1,0.32,nan,2026-10-01
赤,霊塔,名詞,1,0.32,nan,2026-10-01
赤,ネーラ,名詞,1,0.32,nan,2026-10-01
赤,ラスヌー,名詞,1,0.32,nan,2026-10-01
赤,旅行,名詞,1,0.32,nan,2026-10-01
赤,違法,名詞,1,0.32,nan,2026-10-01
赤,競走,名詞,1,0.32,nan,2026-10-01
赤,カラビーン,名詞,1,0.32,nan,2026-10-01
赤,探し,名詞,1,0.32,nan,2026-10-01
赤,永続,名詞,1,0.32,nan,2026-10-01
赤,大局,名詞,1,0.32,nan,2026-10-01
赤,影響,名詞,1,0.32,-2.25,2026-10-01
赤,飛び火,名詞,1,0.32,nan,2026-10-01
赤,スパナ,名詞,1,0.32,nan,2026-10-01
赤,月光,名詞,1,0.32,-0.32,2026-10-01
赤,マジャーン,名詞,1,0.32,nan,2026-10-01
赤,鎮座,名詞,1,0.32,nan,2026-10-01
赤,断固,副詞,1,0.32,0.05,2026-10-01
赤,地域,名詞,1,0.32,-0.81,2026-10-01
赤,抑止,名詞,1,0.32,nan,2026-10-01
赤,エンブロール,名詞,1,0.32,nan,2026-10-01
赤,困りごと,名詞,1,0.32,nan,2026-10-01
赤,手元,名詞,1,0.32,-0.6,2026-10-01
赤,侍臣,名詞,1,0.32,-1.41,2026-10-01
赤,迷い,名詞,1,0.32,nan,2026-10-01
赤,アネプ,名詞,1,0.32,nan,2026-10-01
赤,紛らわしい,形容詞,1,0.32,nan,2026-10-01
赤,鱗状,名詞,1,0.32,nan,2026-10-01
赤,延々,副詞,1,0.32,nan,2026-10-01
赤,刻,名詞,1,0.32,-0.32,2026-10-01
赤,面前,名詞,1,0.32,nan,2026-10-01
赤,群れる,動詞,1,0.32,-0.47,2026-10-01
赤,ハイエナ,名詞,1,0.32,nan,2026-10-01
赤,稀有,名詞,1,0.32,nan,2026-10-01
赤,屍肉,名詞,1,0.32,0.05,2026-10-01
赤,裁量,名詞,1,0.32,nan,2026-10-01
赤,祈祷,名詞,1,0.32,nan,2026-10-01
赤,ピタムン,名詞,1,0.32,nan,2026-10-01
赤,功,名詞,1,0.32,nan,2026-10-01
赤,功名,名詞,1,0.32,nan,2026-10-01
赤,同体,名詞,1,0.32,nan,2026-10-01
赤,明かり,名詞,1,0.32,-0.47,2026-10-01
赤,エイミン,名詞,1,0.32,nan,2026-10-01
赤,串刺し,名詞,1,0.32,nan,2026-10-01
赤,打擲,名詞,1,0.32,nan,2026-10-01
赤,一段,名詞,1,0.32,nan,2026-10-01
赤,仕方ない,形容詞,1,0.32,nan,2026-10-01
赤,見出し,名詞,1,0.32,nan,2026-10-01
赤,カルトーシュ,名詞,1,0.32,0.05,2026-10-01
赤,確約,名詞,1,0.32,nan,2026-10-01
赤,逝去,名詞,1,0.32,nan,2026-10-01
赤,徴,名詞,1,0.32,nan,2026-10-01
赤,底無し,名詞,1,0.32,nan,2026-10-01
赤,始祖,名詞,1,0.32,nan,2026-10-01
赤,鷹匠,名詞,1,0.32,nan,2026-10-01
赤,血筋,名詞,1,0.32,-0.15,2026-10-01
赤,学び,名詞,1,0.32,-0.6,2026-10-01
赤,死に,名詞,1,0.32,nan,2026-10-01
赤,存亡,名詞,1,0.32,nan,2026-10-01
赤,標章,名詞,1,0.32,nan,2026-10-01
赤,同門,名詞,1,0.32,nan,2026-10-01
赤,デジェル,名詞,1,0.32,0.05,2026-10-01
赤,紛い物,名詞,1,0.32,nan,2026-10-01
赤,子分,名詞,1,0.32,nan,2026-10-01
赤,レヴェイン,名詞,1,0.32,-1.35,2026-10-01
赤,ニッサ,名詞,1,0.32,-2.07,2026-10-01
赤,食べごろ,名詞,1,0.32,nan,2026-10-01
赤,ケンラ,名詞,1,0.32,nan,2026-10-01
赤,個性,名詞,1,0.32,nan,2026-10-01
赤,達成,名詞,1,0.32,0.05,2026-10-01
赤,トゲトゲしい,形容詞,1,0.32,nan,2026-10-01
赤,みつける,動詞,1,0.32,nan,2026-10-01
赤,目印,名詞,1,0.32,nan,2026-10-01
赤,サンド,名詞,1,0.32,nan,2026-10-01
赤,工廠,名詞,1,0.32,nan,2026-10-01
赤,慈愛,名詞,1,0.32,nan,2026-10-01
赤,遮る,動詞,1,0.32,-0.32,2026-10-01
赤,関心,名詞,1,0.32,-0.91,2026-10-01
赤,パショーナ,名詞,1,0.32,nan,2026-10-01
赤,瞬く,動詞,1,0.32,-0.47,2026-10-01
赤,罵倒,名詞,1,0.32,nan,2026-10-01
赤,揉め事,名詞,1,0.32,nan,2026-10-01
赤,焦げ跡,名詞,1,0.32,nan,2026-10-01
赤,共有,名詞,1,0.32,-0.32,2026-10-01
赤,下生え,名詞,1,0.32,nan,2026-10-01
赤,枝,名詞,1,0.32,-1.97,2026-10-01
赤,帆綱,名詞,1,0.32,nan,2026-10-01
赤,ケラトプス,名詞,1,0.32,nan,2026-10-01
赤,塞がる,動詞,1,0.32,nan,2026-10-01
赤,同族,名詞,1,0.32,-0.15,2026-10-01
赤,馴らす,動詞,1,0.32,nan,2026-10-01
赤,アゾカン,名詞,1,0.32,nan,2026-10-01
赤,アマートゥル,名詞,1,0.32,nan,2026-10-01
赤,翻弄,名詞,1,0.32,nan,2026-10-01
赤,小,名詞,1,0.32,nan,2026-10-01
赤,猛る,動詞,1,0.32,nan,2026-10-01
赤,羽根,名詞,1,0.32,-0.91,2026-10-01
赤,除名,名詞,1,0.32,nan,2026-10-01
赤,入れ墨,名詞,1,0.32,nan,2026-10-01
赤,脈拍,名詞,1,0.32,nan,2026-10-01
赤,先々,名詞,1,0.32,nan,2026-10-01
赤,躍起,名詞,1,0.32,nan,2026-10-01
赤,有り様,名詞,1,0.32,nan,2026-10-01
赤,冠羽,名詞,1,0.32,0.05,2026-10-01
赤,イザマ,名詞,1,0.32,0.05,2026-10-01
赤,習う,動詞,1,0.32,0.05,2026-10-01
赤,ふり,名詞,1,0.32,0.05,2026-10-01
赤,ラウグリン,名詞,1,0.32,nan,2026-10-01
赤,肝油,名詞,1,0.32,nan,2026-10-01
赤,騎手,名詞,1,0.32,-0.47,2026-10-01
赤,チトラーティ,名詞,1,0.32,nan,2026-10-01
赤,城砦,名詞,1,0.32,0.05,2026-10-01
赤,幼生,名詞,1,0.32,nan,2026-10-01
赤,諺,名詞,1,0.32,nan,2026-10-01
赤,親,名詞,1,0.32,nan,2026-10-01
赤,荒くれる,動詞,1,0.32,nan,2026-10-01
赤,積もる,動詞,1,0.32,nan,2026-10-01
赤,ボート,名詞,1,0.32,nan,2026-10-01
赤,竿,名詞,1,0.32,nan,2026-10-01
赤,オシャレ,名詞,1,0.32,nan,2026-10-01
赤,替える,動詞,1,0.32,-0.47,2026-10-01
赤,断崖,名詞,1,0.32,nan,2026-10-01
赤,砲撃,名詞,1,0.32,nan,2026-10-01
赤,根拠,名詞,1,0.32,nan,2026-10-01
赤,闘争,名詞,1,0.32,nan,2026-10-01
赤,液体,名詞,1,0.32,nan,2026-10-01
赤,甲板,名詞,1,0.32,nan,2026-10-01
赤,出くわす,動詞,1,0.32,-0.32,2026-10-01
赤,ヴェイル,名詞,1,0.32,nan,2026-10-01
赤,凶兆,名詞,1,0.32,nan,2026-10-01
赤,等,名詞,1,0.32,nan,2026-10-01
赤,威力,名詞,1,0.32,nan,2026-10-01
赤,格好,名詞,1,0.32,nan,2026-10-01
赤,ハリケーン,名詞,1,0.32,nan,2026-10-01
赤,割く,動詞,1,0.32,nan,2026-10-01
赤,手なずける,動詞,1,0.32,nan,2026-10-01
赤,体当たり,名詞,1,0.32,nan,2026-10-01
赤,孤高,名詞,1,0.32,0.05,2026-10-01
赤,あっさり,副詞,1,0.32,nan,2026-10-01
赤,総員,名詞,1,0.32,nan,2026-10-01
赤,面舵,名詞,1,0.32,nan,2026-10-01
赤,退艦,名詞,1,0.32,nan,2026-10-01
赤,言い伝え,名詞,1,0.32,nan,2026-10-01
赤,怖気,名詞,1,0.32,nan,2026-10-01
赤,づく,動詞,1,0.32,nan,2026-10-01
赤,成獣,名詞,1,0.32,nan,2026-10-01
赤,ヤチャ,名詞,1,0.32,nan,2026-10-01
赤,匠,名詞,1,0.32,nan,2026-10-01
赤,猟,名詞,1,0.32,nan,2026-10-01
赤,オテペク,名詞,1,0.32,nan,2026-10-01
赤,意気,名詞,1,0.32,-0.15,2026-10-01
赤,横っ腹,名詞,1,0.32,nan,2026-10-01
赤,レギサウルス,名詞,1,0.32,nan,2026-10-01
赤,火災,名詞,1,0.32,nan,2026-10-01
赤,融通,名詞,1,0.32,nan,2026-10-01
赤,クラダク,名詞,1,0.32,nan,2026-10-01
赤,群,名詞,1,0.32,-0.71,2026-10-01
赤,師,名詞,1,0.32,-1.29,2026-10-01
赤,反復,名詞,1,0.32,nan,2026-10-01
赤,ナバン,名詞,1,0.32,nan,2026-10-01
赤,学,名詞,1,0.32,-0.47,2026-10-01
赤,弄ぶ,動詞,1,0.32,nan,2026-10-01
赤,隆起,名詞,1,0.32,nan,2026-10-01
赤,黒曜,名詞,1,0.32,nan,2026-10-01
赤,予言,名詞,1,0.32,-0.6,2026-10-01
赤,正,名詞,1,0.32,nan,2026-10-01
赤,タスケーリ,名詞,1,0.32,nan,2026-10-01
赤,自発,名詞,1,0.32,nan,2026-10-01
赤,因襲,名詞,1,0.32,nan,2026-10-01
赤,下賜,名詞,1,0.32,nan,2026-10-01
赤,ささやく,動詞,1,0.32,-0.71,2026-10-01
赤,熱情,名詞,1,0.32,nan,2026-10-01
赤,執念,名詞,1,0.32,-0.32,2026-10-01
赤,覚醒,名詞,1,0.32,-0.15,2026-10-01
赤,応用,名詞,1,0.32,nan,2026-10-01
赤,トレイリア,名詞,1,0.32,-1.22,2026-10-01
赤,長生き,名詞,1,0.32,-0.71,2026-10-01
赤,愛情,名詞,1,0.32,-0.81,2026-10-01
赤,罵る,動詞,1,0.32,nan,2026-10-01
赤,発電,名詞,1,0.32,nan,2026-10-01
赤,弓矢,名詞,1,0.32,nan,2026-10-01
赤,一糸,名詞,1,0.32,nan,2026-10-01
赤,怒鳴り声,名詞,1,0.32,-0.6,2026-10-01
赤,灰燼,名詞,1,0.32,nan,2026-10-01
赤,別物,名詞,1,0.32,nan,2026-10-01
赤,しょっちゅう,副詞,1,0.32,nan,2026-10-01
赤,カラクリ,名詞,1,0.32,nan,2026-10-01
赤,大変,副詞,1,0.32,nan,2026-10-01
赤,喜劇,名詞,1,0.32,nan,2026-10-01
赤,尊重,名詞,1,0.32,nan,2026-10-01
赤,照明,名詞,1,0.32,nan,2026-10-01
赤,廊下,名詞,1,0.32,nan,2026-10-01
赤,拒否,名詞,1,0.32,-0.71,2026-10-01
赤,うんざり,副詞,1,0.32,-0.32,2026-10-01
赤,払拭,名詞,1,0.32,nan,2026-10-01
赤,立場,名詞,1,0.32,nan,2026-10-01
赤,駒,名詞,1,0.32,-0.15,2026-10-01
赤,初版,名詞,1,0.32,nan,2026-10-01
赤,弁護,名詞,1,0.32,nan,2026-10-01
赤,勘弁,名詞,1,0.32,-0.15,2026-10-01
赤,損害,名詞,1,0.32,nan,2026-10-01
赤,団員,名詞,1,0.32,nan,2026-10-01
赤,堂々,副詞,1,0.32,0.05,2026-10-01
赤,戦旗,名詞,1,0.32,nan,2026-10-01
赤,起き上がり,名詞,1,0.32,nan,2026-10-01
赤,ドルイド,名詞,1,0.32,-2.43,2026-10-01
赤,イルハグ,名詞,1,0.32,nan,2026-10-01
赤,猪,名詞,1,0.32,0.05,2026-10-01
赤,祟,名詞,1,0.32,nan,2026-10-01
赤,手際,名詞,1,0.32,nan,2026-10-01
赤,徴兵,名詞,1,0.32,nan,2026-10-01
赤,小数,名詞,1,0.32,nan,2026-10-01
赤,ケトル,名詞,1,0.32,nan,2026-10-01
赤,叔母,名詞,1,0.32,nan,2026-10-01
赤,偏屈,名詞,1,0.32,nan,2026-10-01
赤,遺灰,名詞,1,0.32,nan,2026-10-01
赤,司令,名詞,1,0.32,-0.47,2026-10-01
赤,監禁,名詞,1,0.32,nan,2026-10-01
赤,アラゴルン,名詞,1,0.32,-0.81,2026-10-01
赤,気付き,名詞,1,0.32,nan,2026-10-01
赤,蒸発,名詞,1,0.32,nan,2026-10-01
赤,基盤,名詞,1,0.32,-0.47,2026-10-01
赤,救える,動詞,1,0.32,0.05,2026-10-01
赤,あったかい,形容詞,1,0.32,nan,2026-10-01
赤,ショー,名詞,1,0.32,-0.47,2026-10-01
赤,睨む,動詞,1,0.32,nan,2026-10-01
赤,俳優,名詞,1,0.32,nan,2026-10-01
赤,中傷,名詞,1,0.32,nan,2026-10-01
赤,短剣,名詞,1,0.32,-0.47,2026-10-01
赤,かがり火,名詞,1,0.32,nan,2026-10-01
赤,青々,副詞,1,0.32,nan,2026-10-01
赤,牧草,名詞,1,0.32,nan,2026-10-01
赤,森林,名詞,1,0.32,-1.15,2026-10-01
赤,ラマスー,名詞,1,0.32,nan,2026-10-01
赤,倒壊,名詞,1,0.32,nan,2026-10-01
赤,はらわた,名詞,1,0.32,nan,2026-10-01
赤,禿鷹,名詞,1,0.32,nan,2026-10-01
赤,散らばり,名詞,1,0.32,nan,2026-10-01
赤,泣く,動詞,1,0.32,-1.15,2026-10-01
赤,仰々しい,形容詞,1,0.32,nan,2026-10-01
赤,称賛,名詞,1,0.32,-0.15,2026-10-01
赤,大騒ぎ,名詞,1,0.32,nan,2026-10-01
赤,焚き木,名詞,1,0.32,nan,2026-10-01
赤,危機,名詞,1,0.32,-1.35,2026-10-01
赤,技能,名詞,1,0.32,nan,2026-10-01
赤,自愛,名詞,1,0.32,nan,2026-10-01
赤,識別,名詞,1,0.32,nan,2026-10-01
赤,ペレンノール,名詞,1,0.32,nan,2026-10-01
赤,攻める,動詞,1,0.32,-0.71,2026-10-01
赤,いななき,名詞,1,0.32,nan,2026-10-01
赤,どよめき,名詞,1,0.32,nan,2026-10-01
赤,おめく,動詞,1,0.32,nan,2026-10-01
赤,奇,名詞,1,0.32,nan,2026-10-01
赤,腐臭,名詞,1,0.32,nan,2026-10-01
赤,鉱物,名詞,1,0.32,nan,2026-10-01
赤,持てる,動詞,1,0.32,0.05,2026-10-01
赤,ベンダー,名詞,1,0.32,-1.08,2026-10-01
赤,アイロー,名詞,1,0.32,nan,2026-10-01
赤,細かい,形容詞,1,0.32,-0.15,2026-10-01
赤,遭遇,名詞,1,0.32,-0.6,2026-10-01
赤,1人,名詞,1,0.32,-0.91,2026-10-01
赤,タイム,名詞,1,0.32,nan,2026-10-01
赤,つかみ取り,名詞,1,0.32,nan,2026-10-01
赤,古く,名詞,1,0.32,nan,2026-10-01
赤,全土,名詞,1,0.32,-1.57,2026-10-01
赤,かたち,名詞,1,0.32,nan,2026-10-01
赤,多少,名詞,1,0.32,-0.32,2026-10-01
赤,手当たり,名詞,1,0.32,nan,2026-10-01
赤,ケラル,名詞,1,0.32,nan,2026-10-01
赤,元気,名詞,1,0.32,-0.15,2026-10-01
赤,よだれ,名詞,1,0.32,nan,2026-10-01
赤,財宝,名詞,1,0.32,-0.81,2026-10-01
赤,茶,名詞,1,0.32,nan,2026-10-01
赤,大波,名詞,1,0.32,-0.47,2026-10-01
赤,跳ねる,動詞,1,0.32,-1.0,2026-10-01
赤,近付ける,動詞,1,0.32,nan,2026-10-01
赤,ズル,副詞,1,0.32,nan,2026-10-01
赤,計算,名詞,1,0.32,-0.71,2026-10-01
赤,面積,名詞,1,0.32,nan,2026-10-01
赤,申し訳,名詞,1,0.32,0.05,2026-10-01
赤,穴掘り,名詞,1,0.32,nan,2026-10-01
赤,微塵,名詞,1,0.32,nan,2026-10-01
赤,大金,名詞,1,0.32,nan,2026-10-01
赤,木端,名詞,1,0.32,nan,2026-10-01
赤,巨礫,名詞,1,0.32,nan,2026-10-01
赤,滑空,名詞,1,0.32,nan,2026-10-01
赤,緩む,動詞,1,0.32,nan,2026-10-01
赤,何程,名詞,1,0.32,nan,2026-10-01
赤,毛玉,名詞,1,0.32,nan,2026-10-01
赤,マヌケ,名詞,1,0.32,nan,2026-10-01
赤,リオレウス,名詞,1,0.32,nan,2026-10-01
赤,縛め,名詞,1,0.32,nan,2026-10-01
赤,サスロス,名詞,1,0.32,nan,2026-10-01
赤,まつわる,動詞,1,0.32,-0.15,2026-10-01
赤,汚れ,名詞,1,0.32,0.05,2026-10-01
赤,投じる,動詞,1,0.32,nan,2026-10-01
赤,被り物,名詞,1,0.32,nan,2026-10-01
赤,選手,名詞,1,0.32,nan,2026-10-01
赤,javierdomínguez,名詞,1,0.32,nan,2026-10-01
赤,王者,名詞,1,0.32,-0.47,2026-10-01
赤,ドミンゲス,名詞,1,0.32,nan,2026-10-01
赤,厭う,動詞,1,0.32,-0.32,2026-10-01
赤,輝かしい,形容詞,1,0.32,-0.71,2026-10-01
赤,代償,名詞,1,0.32,-1.51,2026-10-01
赤,夜陰,名詞,1,0.32,nan,2026-10-01
赤,ヴィル,名詞,1,0.32,nan,2026-10-01
赤,一見,副詞,1,0.32,-0.15,2026-10-01
赤,母親,名詞,1,0.32,0.05,2026-10-01
赤,カシア,名詞,1,0.32,nan,2026-10-01
赤,鍵,名詞,1,0.32,-1.75,2026-10-01
赤,散らばる,動詞,1,0.32,-0.15,2026-10-01
赤,根,名詞,1,0.32,-2.81,2026-10-01
赤,称える,動詞,1,0.32,-0.47,2026-10-01
赤,痣,名詞,1,0.32,0.05,2026-10-01
赤,裸,名詞,1,0.32,nan,2026-10-01
赤,望める,動詞,1,0.32,nan,2026-10-01
赤,難関,名詞,1,0.32,nan,2026-10-01
赤,掘,名詞,1,0.32,nan,2026-10-01
赤,アメリル,名詞,1,0.32,nan,2026-10-01
赤,ベイル,名詞,1,0.32,-0.47,2026-10-01
赤,浮かべる,動詞,1,0.32,-1.15,2026-10-01
赤,幻影,名詞,1,0.32,-1.29,2026-10-01
赤,僻境,名詞,1,0.32,-1.0,2026-10-01
赤,庭,名詞,1,0.32,-1.15,2026-10-01
赤,古す,動詞,1,0.32,nan,2026-10-01
赤,嘲笑う,動詞,1,0.32,-0.15,2026-10-01
赤,決勝,名詞,1,0.32,nan,2026-10-01
赤,無,名詞,1,0.32,-0.32,2026-10-01
赤,食材,名詞,1,0.32,nan,2026-10-01
赤,錯綜,名詞,1,0.32,nan,2026-10-01
赤,はしご,名詞,1,0.32,nan,2026-10-01
赤,防壁,名詞,1,0.32,-0.71,2026-10-01
赤,揺さぶる,動詞,1,0.32,nan,2026-10-01
赤,産物,名詞,1,0.32,-0.71,2026-10-01
赤,蔑む,動詞,1,0.32,nan,2026-10-01
赤,残虐,名詞,1,0.32,-1.15,2026-10-01
赤,軽んじる,動詞,1,0.32,nan,2026-10-01
赤,マスト,名詞,1,0.32,nan,2026-10-01
赤,拾う,動詞,1,0.32,0.05,2026-10-01
赤,とらえる,動詞,1,0.32,-0.15,2026-10-01
赤,予告,名詞,1,0.32,nan,2026-10-01
赤,永久,名詞,1,0.32,-0.81,2026-10-01
赤,アゴナス,名詞,1,0.32,nan,2026-10-01
赤,生前,名詞,1,0.32,-0.81,2026-10-01
赤,褒める,動詞,1,0.32,nan,2026-10-01
赤,使い方,名詞,1,0.32,nan,2026-10-01
赤,恩寵,名詞,1,0.32,-0.81,2026-10-01
赤,ヴェリュス,名詞,1,0.32,nan,2026-10-01
赤,循環,名詞,1,0.32,-0.91,2026-10-01
赤,クローティス,名詞,1,0.32,nan,2026-10-01
赤,不足,名詞,1,0.32,-0.47,2026-10-01
赤,無邪気,名詞,1,0.32,nan,2026-10-01
赤,華麗,名詞,1,0.32,nan,2026-10-01
赤,魅了,名詞,1,0.32,nan,2026-10-01
赤,至難,名詞,1,0.32,nan,2026-10-01
赤,青銅,名詞,1,0.32,-0.32,2026-10-01
赤,憎し,形容詞,1,0.32,-0.32,2026-10-01
赤,スコフォス,名詞,1,0.32,nan,2026-10-01
赤,祀る,動詞,1,0.32,nan,2026-10-01
赤,そろそろ,副詞,1,0.32,0.05,2026-10-01
赤,フクロウ,名詞,1,0.32,nan,2026-10-01
赤,砂嚢,名詞,1,0.32,nan,2026-10-01
赤,つつがない,形容詞,1,0.32,nan,2026-10-01
赤,終着,名詞,1,0.32,nan,2026-10-01
赤,辿る,動詞,1,0.32,-1.15,2026-10-01
赤,つぶやく,動詞,1,0.32,nan,2026-10-01
赤,始末,名詞,1,0.32,-0.71,2026-10-01
赤,激昂,名詞,1,0.32,nan,2026-10-01
赤,セイル,名詞,1,0.32,nan,2026-10-01
赤,デストロイア,名詞,1,0.32,nan,2026-10-01
赤,クラブ,名詞,1,0.32,nan,2026-10-01
赤,難癖,名詞,1,0.32,nan,2026-10-01
赤,圏外,名詞,1,0.32,nan,2026-10-01
赤,比率,名詞,1,0.32,nan,2026-10-01
赤,近頃,名詞,1,0.32,-0.15,2026-10-01
赤,専制,名詞,1,0.32,nan,2026-10-01
赤,室内,名詞,1,0.32,nan,2026-10-01
赤,シラミ,名詞,1,0.32,nan,2026-10-01
赤,純血,名詞,1,0.32,nan,2026-10-01
赤,紹介,名詞,1,0.32,nan,2026-10-01
赤,猛火,名詞,1,0.32,nan,2026-10-01
赤,上座,名詞,1,0.32,nan,2026-10-01
赤,前任,名詞,1,0.32,nan,2026-10-01
赤,雷撃,名詞,1,0.32,nan,2026-10-01
赤,剛力,名詞,1,0.32,nan,2026-10-01
赤,トーブラン,名詞,1,0.32,nan,2026-10-01
赤,威勢,名詞,1,0.32,nan,2026-10-01
赤,日差し,名詞,1,0.32,nan,2026-10-01
赤,会える,動詞,1,0.32,-0.15,2026-10-01
赤,横断,名詞,1,0.32,nan,2026-10-01
赤,多数,名詞,1,0.32,-0.71,2026-10-01
赤,命がけ,名詞,1,0.32,nan,2026-10-01
赤,しがみつく,動詞,1,0.32,-0.71,2026-10-01
赤,よじる,動詞,1,0.32,nan,2026-10-01
赤,溝,名詞,1,0.32,nan,2026-10-01
赤,習性,名詞,1,0.32,nan,2026-10-01
赤,誤解,名詞,1,0.32,nan,2026-10-01
赤,トゲトゲ,副詞,1,0.32,nan,2026-10-01
赤,ギザギザ,名詞,1,0.32,nan,2026-10-01
赤,土まみれ,名詞,1,0.32,nan,2026-10-01
赤,スカイクレイブ,名詞,1,0.32,0.05,2026-10-01
赤,両者,名詞,1,0.32,-0.15,2026-10-01
赤,正常,名詞,1,0.32,nan,2026-10-01
赤,咳,名詞,1,0.32,nan,2026-10-01
赤,目こぼし,名詞,1,0.32,nan,2026-10-01
赤,非情,名詞,1,0.32,nan,2026-10-01
赤,グラグラ,副詞,1,0.32,nan,2026-10-01
赤,張り出し,名詞,1,0.32,nan,2026-10-01
赤,整備,名詞,1,0.32,nan,2026-10-01
赤,先祖,名詞,1,0.32,-1.79,2026-10-01
赤,身長,名詞,1,0.32,0.05,2026-10-01
赤,詮索,名詞,1,0.32,nan,2026-10-01
赤,信用,名詞,1,0.32,-0.47,2026-10-01
赤,ひそひそ,副詞,1,0.32,nan,2026-10-01
赤,グラァー,名詞,1,0.32,nan,2026-10-01
赤,余裕,名詞,1,0.32,-0.15,2026-10-01
赤,アクスガルド,名詞,1,0.32,nan,2026-10-01
赤,ディール,名詞,1,0.32,nan,2026-10-01
赤,ウジ虫,名詞,1,0.32,nan,2026-10-01
赤,偉い,形容詞,1,0.32,nan,2026-10-01
赤,チャンス,名詞,1,0.32,-1.15,2026-10-01
赤,埋葬,名詞,1,0.32,-0.81,2026-10-01
赤,頭突き,名詞,1,0.32,nan,2026-10-01
赤,食らわす,動詞,1,0.32,nan,2026-10-01
赤,祝宴,名詞,1,0.32,-0.15,2026-10-01
赤,漕げる,動詞,1,0.32,nan,2026-10-01
赤,利益,名詞,1,0.32,-0.6,2026-10-01
赤,ビルギ,名詞,1,0.32,nan,2026-10-01
赤,干る,動詞,1,0.32,nan,2026-10-01
赤,傑士,名詞,1,0.32,nan,2026-10-01
赤,捕虜,名詞,1,0.32,nan,2026-10-01
赤,ワオーン,名詞,1,0.32,nan,2026-10-01
赤,トロフィー,名詞,1,0.32,nan,2026-10-01
赤,アルケヴィオス,名詞,1,0.32,-0.6,2026-10-01
赤,恒例,名詞,1,0.32,nan,2026-10-01
赤,毎年,名詞,1,0.32,nan,2026-10-01
赤,極上,名詞,1,0.32,nan,2026-10-01
赤,コルヴォルド,名詞,1,0.32,nan,2026-10-01
赤,飽き飽き,名詞,1,0.32,nan,2026-10-01
赤,掟,名詞,1,0.32,-0.15,2026-10-01
赤,スリッボ,名詞,1,0.32,nan,2026-10-01
赤,技量,名詞,1,0.32,-0.91,2026-10-01
赤,憤激,名詞,1,0.32,nan,2026-10-01
赤,宿題,名詞,1,0.32,nan,2026-10-01
赤,育成,名詞,1,0.32,nan,2026-10-01
赤,オグヤール,名詞,1,0.32,nan,2026-10-01
赤,数式,名詞,1,0.32,nan,2026-10-01
赤,抽象,名詞,1,0.32,nan,2026-10-01
赤,セイアドゥーン,名詞,1,0.32,nan,2026-10-01
赤,奪取,名詞,1,0.32,nan,2026-10-01
赤,オリジナル,名詞,1,0.32,nan,2026-10-01
赤,凡人,名詞,1,0.32,nan,2026-10-01
赤,大学,名詞,1,0.32,-0.81,2026-10-01
赤,創れる,動詞,1,0.32,nan,2026-10-01
赤,交錯,名詞,1,0.32,nan,2026-10-01
赤,未開,名詞,1,0.32,-0.15,2026-10-01
赤,光明,名詞,1,0.32,0.05,2026-10-01
赤,卓絶,名詞,1,0.32,nan,2026-10-01
赤,のむ,動詞,1,0.32,nan,2026-10-01
赤,連,名詞,1,0.32,nan,2026-10-01
赤,延長,名詞,1,0.32,-0.32,2026-10-01
赤,寿命,名詞,1,0.32,-0.71,2026-10-01
赤,在職,名詞,1,0.32,nan,2026-10-01
赤,戯け者,名詞,1,0.32,nan,2026-10-01
赤,創始,名詞,1,0.32,nan,2026-10-01
赤,ころ,名詞,1,0.32,-0.81,2026-10-01
赤,スピリット,名詞,1,0.32,-0.47,2026-10-01
赤,触る,動詞,1,0.32,-0.71,2026-10-01
赤,仮説,名詞,1,0.32,nan,2026-10-01
赤,石像,名詞,1,0.32,nan,2026-10-01
赤,カソーラ,名詞,1,0.32,nan,2026-10-01
赤,工具,名詞,1,0.32,nan,2026-10-01
赤,満喫,名詞,1,0.32,nan,2026-10-01
赤,アート,名詞,1,0.32,nan,2026-10-01
赤,物影,名詞,1,0.32,nan,2026-10-01
赤,プロジェクト,名詞,1,0.32,nan,2026-10-01
赤,王族,名詞,1,0.32,nan,2026-10-01
赤,威厳,名詞,1,0.32,-0.71,2026-10-01
赤,学内,名詞,1,0.32,nan,2026-10-01
赤,タワー,名詞,1,0.32,nan,2026-10-01
赤,書き込み,名詞,1,0.32,nan,2026-10-01
赤,屋内,名詞,1,0.32,nan,2026-10-01
赤,蔵書,名詞,1,0.32,nan,2026-10-01
赤,秘本,名詞,1,0.32,nan,2026-10-01
赤,資源,名詞,1,0.32,-0.32,2026-10-01
赤,下着,名詞,1,0.32,nan,2026-10-01
赤,丸腰,名詞,1,0.32,nan,2026-10-01
赤,わり,名詞,1,0.32,nan,2026-10-01
赤,体格,名詞,1,0.32,nan,2026-10-01
赤,幸,名詞,1,0.32,nan,2026-10-01
赤,ナイス,名詞,1,0.32,nan,2026-10-01
赤,学院,名詞,1,0.32,-0.47,2026-10-01
赤,イムヴェルナーロ,名詞,1,0.32,nan,2026-10-01
赤,通り名,名詞,1,0.32,nan,2026-10-01
赤,エインシャント,名詞,1,0.32,nan,2026-10-01
赤,思いっきり,名詞,1,0.32,nan,2026-10-01
赤,貢納,名詞,1,0.32,nan,2026-10-01
赤,仕組み,名詞,1,0.32,-0.71,2026-10-01
赤,弱し,形容詞,1,0.32,-1.0,2026-10-01
赤,ブラス,名詞,1,0.32,nan,2026-10-01
赤,恋人,名詞,1,0.32,nan,2026-10-01
赤,帰り道,名詞,1,0.32,nan,2026-10-01
赤,割増,名詞,1,0.32,nan,2026-10-01
赤,料金,名詞,1,0.32,nan,2026-10-01
赤,道はた,名詞,1,0.32,nan,2026-10-01
赤,到達,名詞,1,0.32,-1.08,2026-10-01
赤,縮める,動詞,1,0.32,nan,2026-10-01
赤,アウルベア,名詞,1,0.32,nan,2026-10-01
赤,トースト,名詞,1,0.32,nan,2026-10-01
赤,ファイヤー,名詞,1,0.32,nan,2026-10-01
赤,公爵,名詞,1,0.32,nan,2026-10-01
赤,規模,名詞,1,0.32,-0.47,2026-10-01
赤,ジャイアント,名詞,1,0.32,nan,2026-10-01
赤,ザルトー,名詞,1,0.32,nan,2026-10-01
赤,かかと,名詞,1,0.32,nan,2026-10-01
赤,ゾーン,名詞,1,0.32,nan,2026-10-01
赤,調達,名詞,1,0.32,nan,2026-10-01
赤,食糧,名詞,1,0.32,-0.15,2026-10-01
赤,何故,副詞,1,0.32,-1.15,2026-10-01
赤,敗れる,動詞,1,0.32,-0.32,2026-10-01
赤,不在,名詞,1,0.32,-0.32,2026-10-01
赤,街道,名詞,1,0.32,nan,2026-10-01
赤,落ち葉,名詞,1,0.32,nan,2026-10-01
赤,出血,名詞,1,0.32,nan,2026-10-01
赤,伝言,名詞,1,0.32,nan,2026-10-01
赤,無人,名詞,1,0.32,nan,2026-10-01
赤,ハルト,名詞,1,0.32,nan,2026-10-01
赤,ドーン,名詞,1,0.32,nan,2026-10-01
赤,交流,名詞,1,0.32,nan,2026-10-01
赤,集会,名詞,1,0.32,nan,2026-10-01
赤,始め,名詞,1,0.32,-0.32,2026-10-01
赤,日没,名詞,1,0.32,0.05,2026-10-01
赤,高揚,名詞,1,0.32,nan,2026-10-01
赤,睡眠,名詞,1,0.32,nan,2026-10-01
赤,快感,名詞,1,0.32,nan,2026-10-01
赤,一生涯,名詞,1,0.32,nan,2026-10-01
赤,晩餐,名詞,1,0.32,0.05,2026-10-01
赤,初夜,名詞,1,0.32,nan,2026-10-01
赤,文化,名詞,1,0.32,-0.6,2026-10-01
赤,展開,名詞,1,0.32,-0.6,2026-10-01
赤,無能,名詞,1,0.32,nan,2026-10-01
赤,士気,名詞,1,0.32,-0.32,2026-10-01
赤,アドレナリン,名詞,1,0.32,nan,2026-10-01
赤,折れる,動詞,1,0.32,-1.22,2026-10-01
赤,注目,名詞,1,0.32,nan,2026-10-01
赤,毛髪,名詞,1,0.32,nan,2026-10-01
赤,礼拝,名詞,1,0.32,nan,2026-10-01
赤,照る,動詞,1,0.32,nan,2026-10-01
赤,招集,名詞,1,0.32,0.05,2026-10-01
赤,味覚,名詞,1,0.32,nan,2026-10-01
赤,共闘,名詞,1,0.32,nan,2026-10-01
赤,馬車,名詞,1,0.32,nan,2026-10-01
赤,再燃,名詞,1,0.32,nan,2026-10-01
赤,常闇,名詞,1,0.32,nan,2026-10-01
赤,闘志,名詞,1,0.32,nan,2026-10-01
赤,兆し,名詞,1,0.32,-0.71,2026-10-01
赤,喪う,動詞,1,0.32,nan,2026-10-01
赤,はめ,名詞,1,0.32,-0.15,2026-10-01
赤,うかつ,名詞,1,0.32,nan,2026-10-01
赤,労苦,名詞,1,0.32,nan,2026-10-01
赤,培う,動詞,1,0.32,nan,2026-10-01
赤,勉強,名詞,1,0.32,-0.32,2026-10-01
赤,製作,名詞,1,0.32,nan,2026-10-01
赤,縫い,名詞,1,0.32,-1.35,2026-10-01
赤,相応,名詞,1,0.32,nan,2026-10-01
赤,本来,名詞,1,0.32,-0.32,2026-10-01
赤,首輪,名詞,1,0.32,nan,2026-10-01
赤,報奨,名詞,1,0.32,0.05,2026-10-01
赤,躊躇,名詞,1,0.32,-0.15,2026-10-01
赤,ウルヴェンワルド,名詞,1,0.32,-0.6,2026-10-01
赤,見せびらかす,動詞,1,0.32,nan,2026-10-01
赤,蠱惑,名詞,1,0.32,nan,2026-10-01
赤,アルヴォン,名詞,1,0.32,nan,2026-10-01
赤,予期,名詞,1,0.32,-0.15,2026-10-01
赤,周辺,名詞,1,0.32,-0.91,2026-10-01
赤,舞踏,名詞,1,0.32,nan,2026-10-01
赤,祝い,名詞,1,0.32,nan,2026-10-01
赤,づけ,名詞,1,0.32,nan,2026-10-01
赤,瞬発,名詞,1,0.32,nan,2026-10-01
赤,毛皮,名詞,1,0.32,-0.47,2026-10-01
赤,税,名詞,1,0.32,nan,2026-10-01
赤,見せしめ,名詞,1,0.32,nan,2026-10-01
赤,浮く,動詞,1,0.32,nan,2026-10-01
赤,見聞き,名詞,1,0.32,nan,2026-10-01
赤,唇,名詞,1,0.32,nan,2026-10-01
赤,くっきり,副詞,1,0.32,nan,2026-10-01
赤,歯茎,名詞,1,0.32,nan,2026-10-01
赤,蒼白,名詞,1,0.32,nan,2026-10-01
赤,一途,名詞,1,0.32,nan,2026-10-01
赤,急ぎ足,名詞,1,0.32,nan,2026-10-01
赤,岬,名詞,1,0.32,nan,2026-10-01
赤,ガイアー,名詞,1,0.32,nan,2026-10-01
赤,醍,名詞,1,0.32,nan,2026-10-01
赤,幾多,名詞,1,0.32,-0.15,2026-10-01
赤,勃発,名詞,1,0.32,nan,2026-10-01
赤,香,名詞,1,0.32,-0.15,2026-10-01
赤,塗装,名詞,1,0.32,nan,2026-10-01
赤,鹵獲,名詞,1,0.32,nan,2026-10-01
赤,メカ,名詞,1,0.32,0.05,2026-10-01
赤,潮,名詞,1,0.32,-1.51,2026-10-01
赤,キキジキ,名詞,1,0.32,nan,2026-10-01
赤,タミヨウ,名詞,1,0.32,-1.0,2026-10-01
赤,ギタクシアス,名詞,1,0.32,-1.15,2026-10-01
赤,屑鉄,名詞,1,0.32,-0.32,2026-10-01
赤,走れる,動詞,1,0.32,nan,2026-10-01
赤,練達,名詞,1,0.32,-0.32,2026-10-01
赤,風鈴,名詞,1,0.32,nan,2026-10-01
赤,鉄人,名詞,1,0.32,nan,2026-10-01
赤,臥す,動詞,1,0.32,nan,2026-10-01
赤,物質,名詞,1,0.32,-0.91,2026-10-01
赤,冷却,名詞,1,0.32,nan,2026-10-01
赤,蜂起,名詞,1,0.32,nan,2026-10-01
赤,双腕,名詞,1,0.32,nan,2026-10-01
赤,争乱,名詞,1,0.32,nan,2026-10-01
赤,提灯,名詞,1,0.32,nan,2026-10-01
赤,燈,名詞,1,0.32,nan,2026-10-01
赤,御託,名詞,1,0.32,nan,2026-10-01
赤,呑む,動詞,1,0.32,-0.91,2026-10-01
赤,肝,名詞,1,0.32,nan,2026-10-01
赤,据わる,動詞,1,0.32,nan,2026-10-01
赤,ヴァントリオーネ,名詞,1,0.32,nan,2026-10-01
赤,均衡,名詞,1,0.32,-0.91,2026-10-01
赤,ジアーダ,名詞,1,0.32,nan,2026-10-01
赤,エルズペス,名詞,1,0.32,-1.61,2026-10-01
赤,急襲,名詞,1,0.32,nan,2026-10-01
赤,祝典,名詞,1,0.32,nan,2026-10-01
赤,自尊,名詞,1,0.32,nan,2026-10-01
赤,土建,名詞,1,0.32,nan,2026-10-01
赤,一家,名詞,1,0.32,-1.61,2026-10-01
赤,旨,名詞,1,0.32,nan,2026-10-01
赤,知らす,動詞,1,0.32,-0.15,2026-10-01
赤,やけ,名詞,1,0.32,nan,2026-10-01
赤,傷む,動詞,1,0.32,nan,2026-10-01
赤,都合,名詞,1,0.32,-0.6,2026-10-01
赤,コツコツ,副詞,1,0.32,nan,2026-10-01
赤,舗道,名詞,1,0.32,nan,2026-10-01
赤,スタッカート,名詞,1,0.32,nan,2026-10-01
赤,よみがえる,動詞,1,0.32,nan,2026-10-01
赤,強盗,名詞,1,0.32,-0.15,2026-10-01
赤,銀行,名詞,1,0.32,nan,2026-10-01
赤,ハーレム,名詞,1,0.32,nan,2026-10-01
赤,日曜,名詞,1,0.32,nan,2026-10-01
赤,過大,名詞,1,0.32,nan,2026-10-01
赤,評価,名詞,1,0.32,-1.35,2026-10-01
赤,守衛,名詞,1,0.32,nan,2026-10-01
赤,深夜,名詞,1,0.32,nan,2026-10-01
赤,勤務,名詞,1,0.32,nan,2026-10-01
赤,ターク,名詞,1,0.32,nan,2026-10-01
赤,件,名詞,1,0.32,nan,2026-10-01
赤,油絵,名詞,1,0.32,nan,2026-10-01
赤,イカ,名詞,1,0.32,nan,2026-10-01
赤,一丁,名詞,1,0.32,nan,2026-10-01
赤,上がり,名詞,1,0.32,nan,2026-10-01
赤,招く,動詞,1,0.32,-1.7,2026-10-01
赤,激闘,名詞,1,0.32,nan,2026-10-01
赤,順位,名詞,1,0.32,nan,2026-10-01
赤,異物,名詞,1,0.32,nan,2026-10-01
赤,被覆,名詞,1,0.32,nan,2026-10-01
赤,うれしい,形容詞,1,0.32,nan,2026-10-01
赤,誤算,名詞,1,0.32,nan,2026-10-01
赤,気合い,名詞,1,0.32,nan,2026-10-01
赤,チャージ,名詞,1,0.32,nan,2026-10-01
赤,潜伏,名詞,1,0.32,nan,2026-10-01
赤,手あたり,名詞,1,0.32,nan,2026-10-01
赤,幸い,名詞,1,0.32,0.05,2026-10-01
赤,斉唱,名詞,1,0.32,nan,2026-10-01
赤,先端,名詞,1,0.32,0.05,2026-10-01
赤,競る,動詞,1,0.32,nan,2026-10-01
赤,賛同,名詞,1,0.32,nan,2026-10-01
赤,ジョダー,名詞,1,0.32,nan,2026-10-01
赤,リグ,名詞,1,0.32,nan,2026-10-01
赤,日課,名詞,1,0.32,nan,2026-10-01
赤,喪失,名詞,1,0.32,0.05,2026-10-01
赤,鋼鉄,名詞,1,0.32,nan,2026-10-01
赤,ファラジ,名詞,1,0.32,0.05,2026-10-01
赤,新型,名詞,1,0.32,nan,2026-10-01
赤,余り,副詞,1,0.32,nan,2026-10-01
赤,隊員,名詞,1,0.32,nan,2026-10-01
赤,損耗,名詞,1,0.32,nan,2026-10-01
赤,下ろす,動詞,1,0.32,-1.29,2026-10-01
赤,導火,名詞,1,0.32,nan,2026-10-01
赤,砂嵐,名詞,1,0.32,-0.32,2026-10-01
赤,トマクル,名詞,1,0.32,nan,2026-10-01
赤,異名,名詞,1,0.32,nan,2026-10-01
赤,援助,名詞,1,0.32,0.05,2026-10-01
赤,エンジン,名詞,1,0.32,0.05,2026-10-01
赤,ウィーク,名詞,1,0.32,nan,2026-10-01
赤,判明,名詞,1,0.32,-0.32,2026-10-01
赤,怨恨,名詞,1,0.32,nan,2026-10-01
赤,技師,名詞,1,0.32,-0.15,2026-10-01
赤,ふける,動詞,1,0.32,nan,2026-10-01
赤,こぼす,動詞,1,0.32,nan,2026-10-01
赤,絹,名詞,1,0.32,-0.91,2026-10-01
赤,ラガ,名詞,1,0.32,nan,2026-10-01
赤,塹壕,名詞,1,0.32,nan,2026-10-01
赤,着る,動詞,1,0.32,-1.15,2026-10-01
赤,おべっか,名詞,1,0.32,nan,2026-10-01
赤,パン,名詞,1,0.32,nan,2026-10-01
赤,かじる,動詞,1,0.32,-0.32,2026-10-01
赤,宮殿,名詞,1,0.32,-1.0,2026-10-01
赤,象牙,名詞,1,0.32,nan,2026-10-01
赤,軍門,名詞,1,0.32,nan,2026-10-01
赤,ぐるっ,副詞,1,0.32,nan,2026-10-01
赤,被さる,動詞,1,0.32,nan,2026-10-01
赤,ロック,名詞,1,0.32,-1.35,2026-10-01
赤,直接,名詞,1,0.32,nan,2026-10-01
赤,危うい,形容詞,1,0.32,nan,2026-10-01
赤,ペロー,名詞,1,0.32,nan,2026-10-01
赤,脳裏,名詞,1,0.32,nan,2026-10-01
赤,首都,名詞,1,0.32,nan,2026-10-01
赤,更地,名詞,1,0.32,nan,2026-10-01
赤,張り合い,名詞,1,0.32,nan,2026-10-01
赤,島,名詞,1,0.32,-0.6,2026-10-01
赤,反目,名詞,1,0.32,nan,2026-10-01
赤,意地,名詞,1,0.32,nan,2026-10-01
赤,トカシア,名詞,1,0.32,nan,2026-10-01
赤,爪痕,名詞,1,0.32,nan,2026-10-01
赤,久遠,名詞,1,0.32,-0.15,2026-10-01
赤,抱擁,名詞,1,0.32,-0.6,2026-10-01
赤,とりわけ,副詞,1,0.32,0.05,2026-10-01
赤,奨励,名詞,1,0.32,nan,2026-10-01
赤,中々,副詞,1,0.32,nan,2026-10-01
赤,真理,名詞,1,0.32,0.05,2026-10-01
赤,通用,名詞,1,0.32,nan,2026-10-01
赤,常識,名詞,1,0.32,nan,2026-10-01
赤,派閥,名詞,1,0.32,nan,2026-10-01
赤,胃,名詞,1,0.32,nan,2026-10-01
赤,伝授,名詞,1,0.32,nan,2026-10-01
赤,執心,名詞,1,0.32,nan,2026-10-01
赤,偵察,名詞,1,0.32,-0.6,2026-10-01
赤,よほど,副詞,1,0.32,nan,2026-10-01
赤,手ずから,副詞,1,0.32,nan,2026-10-01
赤,所望,名詞,1,0.32,nan,2026-10-01
赤,くべる,動詞,1,0.32,nan,2026-10-01
赤,烙印,名詞,1,0.32,nan,2026-10-01
赤,刻める,動詞,1,0.32,nan,2026-10-01
赤,教化,名詞,1,0.32,nan,2026-10-01
赤,おそらく,副詞,1,0.32,-0.15,2026-10-01
赤,宙,名詞,1,0.32,-0.15,2026-10-01
赤,焔,名詞,1,0.32,nan,2026-10-01
赤,演舞,名詞,1,0.32,nan,2026-10-01
赤,うえ,名詞,1,0.32,nan,2026-10-01
赤,きわめて,副詞,1,0.32,-0.32,2026-10-01
赤,強情,名詞,1,0.32,nan,2026-10-01
赤,再建,名詞,1,0.32,-0.47,2026-10-01
赤,序列,名詞,1,0.32,nan,2026-10-01
赤,内蔵,名詞,1,0.32,nan,2026-10-01
赤,腐れる,動詞,1,0.32,-0.47,2026-10-01
赤,外道,名詞,1,0.32,nan,2026-10-01
赤,殴れる,動詞,1,0.32,nan,2026-10-01
赤,気力,名詞,1,0.32,nan,2026-10-01
赤,光沢,名詞,1,0.32,nan,2026-10-01
赤,手近,名詞,1,0.32,nan,2026-10-01
赤,マラク,名詞,1,0.32,nan,2026-10-01
赤,感化,名詞,1,0.32,nan,2026-10-01
赤,倣う,動詞,1,0.32,nan,2026-10-01
赤,窮地,名詞,1,0.32,nan,2026-10-01
赤,カイレン,名詞,1,0.32,nan,2026-10-01
赤,残党,名詞,1,0.32,nan,2026-10-01
赤,撒く,動詞,1,0.32,-0.32,2026-10-01
赤,雲隠れ,名詞,1,0.32,nan,2026-10-01
赤,用途,名詞,1,0.32,-0.15,2026-10-01
赤,提案,名詞,1,0.32,-0.15,2026-10-01
赤,笑い,名詞,1,0.32,nan,2026-10-01
赤,ニヤリ,副詞,1,0.32,nan,2026-10-01
赤,点検,名詞,1,0.32,nan,2026-10-01
赤,変位,名詞,1,0.32,nan,2026-10-01
赤,導管,名詞,1,0.32,nan,2026-10-01
赤,等温,名詞,1,0.32,nan,2026-10-01
赤,陣,名詞,1,0.32,nan,2026-10-01
赤,かち,名詞,1,0.32,nan,2026-10-01
赤,バケツ,名詞,1,0.32,nan,2026-10-01
赤,最中,名詞,1,0.32,-1.15,2026-10-01
赤,地滑り,名詞,1,0.32,nan,2026-10-01
赤,高々,副詞,1,0.32,nan,2026-10-01
赤,巨像,名詞,1,0.32,nan,2026-10-01
赤,残骸,名詞,1,0.32,-1.22,2026-10-01
赤,ヴェール,名詞,1,0.32,-0.81,2026-10-01
赤,ダラー,名詞,1,0.32,nan,2026-10-01
赤,シャン,名詞,1,0.32,0.05,2026-10-01
赤,エッジ,名詞,1,0.32,nan,2026-10-01
赤,口実,名詞,1,0.32,nan,2026-10-01
赤,ビッフル,名詞,1,0.32,nan,2026-10-01
赤,ウォール,名詞,1,0.32,nan,2026-10-01
赤,上等,名詞,1,0.32,nan,2026-10-01
赤,お腹,名詞,1,0.32,-0.15,2026-10-01
赤,でたらめ,名詞,1,0.32,0.05,2026-10-01
赤,回心,名詞,1,0.32,nan,2026-10-01
赤,捧げ物,名詞,1,0.32,-0.32,2026-10-01
赤,アズゴル,名詞,1,0.32,nan,2026-10-01
赤,偶像,名詞,1,0.32,nan,2026-10-01
赤,スコドレグ,名詞,1,0.32,nan,2026-10-01
赤,技工,名詞,1,0.32,nan,2026-10-01
赤,承知,名詞,1,0.32,nan,2026-10-01
赤,物分かり,名詞,1,0.32,nan,2026-10-01
赤,倉庫,名詞,1,0.32,nan,2026-10-01
赤,まぬけ,名詞,1,0.32,nan,2026-10-01
赤,害獣,名詞,1,0.32,-1.08,2026-10-01
赤,指差す,動詞,1,0.32,nan,2026-10-01
赤,叩ける,動詞,1,0.32,nan,2026-10-01
赤,年季,名詞,1,0.32,nan,2026-10-01
赤,グンラッド,名詞,1,0.32,nan,2026-10-01
赤,ぶつける,動詞,1,0.32,nan,2026-10-01
赤,銅鑼,名詞,1,0.32,nan,2026-10-01
赤,甲冑,名詞,1,0.32,nan,2026-10-01
赤,掌,名詞,1,0.32,nan,2026-10-01
赤,ちくしょう,名詞,1,0.32,nan,2026-10-01
赤,歪める,動詞,1,0.32,nan,2026-10-01
赤,迂回,名詞,1,0.32,nan,2026-10-01
赤,鼻歌,名詞,1,0.32,nan,2026-10-01
赤,嚙む,動詞,1,0.32,nan,2026-10-01
赤,顎,名詞,1,0.32,-0.91,2026-10-01
赤,デルヴァーホウ,名詞,1,0.32,nan,2026-10-01
赤,招待,名詞,1,0.32,-0.6,2026-10-01
赤,贅,名詞,1,0.32,0.05,2026-10-01
赤,名匠,名詞,1,0.32,nan,2026-10-01
赤,トーテンタンズ,名詞,1,0.32,nan,2026-10-01
赤,歌詞,名詞,1,0.32,nan,2026-10-01
赤,あぶる,動詞,1,0.32,nan,2026-10-01
赤,市長,名詞,1,0.32,nan,2026-10-01
赤,パチパチ,副詞,1,0.32,nan,2026-10-01
赤,宿主,名詞,1,0.32,-0.32,2026-10-01
赤,気取り,名詞,1,0.32,nan,2026-10-01
赤,坊や,名詞,1,0.32,0.05,2026-10-01
赤,手もと,名詞,1,0.32,nan,2026-10-01
赤,自律,名詞,1,0.32,nan,2026-10-01
赤,段階,名詞,1,0.32,-0.47,2026-10-01
赤,ツルハシ,名詞,1,0.32,nan,2026-10-01
赤,鉱山,名詞,1,0.32,nan,2026-10-01
赤,推測,名詞,1,0.32,nan,2026-10-01
赤,雨水,名詞,1,0.32,nan,2026-10-01
赤,ジョハン,名詞,1,0.32,nan,2026-10-01
赤,授かる,動詞,1,0.32,-0.47,2026-10-01
赤,タリオン,名詞,1,0.32,nan,2026-10-01
赤,稼ぎ,名詞,1,0.32,nan,2026-10-01
赤,日間,名詞,1,0.32,-0.15,2026-10-01
赤,毛布,名詞,1,0.32,nan,2026-10-01
赤,丁重,名詞,1,0.32,nan,2026-10-01
赤,感銘,名詞,1,0.32,nan,2026-10-01
赤,チミル,名詞,1,0.32,-0.6,2026-10-01
赤,仔,名詞,1,0.32,-0.6,2026-10-01
赤,キノコ,名詞,1,0.32,-0.32,2026-10-01
赤,トレゾン,名詞,1,0.32,0.05,2026-10-01
赤,マクアフィトル,名詞,1,0.32,nan,2026-10-01
赤,底なし,名詞,1,0.32,-0.15,2026-10-01
赤,活動,名詞,1,0.32,-0.81,2026-10-01
赤,ノーム,名詞,1,0.32,-0.15,2026-10-01
赤,運送,名詞,1,0.32,nan,2026-10-01
赤,もてなす,動詞,1,0.32,nan,2026-10-01
赤,来客,名詞,1,0.32,nan,2026-10-01
赤,間合い,名詞,1,0.32,nan,2026-10-01
赤,間食,名詞,1,0.32,nan,2026-10-01
赤,瑞々しい,形容詞,1,0.32,nan,2026-10-01
赤,適す,動詞,1,0.32,nan,2026-10-01
赤,環境,名詞,1,0.32,-0.71,2026-10-01
赤,フットワーク,名詞,1,0.32,nan,2026-10-01
赤,譲る,動詞,1,0.32,-0.15,2026-10-01
赤,相,名詞,1,0.32,nan,2026-10-01
赤,小回り,名詞,1,0.32,nan,2026-10-01
赤,重装,名詞,1,0.32,nan,2026-10-01
赤,甲,名詞,1,0.32,nan,2026-10-01
赤,少数,名詞,1,0.32,nan,2026-10-01
赤,死傷,名詞,1,0.32,nan,2026-10-01
赤,小隊,名詞,1,0.32,nan,2026-10-01
赤,謳う,動詞,1,0.32,nan,2026-10-01
赤,めっぽう,副詞,1,0.32,nan,2026-10-01
赤,大岩,名詞,1,0.32,nan,2026-10-01
赤,千切り,名詞,1,0.32,nan,2026-10-01
赤,せこい,形容詞,1,0.32,nan,2026-10-01
赤,真っ先,名詞,1,0.32,nan,2026-10-01
赤,潰える,動詞,1,0.32,nan,2026-10-01
赤,モナックス,名詞,1,0.32,nan,2026-10-01
赤,構い,名詞,1,0.32,nan,2026-10-01
赤,仇,名詞,1,0.32,nan,2026-10-01
赤,監視,名詞,1,0.32,-1.51,2026-10-01
赤,案,名詞,1,0.32,nan,2026-10-01
赤,自立,名詞,1,0.32,nan,2026-10-01
赤,肩,名詞,1,0.32,-0.81,2026-10-01
赤,アルヴィス,名詞,1,0.32,nan,2026-10-01
赤,証拠,名詞,1,0.32,-1.46,2026-10-01
赤,支障,名詞,1,0.32,nan,2026-10-01
赤,きたす,動詞,1,0.32,nan,2026-10-01
赤,莫大,名詞,1,0.32,0.05,2026-10-01
赤,パーティ,名詞,1,0.32,nan,2026-10-01
赤,ケイヤ,名詞,1,0.32,-0.91,2026-10-01
赤,エトラータ,名詞,1,0.32,nan,2026-10-01
赤,無実,名詞,1,0.32,nan,2026-10-01
赤,犯人,名詞,1,0.32,-0.6,2026-10-01
赤,逮捕,名詞,1,0.32,0.05,2026-10-01
赤,焦げ臭い,形容詞,1,0.32,nan,2026-10-01
赤,変装,名詞,1,0.32,nan,2026-10-01
赤,背筋,名詞,1,0.32,0.05,2026-10-01
赤,ブルル,名詞,1,0.32,nan,2026-10-01
赤,グロージャ,名詞,1,0.32,nan,2026-10-01
赤,カイロックス,名詞,1,0.32,nan,2026-10-01
赤,停止,名詞,1,0.32,nan,2026-10-01
赤,スイッチ,名詞,1,0.32,nan,2026-10-01
赤,はめる,動詞,1,0.32,nan,2026-10-01
赤,風穴,名詞,1,0.32,nan,2026-10-01
赤,機種,名詞,1,0.32,nan,2026-10-01
赤,使い捨て,名詞,1,0.32,nan,2026-10-01
赤,連続,名詞,1,0.32,nan,2026-10-01
赤,真相,名詞,1,0.32,nan,2026-10-01
赤,通牒,名詞,1,0.32,nan,2026-10-01
赤,以内,名詞,1,0.32,nan,2026-10-01
赤,宣戦,名詞,1,0.32,nan,2026-10-01
赤,処遇,名詞,1,0.32,nan,2026-10-01
赤,難,名詞,1,0.32,nan,2026-10-01
赤,たいそう,副詞,1,0.32,0.05,2026-10-01
赤,無法,名詞,1,0.32,nan,2026-10-01
赤,なるべく,副詞,1,0.32,nan,2026-10-01
赤,クソッタレ,名詞,1,0.32,nan,2026-10-01
赤,弄する,動詞,1,0.32,nan,2026-10-01
赤,巻き添え,名詞,1,0.32,nan,2026-10-01
赤,イカサマ,名詞,1,0.32,nan,2026-10-01
赤,ビビる,動詞,1,0.32,nan,2026-10-01
赤,腰抜け,名詞,1,0.32,nan,2026-10-01
赤,クズ,名詞,1,0.32,nan,2026-10-01
赤,ムダ,名詞,1,0.32,nan,2026-10-01
赤,オオミチバシリ,名詞,1,0.32,nan,2026-10-01
赤,ミス,名詞,1,0.32,nan,2026-10-01
赤,ひく,動詞,1,0.32,-0.32,2026-10-01
赤,いまいましい,形容詞,1,0.32,nan,2026-10-01
赤,フィオーラ,名詞,1,0.32,nan,2026-10-01
赤,ハーブ,名詞,1,0.32,nan,2026-10-01
赤,直送,名詞,1,0.32,nan,2026-10-01
赤,ジャンクション,名詞,1,0.32,nan,2026-10-01
赤,サンダー,名詞,1,0.32,0.05,2026-10-01
赤,開通,名詞,1,0.32,nan,2026-10-01
赤,農具,名詞,1,0.32,nan,2026-10-01
赤,荒事,名詞,1,0.32,nan,2026-10-01
赤,開拓,名詞,1,0.32,0.05,2026-10-01
赤,報う,動詞,1,0.32,-0.47,2026-10-01
赤,うぶ,名詞,1,0.32,nan,2026-10-01
赤,岩壁,名詞,1,0.32,nan,2026-10-01
赤,探険,名詞,1,0.32,nan,2026-10-01
赤,披露,名詞,1,0.32,nan,2026-10-01
赤,腕前,名詞,1,0.32,nan,2026-10-01
赤,失する,動詞,1,0.32,nan,2026-10-01
赤,カウボーイ,名詞,1,0.32,nan,2026-10-01
赤,券,名詞,1,0.32,nan,2026-10-01
赤,ポート,名詞,1,0.32,nan,2026-10-01
赤,オーメン,名詞,1,0.32,-0.15,2026-10-01
赤,列車,名詞,1,0.32,0.05,2026-10-01
赤,旅立つ,動詞,1,0.32,0.05,2026-10-01
赤,爪跡,名詞,1,0.32,nan,2026-10-01
赤,策,名詞,1,0.32,-0.81,2026-10-01
赤,真っ向,名詞,1,0.32,nan,2026-10-01
赤,しっぽ,名詞,1,0.32,nan,2026-10-01
赤,後者,名詞,1,0.32,nan,2026-10-01
赤,そよ風,名詞,1,0.32,-0.15,2026-10-01
赤,根付く,動詞,1,0.32,nan,2026-10-01
赤,タンポポ,名詞,1,0.32,nan,2026-10-01
赤,無類,名詞,1,0.32,nan,2026-10-01
赤,体勢,名詞,1,0.32,nan,2026-10-01
赤,エリマキ,名詞,1,0.32,nan,2026-10-01
赤,汚い,形容詞,1,0.32,nan,2026-10-01
赤,花,名詞,1,0.32,-2.17,2026-10-01
赤,冷淡,名詞,1,0.32,nan,2026-10-01
赤,演奏,名詞,1,0.32,nan,2026-10-01
赤,鼓舞,名詞,1,0.32,-0.15,2026-10-01
赤,探せる,動詞,1,0.32,nan,2026-10-01
赤,二手,名詞,1,0.32,nan,2026-10-01
赤,帆,名詞,1,0.32,-0.32,2026-10-01
赤,未知,名詞,1,0.32,-0.91,2026-10-01
赤,年寄り,名詞,1,0.32,nan,2026-10-01
赤,繰り言,名詞,1,0.32,nan,2026-10-01
赤,勇,名詞,1,0.32,nan,2026-10-01
赤,船出,名詞,1,0.32,nan,2026-10-01
赤,舵,名詞,1,0.32,nan,2026-10-01
赤,不穏,名詞,1,0.32,nan,2026-10-01
赤,種子,名詞,1,0.32,-0.6,2026-10-01
赤,ドングリ,名詞,1,0.32,nan,2026-10-01
赤,手放す,動詞,1,0.32,0.05,2026-10-01
赤,装身,名詞,1,0.32,nan,2026-10-01
赤,石器,名詞,1,0.32,nan,2026-10-01
赤,陶器,名詞,1,0.32,nan,2026-10-01
赤,戯け,名詞,1,0.32,nan,2026-10-01
赤,ケラケラ,副詞,1,0.32,nan,2026-10-01
赤,夜間,名詞,1,0.32,nan,2026-10-01
赤,フィ,名詞,1,0.32,nan,2026-10-01
赤,葉,名詞,1,0.32,-2.38,2026-10-01
赤,導線,名詞,1,0.32,nan,2026-10-01
赤,銅,名詞,1,0.32,-0.15,2026-10-01
赤,頷く,動詞,1,0.32,nan,2026-10-01
赤,供給,名詞,1,0.32,nan,2026-10-01
赤,電力,名詞,1,0.32,nan,2026-10-01
赤,ハツカ,名詞,1,0.32,nan,2026-10-01
赤,グラァアア,名詞,1,0.32,nan,2026-10-01
赤,グオオォ,名詞,1,0.32,nan,2026-10-01
赤,グルル,名詞,1,0.32,nan,2026-10-01
赤,アライグマ,名詞,1,0.32,nan,2026-10-01
赤,幽霊,名詞,1,0.32,-0.6,2026-10-01
赤,サリッサ,名詞,1,0.32,nan,2026-10-01
赤,顔見せ,名詞,1,0.32,nan,2026-10-01
赤,剥ぐ,動詞,1,0.32,-0.15,2026-10-01
赤,キャハハハハ,名詞,1,0.32,nan,2026-10-01
赤,手出し,名詞,1,0.32,nan,2026-10-01
赤,当たり,名詞,1,0.32,nan,2026-10-01
赤,肉袋,名詞,1,0.32,nan,2026-10-01
赤,ぐちゃり,副詞,1,0.32,nan,2026-10-01
赤,大笑い,名詞,1,0.32,nan,2026-10-01
赤,縫う,動詞,1,0.32,-0.81,2026-10-01
赤,出口,名詞,1,0.32,-0.47,2026-10-01
赤,錯,名詞,1,0.32,nan,2026-10-01
赤,館,名詞,1,0.32,-0.91,2026-10-01
赤,ピエロ,名詞,1,0.32,nan,2026-10-01
赤,在処,名詞,1,0.32,nan,2026-10-01
赤,鍵穴,名詞,1,0.32,nan,2026-10-01
赤,カタカタ,副詞,1,0.32,nan,2026-10-01
赤,だんだん,副詞,1,0.32,nan,2026-10-01
赤,パニック,名詞,1,0.32,0.05,2026-10-01
赤,小銭,名詞,1,0.32,nan,2026-10-01
赤,すてる,動詞,1,0.32,nan,2026-10-01
赤,解毒,名詞,1,0.32,nan,2026-10-01
赤,旋律,名詞,1,0.32,-0.15,2026-10-01
赤,免れる,動詞,1,0.32,-0.32,2026-10-01
赤,ヴァルガヴォス,名詞,1,0.32,-0.81,2026-10-01
赤,精,名詞,1,0.32,-0.15,2026-10-01
赤,頑張る,動詞,1,0.32,0.05,2026-10-01
赤,稼働,名詞,1,0.32,nan,2026-10-01
赤,ちきしょう,名詞,1,0.32,nan,2026-10-01
赤,暗闇,名詞,1,0.32,-1.22,2026-10-01
赤,政権,名詞,1,0.32,nan,2026-10-01
赤,独裁,名詞,1,0.32,nan,2026-10-01
赤,グランプリ,名詞,1,0.32,nan,2026-10-01
赤,対案,名詞,1,0.32,nan,2026-10-01
赤,流儀,名詞,1,0.32,nan,2026-10-01
赤,提示,名詞,1,0.32,nan,2026-10-01
赤,アヴィシュカー,名詞,1,0.32,0.05,2026-10-01
赤,外交,名詞,1,0.32,nan,2026-10-01
赤,サウリド,名詞,1,0.32,nan,2026-10-01
赤,面々,名詞,1,0.32,0.05,2026-10-01
赤,レース,名詞,1,0.32,-0.15,2026-10-01
赤,メンバー,名詞,1,0.32,nan,2026-10-01
赤,シフト,名詞,1,0.32,nan,2026-10-01
赤,ちがう,動詞,1,0.32,0.05,2026-10-01
赤,運転,名詞,1,0.32,-0.15,2026-10-01
赤,撃てる,動詞,1,0.32,nan,2026-10-01
赤,引け,名詞,1,0.32,nan,2026-10-01
赤,アクセル,名詞,1,0.32,nan,2026-10-01
赤,ロケッティアーズ,名詞,1,0.32,nan,2026-10-01
赤,キルスイッチ,名詞,1,0.32,nan,2026-10-01
赤,レンチ,名詞,1,0.32,nan,2026-10-01
赤,ライダーズ,名詞,1,0.32,nan,2026-10-01
赤,ガスタル,名詞,1,0.32,nan,2026-10-01
赤,おもしれえ,形容詞,1,0.32,nan,2026-10-01
赤,トルクオタク,名詞,1,0.32,nan,2026-10-01
赤,おた,名詞,1,0.32,nan,2026-10-01
赤,ヤバい,形容詞,1,0.32,nan,2026-10-01
赤,ひっきり,名詞,1,0.32,nan,2026-10-01
赤,コブシ,名詞,1,0.32,nan,2026-10-01
赤,ケリ,名詞,1,0.32,nan,2026-10-01
赤,モヤモヤ,名詞,1,0.32,nan,2026-10-01
赤,いとしい,形容詞,1,0.32,nan,2026-10-01
赤,いろあせる,動詞,1,0.32,nan,2026-10-01
赤,ちかう,動詞,1,0.32,nan,2026-10-01
赤,とおい,形容詞,1,0.32,nan,2026-10-01
赤,とわ,名詞,1,0.32,nan,2026-10-01
赤,ゆるす,動詞,1,0.32,nan,2026-10-01
赤,圧縮,名詞,1,0.32,nan,2026-10-01
赤,アルゴリズム,名詞,1,0.32,nan,2026-10-01
赤,幻獣,名詞,1,0.32,nan,2026-10-01
赤,ラムウ,名詞,1,0.32,nan,2026-10-01
赤,呪,名詞,1,0.32,-0.15,2026-10-01
赤,用件,名詞,1,0.32,nan,2026-10-01
赤,アルテパ,名詞,1,0.32,nan,2026-10-01
赤,植物,名詞,1,0.32,-1.7,2026-10-01
赤,モンスター,名詞,1,0.32,-0.71,2026-10-01
赤,クゾッツ,名詞,1,0.32,nan,2026-10-01
赤,誘拐,名詞,1,0.32,nan,2026-10-01
赤,たたむ,動詞,1,0.32,nan,2026-10-01
赤,大人,名詞,1,0.32,nan,2026-10-01
赤,セラ,名詞,1,0.32,-1.29,2026-10-01
赤,ライトニング,名詞,1,0.32,nan,2026-10-01
赤,タップリダナハタシテ,名詞,1,0.32,nan,2026-10-01
赤,ドウカナ,名詞,1,0.32,nan,2026-10-01
赤,わるい,形容詞,1,0.32,nan,2026-10-01
赤,名前,名詞,1,0.32,-1.97,2026-10-01
赤,盟約,名詞,1,0.32,nan,2026-10-01
赤,モブリズ,名詞,1,0.32,nan,2026-10-01
赤,ケフカ,名詞,1,0.32,nan,2026-10-01
赤,東,名詞,1,0.32,nan,2026-10-01
赤,総じて,副詞,1,0.32,nan,2026-10-01
赤,黄色い,形容詞,1,0.32,nan,2026-10-01
赤,足掻く,動詞,1,0.32,nan,2026-10-01
赤,デンジャー,名詞,1,0.32,nan,2026-10-01
赤,ブラネ,名詞,1,0.32,nan,2026-10-01
赤,権威,名詞,1,0.32,nan,2026-10-01
赤,速力,名詞,1,0.32,nan,2026-10-01
赤,休憩,名詞,1,0.32,nan,2026-10-01
赤,スピード,名詞,1,0.32,-0.47,2026-10-01
赤,携帯,名詞,1,0.32,nan,2026-10-01
赤,充電,名詞,1,0.32,nan,2026-10-01
赤,今回,名詞,1,0.32,-0.32,2026-10-01
赤,グリズリー,名詞,1,0.32,nan,2026-10-01
赤,大当たり,名詞,1,0.32,nan,2026-10-01
赤,ちょうだい,名詞,1,0.32,nan,2026-10-01
赤,ブーメラン,名詞,1,0.32,nan,2026-10-01
赤,バース,名詞,1,0.32,nan,2026-10-01
赤,果て,名詞,1,0.32,-1.08,2026-10-01
赤,無念,名詞,1,0.32,nan,2026-10-01
赤,晴らす,動詞,1,0.32,nan,2026-10-01
赤,キャット,名詞,1,0.32,nan,2026-10-01
赤,獣医,名詞,1,0.32,nan,2026-10-01
赤,復活,名詞,1,0.32,-1.29,2026-10-01
赤,博士,名詞,1,0.32,nan,2026-10-01
赤,歴代,名詞,1,0.32,nan,2026-10-01
赤,写真,名詞,1,0.32,nan,2026-10-01
赤,パーカー,名詞,1,0.32,nan,2026-10-01
赤,妹,名詞,1,0.32,nan,2026-10-01
赤,歌い手,名詞,1,0.32,nan,2026-10-01
赤,老いぼれ,名詞,1,0.32,nan,2026-10-01
赤,決意,名詞,1,0.32,-1.29,2026-10-01
赤,胸中,名詞,1,0.32,nan,2026-10-01
赤,育む,動詞,1,0.32,-1.51,2026-10-01
赤,冷酷,名詞,1,0.32,-0.91,2026-10-01
赤,オザイ,名詞,1,0.32,nan,2026-10-01
赤,会得,名詞,1,0.32,nan,2026-10-01
赤,根源,名詞,1,0.32,0.05,2026-10-01
赤,あだ名,名詞,1,0.32,nan,2026-10-01
赤,西,名詞,1,0.32,0.05,2026-10-01
赤,由来,名詞,1,0.32,nan,2026-10-01
赤,タイリー,名詞,1,0.32,nan,2026-10-01
赤,誘い,名詞,1,0.32,nan,2026-10-01
赤,曲技,名詞,1,0.32,nan,2026-10-01
赤,出番,名詞,1,0.32,-0.15,2026-10-01
赤,ガキ,名詞,1,0.32,nan,2026-10-01
赤,肉食,名詞,1,0.32,0.05,2026-10-01
赤,態度,名詞,1,0.32,0.05,2026-10-01
赤,とどめ,名詞,1,0.32,nan,2026-10-01
赤,ハエ,名詞,1,0.32,-0.32,2026-10-01
赤,メートル,名詞,1,0.32,nan,2026-10-01
赤,ユーヤン,名詞,1,0.32,nan,2026-10-01
赤,刃物,名詞,1,0.32,nan,2026-10-01
赤,バチバチドカーンマン,名詞,1,0.32,nan,2026-10-01
赤,視点,名詞,1,0.32,-0.47,2026-10-01
赤,王座,名詞,1,0.32,nan,2026-10-01
赤,塗れる,動詞,1,0.32,nan,2026-10-01
赤,姉,名詞,1,0.32,0.05,2026-10-01
赤,羨ましい,形容詞,1,0.32,nan,2026-10-01
赤,絹糸,名詞,1,0.32,nan,2026-10-01
赤,はずむ,動詞,1,0.32,nan,2026-10-01
赤,褒賞,名詞,1,0.32,nan,2026-10-01
赤,織り物,名詞,1,0.32,nan,2026-10-01
赤,蛾,名詞,1,0.32,-0.81,2026-10-01
赤,熟知,名詞,1,0.32,0.05,2026-10-01
赤,バカキスキン,名詞,1,0.32,nan,2026-10-01
赤,粥,名詞,1,0.32,nan,2026-10-01
赤,グラブ,名詞,1,0.32,nan,2026-10-01
赤,トラグ,名詞,1,0.32,nan,2026-10-01
赤,登場,名詞,1,0.32,0.05,2026-10-01
赤,発憤,名詞,1,0.32,nan,2026-10-01
赤,失せる,動詞,1,0.32,-0.81,2026-10-01
赤,一抱え,名詞,1,0.32,nan,2026-10-01
赤,甥っ子,名詞,1,0.32,nan,2026-10-01
赤,水薬,名詞,1,0.32,nan,2026-10-01
赤,スート,名詞,1,0.32,nan,2026-10-01
赤,日輪,名詞,1,0.32,nan,2026-10-01
赤,果たして,副詞,1,0.32,nan,2026-10-01
赤,強き,名詞,1,0.32,nan,2026-10-01
赤,ボールドウィア,名詞,1,0.32,nan,2026-10-01
赤,ようす,名詞,1,0.32,nan,2026-10-01
赤,巨岩,名詞,1,0.32,nan,2026-10-01
赤,しりもち,名詞,1,0.32,nan,2026-10-01
赤,ドカン,副詞,1,0.32,nan,2026-10-01
赤,悲嘆,名詞,1,0.32,nan,2026-10-01
赤,行方,名詞,1,0.32,-0.6,2026-10-01
赤,甘皮,名詞,1,0.32,nan,2026-10-01
赤,ケチケチ,副詞,1,0.32,nan,2026-10-01
赤,温度,名詞,1,0.32,nan,2026-10-01
赤,がきっ,副詞,1,0.32,nan,2026-10-01
赤,きっ,副詞,1,0.32,nan,2026-10-01
赤,ガリガリ,副詞,1,0.32,nan,2026-10-01
赤,おやつ,名詞,1,0.32,-0.47,2026-10-01
赤,鳴り物,名詞,1,0.32,nan,2026-10-01
赤,チーチー,名詞,1,0.32,nan,2026-10-01
赤,ごちゃごちゃ,副詞,1,0.32,nan,2026-10-01
赤,かたまり,名詞,1,0.32,nan,2026-10-01
赤,呟く,動詞,1,0.32,0.05,2026-10-01
赤,サナール,名詞,1,0.32,nan,2026-10-01
赤,研磨,名詞,1,0.32,nan,2026-10-01
赤,もつれる,動詞,1,0.32,-0.15,2026-10-01
赤,得てして,副詞,1,0.32,nan,2026-10-01
赤,犯行,名詞,1,0.32,0.05,2026-10-01
赤,ノッグル,名詞,1,0.32,nan,2026-10-01
赤,物盗り,名詞,1,0.32,nan,2026-10-01
赤,こなし,名詞,1,0.32,nan,2026-10-01
赤,熱源,名詞,1,0.32,nan,2026-10-01
赤,下り,名詞,1,0.32,nan,2026-10-01
赤,種目,名詞,1,0.32,nan,2026-10-01
赤,えり好み,名詞,1,0.32,nan,2026-10-01
赤,すさまじい,形容詞,1,0.32,-0.15,2026-10-01
赤,まだまだ,副詞,1,0.32,-0.15,2026-10-01
赤,操れる,動詞,1,0.32,nan,2026-10-01
赤,レシピ,名詞,1,0.32,nan,2026-10-01
赤,味見,名詞,1,0.32,nan,2026-10-01
赤,クランゲ,名詞,1,0.32,nan,2026-10-01
赤,参上,名詞,1,0.32,nan,2026-10-01
赤,二本足,名詞,1,0.32,-0.15,2026-10-01
赤,ドラム,名詞,1,0.32,nan,2026-10-01
赤,自前,名詞,1,0.32,nan,2026-10-01
赤,ロックンロール,名詞,1,0.32,nan,2026-10-01
赤,スティック,名詞,1,0.32,nan,2026-10-01
赤,タンマ,名詞,1,0.32,nan,2026-10-01
赤,ミュータント,名詞,1,0.32,-0.32,2026-10-01
赤,グーンガラ,名詞,1,0.32,nan,2026-10-01
赤,仕置き,名詞,1,0.32,nan,2026-10-01
赤,水道,名詞,1,0.32,nan,2026-10-01
赤,ビジネス,名詞,1,0.32,nan,2026-10-01
赤,駆除,名詞,1,0.32,-0.81,2026-10-01
赤,模様,名詞,1,0.32,-0.47,2026-10-01
赤,スクリュー,名詞,1,0.32,nan,2026-10-01
赤,マウサー,名詞,1,0.32,nan,2026-10-01
赤,プログラム,名詞,1,0.32,nan,2026-10-01
赤,五体,名詞,1,0.32,nan,2026-10-01
赤,石臼,名詞,1,0.32,nan,2026-10-01
赤,鈍る,動詞,1,0.32,nan,2026-10-01
赤,忍者,名詞,1,0.32,-0.32,2026-10-01
赤,教科,名詞,1,0.32,nan,2026-10-01
赤,予習,名詞,1,0.32,nan,2026-10-01
赤,フット,名詞,1,0.32,-0.15,2026-10-01
赤,システム,名詞,1,0.32,-0.15,2026-10-01
赤,会社,名詞,1,0.32,nan,2026-10-01
赤,アフター,名詞,1,0.32,nan,2026-10-01
赤,ボム,名詞,1,0.32,nan,2026-10-01
赤,メタル,名詞,1,0.32,nan,2026-10-01
赤,クセ,名詞,1,0.32,nan,2026-10-01
赤,万人,名詞,1,0.32,nan,2026-10-01
赤,スラッシュ,名詞,1,0.32,nan,2026-10-01
赤,ハバネロ,名詞,1,0.32,nan,2026-10-01
赤,和らげる,動詞,1,0.32,nan,2026-10-01
赤,委ねる,動詞,1,0.32,-0.32,2026-10-01
赤,企み,名詞,1,0.32,nan,2026-10-01
赤,ジェイス,名詞,1,0.32,-2.73,2026-10-01
赤,探求,名詞,1,0.32,-0.47,2026-10-01
赤,廃屋,名詞,1,0.32,nan,2026-10-01
赤,わんさ,副詞,1,0.32,nan,2026-10-01
赤,移り変わり,名詞,1,0.32,nan,2026-10-01
赤,留める,動詞,1,0.32,-1.15,2026-10-01
赤,曠野,名詞,1,0.32,nan,2026-10-01
赤,ユーモア,名詞,1,0.32,nan,2026-10-01
赤,センス,名詞,1,0.32,nan,2026-10-01
赤,とんでも,副詞,1,0.32,-0.15,2026-10-01
赤,修復,名詞,1,0.32,-1.0,2026-10-01
赤,学べる,動詞,1,0.32,-0.32,2026-10-01
赤,秘策,名詞,1,0.32,nan,2026-10-01
赤,陥れる,動詞,1,0.32,nan,2026-10-01
赤,教師,名詞,1,0.32,0.05,2026-10-01
赤,パラドックス,名詞,1,0.32,nan,2026-10-01
赤,捉える,動詞,1,0.32,0.05,2026-10-01
赤,肖像,名詞,1,0.32,nan,2026-10-01
赤,そっくり,副詞,1,0.32,nan,2026-10-01
赤,ドクター,名詞,1,0.32,-0.71,2026-10-01
赤,牛,名詞,1,0.32,-0.47,2026-10-01
赤,関連,名詞,1,0.32,0.05,2026-10-01
赤,フリフリ,副詞,1,0.32,nan,2026-10-01
赤,フロッグ,名詞,1,0.32,nan,2026-10-01
赤,分野,名詞,1,0.32,nan,2026-10-01
赤,ツール,名詞,1,0.32,nan,2026-10-01
赤,傑作,名詞,1,0.32,nan,2026-10-01
赤,ゲコゲコ,名詞,1,0.32,nan,2026-10-01
赤,哄笑,名詞,1,0.32,nan,2026-10-01
赤,ロキ,名詞,1,0.32,nan,2026-10-01
赤,錯乱,名詞,1,0.32,nan,2026-10-01
赤,蝶,名詞,1,0.32,nan,2026-10-01
赤,熾天,名詞,1,0.32,nan,2026-10-01
赤,バサンドラ,名詞,1,0.32,nan,2026-10-01
赤,リクー,名詞,1,0.32,nan,2026-10-01
赤,フォモーリ,名詞,1,0.32,nan,2026-10-01
赤,ルーハン,名詞,1,0.32,nan,2026-10-01
赤,一人ぼっち,名詞,1,0.32,nan,2026-10-01
赤,エルド,名詞,1,0.32,nan,2026-10-01
赤,喉,名詞,1,0.32,-1.46,2026-10-01
赤,蛮人,名詞,1,0.32,nan,2026-10-01
赤,動員,名詞,1,0.32,nan,2026-10-01
赤,麓,名詞,1,0.32,nan,2026-10-01
赤,聴く,動詞,1,0.32,-0.47,2026-10-01
赤,乞う,動詞,1,0.32,nan,2026-10-01
赤,シグリンド,名詞,1,0.32,nan,2026-10-01
赤,エドラ,名詞,1,0.32,nan,2026-10-01
赤,告発,名詞,1,0.32,nan,2026-10-01
赤,撫でる,動詞,1,0.32,nan,2026-10-01
赤,剥げる,動詞,1,0.32,nan,2026-10-01
赤,エルドルード,名詞,1,0.32,nan,2026-10-01
赤,上っ面,名詞,1,0.32,nan,2026-10-01
赤,小者,名詞,1,0.32,nan,2026-10-01
赤,はばたき,名詞,1,0.32,nan,2026-10-01
赤,慟哭,名詞,1,0.32,nan,2026-10-01
赤,視線,名詞,1,0.32,-1.29,2026-10-01
赤,双子,名詞,1,0.32,0.05,2026-10-01
赤,画期,名詞,1,0.32,nan,2026-10-01
赤,夥しい,形容詞,1,0.32,nan,2026-10-01
赤,以下,名詞,1,0.32,nan,2026-10-01
赤,支給,名詞,1,0.32,nan,2026-10-01
赤,主任,名詞,1,0.32,nan,2026-10-01
赤,攻城,名詞,1,0.32,nan,2026-10-01
赤,定まる,動詞,1,0.32,nan,2026-10-01
赤,貢献,名詞,1,0.32,nan,2026-10-01
赤,フェノール,名詞,1,0.32,nan,2026-10-01
赤,しかと,副詞,1,0.32,nan,2026-10-01
赤,天文,名詞,1,0.32,nan,2026-10-01
赤,間諜,名詞,1,0.32,nan,2026-10-01
赤,標語,名詞,1,0.32,nan,2026-10-01
赤,連盟,名詞,1,0.32,nan,2026-10-01
赤,墓地,名詞,1,0.32,-0.32,2026-10-01
赤,欲深い,形容詞,1,0.32,nan,2026-10-01
赤,質,名詞,1,0.32,nan,2026-10-01
赤,評論,名詞,1,0.32,nan,2026-10-01
赤,取材,名詞,1,0.32,nan,2026-10-01
赤,学生,名詞,1,0.32,-0.47,2026-10-01
赤,ヴァン,名詞,1,0.32,0.05,2026-10-01
赤,報道,名詞,1,0.32,nan,2026-10-01
赤,ジャーナリズム,名詞,1,0.32,nan,2026-10-01
赤,賞,名詞,1,0.32,nan,2026-10-01
赤,かえす,動詞,1,0.32,nan,2026-10-01
赤,遵守,名詞,1,0.32,nan,2026-10-01
赤,決まり,名詞,1,0.32,nan,2026-10-01
赤,掴める,動詞,1,0.32,nan,2026-10-01
赤,領海,名詞,1,0.32,nan,2026-10-01
赤,対置,名詞,1,0.32,nan,2026-10-01
赤,傾ける,動詞,1,0.32,-1.15,2026-10-01
赤,こさえる,動詞,1,0.32,nan,2026-10-01
赤,走り書き,名詞,1,0.32,nan,2026-10-01
赤,不能,名詞,1,0.32,-0.81,2026-10-01
赤,判読,名詞,1,0.32,nan,2026-10-01
赤,悔悟,名詞,1,0.32,nan,2026-10-01
赤,武人,名詞,1,0.32,nan,2026-10-01
赤,鬱陶しい,形容詞,1,0.32,nan,2026-10-01
赤,魔導,名詞,1,0.32,-0.91,2026-10-01
赤,カラマックス,名詞,1,0.32,nan,2026-10-01
赤,屈折,名詞,1,0.32,0.05,2026-10-01
赤,結晶,名詞,1,0.32,nan,2026-10-01
赤,むき出し,名詞,1,0.32,-0.32,2026-10-01
赤,寝室,名詞,1,0.32,nan,2026-10-01
赤,振動,名詞,1,0.32,0.05,2026-10-01
赤,ポータル,名詞,1,0.32,nan,2026-10-01
赤,災禍,名詞,1,0.32,nan,2026-10-01
赤,剥がす,動詞,1,0.32,-0.15,2026-10-01
赤,床板,名詞,1,0.32,nan,2026-10-01
赤,豪奢,名詞,1,0.32,nan,2026-10-01
赤,飾り付け,名詞,1,0.32,nan,2026-10-01
赤,色褪せる,動詞,1,0.32,nan,2026-10-01
赤,ぞろい,名詞,1,0.32,nan,2026-10-01
赤,名士,名詞,1,0.32,nan,2026-10-01
赤,放火,名詞,1,0.32,nan,2026-10-01
赤,名付ける,動詞,1,0.32,nan,2026-10-01
赤,クラッシャー,名詞,1,0.32,nan,2026-10-01
赤,ちなむ,動詞,1,0.32,nan,2026-10-01
赤,レギオン,名詞,1,0.32,nan,2026-10-01
赤,ブレイズンサンダー,名詞,1,0.32,nan,2026-10-01
赤,耽溺,名詞,1,0.32,nan,2026-10-01
赤,感,名詞,1,0.32,-1.79,2026-10-01
赤,限りない,形容詞,1,0.32,-0.15,2026-10-01
赤,姿かたち,名詞,1,0.32,0.05,2026-10-01
赤,暗がり,名詞,1,0.32,-0.6,2026-10-01
赤,アコライト,名詞,1,0.32,nan,2026-10-01
赤,不明,名詞,1,0.32,-0.91,2026-10-01
赤,隔壁,名詞,1,0.32,nan,2026-10-01
赤,合切,名詞,1,0.32,nan,2026-10-01
赤,パートナー,名詞,1,0.32,nan,2026-10-01
赤,同士,名詞,1,0.32,nan,2026-10-01
赤,皇帝,名詞,1,0.32,-0.32,2026-10-01
赤,偽り,名詞,1,0.32,-0.32,2026-10-01
赤,いくら,副詞,1,0.32,0.05,2026-10-01
赤,ネヤリ,名詞,1,0.32,nan,2026-10-01
赤,オターリ,名詞,1,0.32,nan,2026-10-01
赤,完成化,名詞,1,0.32,-1.0,2026-10-01
赤,日常,名詞,1,0.32,nan,2026-10-01
赤,すばらしい,形容詞,1,0.32,-0.15,2026-10-01
赤,はげしい,形容詞,1,0.32,nan,2026-10-01
赤,合戦,名詞,1,0.32,nan,2026-10-01
赤,あらし,名詞,1,0.32,nan,2026-10-01
赤,兵器,名詞,1,0.32,-1.15,2026-10-01
赤,ハラド,名詞,1,0.32,nan,2026-10-01
赤,巨塔,名詞,1,0.32,nan,2026-10-01
赤,ムーマキル,名詞,1,0.32,nan,2026-10-01
赤,後戻り,名詞,1,0.32,nan,2026-10-01
赤,消却,名詞,1,0.32,nan,2026-10-01
赤,フライパン,名詞,1,0.32,nan,2026-10-01
赤,砲弾,名詞,1,0.32,nan,2026-10-01
赤,砲口,名詞,1,0.32,nan,2026-10-01
赤,滴る,動詞,1,0.32,-0.47,2026-10-01
赤,ウチ,名詞,1,0.32,nan,2026-10-01
赤,選び,名詞,1,0.32,nan,2026-10-01
赤,かぶる,動詞,1,0.32,nan,2026-10-01
赤,なくす,動詞,1,0.32,0.05,2026-10-01
赤,世間,名詞,1,0.32,-0.6,2026-10-01
赤,拍手,名詞,1,0.32,nan,2026-10-01
赤,行儀,名詞,1,0.32,nan,2026-10-01
赤,吞む,動詞,1,0.32,nan,2026-10-01
赤,背丈,名詞,1,0.32,0.05,2026-10-01
赤,ハッキング,名詞,1,0.32,nan,2026-10-01
赤,るい,名詞,1,0.32,nan,2026-10-01
赤,能,名詞,1,0.32,0.05,2026-10-01
赤,闘う,動詞,1,0.32,-0.15,2026-10-01
赤,宿敵,名詞,1,0.32,nan,2026-10-01
赤,頂戴,名詞,1,0.32,nan,2026-10-01
赤,大空,名詞,1,0.32,-0.15,2026-10-01
赤,金脈,名詞,1,0.32,nan,2026-10-01
赤,ヴィヤ,名詞,1,0.32,nan,2026-10-01
赤,アヴァーティ,名詞,1,0.32,nan,2026-10-01
赤,班,名詞,1,0.32,nan,2026-10-01
赤,発生,名詞,1,0.32,0.05,2026-10-01
赤,シェフ,名詞,1,0.32,nan,2026-10-01
赤,パイ,名詞,1,0.32,-0.15,2026-10-01
赤,木っ端,名詞,1,0.32,nan,2026-10-01
赤,コーリ,名詞,1,0.32,nan,2026-10-01
赤,共同,名詞,1,0.32,0.05,2026-10-01
赤,臓腑,名詞,1,0.32,nan,2026-10-01
赤,パーラ,名詞,1,0.32,nan,2026-10-01
赤,実行,名詞,1,0.32,-0.91,2026-10-01
赤,無様,名詞,1,0.32,nan,2026-10-01
赤,落とせる,動詞,1,0.32,nan,2026-10-01
赤,電撃,名詞,1,0.32,nan,2026-10-01
赤,混じる,動詞,1,0.32,nan,2026-10-01
赤,旋風,名詞,1,0.32,nan,2026-10-01
赤,討つ,動詞,1,0.32,nan,2026-10-01
赤,残滓,名詞,1,0.32,nan,2026-10-01
赤,御する,動詞,1,0.32,nan,2026-10-01
赤,弱める,動詞,1,0.32,nan,2026-10-01
赤,つながり,名詞,1,0.32,nan,2026-10-01
赤,すさぶ,動詞,1,0.32,nan,2026-10-01
赤,妄想,名詞,1,0.32,-0.15,2026-10-01
赤,平衡,名詞,1,0.32,nan,2026-10-01
赤,変容,名詞,1,0.32,-0.81,2026-10-01
赤,散り散り,名詞,1,0.32,-0.32,2026-10-01
赤,作成,名詞,1,0.32,nan,2026-10-01
赤,修道,名詞,1,0.32,nan,2026-10-01
赤,原因,名詞,1,0.32,-0.91,2026-10-01
赤,しまい,名詞,1,0.32,nan,2026-10-01
赤,瞬き,名詞,1,0.32,-0.91,2026-10-01
赤,占う,動詞,1,0.32,nan,2026-10-01
赤,ゆかい,名詞,1,0.32,nan,2026-10-01
赤,こじる,動詞,1,0.32,nan,2026-10-01
赤,先生,名詞,1,0.32,nan,2026-10-01
赤,無口,名詞,1,0.32,nan,2026-10-01
赤,ぜひ,副詞,1,0.32,nan,2026-10-01
赤,あんまり,副詞,1,0.32,nan,2026-10-01
赤,ガウ,名詞,1,0.32,nan,2026-10-01
赤,なかま,名詞,1,0.32,nan,2026-10-01
赤,ガウガウ,名詞,1,0.32,nan,2026-10-01
赤,まさる,動詞,1,0.32,nan,2026-10-01
赤,すばしっこい,形容詞,1,0.32,nan,2026-10-01
赤,はじめて,副詞,1,0.32,0.05,2026-10-01
赤,実地,名詞,1,0.32,nan,2026-10-01
赤,大柄,名詞,1,0.32,nan,2026-10-01
赤,ひらめき,名詞,1,0.32,0.05,2026-10-01
赤,復元,名詞,1,0.32,nan,2026-10-01
赤,聴衆,名詞,1,0.32,nan,2026-10-01
赤,あめる,動詞,1,0.32,nan,2026-10-01
赤,アンコール,名詞,1,0.32,nan,2026-10-01
赤,あられ,名詞,1,0.32,nan,2026-10-01
赤,主眼,名詞,1,0.32,nan,2026-10-01
赤,音階,名詞,1,0.32,nan,2026-10-01
赤,足し,名詞,1,0.32,nan,2026-10-01
赤,齧る,動詞,1,0.32,nan,2026-10-01
赤,獲る,動詞,1,0.32,nan,2026-10-01
赤,マザルブル,名詞,1,0.32,nan,2026-10-01
赤,四散,名詞,1,0.32,nan,2026-10-01
赤,振るう,動詞,1,0.32,-1.08,2026-10-01
赤,追手,名詞,1,0.32,nan,2026-10-01
赤,重ねる,動詞,1,0.32,-0.47,2026-10-01
赤,秘訣,名詞,1,0.32,-0.6,2026-10-01
赤,刺激,名詞,1,0.32,-0.32,2026-10-01
赤,信号,名詞,1,0.32,-0.15,2026-10-01
赤,基づく,動詞,1,0.32,-0.15,2026-10-01
赤,真似る,動詞,1,0.32,-0.15,2026-10-01
赤,ベイロス,名詞,1,0.32,-0.81,2026-10-01
赤,悪あがき,名詞,1,0.32,nan,2026-10-01
赤,積乱,名詞,1,0.32,nan,2026-10-01
赤,テレパシー,名詞,1,0.32,nan,2026-10-01
赤,二の足,名詞,1,0.32,nan,2026-10-01
赤,飛翔,名詞,1,0.32,-0.32,2026-10-01
赤,猛威,名詞,1,0.32,nan,2026-10-01
赤,屈指,名詞,1,0.32,nan,2026-10-01
赤,安っぽい,形容詞,1,0.32,nan,2026-10-01
赤,安物,名詞,1,0.32,nan,2026-10-01
赤,ふと,副詞,1,0.32,nan,2026-10-01
赤,近付く,動詞,1,0.32,0.05,2026-10-01
赤,硬化,名詞,1,0.32,nan,2026-10-01
赤,リアホック,名詞,1,0.32,nan,2026-10-01
赤,徐々,名詞,1,0.32,nan,2026-10-01
赤,徴募,名詞,1,0.32,nan,2026-10-01
赤,交う,動詞,1,0.32,0.05,2026-10-01
赤,クエスト,名詞,1,0.32,nan,2026-10-01
赤,結成,名詞,1,0.32,-0.15,2026-10-01
赤,パーティー,名詞,1,0.32,-1.08,2026-10-01
赤,マジック,名詞,1,0.32,nan,2026-10-01
赤,ガルガドン,名詞,1,0.32,nan,2026-10-01
赤,資料,名詞,1,0.32,nan,2026-10-01
赤,レッサー,名詞,1,0.32,nan,2026-10-01
赤,参照,名詞,1,0.32,nan,2026-10-01
赤,懇願,名詞,1,0.32,nan,2026-10-01
赤,返せる,動詞,1,0.32,nan,2026-10-01
赤,カモる,動詞,1,0.32,nan,2026-10-01
赤,公明,名詞,1,0.32,nan,2026-10-01
赤,破棄,名詞,1,0.32,nan,2026-10-01
赤,工,名詞,1,0.32,nan,2026-10-01
赤,逸れる,動詞,1,0.32,nan,2026-10-01
赤,砲火,名詞,1,0.32,nan,2026-10-01
赤,稜,名詞,1,0.32,nan,2026-10-01
赤,はぐれる,動詞,1,0.32,nan,2026-10-01
赤,焼き上がり,名詞,1,0.32,nan,2026-10-01
赤,無尽,名詞,1,0.32,nan,2026-10-01
赤,疾走,名詞,1,0.32,nan,2026-10-01
赤,出力,名詞,1,0.32,0.05,2026-10-01
赤,作用,名詞,1,0.32,-0.15,2026-10-01
赤,神性,名詞,1,0.32,-0.47,2026-10-01
赤,じっくり,副詞,1,0.32,0.05,2026-10-01
赤,さま,名詞,1,0.32,-0.15,2026-10-01
赤,閃く,動詞,1,0.32,nan,2026-10-01
赤,間抜け,名詞,1,0.32,0.05,2026-10-01
赤,つける,動詞,1,0.32,-0.47,2026-10-01
赤,焚き付け,名詞,1,0.32,nan,2026-10-01
赤,樽詰め,名詞,1,0.32,nan,2026-10-01
赤,不審,名詞,1,0.32,nan,2026-10-01
赤,爆薬,名詞,1,0.32,nan,2026-10-01
赤,ヘルム,名詞,1,0.32,nan,2026-10-01
赤,挙がる,動詞,1,0.32,nan,2026-10-01
赤,風見,名詞,1,0.32,nan,2026-10-01
赤,ナズグル,名詞,1,0.32,nan,2026-10-01
赤,悪行,名詞,1,0.32,nan,2026-10-01
赤,エルケンブランド,名詞,1,0.32,nan,2026-10-01
赤,領主,名詞,1,0.32,nan,2026-10-01
赤,ウェストフォルド,名詞,1,0.32,nan,2026-10-01
赤,アシュナズグスラカトゥルクアーブルズムイシクリンパトゥル,名詞,1,0.32,nan,2026-10-01
赤,アシュナズグドゥルバトルゥク,名詞,1,0.32,nan,2026-10-01
赤,アシュナズグギンバトゥル,名詞,1,0.32,nan,2026-10-01
赤,低し,形容詞,1,0.32,nan,2026-10-01
赤,歩兵,名詞,1,0.32,0.05,2026-10-01
赤,ゴクリ,副詞,1,0.32,nan,2026-10-01
赤,一層,副詞,1,0.32,-0.91,2026-10-01
赤,低い,形容詞,1,0.32,-0.91,2026-10-01
赤,掠れる,動詞,1,0.32,nan,2026-10-01
赤,転げる,動詞,1,0.32,nan,2026-10-01
赤,支度,名詞,1,0.32,nan,2026-10-01
赤,悪し,形容詞,1,0.32,-0.71,2026-10-01
赤,東方,名詞,1,0.32,nan,2026-10-01
赤,土手,名詞,1,0.32,nan,2026-10-01
赤,紋章,名詞,1,0.32,-0.15,2026-10-01
赤,白,名詞,1,0.32,-0.71,2026-10-01
赤,ロヒアリム,名詞,1,0.32,nan,2026-10-01
赤,エオメル,名詞,1,0.32,nan,2026-10-01
赤,レゴラス,名詞,1,0.32,nan,2026-10-01
赤,ギムリ,名詞,1,0.32,nan,2026-10-01
赤,父祖,名詞,1,0.32,nan,2026-10-01
赤,かたびら,名詞,1,0.32,nan,2026-10-01
赤,襲来,名詞,1,0.32,0.05,2026-10-01
赤,沿岸,名詞,1,0.32,-0.15,2026-10-01
赤,ハラドリム,名詞,1,0.32,nan,2026-10-01
赤,南方,名詞,1,0.32,nan,2026-10-01
赤,寄越す,動詞,1,0.32,nan,2026-10-01
赤,騒がしい,形容詞,1,0.32,nan,2026-10-01
赤,凱歌,名詞,1,0.32,nan,2026-10-01
赤,拍子,名詞,1,0.32,nan,2026-10-01
赤,孵化,名詞,1,0.32,nan,2026-10-01
赤,ベビー,名詞,1,0.32,nan,2026-10-01
赤,生後,名詞,1,0.32,nan,2026-10-01
赤,代金,名詞,1,0.32,nan,2026-10-01
赤,些末,名詞,1,0.32,nan,2026-10-01
赤,進行,名詞,1,0.32,nan,2026-10-01
赤,反乱,名詞,1,0.32,-0.71,2026-10-01
赤,イッコ,名詞,1,0.32,nan,2026-10-01
赤,定期,名詞,1,0.32,nan,2026-10-01
赤,尺度,名詞,1,0.32,nan,2026-10-01
赤,入門,名詞,1,0.32,nan,2026-10-01
赤,履修,名詞,1,0.32,nan,2026-10-01
赤,学期,名詞,1,0.32,nan,2026-10-01
赤,飼育,名詞,1,0.32,-0.32,2026-10-01
赤,いびき,名詞,1,0.32,nan,2026-10-01
赤,マイノ,名詞,1,0.32,nan,2026-10-01
赤,船上,名詞,1,0.32,nan,2026-10-01
赤,カトラス,名詞,1,0.32,nan,2026-10-01
赤,カツ,動詞,1,0.32,nan,2026-10-01
赤,いったん,副詞,1,0.32,nan,2026-10-01
赤,慣らす,動詞,1,0.32,-0.47,2026-10-01
赤,野獣,名詞,1,0.32,0.05,2026-10-01
赤,形状,名詞,1,0.32,0.05,2026-10-01
赤,ノーフ,名詞,1,0.32,nan,2026-10-01
赤,腕相撲,名詞,1,0.32,nan,2026-10-01
赤,穿つ,動詞,1,0.32,nan,2026-10-01
赤,引き裂き,名詞,1,0.32,nan,2026-10-01
赤,みかじめ料,名詞,1,0.32,nan,2026-10-01
赤,屋台,名詞,1,0.32,nan,2026-10-01
赤,無敵,名詞,1,0.32,-0.6,2026-10-01
赤,ラスリス,名詞,1,0.32,nan,2026-10-01
赤,封じる,動詞,1,0.32,nan,2026-10-01
赤,燻ぶる,動詞,1,0.32,nan,2026-10-01
赤,真髄,名詞,1,0.32,nan,2026-10-01
赤,返金,名詞,1,0.32,nan,2026-10-01
赤,防炎,名詞,1,0.32,nan,2026-10-01
赤,ドア,名詞,1,0.32,nan,2026-10-01
赤,先導,名詞,1,0.32,nan,2026-10-01
赤,溶かす,動詞,1,0.32,-0.32,2026-10-01
赤,衣装,名詞,1,0.32,0.05,2026-10-01
赤,ヴィズリグ,名詞,1,0.32,nan,2026-10-01
赤,増やす,動詞,1,0.32,-0.6,2026-10-01
赤,パラディン,名詞,1,0.32,nan,2026-10-01
赤,けっして,副詞,1,0.32,nan,2026-10-01
赤,標的,名詞,1,0.32,nan,2026-10-01
赤,決裂,名詞,1,0.32,nan,2026-10-01
赤,にんげん,名詞,1,0.32,nan,2026-10-01
赤,とばす,動詞,1,0.32,nan,2026-10-01
赤,ムジョルニア,名詞,1,0.32,nan,2026-10-01
赤,脅かす,動詞,1,0.32,-1.87,2026-10-01
赤,車,名詞,1,0.32,nan,2026-10-01
赤,部品,名詞,1,0.32,-0.6,2026-10-01
赤,スーツ,名詞,1,0.32,nan,2026-10-01
赤,学位,名詞,1,0.32,nan,2026-10-01
赤,儚い,形容詞,1,0.32,nan,2026-10-01
赤,筏,名詞,1,0.32,nan,2026-10-01
赤,揺られる,動詞,1,0.32,nan,2026-10-01
赤,頼りない,形容詞,1,0.32,nan,2026-10-01
赤,スイート,名詞,1,0.32,nan,2026-10-01
赤,クリスマス,名詞,1,0.32,nan,2026-10-01
赤,抜けめ,名詞,1,0.32,nan,2026-10-01
赤,血清,名詞,1,0.32,nan,2026-10-01
赤,超人,名詞,1,0.32,nan,2026-10-01
赤,軍拡,名詞,1,0.32,nan,2026-10-01
赤,格別,副詞,1,0.32,nan,2026-10-01
赤,最新,名詞,1,0.32,0.05,2026-10-01
赤,アーマー,名詞,1,0.32,nan,2026-10-01
赤,リープフロッグ,名詞,1,0.32,nan,2026-10-01
赤,アベンジャー,名詞,1,0.32,nan,2026-10-01
赤,エイジ,名詞,1,0.32,nan,2026-10-01
赤,ゴールデン,名詞,1,0.32,nan,2026-10-01
赤,オール,名詞,1,0.32,nan,2026-10-01
赤,スクワッド,名詞,1,0.32,nan,2026-10-01
赤,ウィナーズ,名詞,1,0.32,nan,2026-10-01
赤,丁,名詞,1,0.32,nan,2026-10-01
赤,少年,名詞,1,0.32,nan,2026-10-01
赤,はたらく,動詞,1,0.32,nan,2026-10-01
赤,まっすぐ,副詞,1,0.32,nan,2026-10-01
赤,偽る,動詞,1,0.32,nan,2026-10-01
赤,惑う,動詞,1,0.32,nan,2026-10-01
赤,今朝,名詞,1,0.32,nan,2026-10-01
赤,渋滞,名詞,1,0.32,nan,2026-10-01
赤,定刻,名詞,1,0.32,nan,2026-10-01
赤,弁論,名詞,1,0.32,nan,2026-10-01
赤,根こそぎ,副詞,1,0.32,nan,2026-10-01
赤,惜しむ,動詞,1,0.32,-0.15,2026-10-01
赤,チェイス,名詞,1,0.32,nan,2026-10-01
赤,安堵,名詞,1,0.32,-0.47,2026-10-01
赤,夫妻,名詞,1,0.32,nan,2026-10-01
赤,マイルズ,名詞,1,0.32,-0.15,2026-10-01
赤,アベンジャーズ,名詞,1,0.32,-0.47,2026-10-01
赤,刺せる,動詞,1,0.32,nan,2026-10-01
赤,了解,名詞,1,0.32,nan,2026-10-01
赤,応ずる,動詞,1,0.32,-1.41,2026-10-01
赤,ふたり,名詞,1,0.32,nan,2026-10-01
赤,合わす,動詞,1,0.32,nan,2026-10-01
赤,断ずる,動詞,1,0.32,nan,2026-10-01
赤,ごめん,名詞,1,0.32,-0.32,2026-10-01
赤,隙,名詞,1,0.32,-0.6,2026-10-01
赤,後退,名詞,1,0.32,nan,2026-10-01
赤,デアデビル,名詞,1,0.32,nan,2026-10-01
赤,きわまり,名詞,1,0.32,nan,2026-10-01
赤,屠殺,名詞,1,0.32,nan,2026-10-01
赤,でかい,形容詞,1,0.32,nan,2026-10-01
赤,呼べる,動詞,1,0.32,nan,2026-10-01
赤,たびたび,副詞,1,0.32,nan,2026-10-01
赤,魔狼,名詞,1,0.32,-0.15,2026-10-01
赤,たがい,名詞,1,0.32,nan,2026-10-01
赤,とぐろ,名詞,1,0.32,nan,2026-10-01
赤,おそろしい,形容詞,1,0.32,nan,2026-10-01
赤,長虫,名詞,1,0.32,nan,2026-10-01
赤,分け前,名詞,1,0.32,nan,2026-10-01
赤,弓弦,名詞,1,0.32,nan,2026-10-01
赤,響き,名詞,1,0.32,-0.71,2026-10-01
赤,ぶんぶん,副詞,1,0.32,nan,2026-10-01
赤,らっぱ,名詞,1,0.32,nan,2026-10-01
赤,とたん,名詞,1,0.32,nan,2026-10-01
赤,ふだん,名詞,1,0.32,nan,2026-10-01
赤,身内,名詞,1,0.32,nan,2026-10-01
赤,いったい,副詞,1,0.32,-0.6,2026-10-01
赤,忍び,名詞,1,0.32,nan,2026-10-01
赤,荷担ぎ,名詞,1,0.32,nan,2026-10-01
赤,おぶう,動詞,1,0.32,nan,2026-10-01
赤,松ぼっくり,名詞,1,0.32,nan,2026-10-01
赤,かなり,副詞,1,0.32,0.05,2026-10-01
赤,手先,名詞,1,0.32,nan,2026-10-01
赤,平たい,形容詞,1,0.32,nan,2026-10-01
赤,うたう,動詞,1,0.32,nan,2026-10-01
赤,ぴしゃぴしゃ,副詞,1,0.32,nan,2026-10-01
赤,ならす,動詞,1,0.32,-0.15,2026-10-01
赤,がなる,動詞,1,0.32,nan,2026-10-01
赤,閉まる,動詞,1,0.32,nan,2026-10-01
赤,ふた,名詞,1,0.32,nan,2026-10-01
赤,ボンブール,名詞,1,0.32,nan,2026-10-01
赤,蝙蝠,名詞,1,0.32,nan,2026-10-01
赤,ぱたぱた,副詞,1,0.32,nan,2026-10-01
赤,ぐるぐる,副詞,1,0.32,nan,2026-10-01
赤,よせる,動詞,1,0.32,nan,2026-10-01
赤,おこる,動詞,1,0.32,nan,2026-10-01
赤,ダーイン,名詞,1,0.32,nan,2026-10-01
赤,連山,名詞,1,0.32,nan,2026-10-01
赤,くろがね,名詞,1,0.32,nan,2026-10-01
赤,わく,動詞,1,0.32,nan,2026-10-01
赤,にた,副詞,1,0.32,nan,2026-10-01
赤,えらい,形容詞,1,0.32,nan,2026-10-01
赤,かろうじて,副詞,1,0.32,nan,2026-10-01
赤,猛然,副詞,1,0.32,nan,2026-10-01
赤,スマウグ,名詞,1,0.32,nan,2026-10-01
赤,はためく,動詞,1,0.32,-0.15,2026-10-01
赤,ネオン,名詞,1,0.32,nan,2026-10-01
赤,幼い,形容詞,1,0.32,-0.15,2026-10-01
赤,賭け金,名詞,1,0.32,nan,2026-10-01
赤,命運,名詞,1,0.32,-0.15,2026-10-01
赤,膨れる,動詞,1,0.32,0.05,2026-10-01
赤,めちゃくちゃ,名詞,1,0.32,nan,2026-10-01
赤,閉鎖,名詞,1,0.32,nan,2026-10-01
赤,白い,形容詞,1,0.32,-1.15,2026-10-01
赤,法衣,名詞,1,0.32,nan,2026-10-01
赤,パリアノ,名詞,1,0.32,nan,2026-10-01
赤,甘んずる,動詞,1,0.32,nan,2026-10-01
赤,善行,名詞,1,0.32,0.05,2026-10-01
赤,汚名,名詞,1,0.32,nan,2026-10-01
赤,かご,名詞,1,0.32,nan,2026-10-01
赤,武勇,名詞,1,0.32,-1.08,2026-10-01
赤,ライフ,名詞,1,0.32,nan,2026-10-01
赤,回復,名詞,1,0.32,-0.71,2026-10-01
赤,ヤキツクセー,名詞,1,0.32,nan,2026-10-01
赤,ブッツブセー,名詞,1,0.32,nan,2026-10-01
赤,消極,名詞,1,0.32,nan,2026-10-01
赤,促す,動詞,1,0.32,nan,2026-10-01
赤,こだわる,動詞,1,0.32,nan,2026-10-01
赤,ラウンド,名詞,1,0.32,nan,2026-10-01
赤,ボーナス,名詞,1,0.32,nan,2026-10-01
赤,妙技,名詞,1,0.32,nan,2026-10-01
赤,テンパス,名詞,1,0.32,nan,2026-10-01
赤,ポゾ,名詞,1,0.32,nan,2026-10-01
赤,摂理,名詞,1,0.32,nan,2026-10-01
赤,全う,副詞,1,0.32,nan,2026-10-01
赤,溶融,名詞,1,0.32,nan,2026-10-01
赤,ケディス,名詞,1,0.32,nan,2026-10-01
赤,比較,名詞,1,0.32,-0.47,2026-10-01
赤,引ける,動詞,1,0.32,nan,2026-10-01
赤,艦隊,名詞,1,0.32,-0.15,2026-10-01
赤,スクラブ,名詞,1,0.32,nan,2026-10-01
赤,海域,名詞,1,0.32,nan,2026-10-01
赤,ハラナ,名詞,1,0.32,-0.32,2026-10-01
赤,破れる,動詞,1,0.32,-0.6,2026-10-01
赤,質問,名詞,1,0.32,-0.71,2026-10-01
赤,愚策,名詞,1,0.32,nan,2026-10-01
赤,鳩,名詞,1,0.32,nan,2026-10-01
赤,ほか,名詞,1,0.32,-0.32,2026-10-01
赤,暴く,動詞,1,0.32,-0.81,2026-10-01
赤,暴徒,名詞,1,0.32,-0.15,2026-10-01
赤,歓声,名詞,1,0.32,nan,2026-10-01
赤,サレヴォク,名詞,1,0.32,nan,2026-10-01
赤,上手い,形容詞,1,0.32,nan,2026-10-01
赤,援軍,名詞,1,0.32,-0.32,2026-10-01
赤,変動,名詞,1,0.32,nan,2026-10-01
赤,確率,名詞,1,0.32,nan,2026-10-01
赤,埋もれる,動詞,1,0.32,-1.0,2026-10-01
赤,亡国,名詞,1,0.32,nan,2026-10-01
赤,建国,名詞,1,0.32,nan,2026-10-01
赤,一時,名詞,1,0.32,-0.6,2026-10-01
赤,クレーター,名詞,1,0.32,nan,2026-10-01
赤,ワイレス,名詞,1,0.32,nan,2026-10-01
赤,無傷,名詞,1,0.32,-0.15,2026-10-01
赤,些事,名詞,1,0.32,nan,2026-10-01
赤,コボルト,名詞,1,0.32,nan,2026-10-01
赤,察する,動詞,1,0.32,nan,2026-10-01
赤,いな,名詞,1,0.32,nan,2026-10-01
赤,照準,名詞,1,0.32,nan,2026-10-01
赤,手伝う,動詞,1,0.32,0.05,2026-10-01
赤,崩落,名詞,1,0.32,nan,2026-10-01
赤,モラディン,名詞,1,0.32,nan,2026-10-01
赤,審美,名詞,1,0.32,nan,2026-10-01
赤,顧客,名詞,1,0.32,nan,2026-10-01
赤,年齢,名詞,1,0.32,nan,2026-10-01
赤,博物,名詞,1,0.32,nan,2026-10-01
赤,脚光,名詞,1,0.32,nan,2026-10-01
赤,統べる,動詞,1,0.32,nan,2026-10-01
赤,新し,形容詞,1,0.32,nan,2026-10-01
赤,仮定,名詞,1,0.32,nan,2026-10-01
赤,着地,名詞,1,0.32,nan,2026-10-01
赤,足す,動詞,1,0.32,nan,2026-10-01
赤,仕上げる,動詞,1,0.32,nan,2026-10-01
赤,ひらめく,動詞,1,0.32,nan,2026-10-01
赤,スロンク,名詞,1,0.32,nan,2026-10-01
赤,打ちどころ,名詞,1,0.32,nan,2026-10-01
赤,個,名詞,1,0.32,nan,2026-10-01
赤,囲う,動詞,1,0.32,0.05,2026-10-01
赤,構う,動詞,1,0.32,-1.0,2026-10-01
赤,バス,名詞,1,0.32,nan,2026-10-01
赤,済ませる,動詞,1,0.32,nan,2026-10-01
赤,ダム,名詞,1,0.32,nan,2026-10-01
赤,戻れる,動詞,1,0.32,0.05,2026-10-01
赤,王位,名詞,1,0.32,nan,2026-10-01
赤,頼る,動詞,1,0.32,-1.0,2026-10-01
赤,身寄り,名詞,1,0.32,nan,2026-10-01
赤,国々,名詞,1,0.32,nan,2026-10-01
赤,愛玩,名詞,1,0.32,nan,2026-10-01
赤,オアシス,名詞,1,0.32,nan,2026-10-01
赤,一帯,名詞,1,0.32,nan,2026-10-01
赤,パーム,名詞,1,0.32,nan,2026-10-01
赤,木陰,名詞,1,0.32,nan,2026-10-01
赤,ミスティ,名詞,1,0.32,nan,2026-10-01
赤,うたた寝,名詞,1,0.32,nan,2026-10-01
赤,モク,名詞,1,0.32,nan,2026-10-01
赤,ロク,名詞,1,0.32,nan,2026-10-01
赤,火種,名詞,1,0.32,nan,2026-10-01
赤,みえる,動詞,1,0.32,nan,2026-10-01
赤,やはり,副詞,1,0.32,-0.32,2026-10-01
赤,屈辱,名詞,1,0.32,0.05,2026-10-01
赤,上がれる,動詞,1,0.32,nan,2026-10-01
赤,老人,名詞,1,0.32,nan,2026-10-01
赤,クンルン,名詞,1,0.32,nan,2026-10-01
赤,女の子,名詞,1,0.32,nan,2026-10-01
赤,スーパー,名詞,1,0.32,nan,2026-10-01
赤,よろしい,形容詞,1,0.32,nan,2026-10-01
赤,レッキング,名詞,1,0.32,nan,2026-10-01
赤,クルー,名詞,1,0.32,nan,2026-10-01
赤,フューリー,名詞,1,0.32,nan,2026-10-01
赤,打倒,名詞,1,0.32,nan,2026-10-01
赤,忌む,動詞,1,0.32,nan,2026-10-01
赤,サンダーボルト,名詞,1,0.32,nan,2026-10-01
赤,タコス,名詞,1,0.32,nan,2026-10-01
赤,熱々,名詞,1,0.32,nan,2026-10-01
赤,ポット,名詞,1,0.32,nan,2026-10-01
赤,いえる,動詞,1,0.32,nan,2026-10-01
赤,生身,名詞,1,0.32,nan,2026-10-01
赤,四肢,名詞,1,0.32,nan,2026-10-01
赤,擦る,動詞,1,0.32,nan,2026-10-01
赤,辞書,名詞,1,0.32,nan,2026-10-01
赤,アイディア,名詞,1,0.32,nan,2026-10-01
赤,管制,名詞,1,0.32,nan,2026-10-01
赤,身動き,名詞,1,0.32,nan,2026-10-01
赤,際限,名詞,1,0.32,nan,2026-10-01
赤,タコ,名詞,1,0.32,nan,2026-10-01
赤,インテリジェンス,名詞,1,0.32,nan,2026-10-01
赤,惑星,名詞,1,0.32,0.05,2026-10-01
赤,スプリーム,名詞,1,0.32,nan,2026-10-01
赤,トリック,名詞,1,0.32,nan,2026-10-01
赤,ショット,名詞,1,0.32,nan,2026-10-01
赤,べらべら,副詞,1,0.32,nan,2026-10-01
赤,喋る,動詞,1,0.32,0.05,2026-10-01
赤,どく,動詞,1,0.32,nan,2026-10-01
赤,ギャンブル,名詞,1,0.32,nan,2026-10-01
赤,大損,名詞,1,0.32,nan,2026-10-01
赤,外挿,名詞,1,0.32,nan,2026-10-01
赤,原則,名詞,1,0.32,nan,2026-10-01
赤,壮語,名詞,1,0.32,nan,2026-10-01
赤,誇張,名詞,1,0.32,nan,2026-10-01
赤,ブレタガルド,名詞,1,0.32,0.05,2026-10-01
赤,大言,名詞,1,0.32,nan,2026-10-01
赤,手解き,名詞,1,0.32,nan,2026-10-01
赤,浴びる,動詞,1,0.32,-0.71,2026-10-01
赤,ダスクモーン,名詞,1,0.32,-0.47,2026-10-01
赤,封ずる,動詞,1,0.32,0.05,2026-10-01
赤,ベナリア,名詞,1,0.32,-1.35,2026-10-01
赤,結局,名詞,1,0.32,-1.29,2026-10-01
赤,きく,動詞,1,0.32,nan,2026-10-01
赤,ラノワール,名詞,1,0.32,-1.75,2026-10-01
赤,苛む,動詞,1,0.32,0.05,2026-10-01
赤,弟,名詞,1,0.32,-0.32,2026-10-01
赤,ジャザル,名詞,1,0.32,nan,2026-10-01
赤,片足,名詞,1,0.32,nan,2026-10-01
赤,泣かす,動詞,1,0.32,nan,2026-10-01
赤,受け持ち,名詞,1,0.32,nan,2026-10-01
赤,武具,名詞,1,0.32,nan,2026-10-01
赤,親友,名詞,1,0.32,0.05,2026-10-01
赤,逝く,動詞,1,0.32,nan,2026-10-01
赤,スフィンクス,名詞,1,0.32,-1.29,2026-10-01
赤,スティンガー,名詞,1,0.32,nan,2026-10-01
赤,クイル,名詞,1,0.32,-0.15,2026-10-01
赤,バランス,名詞,1,0.32,nan,2026-10-01
赤,ウィザーブルーム,名詞,1,0.32,-0.32,2026-10-01
赤,信条,名詞,1,0.32,-0.71,2026-10-01
赤,遙か,副詞,1,0.32,nan,2026-10-01
赤,分身,名詞,1,0.32,nan,2026-10-01
赤,ソロ,名詞,1,0.32,nan,2026-10-01
赤,残響,名詞,1,0.32,-1.08,2026-10-01
赤,油断,名詞,1,0.32,-0.32,2026-10-01
赤,熱力,名詞,1,0.32,nan,2026-10-01
赤,例外,名詞,1,0.32,-1.08,2026-10-01
赤,エラディア,名詞,1,0.32,nan,2026-10-01
赤,機関,名詞,1,0.32,nan,2026-10-01
赤,教育,名詞,1,0.32,nan,2026-10-01
緑,森,名詞,201,65.22,16.9,2026-10-01
緑,者,名詞,191,61.97,-2.63,2026-10-01
緑,自然,名詞,143,46.4,14.59,2026-10-01
緑,力,名詞,117,37.96,1.42,2026-10-01
緑,エルフ,名詞,104,33.74,12.27,2026-10-01
緑,自分,名詞,101,32.77,0.95,2026-10-01
緑,世界,名詞,100,32.45,1.73,2026-10-01
緑,知る,動詞,95,30.82,0.52,2026-10-01
緑,思う,動詞,93,30.18,0.71,2026-10-01
緑,地,名詞,90,29.2,5.87,2026-10-01
緑,持つ,動詞,85,27.58,1.45,2026-10-01
緑,生命,名詞,78,25.31,7.51,2026-10-01
緑,生きる,動詞,74,24.01,2.49,2026-10-01
緑,目,名詞,69,22.39,0.91,2026-10-01
緑,取る,動詞,68,22.06,0.36,2026-10-01
緑,今,名詞,68,22.06,1.58,2026-10-01
緑,場所,名詞,66,21.41,2.35,2026-10-01
緑,立つ,動詞,63,20.44,0.79,2026-10-01
緑,守る,動詞,62,20.12,1.8,2026-10-01
緑,前,名詞,61,19.79,1.1,2026-10-01
緑,道,名詞,60,19.47,3.13,2026-10-01
緑,強い,形容詞,60,19.47,3.29,2026-10-01
緑,最も,副詞,59,19.14,1.3,2026-10-01
緑,言う,動詞,59,19.14,-0.24,2026-10-01
緑,必要,名詞,57,18.49,0.06,2026-10-01
緑,根,名詞,56,18.17,8.98,2026-10-01
緑,手,名詞,56,18.17,-2.77,2026-10-01
緑,とる,動詞,55,17.85,-0.12,2026-10-01
緑,危険,名詞,52,16.87,3.65,2026-10-01
緑,呼ぶ,動詞,52,16.87,0.84,2026-10-01
緑,引く,動詞,51,16.55,0.65,2026-10-01
緑,獲物,名詞,51,16.55,5.63,2026-10-01
緑,成長,名詞,50,16.22,8.63,2026-10-01
緑,神,名詞,49,15.9,-0.75,2026-10-01
緑,木,名詞,49,15.9,8.33,2026-10-01
緑,物,名詞,49,15.9,2.01,2026-10-01
緑,大地,名詞,48,15.57,6.09,2026-10-01
緑,音,名詞,47,15.25,2.25,2026-10-01
緑,死,名詞,47,15.25,-4.0,2026-10-01
緑,そう,副詞,46,14.93,0.52,2026-10-01
緑,死ぬ,動詞,46,14.93,-0.79,2026-10-01
緑,心,名詞,45,14.6,-1.07,2026-10-01
緑,追う,動詞,44,14.28,1.61,2026-10-01
緑,空,名詞,43,13.95,-0.62,2026-10-01
緑,後,名詞,43,13.95,-0.09,2026-10-01
緑,求める,動詞,43,13.95,0.08,2026-10-01
緑,かつて,副詞,43,13.95,2.08,2026-10-01
緑,ドルイド,名詞,42,13.63,7.59,2026-10-01
緑,他,名詞,42,13.63,0.64,2026-10-01
緑,獣,名詞,41,13.3,5.9,2026-10-01
緑,作る,動詞,41,13.3,1.05,2026-10-01
緑,出る,動詞,41,13.3,0.61,2026-10-01
緑,残る,動詞,40,12.98,-0.4,2026-10-01
緑,間,名詞,40,12.98,-0.63,2026-10-01
緑,命,名詞,40,12.98,0.51,2026-10-01
緑,与える,動詞,40,12.98,-1.35,2026-10-01
緑,大きい,形容詞,38,12.33,3.75,2026-10-01
緑,魔法,名詞,38,12.33,0.69,2026-10-01
緑,骨,名詞,37,12.01,3.22,2026-10-01
緑,野生,名詞,37,12.01,7.46,2026-10-01
緑,群れ,名詞,37,12.01,2.55,2026-10-01
緑,戦士,名詞,36,11.68,2.07,2026-10-01
緑,対する,動詞,36,11.68,1.77,2026-10-01
緑,どう,副詞,35,11.36,-0.82,2026-10-01
緑,受ける,動詞,35,11.36,-0.44,2026-10-01
緑,種,名詞,34,11.03,6.37,2026-10-01
緑,生まれる,動詞,34,11.03,1.4,2026-10-01
緑,逃げる,動詞,34,11.03,1.95,2026-10-01
緑,人間,名詞,34,11.03,1.35,2026-10-01
緑,敵,名詞,34,11.03,-2.64,2026-10-01
緑,戦う,動詞,34,11.03,-0.83,2026-10-01
緑,身,名詞,34,11.03,0.37,2026-10-01
緑,長い,形容詞,33,10.71,1.53,2026-10-01
緑,武器,名詞,33,10.71,-0.52,2026-10-01
緑,声,名詞,32,10.38,1.57,2026-10-01
緑,見える,動詞,32,10.38,0.44,2026-10-01
緑,多く,名詞,32,10.38,-0.06,2026-10-01
緑,葉,名詞,32,10.38,6.79,2026-10-01
緑,永遠,名詞,32,10.38,0.53,2026-10-01
緑,生き物,名詞,32,10.38,3.86,2026-10-01
緑,最後,名詞,32,10.38,0.06,2026-10-01
緑,共,名詞,31,10.06,1.82,2026-10-01
緑,破壊,名詞,31,10.06,0.36,2026-10-01
緑,蜘蛛,名詞,31,10.06,6.76,2026-10-01
緑,存在,名詞,31,10.06,-0.92,2026-10-01
緑,魂,名詞,31,10.06,-1.93,2026-10-01
緑,もう,副詞,30,9.73,-1.57,2026-10-01
緑,木々,名詞,30,9.73,6.72,2026-10-01
緑,ニッサ,名詞,30,9.73,6.53,2026-10-01
緑,樹,名詞,30,9.73,6.52,2026-10-01
緑,狩人,名詞,30,9.73,5.49,2026-10-01
緑,聞く,動詞,29,9.41,0.12,2026-10-01
緑,戦争,名詞,29,9.41,0.52,2026-10-01
緑,時間,名詞,29,9.41,-0.9,2026-10-01
緑,倒す,動詞,29,9.41,3.18,2026-10-01
緑,言葉,名詞,29,9.41,1.05,2026-10-01
緑,わけ,名詞,29,9.41,-0.37,2026-10-01
緑,捕食,名詞,29,9.41,6.16,2026-10-01
緑,見つける,動詞,29,9.41,-0.98,2026-10-01
緑,姿,名詞,29,9.41,-0.13,2026-10-01
緑,高い,形容詞,29,9.41,1.36,2026-10-01
緑,踏む,動詞,28,9.09,3.06,2026-10-01
緑,体,名詞,28,9.09,0.44,2026-10-01
緑,美しい,形容詞,28,9.09,3.8,2026-10-01
緑,失う,動詞,28,9.09,-0.61,2026-10-01
緑,自ら,名詞,28,9.09,0.73,2026-10-01
緑,自身,名詞,28,9.09,-0.5,2026-10-01
緑,深い,形容詞,28,9.09,0.63,2026-10-01
緑,年,名詞,27,8.76,1.16,2026-10-01
緑,頭,名詞,27,8.76,0.51,2026-10-01
緑,入る,動詞,27,8.76,-0.08,2026-10-01
緑,日,名詞,27,8.76,-0.13,2026-10-01
緑,戦い,名詞,27,8.76,-1.07,2026-10-01
緑,光,名詞,27,8.76,-2.94,2026-10-01
緑,放つ,動詞,27,8.76,1.66,2026-10-01
緑,方,名詞,27,8.76,-1.39,2026-10-01
緑,入れる,動詞,27,8.76,-1.59,2026-10-01
緑,太陽,名詞,27,8.76,-0.96,2026-10-01
緑,聞こえる,動詞,26,8.44,2.89,2026-10-01
緑,都市,名詞,26,8.44,1.83,2026-10-01
緑,肉,名詞,26,8.44,1.83,2026-10-01
緑,新しい,形容詞,26,8.44,2.54,2026-10-01
緑,上,名詞,26,8.44,-0.3,2026-10-01
緑,ずっと,副詞,26,8.44,2.61,2026-10-01
緑,気,名詞,26,8.44,-2.62,2026-10-01
緑,張る,動詞,26,8.44,1.77,2026-10-01
緑,ケッシグ,名詞,26,8.44,6.23,2026-10-01
緑,飛ぶ,動詞,25,8.11,-1.63,2026-10-01
緑,土地,名詞,25,8.11,4.5,2026-10-01
緑,秘密,名詞,25,8.11,0.2,2026-10-01
緑,狼,名詞,25,8.11,4.59,2026-10-01
緑,育つ,動詞,25,8.11,5.61,2026-10-01
緑,奴,名詞,25,8.11,-2.75,2026-10-01
緑,ところ,名詞,25,8.11,-1.17,2026-10-01
緑,安全,名詞,25,8.11,1.34,2026-10-01
緑,巣,名詞,25,8.11,4.14,2026-10-01
緑,毒,名詞,25,8.11,3.96,2026-10-01
緑,また,副詞,24,7.79,0.26,2026-10-01
緑,ラノワール,名詞,24,7.79,5.27,2026-10-01
緑,恐怖,名詞,24,7.79,-1.65,2026-10-01
緑,殺す,動詞,24,7.79,-0.47,2026-10-01
緑,待つ,動詞,24,7.79,-0.72,2026-10-01
緑,枝,名詞,24,7.79,6.0,2026-10-01
緑,仲間,名詞,24,7.79,0.21,2026-10-01
緑,もたらす,動詞,24,7.79,-0.84,2026-10-01
緑,食べる,動詞,24,7.79,2.64,2026-10-01
緑,考える,動詞,24,7.79,-0.96,2026-10-01
緑,再び,副詞,23,7.46,1.62,2026-10-01
緑,下,名詞,23,7.46,-0.48,2026-10-01
緑,動く,動詞,23,7.46,1.88,2026-10-01
緑,しれる,動詞,23,7.46,0.63,2026-10-01
緑,狩り,名詞,23,7.46,2.01,2026-10-01
緑,怪物,名詞,23,7.46,0.74,2026-10-01
緑,立てる,動詞,23,7.46,0.58,2026-10-01
緑,ほとんど,名詞,22,7.14,1.11,2026-10-01
緑,止める,動詞,22,7.14,-0.78,2026-10-01
緑,変わる,動詞,22,7.14,-0.35,2026-10-01
緑,血,名詞,22,7.14,-4.28,2026-10-01
緑,怒り,名詞,22,7.14,-1.76,2026-10-01
緑,次元,名詞,22,7.14,2.16,2026-10-01
緑,歌,名詞,22,7.14,3.26,2026-10-01
緑,植物,名詞,22,7.14,5.46,2026-10-01
緑,残す,動詞,22,7.14,0.08,2026-10-01
緑,矢,名詞,22,7.14,2.85,2026-10-01
緑,ゼンディカー,名詞,22,7.14,2.38,2026-10-01
緑,常,名詞,22,7.14,0.13,2026-10-01
緑,学ぶ,動詞,22,7.14,-0.48,2026-10-01
緑,人々,名詞,22,7.14,-0.99,2026-10-01
緑,子,名詞,22,7.14,1.88,2026-10-01
緑,真,名詞,21,6.81,0.4,2026-10-01
緑,まだ,副詞,21,6.81,0.24,2026-10-01
緑,進む,動詞,21,6.81,1.47,2026-10-01
緑,食う,動詞,21,6.81,1.34,2026-10-01
緑,美,名詞,21,6.81,4.17,2026-10-01
緑,覚える,動詞,21,6.81,1.6,2026-10-01
緑,本当,名詞,21,6.81,2.17,2026-10-01
緑,探す,動詞,21,6.81,-0.83,2026-10-01
緑,決して,副詞,21,6.81,1.88,2026-10-01
緑,恐れる,動詞,20,6.49,-1.1,2026-10-01
緑,刃,名詞,20,6.49,-1.37,2026-10-01
緑,数,名詞,20,6.49,1.32,2026-10-01
緑,動物,名詞,20,6.49,4.37,2026-10-01
緑,教える,動詞,20,6.49,0.09,2026-10-01
緑,旅,名詞,20,6.49,1.95,2026-10-01
緑,口,名詞,20,6.49,0.7,2026-10-01
緑,先,名詞,20,6.49,-0.35,2026-10-01
緑,一人,名詞,20,6.49,-0.85,2026-10-01
緑,わかる,動詞,20,6.49,-1.88,2026-10-01
緑,理解,名詞,19,6.16,0.05,2026-10-01
緑,広がる,動詞,19,6.16,2.69,2026-10-01
緑,別,名詞,19,6.16,0.97,2026-10-01
緑,目覚める,動詞,19,6.16,1.37,2026-10-01
緑,最高,名詞,19,6.16,0.27,2026-10-01
緑,悪い,形容詞,19,6.16,-0.54,2026-10-01
緑,石,名詞,19,6.16,-0.4,2026-10-01
緑,延びる,動詞,19,6.16,2.6,2026-10-01
緑,寄せる,動詞,19,6.16,1.58,2026-10-01
緑,ただ,副詞,19,6.16,0.32,2026-10-01
緑,足,名詞,19,6.16,1.37,2026-10-01
緑,襲う,動詞,19,6.16,0.55,2026-10-01
緑,古い,形容詞,19,6.16,3.34,2026-10-01
緑,はず,名詞,19,6.16,0.91,2026-10-01
緑,活力,名詞,19,6.16,5.16,2026-10-01
緑,夜,名詞,18,5.84,-1.22,2026-10-01
緑,風,名詞,18,5.84,-1.54,2026-10-01
緑,素早い,形容詞,18,5.84,1.57,2026-10-01
緑,恐ろしい,形容詞,18,5.84,-1.05,2026-10-01
緑,世代,名詞,18,5.84,3.11,2026-10-01
緑,ジャングル,名詞,18,5.84,5.0,2026-10-01
緑,満ちる,動詞,18,5.84,1.15,2026-10-01
緑,とも,名詞,18,5.84,0.69,2026-10-01
緑,感ずる,動詞,18,5.84,0.95,2026-10-01
緑,剣,名詞,18,5.84,-2.75,2026-10-01
緑,生む,動詞,18,5.84,1.29,2026-10-01
緑,理由,名詞,18,5.84,1.88,2026-10-01
緑,形,名詞,18,5.84,1.15,2026-10-01
緑,全て,名詞,18,5.84,0.34,2026-10-01
緑,一部,名詞,18,5.84,1.22,2026-10-01
緑,戻る,動詞,18,5.84,-0.74,2026-10-01
緑,度,名詞,18,5.84,-1.01,2026-10-01
緑,まま,名詞,18,5.84,-0.92,2026-10-01
緑,通り,名詞,18,5.84,0.76,2026-10-01
緑,返す,動詞,18,5.84,0.57,2026-10-01
緑,時代,名詞,17,5.52,0.99,2026-10-01
緑,使う,動詞,17,5.52,-2.38,2026-10-01
緑,川,名詞,17,5.52,1.13,2026-10-01
緑,落とす,動詞,17,5.52,0.92,2026-10-01
緑,戻す,動詞,17,5.52,0.12,2026-10-01
緑,ワーム,名詞,17,5.52,4.98,2026-10-01
緑,エルドラージ,名詞,17,5.52,0.92,2026-10-01
緑,花,名詞,17,5.52,3.49,2026-10-01
緑,光る,動詞,17,5.52,3.07,2026-10-01
緑,縄張り,名詞,17,5.52,3.39,2026-10-01
緑,捨てる,動詞,17,5.52,-0.1,2026-10-01
緑,希望,名詞,17,5.52,-0.61,2026-10-01
緑,打つ,動詞,17,5.52,-0.56,2026-10-01
緑,爪,名詞,17,5.52,1.34,2026-10-01
緑,歩く,動詞,17,5.52,0.41,2026-10-01
緑,落ちる,動詞,17,5.52,-1.64,2026-10-01
緑,餌,名詞,17,5.52,1.27,2026-10-01
緑,語る,動詞,17,5.52,1.8,2026-10-01
緑,トロール,名詞,17,5.52,4.81,2026-10-01
緑,育む,動詞,17,5.52,5.04,2026-10-01
緑,牙,名詞,17,5.52,3.07,2026-10-01
緑,腹,名詞,17,5.52,3.18,2026-10-01
緑,仕事,名詞,17,5.52,-0.51,2026-10-01
緑,名,名詞,17,5.52,0.01,2026-10-01
緑,闇,名詞,17,5.52,-2.9,2026-10-01
緑,流れる,動詞,16,5.19,0.76,2026-10-01
緑,話,名詞,16,5.19,-0.57,2026-10-01
緑,ヤヴィマヤ,名詞,16,5.19,4.91,2026-10-01
緑,ガラク,名詞,16,5.19,4.06,2026-10-01
緑,起こす,動詞,16,5.19,-0.26,2026-10-01
緑,故郷,名詞,16,5.19,1.03,2026-10-01
緑,蔦,名詞,16,5.19,4.9,2026-10-01
緑,過去,名詞,16,5.19,0.43,2026-10-01
緑,星,名詞,16,5.19,1.41,2026-10-01
緑,より,副詞,16,5.19,-0.04,2026-10-01
緑,嵐,名詞,16,5.19,-1.75,2026-10-01
緑,問題,名詞,16,5.19,1.11,2026-10-01
緑,向かう,動詞,16,5.19,-1.18,2026-10-01
緑,住む,動詞,16,5.19,1.48,2026-10-01
緑,払う,動詞,16,5.19,0.37,2026-10-01
緑,本能,名詞,16,5.19,3.36,2026-10-01
緑,王,名詞,16,5.19,-2.48,2026-10-01
緑,最初,名詞,16,5.19,-1.63,2026-10-01
緑,上がる,動詞,16,5.19,-1.31,2026-10-01
緑,古し,形容詞,16,5.19,3.59,2026-10-01
緑,乗る,動詞,16,5.19,0.43,2026-10-01
緑,以上,名詞,16,5.19,-1.0,2026-10-01
緑,噛む,動詞,16,5.19,3.7,2026-10-01
緑,望む,動詞,16,5.19,-0.81,2026-10-01
緑,ラヴニカ,名詞,16,5.19,0.07,2026-10-01
緑,土,名詞,16,5.19,3.36,2026-10-01
緑,隠す,動詞,16,5.19,0.43,2026-10-01
緑,眠る,動詞,16,5.19,0.37,2026-10-01
緑,巨人,名詞,15,4.87,-0.43,2026-10-01
緑,越える,動詞,15,4.87,0.87,2026-10-01
緑,呪文,名詞,15,4.87,-1.24,2026-10-01
緑,平和,名詞,15,4.87,0.46,2026-10-01
緑,影,名詞,15,4.87,-1.97,2026-10-01
緑,攻撃,名詞,15,4.87,-0.21,2026-10-01
緑,荒野,名詞,15,4.87,3.58,2026-10-01
緑,方法,名詞,15,4.87,-0.21,2026-10-01
緑,息,名詞,15,4.87,-0.93,2026-10-01
緑,未来,名詞,15,4.87,-0.97,2026-10-01
緑,離れる,動詞,15,4.87,0.59,2026-10-01
緑,育てる,動詞,15,4.87,3.94,2026-10-01
緑,歯,名詞,15,4.87,2.28,2026-10-01
緑,勝利,名詞,15,4.87,-1.11,2026-10-01
緑,棘,名詞,15,4.87,3.58,2026-10-01
緑,探検,名詞,15,4.87,1.24,2026-10-01
緑,始まり,名詞,15,4.87,3.34,2026-10-01
緑,皮,名詞,15,4.87,3.94,2026-10-01
緑,龍,名詞,15,4.87,0.08,2026-10-01
緑,つく,動詞,15,4.87,-1.24,2026-10-01
緑,絡む,動詞,15,4.87,3.46,2026-10-01
緑,届く,動詞,15,4.87,0.39,2026-10-01
緑,解く,動詞,15,4.87,0.59,2026-10-01
緑,狩る,動詞,15,4.87,2.18,2026-10-01
緑,守護,名詞,15,4.87,3.11,2026-10-01
緑,触れる,動詞,15,4.87,0.73,2026-10-01
緑,許す,動詞,15,4.87,1.73,2026-10-01
緑,生物,名詞,15,4.87,2.18,2026-10-01
緑,人狼,名詞,15,4.87,4.41,2026-10-01
緑,よく,副詞,14,4.54,-0.7,2026-10-01
緑,色,名詞,14,4.54,1.74,2026-10-01
緑,歌う,動詞,14,4.54,1.39,2026-10-01
緑,おく,動詞,14,4.54,0.55,2026-10-01
緑,次,名詞,14,4.54,-1.18,2026-10-01
緑,罠,名詞,14,4.54,1.65,2026-10-01
緑,糸,名詞,14,4.54,2.02,2026-10-01
緑,文明,名詞,14,4.54,3.45,2026-10-01
緑,耐える,動詞,14,4.54,1.22,2026-10-01
緑,やつ,名詞,14,4.54,-1.53,2026-10-01
緑,運命,名詞,14,4.54,-1.09,2026-10-01
緑,うち,名詞,14,4.54,0.22,2026-10-01
緑,消える,動詞,14,4.54,-1.93,2026-10-01
緑,レヴェイン,名詞,14,4.54,4.59,2026-10-01
緑,開く,動詞,14,4.54,-0.49,2026-10-01
緑,従う,動詞,14,4.54,-0.43,2026-10-01
緑,多い,形容詞,14,4.54,0.15,2026-10-01
緑,怒る,動詞,14,4.54,1.31,2026-10-01
緑,村,名詞,14,4.54,1.14,2026-10-01
緑,人,名詞,14,4.54,-1.93,2026-10-01
緑,もっと,副詞,14,4.54,-0.75,2026-10-01
緑,皆,名詞,14,4.54,-0.32,2026-10-01
緑,潜む,動詞,14,4.54,1.65,2026-10-01
緑,戦,名詞,14,4.54,0.15,2026-10-01
緑,少ない,形容詞,14,4.54,-0.43,2026-10-01
緑,満たす,動詞,14,4.54,0.76,2026-10-01
緑,槍,名詞,14,4.54,0.99,2026-10-01
緑,起こる,動詞,13,4.22,0.3,2026-10-01
緑,耳,名詞,13,4.22,-1.3,2026-10-01
緑,覆う,動詞,13,4.22,0.96,2026-10-01
緑,限り,名詞,13,4.22,1.47,2026-10-01
緑,意味,名詞,13,4.22,-1.93,2026-10-01
緑,生,名詞,13,4.22,-0.15,2026-10-01
緑,走る,動詞,13,4.22,0.1,2026-10-01
緑,会,名詞,13,4.22,-0.03,2026-10-01
緑,すぐ,副詞,13,4.22,-2.08,2026-10-01
緑,知恵,名詞,13,4.22,0.23,2026-10-01
緑,最大,名詞,13,4.22,0.37,2026-10-01
緑,鋼,名詞,13,4.22,0.58,2026-10-01
緑,飲む,動詞,13,4.22,-0.44,2026-10-01
緑,単に,副詞,13,4.22,1.38,2026-10-01
緑,一番,名詞,13,4.22,-1.35,2026-10-01
緑,支配,名詞,13,4.22,-1.07,2026-10-01
緑,呪い,名詞,13,4.22,0.88,2026-10-01
緑,早い,形容詞,13,4.22,1.65,2026-10-01
緑,ほう,名詞,13,4.22,1.04,2026-10-01
緑,訪れる,動詞,13,4.22,1.04,2026-10-01
緑,炎,名詞,13,4.22,-4.7,2026-10-01
緑,裂く,動詞,13,4.22,0.81,2026-10-01
緑,スリヴァー,名詞,13,4.22,2.15,2026-10-01
緑,響く,動詞,13,4.22,0.3,2026-10-01
緑,記憶,名詞,13,4.22,-1.39,2026-10-01
緑,現れる,動詞,13,4.22,-1.3,2026-10-01
緑,熊,名詞,13,4.22,4.38,2026-10-01
緑,大蛇,名詞,13,4.22,4.2,2026-10-01
緑,少し,副詞,13,4.22,-0.27,2026-10-01
緑,見つかる,動詞,13,4.22,1.47,2026-10-01
緑,建物,名詞,13,4.22,4.38,2026-10-01
緑,顔,名詞,13,4.22,-1.21,2026-10-01
緑,変える,動詞,13,4.22,-1.52,2026-10-01
緑,試練,名詞,13,4.22,0.88,2026-10-01
緑,生き残り,名詞,13,4.22,3.7,2026-10-01
緑,侵入,名詞,13,4.22,0.44,2026-10-01
緑,角,名詞,13,4.22,2.7,2026-10-01
緑,ヴォリンクレックス,名詞,13,4.22,4.26,2026-10-01
緑,アブザン,名詞,13,4.22,2.47,2026-10-01
緑,セテッサ,名詞,13,4.22,4.4,2026-10-01
緑,ロナス,名詞,13,4.22,1.6,2026-10-01
緑,恐竜,名詞,13,4.22,2.82,2026-10-01
緑,互い,名詞,12,3.89,0.47,2026-10-01
緑,昔,名詞,12,3.89,-0.21,2026-10-01
緑,僧,名詞,12,3.89,2.54,2026-10-01
緑,世紀,名詞,12,3.89,1.66,2026-10-01
緑,まったく,副詞,12,3.89,1.29,2026-10-01
緑,樹海,名詞,12,3.89,1.54,2026-10-01
緑,魔道,名詞,12,3.89,-3.71,2026-10-01
緑,中心,名詞,12,3.89,2.54,2026-10-01
緑,先祖,名詞,12,3.89,2.91,2026-10-01
緑,近づく,動詞,12,3.89,0.54,2026-10-01
緑,家,名詞,12,3.89,0.77,2026-10-01
緑,ミラディン,名詞,12,3.89,0.32,2026-10-01
緑,壁,名詞,12,3.89,-0.02,2026-10-01
緑,名前,名詞,12,3.89,2.3,2026-10-01
緑,水,名詞,12,3.89,-0.89,2026-10-01
緑,驚く,動詞,12,3.89,1.77,2026-10-01
緑,賢者,名詞,12,3.89,1.87,2026-10-01
緑,死者,名詞,12,3.89,-2.01,2026-10-01
緑,嗅ぐ,動詞,12,3.89,3.58,2026-10-01
緑,鎧,名詞,12,3.89,0.25,2026-10-01
緑,国,名詞,12,3.89,-0.73,2026-10-01
緑,火,名詞,12,3.89,-4.49,2026-10-01
緑,代わり,名詞,12,3.89,1.2,2026-10-01
緑,友,名詞,12,3.89,1.38,2026-10-01
緑,埋める,動詞,12,3.89,1.66,2026-10-01
緑,ドライアド,名詞,12,3.89,4.13,2026-10-01
緑,流す,動詞,12,3.89,0.77,2026-10-01
緑,贈り物,名詞,12,3.89,1.38,2026-10-01
緑,元,名詞,12,3.89,0.94,2026-10-01
緑,役,名詞,12,3.89,-0.02,2026-10-01
緑,生える,動詞,12,3.89,4.08,2026-10-01
緑,示す,動詞,12,3.89,-0.33,2026-10-01
緑,家族,名詞,12,3.89,0.77,2026-10-01
緑,合わせる,動詞,12,3.89,-0.02,2026-10-01
緑,比べる,動詞,12,3.89,3.04,2026-10-01
緑,迫る,動詞,12,3.89,1.2,2026-10-01
緑,今日,名詞,12,3.89,0.05,2026-10-01
緑,状態,名詞,12,3.89,2.08,2026-10-01
緑,収穫,名詞,12,3.89,2.19,2026-10-01
緑,感じる,動詞,12,3.89,0.18,2026-10-01
緑,捕らえる,動詞,12,3.89,1.77,2026-10-01
緑,脅威,名詞,12,3.89,0.94,2026-10-01
緑,一度,名詞,12,3.89,-1.24,2026-10-01
緑,一族,名詞,12,3.89,1.97,2026-10-01
緑,帝国,名詞,12,3.89,0.94,2026-10-01
緑,狼男,名詞,12,3.89,3.84,2026-10-01
緑,終わり,名詞,11,3.57,-0.97,2026-10-01
緑,相手,名詞,11,3.57,-2.35,2026-10-01
緑,影響,名詞,11,3.57,1.0,2026-10-01
緑,フォーク,名詞,11,3.57,2.49,2026-10-01
緑,歓迎,名詞,11,3.57,0.91,2026-10-01
緑,信ずる,動詞,11,3.57,-1.27,2026-10-01
緑,以外,名詞,11,3.57,-0.15,2026-10-01
緑,旅人,名詞,11,3.57,2.01,2026-10-01
緑,編む,動詞,11,3.57,3.72,2026-10-01
緑,カロニア,名詞,11,3.57,1.47,2026-10-01
緑,目的,名詞,11,3.57,-0.28,2026-10-01
緑,備える,動詞,11,3.57,1.09,2026-10-01
緑,魔術,名詞,11,3.57,-0.97,2026-10-01
緑,ゴルガリ,名詞,11,3.57,2.89,2026-10-01
緑,鱗,名詞,11,3.57,2.62,2026-10-01
緑,冬,名詞,11,3.57,2.13,2026-10-01
緑,巻く,動詞,11,3.57,0.83,2026-10-01
緑,虫,名詞,11,3.57,1.68,2026-10-01
緑,番,名詞,11,3.57,1.38,2026-10-01
緑,通る,動詞,11,3.57,-0.21,2026-10-01
緑,狂う,動詞,11,3.57,0.83,2026-10-01
緑,腕,名詞,11,3.57,-0.08,2026-10-01
緑,始まる,動詞,11,3.57,-0.28,2026-10-01
緑,唯一,名詞,11,3.57,1.38,2026-10-01
緑,古代,名詞,11,3.57,-0.01,2026-10-01
緑,調和,名詞,11,3.57,1.9,2026-10-01
緑,生く,動詞,11,3.57,2.37,2026-10-01
緑,霊,名詞,11,3.57,-1.46,2026-10-01
緑,助け,名詞,11,3.57,1.47,2026-10-01
緑,周り,名詞,11,3.57,1.68,2026-10-01
緑,緑,名詞,11,3.57,4.04,2026-10-01
緑,味方,名詞,11,3.57,2.25,2026-10-01
緑,救う,動詞,11,3.57,-0.46,2026-10-01
緑,避ける,動詞,11,3.57,1.09,2026-10-01
緑,気づく,動詞,11,3.57,0.58,2026-10-01
緑,集める,動詞,11,3.57,-0.01,2026-10-01
緑,一緒,名詞,11,3.57,1.18,2026-10-01
緑,突く,動詞,11,3.57,-0.52,2026-10-01
緑,警告,名詞,11,3.57,1.47,2026-10-01
緑,神々,名詞,11,3.57,-1.12,2026-10-01
緑,ドラゴン,名詞,11,3.57,-2.49,2026-10-01
緑,全体,名詞,11,3.57,2.25,2026-10-01
緑,ペット,名詞,10,3.24,2.45,2026-10-01
緑,込める,動詞,10,3.24,-0.89,2026-10-01
緑,歩む,動詞,10,3.24,1.27,2026-10-01
緑,軍隊,名詞,10,3.24,1.17,2026-10-01
緑,ドミナリア,名詞,10,3.24,1.08,2026-10-01
緑,ちょっと,副詞,10,3.24,-0.6,2026-10-01
緑,森林,名詞,10,3.24,3.73,2026-10-01
緑,飛ばす,動詞,10,3.24,1.08,2026-10-01
緑,隠れる,動詞,10,3.24,-0.6,2026-10-01
緑,サリッド,名詞,10,3.24,3.73,2026-10-01
緑,返る,動詞,10,3.24,2.19,2026-10-01
緑,精霊,名詞,10,3.24,-0.41,2026-10-01
緑,法,名詞,10,3.24,-0.78,2026-10-01
緑,ベイロス,名詞,10,3.24,3.51,2026-10-01
緑,変化,名詞,10,3.24,2.19,2026-10-01
緑,送る,動詞,10,3.24,-0.48,2026-10-01
緑,一瞬,名詞,10,3.24,0.29,2026-10-01
緑,吹く,動詞,10,3.24,-0.78,2026-10-01
緑,限る,動詞,10,3.24,0.89,2026-10-01
緑,犠牲,名詞,10,3.24,-1.85,2026-10-01
緑,植える,動詞,10,3.24,3.46,2026-10-01
緑,奪う,動詞,10,3.24,-1.93,2026-10-01
緑,術,名詞,10,3.24,-1.54,2026-10-01
緑,邪悪,名詞,10,3.24,-0.83,2026-10-01
緑,クローサ,名詞,10,3.24,3.51,2026-10-01
緑,洞窟,名詞,10,3.24,1.94,2026-10-01
緑,身体,名詞,10,3.24,-0.78,2026-10-01
緑,移動,名詞,10,3.24,1.71,2026-10-01
緑,金属,名詞,10,3.24,0.22,2026-10-01
緑,近く,名詞,10,3.24,0.22,2026-10-01
緑,着く,動詞,10,3.24,-0.28,2026-10-01
緑,喜び,名詞,10,3.24,1.38,2026-10-01
緑,塔,名詞,10,3.24,1.71,2026-10-01
緑,向ける,動詞,10,3.24,-0.78,2026-10-01
緑,囁き,名詞,10,3.24,1.71,2026-10-01
緑,分ける,動詞,10,3.24,-0.01,2026-10-01
緑,成す,動詞,10,3.24,-0.54,2026-10-01
緑,死体,名詞,10,3.24,-1.93,2026-10-01
緑,猫,名詞,10,3.24,2.19,2026-10-01
緑,分かる,動詞,10,3.24,-1.59,2026-10-01
緑,霊気,名詞,10,3.24,0.37,2026-10-01
緑,頃,名詞,10,3.24,0.89,2026-10-01
緑,研究,名詞,9,2.92,-1.68,2026-10-01
緑,社会,名詞,9,2.92,2.27,2026-10-01
緑,保護,名詞,9,2.92,2.41,2026-10-01
緑,網,名詞,9,2.92,3.17,2026-10-01
緑,梢,名詞,9,2.92,3.39,2026-10-01
緑,住まう,動詞,9,2.92,2.13,2026-10-01
緑,関係,名詞,9,2.92,0.96,2026-10-01
緑,初めて,副詞,9,2.92,0.58,2026-10-01
緑,住処,名詞,9,2.92,1.62,2026-10-01
緑,雲,名詞,9,2.92,-1.54,2026-10-01
緑,泥,名詞,9,2.92,3.17,2026-10-01
緑,伸びる,動詞,9,2.92,3.67,2026-10-01
緑,ムラーサ,名詞,9,2.92,3.33,2026-10-01
緑,狙う,動詞,9,2.92,0.58,2026-10-01
緑,必ず,副詞,9,2.92,-0.68,2026-10-01
緑,小さい,形容詞,9,2.92,0.4,2026-10-01
緑,英雄,名詞,9,2.92,-1.49,2026-10-01
緑,足跡,名詞,9,2.92,2.71,2026-10-01
緑,シミック,名詞,9,2.92,2.27,2026-10-01
緑,実,名詞,9,2.92,1.17,2026-10-01
緑,なぜ,副詞,9,2.92,-1.14,2026-10-01
緑,機械,名詞,9,2.92,-1.59,2026-10-01
緑,無駄,名詞,9,2.92,0.67,2026-10-01
緑,壊す,動詞,9,2.92,0.0,2026-10-01
緑,崩れる,動詞,9,2.92,0.24,2026-10-01
緑,今度,名詞,9,2.92,0.86,2026-10-01
緑,迎える,動詞,9,2.92,-0.92,2026-10-01
緑,胞子,名詞,9,2.92,3.66,2026-10-01
緑,ゆっくり,副詞,9,2.92,1.38,2026-10-01
緑,押す,動詞,9,2.92,-0.68,2026-10-01
緑,地面,名詞,9,2.92,-0.15,2026-10-01
緑,憎悪,名詞,9,2.92,1.5,2026-10-01
緑,重い,形容詞,9,2.92,0.76,2026-10-01
緑,悲しい,形容詞,9,2.92,0.0,2026-10-01
緑,勇者,名詞,9,2.92,1.06,2026-10-01
緑,弱い,形容詞,9,2.92,0.16,2026-10-01
緑,選ぶ,動詞,9,2.92,-2.1,2026-10-01
緑,刻む,動詞,9,2.92,-0.15,2026-10-01
緑,祖先,名詞,9,2.92,1.62,2026-10-01
緑,セレズニア,名詞,9,2.92,2.27,2026-10-01
緑,掘る,動詞,9,2.92,0.96,2026-10-01
緑,鋭い,形容詞,9,2.92,-0.55,2026-10-01
緑,餌食,名詞,9,2.92,2.0,2026-10-01
緑,肉体,名詞,9,2.92,-2.3,2026-10-01
緑,恵み,名詞,9,2.92,2.71,2026-10-01
緑,適応,名詞,9,2.92,2.41,2026-10-01
緑,導く,動詞,9,2.92,-1.4,2026-10-01
緑,貪る,動詞,9,2.92,0.4,2026-10-01
緑,実際,名詞,9,2.92,1.17,2026-10-01
緑,絆,名詞,9,2.92,1.87,2026-10-01
緑,いずれ,副詞,9,2.92,1.17,2026-10-01
緑,兵,名詞,9,2.92,-0.8,2026-10-01
緑,弓,名詞,9,2.92,2.56,2026-10-01
緑,痕跡,名詞,9,2.92,2.41,2026-10-01
緑,勝つ,動詞,9,2.92,-1.09,2026-10-01
緑,弱者,名詞,9,2.92,2.27,2026-10-01
緑,ドロモカ,名詞,9,2.92,2.0,2026-10-01
緑,全員,名詞,9,2.92,-0.8,2026-10-01
緑,民,名詞,9,2.92,-0.97,2026-10-01
緑,イクサラン,名詞,9,2.92,3.47,2026-10-01
緑,想像,名詞,8,2.6,-0.07,2026-10-01
緑,消す,動詞,8,2.6,-1.54,2026-10-01
緑,遥か,副詞,8,2.6,1.93,2026-10-01
緑,鳥,名詞,8,2.6,-0.37,2026-10-01
緑,渓間,名詞,8,2.6,2.86,2026-10-01
緑,もつ,動詞,8,2.6,-0.71,2026-10-01
緑,かぎり,名詞,8,2.6,0.63,2026-10-01
緑,癒す,動詞,8,2.6,0.63,2026-10-01
緑,準備,名詞,8,2.6,-0.15,2026-10-01
緑,おかげ,名詞,8,2.6,1.05,2026-10-01
緑,寄る,動詞,8,2.6,1.16,2026-10-01
緑,まるで,副詞,8,2.6,-1.29,2026-10-01
緑,残酷,名詞,8,2.6,1.16,2026-10-01
緑,意志,名詞,8,2.6,-1.78,2026-10-01
緑,明日,名詞,8,2.6,0.63,2026-10-01
緑,侵攻,名詞,8,2.6,1.4,2026-10-01
緑,渡す,動詞,8,2.6,1.53,2026-10-01
緑,物語,名詞,8,2.6,-0.83,2026-10-01
緑,振る,動詞,8,2.6,-0.51,2026-10-01
緑,解決,名詞,8,2.6,2.54,2026-10-01
緑,春,名詞,8,2.6,3.33,2026-10-01
緑,決める,動詞,8,2.6,-1.18,2026-10-01
緑,なくなる,動詞,8,2.6,0.35,2026-10-01
緑,我慢,名詞,8,2.6,1.65,2026-10-01
緑,楽しむ,動詞,8,2.6,0.54,2026-10-01
緑,自由,名詞,8,2.6,-2.03,2026-10-01
緑,砦,名詞,8,2.6,0.73,2026-10-01
緑,集中,名詞,8,2.6,1.79,2026-10-01
緑,狩猟,名詞,8,2.6,2.7,2026-10-01
緑,認識,名詞,8,2.6,2.38,2026-10-01
緑,発見,名詞,8,2.6,0.63,2026-10-01
緑,事,名詞,8,2.6,-2.03,2026-10-01
緑,平穏,名詞,8,2.6,2.7,2026-10-01
緑,芽吹く,動詞,8,2.6,3.44,2026-10-01
緑,注意,名詞,8,2.6,-0.89,2026-10-01
緑,価値,名詞,8,2.6,-1.18,2026-10-01
緑,肥沃,名詞,8,2.6,1.26,2026-10-01
緑,止まる,動詞,8,2.6,0.63,2026-10-01
緑,儀式,名詞,8,2.6,0.26,2026-10-01
緑,ついに,副詞,8,2.6,0.01,2026-10-01
緑,人生,名詞,8,2.6,-0.51,2026-10-01
緑,成功,名詞,8,2.6,0.26,2026-10-01
緑,両方,名詞,8,2.6,-0.07,2026-10-01
緑,荒々しい,形容詞,8,2.6,2.7,2026-10-01
緑,歴史,名詞,8,2.6,-0.58,2026-10-01
緑,咆哮,名詞,8,2.6,1.16,2026-10-01
緑,帯びる,動詞,8,2.6,2.07,2026-10-01
緑,結ぶ,動詞,8,2.6,0.54,2026-10-01
緑,庭園,名詞,8,2.6,3.46,2026-10-01
緑,繁栄,名詞,8,2.6,2.38,2026-10-01
緑,頂点,名詞,8,2.6,2.07,2026-10-01
緑,部分,名詞,8,2.6,1.53,2026-10-01
緑,週間,名詞,8,2.6,2.86,2026-10-01
緑,知識,名詞,8,2.6,-2.73,2026-10-01
緑,答える,動詞,8,2.6,1.16,2026-10-01
緑,奥深い,形容詞,8,2.6,1.65,2026-10-01
緑,所,名詞,8,2.6,1.65,2026-10-01
緑,証,名詞,8,2.6,1.53,2026-10-01
緑,至る,動詞,8,2.6,0.54,2026-10-01
緑,おとなしい,形容詞,8,2.6,1.79,2026-10-01
緑,かく,副詞,8,2.6,2.54,2026-10-01
緑,庭,名詞,8,2.6,2.86,2026-10-01
緑,動き,名詞,8,2.6,0.94,2026-10-01
緑,方向,名詞,8,2.6,1.4,2026-10-01
緑,ただ,名詞,8,2.6,-0.15,2026-10-01
緑,絶滅,名詞,8,2.6,2.7,2026-10-01
緑,町,名詞,8,2.6,1.79,2026-10-01
緑,地下,名詞,8,2.6,0.73,2026-10-01
緑,ハイドラ,名詞,8,2.6,3.25,2026-10-01
緑,守り,名詞,8,2.6,-0.07,2026-10-01
緑,暗い,形容詞,8,2.6,-0.22,2026-10-01
緑,蛇,名詞,8,2.6,1.28,2026-10-01
緑,最強,名詞,8,2.6,0.83,2026-10-01
緑,進化,名詞,8,2.6,1.79,2026-10-01
緑,現実,名詞,8,2.6,-1.64,2026-10-01
緑,繋がり,名詞,8,2.6,2.22,2026-10-01
緑,閉じる,動詞,8,2.6,-0.71,2026-10-01
緑,抱く,動詞,8,2.6,1.4,2026-10-01
緑,天使,名詞,8,2.6,-3.04,2026-10-01
緑,帰る,動詞,8,2.6,-0.15,2026-10-01
緑,保つ,動詞,8,2.6,1.05,2026-10-01
緑,魔力,名詞,8,2.6,1.79,2026-10-01
緑,向く,動詞,8,2.6,0.94,2026-10-01
緑,輝く,動詞,8,2.6,-1.23,2026-10-01
緑,強し,形容詞,8,2.6,2.07,2026-10-01
緑,困難,名詞,8,2.6,1.53,2026-10-01
緑,飼う,動詞,8,2.6,1.79,2026-10-01
緑,ゴブリン,名詞,8,2.6,-4.47,2026-10-01
緑,避難,名詞,8,2.6,2.86,2026-10-01
緑,動かす,動詞,8,2.6,1.16,2026-10-01
緑,襲撃,名詞,8,2.6,0.01,2026-10-01
緑,団結,名詞,8,2.6,2.38,2026-10-01
緑,ナイレア,名詞,8,2.6,1.26,2026-10-01
緑,兄弟,名詞,8,2.6,0.73,2026-10-01
緑,飢餓,名詞,8,2.6,2.54,2026-10-01
緑,ソンバーワルド,名詞,8,2.6,1.26,2026-10-01
緑,ウルヴェンワルド,名詞,8,2.6,3.25,2026-10-01
緑,イニストラード,名詞,8,2.6,0.35,2026-10-01
緑,地上,名詞,8,2.6,0.35,2026-10-01
緑,月,名詞,8,2.6,-2.08,2026-10-01
緑,能力,名詞,8,2.6,0.01,2026-10-01
緑,定命,名詞,8,2.6,-1.34,2026-10-01
緑,スゥルタイ,名詞,8,2.6,1.53,2026-10-01
緑,アタルカ,名詞,8,2.6,1.79,2026-10-01
緑,修練,名詞,8,2.6,0.01,2026-10-01
緑,生徒,名詞,8,2.6,-0.58,2026-10-01
緑,優雅,名詞,7,2.27,0.92,2026-10-01
緑,感,名詞,7,2.27,0.7,2026-10-01
緑,フレイアリーズ,名詞,7,2.27,3.25,2026-10-01
緑,末,名詞,7,2.27,2.88,2026-10-01
緑,兵士,名詞,7,2.27,-2.17,2026-10-01
緑,食欲,名詞,7,2.27,2.7,2026-10-01
緑,激しい,形容詞,7,2.27,0.2,2026-10-01
緑,折る,動詞,7,2.27,2.35,2026-10-01
緑,瞬間,名詞,7,2.27,-1.96,2026-10-01
緑,登る,動詞,7,2.27,1.04,2026-10-01
緑,戦場,名詞,7,2.27,-2.58,2026-10-01
緑,残れる,動詞,7,2.27,3.25,2026-10-01
緑,技,名詞,7,2.27,-0.46,2026-10-01
緑,領地,名詞,7,2.27,2.02,2026-10-01
緑,厄介,名詞,7,2.27,1.71,2026-10-01
緑,斥候,名詞,7,2.27,1.43,2026-10-01
緑,二人,名詞,7,2.27,-0.23,2026-10-01
緑,突然,副詞,7,2.27,-0.46,2026-10-01
緑,騎士,名詞,7,2.27,-2.85,2026-10-01
緑,意識,名詞,7,2.27,-0.23,2026-10-01
緑,すでに,副詞,7,2.27,0.2,2026-10-01
緑,茨,名詞,7,2.27,3.18,2026-10-01
緑,動,名詞,7,2.27,1.29,2026-10-01
緑,訓練,名詞,7,2.27,-1.39,2026-10-01
緑,跡,名詞,7,2.27,2.02,2026-10-01
緑,同時,名詞,7,2.27,-0.31,2026-10-01
緑,警戒,名詞,7,2.27,2.35,2026-10-01
緑,塩,名詞,7,2.27,1.57,2026-10-01
緑,味,名詞,7,2.27,0.49,2026-10-01
緑,愛,名詞,7,2.27,0.29,2026-10-01
緑,生ふ,動詞,7,2.27,3.25,2026-10-01
緑,樹木,名詞,7,2.27,3.1,2026-10-01
緑,死す,動詞,7,2.27,-0.31,2026-10-01
緑,順応,名詞,7,2.27,3.04,2026-10-01
緑,場合,名詞,7,2.27,-0.87,2026-10-01
緑,犬,名詞,7,2.27,1.16,2026-10-01
緑,大群,名詞,7,2.27,2.02,2026-10-01
緑,分,名詞,7,2.27,-1.23,2026-10-01
緑,神聖,名詞,7,2.27,0.7,2026-10-01
緑,悪夢,名詞,7,2.27,-0.67,2026-10-01
緑,種子,名詞,7,2.27,3.25,2026-10-01
緑,部,名詞,7,2.27,1.71,2026-10-01
緑,囲む,動詞,7,2.27,1.43,2026-10-01
緑,眼,名詞,7,2.27,0.29,2026-10-01
緑,こう,副詞,7,2.27,-0.74,2026-10-01
緑,荒廃,名詞,7,2.27,2.7,2026-10-01
緑,絹,名詞,7,2.27,2.88,2026-10-01
緑,眠り,名詞,7,2.27,-1.34,2026-10-01
緑,完璧,名詞,7,2.27,-1.92,2026-10-01
緑,食料,名詞,7,2.27,2.18,2026-10-01
緑,広い,形容詞,7,2.27,1.86,2026-10-01
緑,狙い,名詞,7,2.27,-0.06,2026-10-01
緑,シルヴォク,名詞,7,2.27,3.1,2026-10-01
緑,連れる,動詞,7,2.27,-0.99,2026-10-01
緑,創る,動詞,7,2.27,2.35,2026-10-01
緑,師,名詞,7,2.27,2.02,2026-10-01
緑,肩,名詞,7,2.27,3.04,2026-10-01
緑,誇り,名詞,7,2.27,-0.15,2026-10-01
緑,若い,形容詞,7,2.27,0.92,2026-10-01
緑,物事,名詞,7,2.27,2.35,2026-10-01
緑,地平,名詞,7,2.27,1.71,2026-10-01
緑,点,名詞,7,2.27,-0.23,2026-10-01
緑,倒れる,動詞,7,2.27,0.2,2026-10-01
緑,宇宙,名詞,7,2.27,-1.28,2026-10-01
緑,木立,名詞,7,2.27,1.18,2026-10-01
緑,復讐,名詞,7,2.27,-1.83,2026-10-01
緑,集まる,動詞,7,2.27,0.39,2026-10-01
緑,混乱,名詞,7,2.27,1.86,2026-10-01
緑,グルール,名詞,7,2.27,1.04,2026-10-01
緑,叫び声,名詞,7,2.27,0.39,2026-10-01
緑,ネズミ,名詞,7,2.27,-0.74,2026-10-01
緑,潰す,動詞,7,2.27,0.02,2026-10-01
緑,伝える,動詞,7,2.27,0.29,2026-10-01
緑,足りる,動詞,7,2.27,0.02,2026-10-01
緑,草,名詞,7,2.27,2.88,2026-10-01
緑,トカゲ,名詞,7,2.27,2.52,2026-10-01
緑,差す,動詞,7,2.27,-1.11,2026-10-01
緑,破る,動詞,7,2.27,-0.99,2026-10-01
緑,固い,形容詞,7,2.27,1.04,2026-10-01
緑,拳,名詞,7,2.27,0.7,2026-10-01
緑,シャーマン,名詞,7,2.27,0.59,2026-10-01
緑,侵略,名詞,7,2.27,-0.67,2026-10-01
緑,苦しむ,動詞,7,2.27,0.81,2026-10-01
緑,戦闘,名詞,7,2.27,-1.23,2026-10-01
緑,好む,動詞,7,2.27,-0.31,2026-10-01
緑,精鋭,名詞,7,2.27,2.02,2026-10-01
緑,略奪,名詞,7,2.27,0.39,2026-10-01
緑,試す,動詞,7,2.27,0.02,2026-10-01
緑,愚か者,名詞,7,2.27,0.39,2026-10-01
緑,季節,名詞,7,2.27,2.7,2026-10-01
緑,陽,名詞,7,2.27,0.81,2026-10-01
緑,飢え,名詞,7,2.27,-0.06,2026-10-01
緑,名誉,名詞,7,2.27,-1.44,2026-10-01
緑,壊れる,動詞,7,2.27,1.43,2026-10-01
緑,創造,名詞,7,2.27,-0.38,2026-10-01
緑,斧,名詞,7,2.27,0.29,2026-10-01
緑,法則,名詞,7,2.27,2.35,2026-10-01
緑,部族,名詞,7,2.27,1.57,2026-10-01
緑,信じる,動詞,7,2.27,0.92,2026-10-01
緑,ジョラーガ,名詞,7,2.27,3.04,2026-10-01
緑,タジュール,名詞,7,2.27,1.18,2026-10-01
緑,背,名詞,7,2.27,1.86,2026-10-01
緑,背中,名詞,7,2.27,0.92,2026-10-01
緑,飢える,動詞,7,2.27,0.11,2026-10-01
緑,素晴らしい,形容詞,7,2.27,-1.34,2026-10-01
緑,掻く,動詞,7,2.27,2.18,2026-10-01
緑,吸血,名詞,7,2.27,-2.75,2026-10-01
緑,嫌う,動詞,7,2.27,1.71,2026-10-01
緑,アヴァシン,名詞,7,2.27,-0.93,2026-10-01
緑,雪,名詞,7,2.27,0.81,2026-10-01
緑,追跡,名詞,7,2.27,2.35,2026-10-01
緑,なか,名詞,7,2.27,1.04,2026-10-01
緑,領土,名詞,7,2.27,1.43,2026-10-01
緑,起きる,動詞,7,2.27,0.02,2026-10-01
緑,跳ねる,動詞,7,2.27,2.7,2026-10-01
緑,発明,名詞,7,2.27,-0.53,2026-10-01
緑,巣網,名詞,7,2.27,1.18,2026-10-01
緑,碑,名詞,7,2.27,2.35,2026-10-01
緑,砂漠,名詞,7,2.27,0.2,2026-10-01
緑,とても,副詞,7,2.27,0.92,2026-10-01
緑,怖い,形容詞,6,1.95,-0.24,2026-10-01
緑,古老,名詞,6,1.95,1.8,2026-10-01
緑,効果,名詞,6,1.95,-0.24,2026-10-01
緑,再生,名詞,6,1.95,2.89,2026-10-01
緑,抗う,動詞,6,1.95,0.66,2026-10-01
緑,違う,動詞,6,1.95,-1.22,2026-10-01
緑,忍ぶ,動詞,6,1.95,0.44,2026-10-01
緑,程度,名詞,6,1.95,0.23,2026-10-01
緑,遺物,名詞,6,1.95,0.78,2026-10-01
緑,果て,名詞,6,1.95,1.97,2026-10-01
緑,及ぶ,動詞,6,1.95,1.18,2026-10-01
緑,原始,名詞,6,1.95,2.53,2026-10-01
緑,たった,副詞,6,1.95,1.63,2026-10-01
緑,囁く,動詞,6,1.95,-1.39,2026-10-01
緑,議事,名詞,6,1.95,2.72,2026-10-01
緑,精神,名詞,6,1.95,-3.78,2026-10-01
緑,まず,副詞,6,1.95,-1.5,2026-10-01
緑,増す,動詞,6,1.95,0.55,2026-10-01
緑,なし,名詞,6,1.95,-1.5,2026-10-01
緑,上回る,動詞,6,1.95,2.53,2026-10-01
緑,解放,名詞,6,1.95,-0.56,2026-10-01
緑,友達,名詞,6,1.95,1.18,2026-10-01
緑,決まる,動詞,6,1.95,1.18,2026-10-01
緑,暴力,名詞,6,1.95,0.23,2026-10-01
緑,種族,名詞,6,1.95,0.44,2026-10-01
緑,たいてい,副詞,6,1.95,1.63,2026-10-01
緑,倍,名詞,6,1.95,0.55,2026-10-01
緑,突撃,名詞,6,1.95,0.13,2026-10-01
緑,樹皮,名詞,6,1.95,2.92,2026-10-01
緑,崇める,動詞,6,1.95,2.15,2026-10-01
緑,レインジャー,名詞,6,1.95,1.09,2026-10-01
緑,スカイ,名詞,6,1.95,2.53,2026-10-01
緑,違い,名詞,6,1.95,0.13,2026-10-01
緑,墓,名詞,6,1.95,-1.04,2026-10-01
緑,開ける,動詞,6,1.95,-0.32,2026-10-01
緑,沼,名詞,6,1.95,-0.48,2026-10-01
緑,蔓,名詞,6,1.95,3.0,2026-10-01
緑,みな,名詞,6,1.95,-0.4,2026-10-01
緑,暴れる,動詞,6,1.95,1.47,2026-10-01
緑,遠い,形容詞,6,1.95,0.33,2026-10-01
緑,匂い,名詞,6,1.95,0.44,2026-10-01
緑,夢,名詞,6,1.95,-3.45,2026-10-01
緑,茂る,動詞,6,1.95,2.89,2026-10-01
緑,つれる,動詞,6,1.95,-0.4,2026-10-01
緑,握る,動詞,6,1.95,1.8,2026-10-01
緑,意思,名詞,6,1.95,-0.84,2026-10-01
緑,伝説,名詞,6,1.95,0.13,2026-10-01
緑,果物,名詞,6,1.95,3.0,2026-10-01
緑,幹,名詞,6,1.95,2.53,2026-10-01
緑,イコリア,名詞,6,1.95,2.53,2026-10-01
緑,僻境,名詞,6,1.95,2.15,2026-10-01
緑,震える,動詞,6,1.95,1.04,2026-10-01
緑,書,名詞,6,1.95,0.91,2026-10-01
緑,話す,動詞,6,1.95,0.33,2026-10-01
緑,側,名詞,6,1.95,0.33,2026-10-01
緑,這う,動詞,6,1.95,0.91,2026-10-01
緑,護る,動詞,6,1.95,1.18,2026-10-01
緑,溶ける,動詞,6,1.95,0.33,2026-10-01
緑,農夫,名詞,6,1.95,1.47,2026-10-01
緑,結果,名詞,6,1.95,-1.1,2026-10-01
緑,計画,名詞,6,1.95,-0.97,2026-10-01
緑,血管,名詞,6,1.95,0.66,2026-10-01
緑,投げる,動詞,6,1.95,-1.55,2026-10-01
緑,呼び声,名詞,6,1.95,1.8,2026-10-01
緑,住人,名詞,6,1.95,1.18,2026-10-01
緑,喜ぶ,動詞,6,1.95,-1.16,2026-10-01
緑,あまり,副詞,6,1.95,0.23,2026-10-01
緑,幸運,名詞,6,1.95,0.78,2026-10-01
緑,傷,名詞,6,1.95,-1.33,2026-10-01
緑,気付く,動詞,6,1.95,-0.24,2026-10-01
緑,照らす,動詞,6,1.95,0.55,2026-10-01
緑,雄叫び,名詞,6,1.95,1.8,2026-10-01
緑,以前,名詞,6,1.95,-0.06,2026-10-01
緑,たび,名詞,6,1.95,-0.91,2026-10-01
緑,鳴らす,動詞,6,1.95,0.33,2026-10-01
緑,苗,名詞,6,1.95,1.09,2026-10-01
緑,祈り,名詞,6,1.95,-0.48,2026-10-01
緑,知れる,動詞,6,1.95,-0.4,2026-10-01
緑,歩,名詞,6,1.95,1.04,2026-10-01
緑,掴む,動詞,6,1.95,1.32,2026-10-01
緑,慈悲,名詞,6,1.95,-0.56,2026-10-01
緑,異なる,動詞,6,1.95,1.63,2026-10-01
緑,翼,名詞,6,1.95,-2.96,2026-10-01
緑,操る,動詞,6,1.95,-0.56,2026-10-01
緑,番人,名詞,6,1.95,2.89,2026-10-01
緑,等しい,形容詞,6,1.95,0.78,2026-10-01
緑,書く,動詞,6,1.95,-0.24,2026-10-01
緑,砕ける,動詞,6,1.95,-0.24,2026-10-01
緑,粉々,名詞,6,1.95,2.15,2026-10-01
緑,厳しい,形容詞,6,1.95,0.44,2026-10-01
緑,覚悟,名詞,6,1.95,0.33,2026-10-01
緑,宿る,動詞,6,1.95,1.18,2026-10-01
緑,裂け目,名詞,6,1.95,0.33,2026-10-01
緑,埃,名詞,6,1.95,1.97,2026-10-01
緑,距離,名詞,6,1.95,1.04,2026-10-01
緑,心臓,名詞,6,1.95,-0.97,2026-10-01
緑,答え,名詞,6,1.95,-0.77,2026-10-01
緑,街,名詞,6,1.95,-1.6,2026-10-01
緑,時々,名詞,6,1.95,2.34,2026-10-01
緑,鳴る,動詞,6,1.95,-0.24,2026-10-01
緑,踊る,動詞,6,1.95,0.13,2026-10-01
緑,指,名詞,6,1.95,0.66,2026-10-01
緑,使い,名詞,6,1.95,1.47,2026-10-01
緑,キスキン,名詞,6,1.95,-0.77,2026-10-01
緑,喉,名詞,6,1.95,1.04,2026-10-01
緑,興味,名詞,6,1.95,-0.4,2026-10-01
緑,暮らす,動詞,6,1.95,2.89,2026-10-01
緑,鳴く,動詞,6,1.95,2.15,2026-10-01
緑,吠える,動詞,6,1.95,1.47,2026-10-01
緑,咲く,動詞,6,1.95,1.8,2026-10-01
緑,ナヤ,名詞,6,1.95,2.53,2026-10-01
緑,ガルガンチュアン,名詞,6,1.95,3.0,2026-10-01
緑,鉄,名詞,6,1.95,-1.1,2026-10-01
緑,あり,名詞,6,1.95,0.91,2026-10-01
緑,美味しい,形容詞,6,1.95,3.0,2026-10-01
緑,鍛える,動詞,6,1.95,-1.75,2026-10-01
緑,時期,名詞,6,1.95,1.47,2026-10-01
緑,防衛,名詞,6,1.95,-0.32,2026-10-01
緑,あと,名詞,6,1.95,-2.02,2026-10-01
緑,応える,動詞,6,1.95,-0.84,2026-10-01
緑,淵,名詞,6,1.95,3.0,2026-10-01
緑,存知,名詞,6,1.95,1.09,2026-10-01
緑,楽しい,形容詞,6,1.95,-0.97,2026-10-01
緑,正確,名詞,6,1.95,-0.15,2026-10-01
緑,腐る,動詞,6,1.95,1.18,2026-10-01
緑,エムラクール,名詞,6,1.95,1.47,2026-10-01
緑,祝福,名詞,6,1.95,-2.77,2026-10-01
緑,ハラナ,名詞,6,1.95,2.92,2026-10-01
緑,生存,名詞,6,1.95,-0.06,2026-10-01
緑,証明,名詞,6,1.95,1.32,2026-10-01
緑,地帯,名詞,6,1.95,2.15,2026-10-01
緑,様子,名詞,6,1.95,0.78,2026-10-01
緑,味わう,動詞,6,1.95,-1.04,2026-10-01
緑,軍勢,名詞,6,1.95,-0.15,2026-10-01
緑,瓦礫,名詞,6,1.95,1.8,2026-10-01
緑,連合,名詞,6,1.95,0.78,2026-10-01
緑,恐れ,名詞,6,1.95,-0.32,2026-10-01
緑,食事,名詞,6,1.95,0.44,2026-10-01
緑,それぞれ,名詞,6,1.95,-0.15,2026-10-01
緑,迷う,動詞,6,1.95,0.13,2026-10-01
緑,他人,名詞,6,1.95,-0.24,2026-10-01
緑,領事,名詞,6,1.95,-0.77,2026-10-01
緑,府,名詞,6,1.95,-0.56,2026-10-01
緑,土壌,名詞,6,1.95,1.09,2026-10-01
緑,友人,名詞,6,1.95,2.53,2026-10-01
緑,形成,名詞,6,1.95,1.97,2026-10-01
緑,リーダー,名詞,6,1.95,2.89,2026-10-01
緑,戦術,名詞,5,1.62,-0.15,2026-10-01
緑,間違い,名詞,5,1.62,-1.61,2026-10-01
緑,きっと,副詞,5,1.62,0.26,2026-10-01
緑,あふれる,動詞,5,1.62,1.21,2026-10-01
緑,尾,名詞,5,1.62,1.05,2026-10-01
緑,市,名詞,5,1.62,0.38,2026-10-01
緑,ワカンダ,名詞,5,1.62,1.05,2026-10-01
緑,南,名詞,5,1.62,2.13,2026-10-01
緑,霧,名詞,5,1.62,-1.03,2026-10-01
緑,朝,名詞,5,1.62,1.05,2026-10-01
緑,昼,名詞,5,1.62,1.93,2026-10-01
緑,思える,動詞,5,1.62,-0.05,2026-10-01
緑,砕く,動詞,5,1.62,-0.67,2026-10-01
緑,小枝,名詞,5,1.62,2.71,2026-10-01
緑,所有,名詞,5,1.62,1.21,2026-10-01
緑,弱肉,名詞,5,1.62,0.99,2026-10-01
緑,仕組み,名詞,5,1.62,2.13,2026-10-01
緑,強食,名詞,5,1.62,0.99,2026-10-01
緑,さも,副詞,5,1.62,-0.05,2026-10-01
緑,速度,名詞,5,1.62,1.55,2026-10-01
緑,逃れる,動詞,5,1.62,-1.51,2026-10-01
緑,垣間見る,動詞,5,1.62,2.55,2026-10-01
緑,エネルギー,名詞,5,1.62,-1.09,2026-10-01
緑,多元,名詞,5,1.62,-1.28,2026-10-01
緑,屋根,名詞,5,1.62,1.73,2026-10-01
緑,最期,名詞,5,1.62,-0.51,2026-10-01
緑,詩人,名詞,5,1.62,2.34,2026-10-01
緑,望み,名詞,5,1.62,0.5,2026-10-01
緑,栄光,名詞,5,1.62,-2.72,2026-10-01
緑,生涯,名詞,5,1.62,-0.15,2026-10-01
緑,捧げる,動詞,5,1.62,-1.4,2026-10-01
緑,織る,動詞,5,1.62,2.55,2026-10-01
緑,休む,動詞,5,1.62,0.26,2026-10-01
緑,造る,動詞,5,1.62,0.9,2026-10-01
緑,盾,名詞,5,1.62,-2.09,2026-10-01
緑,向こう,名詞,5,1.62,-0.25,2026-10-01
緑,ツタ,名詞,5,1.62,0.99,2026-10-01
緑,連中,名詞,5,1.62,-1.34,2026-10-01
緑,金,名詞,5,1.62,-1.34,2026-10-01
緑,境界,名詞,5,1.62,0.63,2026-10-01
緑,迷路,名詞,5,1.62,0.38,2026-10-01
緑,雨,名詞,5,1.62,-0.34,2026-10-01
緑,降る,動詞,5,1.62,-0.15,2026-10-01
緑,シュラウド,名詞,5,1.62,2.71,2026-10-01
緑,言える,動詞,5,1.62,-0.74,2026-10-01
緑,扱う,動詞,5,1.62,0.9,2026-10-01
緑,ともかく,副詞,5,1.62,2.55,2026-10-01
緑,エサ,名詞,5,1.62,1.05,2026-10-01
緑,使命,名詞,5,1.62,0.26,2026-10-01
緑,ウルザ,名詞,5,1.62,0.38,2026-10-01
緑,収まる,動詞,5,1.62,2.34,2026-10-01
緑,手入れ,名詞,5,1.62,0.99,2026-10-01
緑,絡める,動詞,5,1.62,2.34,2026-10-01
緑,伸ばす,動詞,5,1.62,0.15,2026-10-01
緑,行為,名詞,5,1.62,-0.51,2026-10-01
緑,頭上,名詞,5,1.62,1.21,2026-10-01
緑,背後,名詞,5,1.62,0.9,2026-10-01
緑,鳴き声,名詞,5,1.62,1.55,2026-10-01
緑,ひとり,名詞,5,1.62,0.9,2026-10-01
緑,女神,名詞,5,1.62,2.34,2026-10-01
緑,権利,名詞,5,1.62,1.21,2026-10-01
緑,ウェイ,名詞,5,1.62,2.55,2026-10-01
緑,ストランド,名詞,5,1.62,2.55,2026-10-01
緑,樫,名詞,5,1.62,2.71,2026-10-01
緑,かかわる,動詞,5,1.62,1.37,2026-10-01
緑,なお,副詞,5,1.62,-0.51,2026-10-01
緑,燃える,動詞,5,1.62,-3.88,2026-10-01
緑,歪む,動詞,5,1.62,1.05,2026-10-01
緑,定め,名詞,5,1.62,1.21,2026-10-01
緑,涙,名詞,5,1.62,0.5,2026-10-01
緑,暴君,名詞,5,1.62,0.76,2026-10-01
緑,太古,名詞,5,1.62,1.21,2026-10-01
緑,数える,動詞,5,1.62,-0.34,2026-10-01
緑,若木,名詞,5,1.62,2.71,2026-10-01
緑,失敗,名詞,5,1.62,-2.37,2026-10-01
緑,遭う,動詞,5,1.62,1.21,2026-10-01
緑,源,名詞,5,1.62,1.05,2026-10-01
緑,奏でる,動詞,5,1.62,2.34,2026-10-01
緑,象徴,名詞,5,1.62,-0.05,2026-10-01
緑,脅かす,動詞,5,1.62,-0.42,2026-10-01
緑,義務,名詞,5,1.62,0.76,2026-10-01
緑,女王,名詞,5,1.62,-1.03,2026-10-01
緑,巡回,名詞,5,1.62,0.15,2026-10-01
緑,機嫌,名詞,5,1.62,1.55,2026-10-01
緑,さらに,副詞,5,1.62,-2.44,2026-10-01
緑,撃つ,動詞,5,1.62,0.05,2026-10-01
緑,子供,名詞,5,1.62,-1.16,2026-10-01
緑,弟子,名詞,5,1.62,1.73,2026-10-01
緑,足元,名詞,5,1.62,1.05,2026-10-01
緑,捕まえる,動詞,5,1.62,-0.25,2026-10-01
緑,乱,名詞,5,1.62,0.26,2026-10-01
緑,草食,名詞,5,1.62,2.71,2026-10-01
緑,卵,名詞,5,1.62,1.55,2026-10-01
緑,塵,名詞,5,1.62,0.5,2026-10-01
緑,命ずる,動詞,5,1.62,0.38,2026-10-01
緑,舞台,名詞,5,1.62,2.34,2026-10-01
緑,苔,名詞,5,1.62,0.99,2026-10-01
緑,遅い,形容詞,5,1.62,1.21,2026-10-01
緑,危機,名詞,5,1.62,0.76,2026-10-01
緑,建てる,動詞,5,1.62,1.37,2026-10-01
緑,化する,動詞,5,1.62,1.05,2026-10-01
緑,参加,名詞,5,1.62,0.5,2026-10-01
緑,苗木,名詞,5,1.62,2.71,2026-10-01
緑,加える,動詞,5,1.62,0.26,2026-10-01
緑,もん,名詞,5,1.62,-1.45,2026-10-01
緑,遠く,名詞,5,1.62,-0.05,2026-10-01
緑,冒険,名詞,5,1.62,-0.42,2026-10-01
緑,真実,名詞,5,1.62,-2.44,2026-10-01
緑,到達,名詞,5,1.62,1.37,2026-10-01
緑,かく,動詞,5,1.62,-0.15,2026-10-01
緑,腐敗,名詞,5,1.62,0.15,2026-10-01
緑,縛る,動詞,5,1.62,-1.51,2026-10-01
緑,栄える,動詞,5,1.62,1.93,2026-10-01
緑,周囲,名詞,5,1.62,0.26,2026-10-01
緑,災害,名詞,5,1.62,0.76,2026-10-01
緑,組む,動詞,5,1.62,-0.67,2026-10-01
緑,飼育,名詞,5,1.62,2.71,2026-10-01
緑,満足,名詞,5,1.62,-0.15,2026-10-01
緑,猿,名詞,5,1.62,2.71,2026-10-01
緑,目覚め,名詞,5,1.62,2.13,2026-10-01
緑,筋肉,名詞,5,1.62,0.9,2026-10-01
緑,軍団,名詞,5,1.62,-1.67,2026-10-01
緑,流れ,名詞,5,1.62,-1.34,2026-10-01
緑,現在,名詞,5,1.62,-0.59,2026-10-01
緑,反する,動詞,5,1.62,2.34,2026-10-01
緑,苦痛,名詞,5,1.62,-1.95,2026-10-01
緑,幻視,名詞,5,1.62,1.37,2026-10-01
緑,告げる,動詞,5,1.62,0.26,2026-10-01
緑,環境,名詞,5,1.62,2.13,2026-10-01
緑,合唱,名詞,5,1.62,2.13,2026-10-01
緑,描く,動詞,5,1.62,-0.25,2026-10-01
緑,マイル,名詞,5,1.62,0.38,2026-10-01
緑,発する,動詞,5,1.62,1.37,2026-10-01
緑,バジリスク,名詞,5,1.62,2.34,2026-10-01
緑,谷,名詞,5,1.62,1.55,2026-10-01
緑,気分,名詞,5,1.62,-0.15,2026-10-01
緑,限界,名詞,5,1.62,0.76,2026-10-01
緑,カラス,名詞,5,1.62,1.37,2026-10-01
緑,吸う,動詞,5,1.62,-1.16,2026-10-01
緑,手遅れ,名詞,5,1.62,1.73,2026-10-01
緑,結局,名詞,5,1.62,0.9,2026-10-01
緑,悲鳴,名詞,5,1.62,-0.42,2026-10-01
緑,秩序,名詞,5,1.62,-0.34,2026-10-01
緑,ジャンド,名詞,5,1.62,0.9,2026-10-01
緑,過ち,名詞,5,1.62,0.5,2026-10-01
緑,争い,名詞,5,1.62,-0.25,2026-10-01
緑,全部,名詞,5,1.62,-1.72,2026-10-01
緑,仕える,動詞,5,1.62,-1.22,2026-10-01
緑,よそ者,名詞,5,1.62,1.21,2026-10-01
緑,試合,名詞,5,1.62,2.13,2026-10-01
緑,どんぐり,名詞,5,1.62,0.99,2026-10-01
緑,クリーチャー,名詞,5,1.62,0.38,2026-10-01
緑,駆除,名詞,5,1.62,1.93,2026-10-01
緑,負ける,動詞,5,1.62,-0.15,2026-10-01
緑,誘惑,名詞,5,1.62,2.13,2026-10-01
緑,黄金,名詞,5,1.62,-1.77,2026-10-01
緑,首,名詞,5,1.62,-0.51,2026-10-01
緑,住民,名詞,5,1.62,1.93,2026-10-01
緑,宝,名詞,5,1.62,-0.89,2026-10-01
緑,賢い,形容詞,5,1.62,-0.67,2026-10-01
緑,魔女,名詞,5,1.62,-0.51,2026-10-01
緑,曲,名詞,5,1.62,1.55,2026-10-01
緑,戦略,名詞,5,1.62,0.9,2026-10-01
緑,有毒,名詞,5,1.62,2.55,2026-10-01
緑,ぶら下がる,動詞,5,1.62,2.71,2026-10-01
緑,構える,動詞,5,1.62,0.15,2026-10-01
緑,顎,名詞,5,1.62,1.73,2026-10-01
緑,好奇,名詞,5,1.62,0.5,2026-10-01
緑,邪魔,名詞,5,1.62,-0.89,2026-10-01
緑,生息,名詞,5,1.62,1.73,2026-10-01
緑,優しい,形容詞,5,1.62,-0.05,2026-10-01
緑,功績,名詞,5,1.62,2.34,2026-10-01
緑,絶対,名詞,5,1.62,-1.03,2026-10-01
緑,溢れる,動詞,5,1.62,-0.51,2026-10-01
緑,祈る,動詞,5,1.62,-0.74,2026-10-01
緑,安定,名詞,5,1.62,0.38,2026-10-01
緑,地底,名詞,5,1.62,0.9,2026-10-01
緑,化け物,名詞,5,1.62,0.9,2026-10-01
緑,伴う,動詞,5,1.62,0.5,2026-10-01
緑,征服,名詞,5,1.62,-1.03,2026-10-01
緑,威厳,名詞,5,1.62,2.13,2026-10-01
緑,ミノタウルス,名詞,5,1.62,-0.42,2026-10-01
緑,やがて,副詞,5,1.62,-0.59,2026-10-01
緑,周辺,名詞,5,1.62,1.73,2026-10-01
緑,空腹,名詞,5,1.62,1.21,2026-10-01
緑,脱ぐ,動詞,5,1.62,2.34,2026-10-01
緑,山,名詞,5,1.62,-3.17,2026-10-01
緑,沼地,名詞,5,1.62,0.76,2026-10-01
緑,氷河,名詞,5,1.62,2.13,2026-10-01
緑,栄誉,名詞,5,1.62,0.9,2026-10-01
緑,任せる,動詞,5,1.62,-0.25,2026-10-01
緑,飛行,名詞,5,1.62,-0.82,2026-10-01
緑,回復,名詞,5,1.62,2.13,2026-10-01
緑,辿る,動詞,5,1.62,1.21,2026-10-01
緑,キノコ,名詞,5,1.62,2.71,2026-10-01
緑,以来,名詞,5,1.62,1.05,2026-10-01
緑,期,名詞,5,1.62,1.21,2026-10-01
緑,驚異,名詞,5,1.62,1.21,2026-10-01
緑,ごく,副詞,5,1.62,1.55,2026-10-01
緑,繊細,名詞,5,1.62,0.63,2026-10-01
緑,運ぶ,動詞,5,1.62,-1.67,2026-10-01
緑,侍臣,名詞,5,1.62,0.63,2026-10-01
緑,ナクタムン,名詞,5,1.62,0.76,2026-10-01
緑,相棒,名詞,5,1.62,0.76,2026-10-01
緑,防備,名詞,5,1.62,1.37,2026-10-01
緑,生態,名詞,5,1.62,2.34,2026-10-01
緑,いつも,名詞,5,1.62,-1.91,2026-10-01
緑,王国,名詞,5,1.62,-1.09,2026-10-01
緑,回,名詞,5,1.62,-0.42,2026-10-01
緑,古,名詞,5,1.62,1.37,2026-10-01
緑,害獣,名詞,5,1.62,1.37,2026-10-01
緑,技術,名詞,5,1.62,-1.4,2026-10-01
緑,おやつ,名詞,5,1.62,2.55,2026-10-01
緑,マイルズ,名詞,5,1.62,2.71,2026-10-01
緑,モーウー,名詞,4,1.3,nan,2026-10-01
緑,不能,名詞,4,1.3,1.27,2026-10-01
緑,意見,名詞,4,1.3,1.47,2026-10-01
緑,せい,名詞,4,1.3,-0.63,2026-10-01
緑,羽根,名詞,4,1.3,1.08,2026-10-01
緑,訪れ,名詞,4,1.3,1.68,2026-10-01
緑,楽園,名詞,4,1.3,2.45,2026-10-01
緑,未開,名詞,4,1.3,2.36,2026-10-01
緑,応ずる,動詞,4,1.3,0.07,2026-10-01
緑,長年,名詞,4,1.3,0.74,2026-10-01
緑,盗む,動詞,4,1.3,-1.79,2026-10-01
緑,離す,動詞,4,1.3,0.19,2026-10-01
緑,不快,名詞,4,1.3,0.9,2026-10-01
緑,残り,名詞,4,1.3,-1.09,2026-10-01
緑,関心,名詞,4,1.3,1.08,2026-10-01
緑,辛抱,名詞,4,1.3,1.47,2026-10-01
緑,主義,名詞,4,1.3,1.08,2026-10-01
緑,経験,名詞,4,1.3,-0.26,2026-10-01
緑,こだま,名詞,4,1.3,0.74,2026-10-01
緑,強靭,名詞,4,1.3,2.14,2026-10-01
緑,風景,名詞,4,1.3,1.27,2026-10-01
緑,もちろん,副詞,4,1.3,-0.71,2026-10-01
緑,不思議,名詞,4,1.3,-0.26,2026-10-01
緑,マロー,名詞,4,1.3,nan,2026-10-01
緑,気持ち,名詞,4,1.3,-0.63,2026-10-01
緑,おかしい,形容詞,4,1.3,0.74,2026-10-01
緑,笑う,動詞,4,1.3,-0.63,2026-10-01
緑,範囲,名詞,4,1.3,0.74,2026-10-01
緑,鹿,名詞,4,1.3,2.14,2026-10-01
緑,散る,動詞,4,1.3,-0.05,2026-10-01
緑,秋,名詞,4,1.3,1.68,2026-10-01
緑,光景,名詞,4,1.3,-0.16,2026-10-01
緑,被害,名詞,4,1.3,-0.26,2026-10-01
緑,垂れる,動詞,4,1.3,1.47,2026-10-01
緑,ようやく,副詞,4,1.3,0.74,2026-10-01
緑,人類,名詞,4,1.3,1.68,2026-10-01
緑,世話,名詞,4,1.3,1.91,2026-10-01
緑,昆虫,名詞,4,1.3,2.36,2026-10-01
緑,リーフ,名詞,4,1.3,2.14,2026-10-01
緑,宝物,名詞,4,1.3,-1.22,2026-10-01
緑,勢力,名詞,4,1.3,0.45,2026-10-01
緑,代償,名詞,4,1.3,-0.16,2026-10-01
緑,感情,名詞,4,1.3,0.45,2026-10-01
緑,難しい,形容詞,4,1.3,-1.29,2026-10-01
緑,静寂,名詞,4,1.3,-0.54,2026-10-01
緑,茂み,名詞,4,1.3,nan,2026-10-01
緑,面,名詞,4,1.3,-1.29,2026-10-01
緑,肥やし,名詞,4,1.3,nan,2026-10-01
緑,長ける,動詞,4,1.3,1.08,2026-10-01
緑,半分,名詞,4,1.3,0.19,2026-10-01
緑,美味,名詞,4,1.3,1.08,2026-10-01
緑,荒れる,動詞,4,1.3,-0.45,2026-10-01
緑,突進,名詞,4,1.3,0.59,2026-10-01
緑,通ずる,動詞,4,1.3,0.9,2026-10-01
緑,継ぐ,動詞,4,1.3,-0.16,2026-10-01
緑,空気,名詞,4,1.3,-0.79,2026-10-01
緑,父,名詞,4,1.3,-0.36,2026-10-01
緑,共通,名詞,4,1.3,0.45,2026-10-01
緑,棲む,動詞,4,1.3,2.14,2026-10-01
緑,未知,名詞,4,1.3,1.08,2026-10-01
緑,富,名詞,4,1.3,-0.79,2026-10-01
緑,同じく,副詞,4,1.3,0.31,2026-10-01
緑,悪意,名詞,4,1.3,-0.26,2026-10-01
緑,値,名詞,4,1.3,-0.87,2026-10-01
緑,王者,名詞,4,1.3,1.91,2026-10-01
緑,絶え間,名詞,4,1.3,0.59,2026-10-01
緑,遺伝,名詞,4,1.3,2.14,2026-10-01
緑,折れる,動詞,4,1.3,0.45,2026-10-01
緑,決意,名詞,4,1.3,0.31,2026-10-01
緑,抱擁,名詞,4,1.3,1.68,2026-10-01
緑,普通,名詞,4,1.3,-0.79,2026-10-01
緑,リス,名詞,4,1.3,1.08,2026-10-01
緑,みんな,名詞,4,1.3,-1.74,2026-10-01
緑,装飾,名詞,4,1.3,1.68,2026-10-01
緑,放置,名詞,4,1.3,2.14,2026-10-01
緑,怒鳴り声,名詞,4,1.3,1.68,2026-10-01
緑,豪腕,名詞,4,1.3,nan,2026-10-01
緑,核心,名詞,4,1.3,2.45,2026-10-01
緑,タルキール,名詞,4,1.3,-0.45,2026-10-01
緑,速い,形容詞,4,1.3,-1.16,2026-10-01
緑,林,名詞,4,1.3,nan,2026-10-01
緑,まあ,副詞,4,1.3,-0.71,2026-10-01
緑,食,名詞,4,1.3,2.45,2026-10-01
緑,残骸,名詞,4,1.3,0.45,2026-10-01
緑,船長,名詞,4,1.3,-0.87,2026-10-01
緑,強欲,名詞,4,1.3,0.9,2026-10-01
緑,狩場,名詞,4,1.3,1.47,2026-10-01
緑,虫けら,名詞,4,1.3,2.36,2026-10-01
緑,絡まる,動詞,4,1.3,2.36,2026-10-01
緑,築く,動詞,4,1.3,-0.26,2026-10-01
緑,責任,名詞,4,1.3,0.45,2026-10-01
緑,夜明け,名詞,4,1.3,-1.02,2026-10-01
緑,繋がる,動詞,4,1.3,0.59,2026-10-01
緑,いま,名詞,4,1.3,-0.87,2026-10-01
緑,修復,名詞,4,1.3,0.9,2026-10-01
緑,映る,動詞,4,1.3,0.07,2026-10-01
緑,一握り,名詞,4,1.3,2.36,2026-10-01
緑,守れる,動詞,4,1.3,1.47,2026-10-01
緑,中身,名詞,4,1.3,0.19,2026-10-01
緑,まとう,動詞,4,1.3,0.9,2026-10-01
緑,経る,動詞,4,1.3,1.68,2026-10-01
緑,猛獣,名詞,4,1.3,2.36,2026-10-01
緑,樹上,名詞,4,1.3,nan,2026-10-01
緑,一致,名詞,4,1.3,1.68,2026-10-01
緑,罪,名詞,4,1.3,-1.88,2026-10-01
緑,犯す,動詞,4,1.3,-0.45,2026-10-01
緑,領域,名詞,4,1.3,0.59,2026-10-01
緑,同盟,名詞,4,1.3,0.9,2026-10-01
緑,頑強,名詞,4,1.3,2.36,2026-10-01
緑,灰,名詞,4,1.3,-1.41,2026-10-01
緑,噂,名詞,4,1.3,0.19,2026-10-01
緑,誓う,動詞,4,1.3,-1.16,2026-10-01
緑,誕生,名詞,4,1.3,0.19,2026-10-01
緑,才能,名詞,4,1.3,-0.45,2026-10-01
緑,留める,動詞,4,1.3,0.59,2026-10-01
緑,思考,名詞,4,1.3,-2.64,2026-10-01
緑,刀,名詞,4,1.3,1.27,2026-10-01
緑,怒れる,動詞,4,1.3,1.08,2026-10-01
緑,近い,形容詞,4,1.3,-0.16,2026-10-01
緑,鐘,名詞,4,1.3,1.27,2026-10-01
緑,台風,名詞,4,1.3,nan,2026-10-01
緑,疑問,名詞,4,1.3,0.59,2026-10-01
緑,放浪,名詞,4,1.3,-0.63,2026-10-01
緑,事実,名詞,4,1.3,-0.16,2026-10-01
緑,内,名詞,4,1.3,-1.29,2026-10-01
緑,見出す,動詞,4,1.3,0.31,2026-10-01
緑,同胞,名詞,4,1.3,1.47,2026-10-01
緑,そば,名詞,4,1.3,0.9,2026-10-01
緑,ふさわしい,形容詞,4,1.3,-0.71,2026-10-01
緑,超える,動詞,4,1.3,-1.16,2026-10-01
緑,忠誠,名詞,4,1.3,-2.15,2026-10-01
緑,謎,名詞,4,1.3,-0.95,2026-10-01
緑,突如,副詞,4,1.3,0.59,2026-10-01
緑,ガラス,名詞,4,1.3,1.27,2026-10-01
緑,輝き,名詞,4,1.3,-0.79,2026-10-01
緑,遺産,名詞,4,1.3,0.59,2026-10-01
緑,尖塔,名詞,4,1.3,2.36,2026-10-01
緑,目指す,動詞,4,1.3,0.9,2026-10-01
緑,重なる,動詞,4,1.3,1.91,2026-10-01
緑,加わる,動詞,4,1.3,-0.54,2026-10-01
緑,提供,名詞,4,1.3,1.47,2026-10-01
緑,回す,動詞,4,1.3,-0.16,2026-10-01
緑,像,名詞,4,1.3,0.45,2026-10-01
緑,下ろす,動詞,4,1.3,0.31,2026-10-01
緑,用いる,動詞,4,1.3,-0.87,2026-10-01
緑,騒ぐ,動詞,4,1.3,1.91,2026-10-01
緑,滅ぼす,動詞,4,1.3,-0.05,2026-10-01
緑,飽きる,動詞,4,1.3,1.68,2026-10-01
緑,狂信,名詞,4,1.3,1.27,2026-10-01
緑,実験,名詞,4,1.3,-1.74,2026-10-01
緑,振動,名詞,4,1.3,2.45,2026-10-01
緑,インドリク,名詞,4,1.3,nan,2026-10-01
緑,つもり,名詞,4,1.3,-2.07,2026-10-01
緑,防御,名詞,4,1.3,-0.26,2026-10-01
緑,駆る,動詞,4,1.3,-0.26,2026-10-01
緑,徘徊,名詞,4,1.3,1.08,2026-10-01
緑,動ける,動詞,4,1.3,1.68,2026-10-01
緑,捕まる,動詞,4,1.3,1.08,2026-10-01
緑,橋,名詞,4,1.3,0.45,2026-10-01
緑,廃墟,名詞,4,1.3,-0.05,2026-10-01
緑,一匹狼,名詞,4,1.3,nan,2026-10-01
緑,瞬き,名詞,4,1.3,1.08,2026-10-01
緑,すごい,形容詞,4,1.3,0.74,2026-10-01
緑,一方,名詞,4,1.3,-0.79,2026-10-01
緑,賞賛,名詞,4,1.3,1.91,2026-10-01
緑,ツリー,名詞,4,1.3,nan,2026-10-01
緑,年月,名詞,4,1.3,0.07,2026-10-01
緑,負う,動詞,4,1.3,-0.45,2026-10-01
緑,巻物,名詞,4,1.3,0.74,2026-10-01
緑,弱る,動詞,4,1.3,2.36,2026-10-01
緑,聴く,動詞,4,1.3,1.91,2026-10-01
緑,呪う,動詞,4,1.3,-0.36,2026-10-01
緑,嘆く,動詞,4,1.3,-0.05,2026-10-01
緑,場,名詞,4,1.3,-1.63,2026-10-01
緑,浴びる,動詞,4,1.3,1.47,2026-10-01
緑,カメ,名詞,4,1.3,1.08,2026-10-01
緑,忌まわしい,形容詞,4,1.3,0.07,2026-10-01
緑,いまだ,副詞,4,1.3,-0.05,2026-10-01
緑,詰める,動詞,4,1.3,-0.54,2026-10-01
緑,妖精,名詞,4,1.3,-0.79,2026-10-01
緑,曲げる,動詞,4,1.3,-0.05,2026-10-01
緑,守り手,名詞,4,1.3,1.91,2026-10-01
緑,キャベツ,名詞,4,1.3,2.36,2026-10-01
緑,清廉,名詞,4,1.3,nan,2026-10-01
緑,潔白,名詞,4,1.3,2.45,2026-10-01
緑,階級,名詞,4,1.3,0.74,2026-10-01
緑,思い,名詞,4,1.3,-0.95,2026-10-01
緑,下層,名詞,4,1.3,1.08,2026-10-01
緑,遠吠え,名詞,4,1.3,1.47,2026-10-01
緑,後家,名詞,4,1.3,nan,2026-10-01
緑,焼く,動詞,4,1.3,-2.7,2026-10-01
緑,特に,副詞,4,1.3,-0.63,2026-10-01
緑,母,名詞,4,1.3,-0.05,2026-10-01
緑,誘う,動詞,4,1.3,0.59,2026-10-01
緑,ニュー,名詞,4,1.3,0.31,2026-10-01
緑,会う,動詞,4,1.3,-1.29,2026-10-01
緑,主,名詞,4,1.3,-2.23,2026-10-01
緑,念,名詞,4,1.3,0.9,2026-10-01
緑,沈黙,名詞,4,1.3,0.45,2026-10-01
緑,後悔,名詞,4,1.3,-1.02,2026-10-01
緑,水面,名詞,4,1.3,-0.16,2026-10-01
緑,凍る,動詞,4,1.3,-0.45,2026-10-01
緑,芽,名詞,4,1.3,2.45,2026-10-01
緑,屍,名詞,4,1.3,-2.83,2026-10-01
緑,復活,名詞,4,1.3,0.31,2026-10-01
緑,故,名詞,4,1.3,0.9,2026-10-01
緑,織り手,名詞,4,1.3,1.91,2026-10-01
緑,臭い,形容詞,4,1.3,1.47,2026-10-01
緑,数多,名詞,4,1.3,0.74,2026-10-01
緑,アニマ,名詞,4,1.3,2.45,2026-10-01
緑,ゆえ,名詞,4,1.3,-0.71,2026-10-01
緑,射手,名詞,4,1.3,-0.26,2026-10-01
緑,割る,動詞,4,1.3,0.07,2026-10-01
緑,留まる,動詞,4,1.3,-0.26,2026-10-01
緑,ダイオヌス,名詞,4,1.3,nan,2026-10-01
緑,心配,名詞,4,1.3,-1.69,2026-10-01
緑,ちぎる,動詞,4,1.3,2.36,2026-10-01
緑,循環,名詞,4,1.3,1.08,2026-10-01
緑,殻,名詞,4,1.3,-0.05,2026-10-01
緑,戦車,名詞,4,1.3,nan,2026-10-01
緑,欲望,名詞,4,1.3,1.27,2026-10-01
緑,騙す,動詞,4,1.3,0.9,2026-10-01
緑,喰らう,動詞,4,1.3,0.74,2026-10-01
緑,器官,名詞,4,1.3,nan,2026-10-01
緑,岩,名詞,4,1.3,-2.02,2026-10-01
緑,衝突,名詞,4,1.3,0.9,2026-10-01
緑,近道,名詞,4,1.3,0.74,2026-10-01
緑,結びつき,名詞,4,1.3,1.91,2026-10-01
緑,包む,動詞,4,1.3,-1.02,2026-10-01
緑,礼,名詞,4,1.3,1.47,2026-10-01
緑,ジェイス,名詞,4,1.3,-2.53,2026-10-01
緑,工匠,名詞,4,1.3,-0.54,2026-10-01
緑,召喚,名詞,4,1.3,-0.63,2026-10-01
緑,傷跡,名詞,4,1.3,1.91,2026-10-01
緑,発動,名詞,4,1.3,1.47,2026-10-01
緑,つまり,副詞,4,1.3,0.07,2026-10-01
緑,噛み,名詞,4,1.3,2.45,2026-10-01
緑,唸り声,名詞,4,1.3,1.91,2026-10-01
緑,エズーリ,名詞,4,1.3,nan,2026-10-01
緑,グリッサ,名詞,4,1.3,2.45,2026-10-01
緑,慣らす,動詞,4,1.3,1.91,2026-10-01
緑,変異,名詞,4,1.3,0.9,2026-10-01
緑,油,名詞,4,1.3,-0.45,2026-10-01
緑,対価,名詞,4,1.3,0.45,2026-10-01
緑,孤独,名詞,4,1.3,-0.36,2026-10-01
緑,隠れ家,名詞,4,1.3,2.14,2026-10-01
緑,檻,名詞,4,1.3,0.19,2026-10-01
緑,神殿,名詞,4,1.3,0.9,2026-10-01
緑,ガツタフ,名詞,4,1.3,1.27,2026-10-01
緑,しばしば,副詞,4,1.3,-0.63,2026-10-01
緑,極めて,副詞,4,1.3,0.31,2026-10-01
緑,全身,名詞,4,1.3,1.68,2026-10-01
緑,黙る,動詞,4,1.3,0.74,2026-10-01
緑,解ける,動詞,4,1.3,1.68,2026-10-01
緑,アンデッド,名詞,4,1.3,0.45,2026-10-01
緑,もと,名詞,4,1.3,-0.79,2026-10-01
緑,強者,名詞,4,1.3,nan,2026-10-01
緑,説明,名詞,4,1.3,0.74,2026-10-01
緑,ジュラク,名詞,4,1.3,nan,2026-10-01
緑,全土,名詞,4,1.3,-0.26,2026-10-01
緑,障害,名詞,4,1.3,0.45,2026-10-01
緑,還る,動詞,4,1.3,nan,2026-10-01
緑,取れる,動詞,4,1.3,0.45,2026-10-01
緑,隊長,名詞,4,1.3,-0.05,2026-10-01
緑,カエル,名詞,4,1.3,1.47,2026-10-01
緑,管理,名詞,4,1.3,0.19,2026-10-01
緑,トンネル,名詞,4,1.3,0.45,2026-10-01
緑,庇護,名詞,4,1.3,1.68,2026-10-01
緑,力線,名詞,4,1.3,1.91,2026-10-01
緑,集団,名詞,4,1.3,0.45,2026-10-01
緑,自体,名詞,4,1.3,-1.02,2026-10-01
緑,ネシアン,名詞,4,1.3,nan,2026-10-01
緑,エルズペス,名詞,4,1.3,-0.36,2026-10-01
緑,陽光,名詞,4,1.3,0.31,2026-10-01
緑,構成,名詞,4,1.3,1.08,2026-10-01
緑,然り,動詞,4,1.3,1.27,2026-10-01
緑,本物,名詞,4,1.3,0.31,2026-10-01
緑,コツ,名詞,4,1.3,1.08,2026-10-01
緑,西方,名詞,4,1.3,2.14,2026-10-01
緑,若し,形容詞,4,1.3,0.9,2026-10-01
緑,尊敬,名詞,4,1.3,0.31,2026-10-01
緑,軍,名詞,4,1.3,-2.35,2026-10-01
緑,暴走,名詞,4,1.3,1.47,2026-10-01
緑,子孫,名詞,4,1.3,1.68,2026-10-01
緑,商人,名詞,4,1.3,0.07,2026-10-01
緑,地域,名詞,4,1.3,1.27,2026-10-01
緑,崇拝,名詞,4,1.3,-0.71,2026-10-01
緑,上空,名詞,4,1.3,-0.45,2026-10-01
緑,関わる,動詞,4,1.3,1.27,2026-10-01
緑,好物,名詞,4,1.3,1.68,2026-10-01
緑,勇気,名詞,4,1.3,-2.27,2026-10-01
緑,用意,名詞,4,1.3,-0.45,2026-10-01
緑,うまい,形容詞,4,1.3,-1.58,2026-10-01
緑,安心,名詞,4,1.3,0.19,2026-10-01
緑,ウォッチ,名詞,4,1.3,0.9,2026-10-01
緑,ゲート,名詞,4,1.3,0.74,2026-10-01
緑,嗅覚,名詞,4,1.3,2.45,2026-10-01
緑,出現,名詞,4,1.3,0.31,2026-10-01
緑,馬,名詞,4,1.3,-1.09,2026-10-01
緑,永久,名詞,4,1.3,1.27,2026-10-01
緑,導,名詞,4,1.3,2.45,2026-10-01
緑,一生,名詞,4,1.3,-0.63,2026-10-01
緑,挨拶,名詞,4,1.3,nan,2026-10-01
緑,マイコイド,名詞,4,1.3,1.68,2026-10-01
緑,授ける,動詞,4,1.3,-0.87,2026-10-01
緑,堕ちる,動詞,4,1.3,1.91,2026-10-01
緑,済む,動詞,4,1.3,-0.05,2026-10-01
緑,母親,名詞,4,1.3,2.45,2026-10-01
緑,可愛い,形容詞,4,1.3,1.27,2026-10-01
緑,ゴリラ,名詞,4,1.3,nan,2026-10-01
緑,残虐,名詞,4,1.3,0.59,2026-10-01
緑,揃う,動詞,4,1.3,0.9,2026-10-01
緑,運,名詞,4,1.3,0.31,2026-10-01
緑,授業,名詞,4,1.3,2.14,2026-10-01
緑,ウィザーブルーム,名詞,4,1.3,2.14,2026-10-01
緑,モンスター,名詞,4,1.3,1.47,2026-10-01
緑,荒らす,動詞,4,1.3,0.74,2026-10-01
緑,ごらん,名詞,4,1.3,2.14,2026-10-01
緑,会える,動詞,4,1.3,2.36,2026-10-01
緑,証拠,名詞,4,1.3,-0.05,2026-10-01
緑,一家,名詞,4,1.3,-0.36,2026-10-01
緑,大喜び,名詞,4,1.3,1.91,2026-10-01
緑,兎,名詞,4,1.3,2.14,2026-10-01
緑,スピード,名詞,4,1.3,1.91,2026-10-01
緑,覚ます,動詞,4,1.3,-0.26,2026-10-01
緑,ヒーロー,名詞,4,1.3,0.59,2026-10-01
緑,ときどき,名詞,3,0.97,1.15,2026-10-01
緑,ブーツ,名詞,3,0.97,1.92,2026-10-01
緑,突風,名詞,3,0.97,1.15,2026-10-01
緑,ぶつかる,動詞,3,0.97,0.39,2026-10-01
緑,防ぐ,動詞,3,0.97,-0.39,2026-10-01
緑,思い出,名詞,3,0.97,1.15,2026-10-01
緑,白い,形容詞,3,0.97,-0.04,2026-10-01
緑,外,名詞,3,0.97,-1.66,2026-10-01
緑,ささやく,動詞,3,0.97,0.74,2026-10-01
緑,島,名詞,3,0.97,0.93,2026-10-01
緑,修行,名詞,3,0.97,1.65,2026-10-01
緑,競争,名詞,3,0.97,0.23,2026-10-01
緑,無害,名詞,3,0.97,0.55,2026-10-01
緑,探索,名詞,3,0.97,0.55,2026-10-01
緑,持ち場,名詞,3,0.97,0.93,2026-10-01
緑,目立つ,動詞,3,0.97,1.65,2026-10-01
緑,呼吸,名詞,3,0.97,-0.17,2026-10-01
緑,疲れ,名詞,3,0.97,0.55,2026-10-01
緑,言い回し,名詞,3,0.97,1.15,2026-10-01
緑,ムルタニ,名詞,3,0.97,nan,2026-10-01
緑,座る,動詞,3,0.97,0.55,2026-10-01
緑,逆らう,動詞,3,0.97,-0.86,2026-10-01
緑,重力,名詞,3,0.97,0.93,2026-10-01
緑,エンドリル,名詞,3,0.97,nan,2026-10-01
緑,蔓延,名詞,3,0.97,1.15,2026-10-01
緑,すさまじい,形容詞,3,0.97,1.65,2026-10-01
緑,汚す,動詞,3,0.97,-0.17,2026-10-01
緑,のめす,動詞,3,0.97,0.74,2026-10-01
緑,樹液,名詞,3,0.97,1.39,2026-10-01
緑,あがる,動詞,3,0.97,0.55,2026-10-01
緑,恐る,動詞,3,0.97,-0.69,2026-10-01
緑,渦巻く,動詞,3,0.97,-0.04,2026-10-01
緑,かける,動詞,3,0.97,-0.39,2026-10-01
緑,星々,名詞,3,0.97,0.23,2026-10-01
緑,吟遊,名詞,3,0.97,1.92,2026-10-01
緑,納屋,名詞,3,0.97,nan,2026-10-01
緑,実る,動詞,3,0.97,1.92,2026-10-01
緑,空く,動詞,3,0.97,0.74,2026-10-01
緑,草木,名詞,3,0.97,nan,2026-10-01
緑,滋養,名詞,3,0.97,1.15,2026-10-01
緑,繁茂,名詞,3,0.97,nan,2026-10-01
緑,機会,名詞,3,0.97,-1.37,2026-10-01
緑,核,名詞,3,0.97,0.09,2026-10-01
緑,欠かせる,動詞,3,0.97,1.39,2026-10-01
緑,織物,名詞,3,0.97,nan,2026-10-01
緑,そびえる,動詞,3,0.97,1.15,2026-10-01
緑,とうとう,副詞,3,0.97,1.15,2026-10-01
緑,棍棒,名詞,3,0.97,1.65,2026-10-01
緑,北,名詞,3,0.97,0.09,2026-10-01
緑,始末,名詞,3,0.97,0.74,2026-10-01
緑,サイ,名詞,3,0.97,nan,2026-10-01
緑,発揮,名詞,3,0.97,0.55,2026-10-01
緑,放る,動詞,3,0.97,-0.28,2026-10-01
緑,木陰,名詞,3,0.97,nan,2026-10-01
緑,渦,名詞,3,0.97,-0.39,2026-10-01
緑,対抗,名詞,3,0.97,0.09,2026-10-01
緑,はっきり,副詞,3,0.97,-0.59,2026-10-01
緑,似る,動詞,3,0.97,-1.17,2026-10-01
緑,貴族,名詞,3,0.97,0.23,2026-10-01
緑,全く,副詞,3,0.97,0.39,2026-10-01
緑,蹴る,動詞,3,0.97,-0.04,2026-10-01
緑,調べる,動詞,3,0.97,-0.39,2026-10-01
緑,ティタニア,名詞,3,0.97,nan,2026-10-01
緑,たくさん,副詞,3,0.97,-0.5,2026-10-01
緑,洞察,名詞,3,0.97,0.74,2026-10-01
緑,寿命,名詞,3,0.97,0.74,2026-10-01
緑,直面,名詞,3,0.97,1.92,2026-10-01
緑,赤,名詞,3,0.97,1.15,2026-10-01
緑,今年,名詞,3,0.97,1.92,2026-10-01
緑,掟,名詞,3,0.97,1.65,2026-10-01
緑,努力,名詞,3,0.97,0.09,2026-10-01
緑,次第,名詞,3,0.97,-1.43,2026-10-01
緑,絶望,名詞,3,0.97,-1.37,2026-10-01
緑,宿主,名詞,3,0.97,1.39,2026-10-01
緑,糧,名詞,3,0.97,-0.5,2026-10-01
緑,いる,動詞,3,0.97,-0.5,2026-10-01
緑,カヴー,名詞,3,0.97,1.92,2026-10-01
緑,憤怒,名詞,3,0.97,-1.1,2026-10-01
緑,名高い,形容詞,3,0.97,0.74,2026-10-01
緑,食べ物,名詞,3,0.97,0.55,2026-10-01
緑,さらす,動詞,3,0.97,1.65,2026-10-01
緑,惑わす,動詞,3,0.97,nan,2026-10-01
緑,隙間,名詞,3,0.97,0.74,2026-10-01
緑,侮る,動詞,3,0.97,1.65,2026-10-01
緑,無視,名詞,3,0.97,0.09,2026-10-01
緑,変身,名詞,3,0.97,1.92,2026-10-01
緑,行使,名詞,3,0.97,nan,2026-10-01
緑,感心,名詞,3,0.97,nan,2026-10-01
緑,ミラーリ,名詞,3,0.97,1.65,2026-10-01
緑,生かす,動詞,3,0.97,1.65,2026-10-01
緑,日誌,名詞,3,0.97,0.09,2026-10-01
緑,脅す,動詞,3,0.97,1.92,2026-10-01
緑,養う,動詞,3,0.97,0.74,2026-10-01
緑,構造,名詞,3,0.97,0.23,2026-10-01
緑,栄養,名詞,3,0.97,nan,2026-10-01
緑,難民,名詞,3,0.97,1.65,2026-10-01
緑,脱出,名詞,3,0.97,-0.28,2026-10-01
緑,頼む,動詞,3,0.97,-0.28,2026-10-01
緑,きもの,名詞,3,0.97,1.15,2026-10-01
緑,地形,名詞,3,0.97,1.65,2026-10-01
緑,デカい,形容詞,3,0.97,0.93,2026-10-01
緑,叶える,動詞,3,0.97,0.39,2026-10-01
緑,願い,名詞,3,0.97,-0.94,2026-10-01
緑,純真,名詞,3,0.97,nan,2026-10-01
緑,個体,名詞,3,0.97,0.93,2026-10-01
緑,乱す,動詞,3,0.97,1.39,2026-10-01
緑,十分,副詞,3,0.97,-0.59,2026-10-01
緑,たとえ,副詞,3,0.97,-1.81,2026-10-01
緑,テル,名詞,3,0.97,nan,2026-10-01
緑,赤い,形容詞,3,0.97,-0.39,2026-10-01
緑,一帯,名詞,3,0.97,nan,2026-10-01
緑,護衛,名詞,3,0.97,-1.1,2026-10-01
緑,整える,動詞,3,0.97,1.39,2026-10-01
緑,ヴィリジアン,名詞,3,0.97,nan,2026-10-01
緑,兆し,名詞,3,0.97,0.74,2026-10-01
緑,以降,名詞,3,0.97,0.93,2026-10-01
緑,貸す,動詞,3,0.97,-0.86,2026-10-01
緑,挟まる,動詞,3,0.97,nan,2026-10-01
緑,最終,名詞,3,0.97,-0.5,2026-10-01
緑,アウフ,名詞,3,0.97,nan,2026-10-01
緑,試験,名詞,3,0.97,1.65,2026-10-01
緑,歌声,名詞,3,0.97,0.55,2026-10-01
緑,ファン,名詞,3,0.97,1.92,2026-10-01
緑,若者,名詞,3,0.97,0.93,2026-10-01
緑,ためらう,動詞,3,0.97,1.15,2026-10-01
緑,孵る,動詞,3,0.97,1.39,2026-10-01
緑,巫,名詞,3,0.97,0.39,2026-10-01
緑,攻める,動詞,3,0.97,0.74,2026-10-01
緑,合戦,名詞,3,0.97,nan,2026-10-01
緑,一夜,名詞,3,0.97,1.39,2026-10-01
緑,少なし,形容詞,3,0.97,1.92,2026-10-01
緑,たどる,動詞,3,0.97,-0.69,2026-10-01
緑,本質,名詞,3,0.97,-0.39,2026-10-01
緑,すぐさま,副詞,3,0.97,0.09,2026-10-01
緑,嫉妬,名詞,3,0.97,1.92,2026-10-01
緑,痩せる,動詞,3,0.97,1.92,2026-10-01
緑,細る,動詞,3,0.97,nan,2026-10-01
緑,鼓動,名詞,3,0.97,-0.5,2026-10-01
緑,つぶす,動詞,3,0.97,0.23,2026-10-01
緑,巡る,動詞,3,0.97,-0.28,2026-10-01
緑,うねる,動詞,3,0.97,1.65,2026-10-01
緑,理想,名詞,3,0.97,-1.37,2026-10-01
緑,鼻,名詞,3,0.97,0.23,2026-10-01
緑,密林,名詞,3,0.97,0.93,2026-10-01
緑,天,名詞,3,0.97,-0.78,2026-10-01
緑,変わり,名詞,3,0.97,0.39,2026-10-01
緑,おぞましい,形容詞,3,0.97,0.55,2026-10-01
緑,軽蔑,名詞,3,0.97,0.93,2026-10-01
緑,最良,名詞,3,0.97,0.23,2026-10-01
緑,ちゃんと,副詞,3,0.97,0.39,2026-10-01
緑,信号,名詞,3,0.97,1.65,2026-10-01
緑,山脈,名詞,3,0.97,1.65,2026-10-01
緑,期待,名詞,3,0.97,-0.86,2026-10-01
緑,挑む,動詞,3,0.97,-1.02,2026-10-01
緑,使い魔,名詞,3,0.97,1.15,2026-10-01
緑,地図,名詞,3,0.97,-1.17,2026-10-01
緑,信仰,名詞,3,0.97,-2.61,2026-10-01
緑,穴,名詞,3,0.97,-1.17,2026-10-01
緑,地区,名詞,3,0.97,-0.28,2026-10-01
緑,臭い,名詞,3,0.97,-1.24,2026-10-01
緑,殺人,名詞,3,0.97,-0.69,2026-10-01
緑,ギルド,名詞,3,0.97,-2.17,2026-10-01
緑,ブリキ,名詞,3,0.97,1.39,2026-10-01
緑,歩み,名詞,3,0.97,1.39,2026-10-01
緑,静けさ,名詞,3,0.97,0.74,2026-10-01
緑,庭師,名詞,3,0.97,nan,2026-10-01
緑,足る,動詞,3,0.97,0.39,2026-10-01
緑,一掃,名詞,3,0.97,0.74,2026-10-01
緑,代物,名詞,3,0.97,1.92,2026-10-01
緑,可聴,名詞,3,0.97,nan,2026-10-01
緑,ふれる,動詞,3,0.97,1.39,2026-10-01
緑,霜,名詞,3,0.97,0.23,2026-10-01
緑,氷,名詞,3,0.97,-1.71,2026-10-01
緑,吐く,動詞,3,0.97,-1.24,2026-10-01
緑,紡ぐ,動詞,3,0.97,0.55,2026-10-01
緑,足取り,名詞,3,0.97,1.92,2026-10-01
緑,寒い,形容詞,3,0.97,-0.5,2026-10-01
緑,手元,名詞,3,0.97,0.93,2026-10-01
緑,隠者,名詞,3,0.97,1.92,2026-10-01
緑,繰る,動詞,3,0.97,-0.5,2026-10-01
緑,捜す,動詞,3,0.97,1.65,2026-10-01
緑,吼える,動詞,3,0.97,1.92,2026-10-01
緑,勢い,名詞,3,0.97,0.93,2026-10-01
緑,冷たい,形容詞,3,0.97,-1.6,2026-10-01
緑,感覚,名詞,3,0.97,-0.69,2026-10-01
緑,地表,名詞,3,0.97,0.74,2026-10-01
緑,乾く,動詞,3,0.97,-0.04,2026-10-01
緑,ヴェール,名詞,3,0.97,0.55,2026-10-01
緑,手放す,動詞,3,0.97,1.92,2026-10-01
緑,枯れる,動詞,3,0.97,0.55,2026-10-01
緑,尽きる,動詞,3,0.97,-1.1,2026-10-01
緑,術策,名詞,3,0.97,nan,2026-10-01
緑,平易,名詞,3,0.97,nan,2026-10-01
緑,肥える,動詞,3,0.97,1.65,2026-10-01
緑,平原,名詞,3,0.97,-0.04,2026-10-01
緑,頼る,動詞,3,0.97,0.23,2026-10-01
緑,薬草,名詞,3,0.97,1.92,2026-10-01
緑,逞しい,形容詞,3,0.97,nan,2026-10-01
緑,増える,動詞,3,0.97,-1.43,2026-10-01
緑,癒える,動詞,3,0.97,1.92,2026-10-01
緑,秒,名詞,3,0.97,0.55,2026-10-01
緑,この世,名詞,3,0.97,-0.86,2026-10-01
緑,洗う,動詞,3,0.97,0.74,2026-10-01
緑,ロック,名詞,3,0.97,-0.39,2026-10-01
緑,撒く,動詞,3,0.97,1.39,2026-10-01
緑,痛める,動詞,3,0.97,1.39,2026-10-01
緑,肥やす,動詞,3,0.97,nan,2026-10-01
緑,術師,名詞,3,0.97,-2.25,2026-10-01
緑,達する,動詞,3,0.97,-0.5,2026-10-01
緑,助言,名詞,3,0.97,0.93,2026-10-01
緑,同情,名詞,3,0.97,nan,2026-10-01
緑,逆,名詞,3,0.97,0.09,2026-10-01
緑,茸,名詞,3,0.97,1.92,2026-10-01
緑,銀,名詞,3,0.97,-0.69,2026-10-01
緑,レン,名詞,3,0.97,0.39,2026-10-01
緑,神話,名詞,3,0.97,0.39,2026-10-01
緑,達人,名詞,3,0.97,-1.17,2026-10-01
緑,施す,動詞,3,0.97,0.93,2026-10-01
緑,弾く,動詞,3,0.97,nan,2026-10-01
緑,エイドレン,名詞,3,0.97,1.92,2026-10-01
緑,行い,名詞,3,0.97,-0.69,2026-10-01
緑,分かつ,動詞,3,0.97,-0.86,2026-10-01
緑,代,名詞,3,0.97,1.39,2026-10-01
緑,予見,名詞,3,0.97,1.15,2026-10-01
緑,超越,名詞,3,0.97,0.23,2026-10-01
緑,光り,名詞,3,0.97,nan,2026-10-01
緑,腐り,名詞,3,0.97,1.15,2026-10-01
緑,盛る,動詞,3,0.97,-1.02,2026-10-01
緑,地位,名詞,3,0.97,1.39,2026-10-01
緑,イチイ,名詞,3,0.97,nan,2026-10-01
緑,年輪,名詞,3,0.97,nan,2026-10-01
緑,教え,名詞,3,0.97,-0.69,2026-10-01
緑,群れる,動詞,3,0.97,1.15,2026-10-01
緑,ローウィン,名詞,3,0.97,-0.69,2026-10-01
緑,叩く,動詞,3,0.97,-2.17,2026-10-01
緑,銅,名詞,3,0.97,1.65,2026-10-01
緑,鬱,名詞,3,0.97,nan,2026-10-01
緑,貪欲,名詞,3,0.97,0.23,2026-10-01
緑,輩,名詞,3,0.97,0.93,2026-10-01
緑,終末,名詞,3,0.97,0.09,2026-10-01
緑,手段,名詞,3,0.97,-1.96,2026-10-01
緑,一体,名詞,3,0.97,-0.59,2026-10-01
緑,臆病,名詞,3,0.97,-0.69,2026-10-01
緑,精,名詞,3,0.97,1.65,2026-10-01
緑,想定,名詞,3,0.97,0.55,2026-10-01
緑,殺し,名詞,3,0.97,-0.28,2026-10-01
緑,カロラス,名詞,3,0.97,0.93,2026-10-01
緑,木の葉,名詞,3,0.97,nan,2026-10-01
緑,帰還,名詞,3,0.97,-0.59,2026-10-01
緑,感謝,名詞,3,0.97,-0.5,2026-10-01
緑,正義,名詞,3,0.97,-2.37,2026-10-01
緑,下げる,動詞,3,0.97,0.93,2026-10-01
緑,活用,名詞,3,0.97,1.39,2026-10-01
緑,ひたすら,副詞,3,0.97,0.93,2026-10-01
緑,畏敬,名詞,3,0.97,1.15,2026-10-01
緑,脆い,形容詞,3,0.97,-0.5,2026-10-01
緑,仔,名詞,3,0.97,0.93,2026-10-01
緑,底,名詞,3,0.97,-0.39,2026-10-01
緑,結界,名詞,3,0.97,-0.04,2026-10-01
緑,唱える,動詞,3,0.97,-0.17,2026-10-01
緑,繁る,動詞,3,0.97,nan,2026-10-01
緑,巨獣,名詞,3,0.97,nan,2026-10-01
緑,格子,名詞,3,0.97,0.74,2026-10-01
緑,全域,名詞,3,0.97,1.65,2026-10-01
緑,うろつく,動詞,3,0.97,-0.78,2026-10-01
緑,高し,形容詞,3,0.97,-0.04,2026-10-01
緑,面倒,名詞,3,0.97,-0.04,2026-10-01
緑,妨害,名詞,3,0.97,0.55,2026-10-01
緑,メイエル,名詞,3,0.97,nan,2026-10-01
緑,煙,名詞,3,0.97,-1.71,2026-10-01
緑,根ざす,動詞,3,0.97,nan,2026-10-01
緑,野性,名詞,3,0.97,1.39,2026-10-01
緑,作物,名詞,3,0.97,0.09,2026-10-01
緑,お腹,名詞,3,0.97,1.65,2026-10-01
緑,馬鹿,名詞,3,0.97,-0.78,2026-10-01
緑,ステンシア,名詞,3,0.97,0.55,2026-10-01
緑,抑制,名詞,3,0.97,1.39,2026-10-01
緑,維持,名詞,3,0.97,-0.39,2026-10-01
緑,捧げ物,名詞,3,0.97,1.39,2026-10-01
緑,潜める,動詞,3,0.97,1.39,2026-10-01
緑,一角,名詞,3,0.97,1.39,2026-10-01
緑,独り,名詞,3,0.97,-0.04,2026-10-01
緑,一口,名詞,3,0.97,0.93,2026-10-01
緑,借りる,動詞,3,0.97,1.15,2026-10-01
緑,地震,名詞,3,0.97,1.92,2026-10-01
緑,支える,動詞,3,0.97,-0.28,2026-10-01
緑,ダヤ,名詞,3,0.97,nan,2026-10-01
緑,否定,名詞,3,0.97,0.39,2026-10-01
緑,広げる,動詞,3,0.97,-0.59,2026-10-01
緑,印,名詞,3,0.97,-0.94,2026-10-01
緑,遺跡,名詞,3,0.97,-0.94,2026-10-01
緑,粗暴,名詞,3,0.97,1.39,2026-10-01
緑,峰,名詞,3,0.97,1.15,2026-10-01
緑,残忍,名詞,3,0.97,-0.04,2026-10-01
緑,招く,動詞,3,0.97,-1.02,2026-10-01
緑,あたる,動詞,3,0.97,-0.28,2026-10-01
緑,挑発,名詞,3,0.97,1.39,2026-10-01
緑,滴る,動詞,3,0.97,1.15,2026-10-01
緑,仕留める,動詞,3,0.97,0.39,2026-10-01
緑,一撃,名詞,3,0.97,-1.43,2026-10-01
緑,よだれ,名詞,3,0.97,nan,2026-10-01
緑,毒物,名詞,3,0.97,nan,2026-10-01
緑,拒む,動詞,3,0.97,-0.39,2026-10-01
緑,崩す,動詞,3,0.97,0.93,2026-10-01
緑,均衡,名詞,3,0.97,0.39,2026-10-01
緑,眼下,名詞,3,0.97,0.93,2026-10-01
緑,吊る,動詞,3,0.97,nan,2026-10-01
緑,猪,名詞,3,0.97,1.92,2026-10-01
緑,今夜,名詞,3,0.97,0.09,2026-10-01
緑,確保,名詞,3,0.97,0.23,2026-10-01
緑,指輪,名詞,3,0.97,-0.69,2026-10-01
緑,ブラック,名詞,3,0.97,nan,2026-10-01
緑,文化,名詞,3,0.97,0.93,2026-10-01
緑,対立,名詞,3,0.97,1.65,2026-10-01
緑,主張,名詞,3,0.97,0.93,2026-10-01
緑,ラダガスト,名詞,3,0.97,nan,2026-10-01
緑,工作,名詞,3,0.97,-0.69,2026-10-01
緑,強大,名詞,3,0.97,-0.5,2026-10-01
緑,病,名詞,3,0.97,-0.17,2026-10-01
緑,並ぶ,動詞,3,0.97,-0.69,2026-10-01
緑,余地,名詞,3,0.97,-0.39,2026-10-01
緑,制圧,名詞,3,0.97,0.74,2026-10-01
緑,除く,動詞,3,0.97,-1.02,2026-10-01
緑,奥底,名詞,3,0.97,0.93,2026-10-01
緑,けだもの,名詞,3,0.97,nan,2026-10-01
緑,ギタクシアス,名詞,3,0.97,-0.04,2026-10-01
緑,大,名詞,3,0.97,1.65,2026-10-01
緑,ガヴォニー,名詞,3,0.97,0.74,2026-10-01
緑,高貴,名詞,3,0.97,-0.28,2026-10-01
緑,目標,名詞,3,0.97,0.09,2026-10-01
緑,美味い,形容詞,3,0.97,0.74,2026-10-01
緑,スレイベン,名詞,3,0.97,-1.1,2026-10-01
緑,ゾンビ,名詞,3,0.97,-1.02,2026-10-01
緑,羊,名詞,3,0.97,0.74,2026-10-01
緑,城,名詞,3,0.97,0.55,2026-10-01
緑,表土,名詞,3,0.97,nan,2026-10-01
緑,溶かす,動詞,3,0.97,1.39,2026-10-01
緑,敵意,名詞,3,0.97,1.92,2026-10-01
緑,絶える,動詞,3,0.97,-0.78,2026-10-01
緑,原初,名詞,3,0.97,1.15,2026-10-01
緑,寒気,名詞,3,0.97,1.15,2026-10-01
緑,関連,名詞,3,0.97,1.92,2026-10-01
緑,もし,副詞,3,0.97,-0.59,2026-10-01
緑,手強い,形容詞,3,0.97,nan,2026-10-01
緑,向かえる,動詞,3,0.97,nan,2026-10-01
緑,技量,名詞,3,0.97,0.39,2026-10-01
緑,養分,名詞,3,0.97,nan,2026-10-01
緑,世,名詞,3,0.97,-0.04,2026-10-01
緑,街路,名詞,3,0.97,-0.39,2026-10-01
緑,居住,名詞,3,0.97,1.65,2026-10-01
緑,遭遇,名詞,3,0.97,0.93,2026-10-01
緑,策,名詞,3,0.97,0.55,2026-10-01
緑,トロスターニ,名詞,3,0.97,1.92,2026-10-01
緑,疲れる,動詞,3,0.97,-0.04,2026-10-01
緑,旧,名詞,3,0.97,1.39,2026-10-01
緑,アゾリウス,名詞,3,0.97,-1.17,2026-10-01
緑,粉砕,名詞,3,0.97,1.39,2026-10-01
緑,構う,動詞,3,0.97,0.23,2026-10-01
緑,蹄,名詞,3,0.97,-0.86,2026-10-01
緑,支払う,動詞,3,0.97,-0.78,2026-10-01
緑,オルゾフ,名詞,3,0.97,-1.02,2026-10-01
緑,酋長,名詞,3,0.97,1.65,2026-10-01
緑,組,名詞,3,0.97,0.55,2026-10-01
緑,急使,名詞,3,0.97,nan,2026-10-01
緑,神秘,名詞,3,0.97,-0.39,2026-10-01
緑,際,名詞,3,0.97,-0.17,2026-10-01
緑,力強い,形容詞,3,0.97,0.39,2026-10-01
緑,術士,名詞,3,0.97,-1.3,2026-10-01
緑,対峙,名詞,3,0.97,1.15,2026-10-01
緑,助力,名詞,3,0.97,nan,2026-10-01
緑,拡大,名詞,3,0.97,0.39,2026-10-01
緑,指揮,名詞,3,0.97,-0.59,2026-10-01
緑,不満,名詞,3,0.97,0.93,2026-10-01
緑,率いる,動詞,3,0.97,-0.5,2026-10-01
緑,幾多,名詞,3,0.97,1.65,2026-10-01
緑,現場,名詞,3,0.97,-0.04,2026-10-01
緑,テーロス,名詞,3,0.97,-0.17,2026-10-01
緑,生まれ,名詞,3,0.97,1.39,2026-10-01
緑,拒否,名詞,3,0.97,0.74,2026-10-01
緑,残響,名詞,3,0.97,0.09,2026-10-01
緑,仮面,名詞,3,0.97,-0.17,2026-10-01
緑,抑える,動詞,3,0.97,-0.39,2026-10-01
緑,職人,名詞,3,0.97,0.74,2026-10-01
緑,通り道,名詞,3,0.97,1.15,2026-10-01
緑,草原,名詞,3,0.97,0.39,2026-10-01
緑,デザイン,名詞,3,0.97,-0.78,2026-10-01
緑,野獣,名詞,3,0.97,1.92,2026-10-01
緑,過程,名詞,3,0.97,0.74,2026-10-01
緑,威嚇,名詞,3,0.97,1.65,2026-10-01
緑,纏う,動詞,3,0.97,0.93,2026-10-01
緑,シスマ,名詞,3,0.97,1.92,2026-10-01
緑,勇猛,名詞,3,0.97,0.55,2026-10-01
緑,一員,名詞,3,0.97,0.39,2026-10-01
緑,うなる,動詞,3,0.97,nan,2026-10-01
緑,氏族,名詞,3,0.97,-0.94,2026-10-01
緑,蹂躙,名詞,3,0.97,0.55,2026-10-01
緑,珍味,名詞,3,0.97,1.92,2026-10-01
緑,サルカン,名詞,3,0.97,-0.94,2026-10-01
緑,遮る,動詞,3,0.97,1.39,2026-10-01
緑,視界,名詞,3,0.97,-0.17,2026-10-01
緑,利用,名詞,3,0.97,-1.81,2026-10-01
緑,軽い,形容詞,3,0.97,0.09,2026-10-01
緑,湿地,名詞,3,0.97,1.92,2026-10-01
緑,狂気,名詞,3,0.97,-1.76,2026-10-01
緑,凧,名詞,3,0.97,1.65,2026-10-01
緑,管区,名詞,3,0.97,-0.04,2026-10-01
緑,ギデオン,名詞,3,0.97,-1.71,2026-10-01
緑,シャン,名詞,3,0.97,1.92,2026-10-01
緑,叫ぶ,動詞,3,0.97,-2.33,2026-10-01
緑,豊潤,名詞,3,0.97,1.65,2026-10-01
緑,喰う,動詞,3,0.97,0.23,2026-10-01
緑,豊作,名詞,3,0.97,nan,2026-10-01
緑,畑,名詞,3,0.97,0.93,2026-10-01
緑,他所,名詞,3,0.97,nan,2026-10-01
緑,ころ,名詞,3,0.97,0.55,2026-10-01
緑,村人,名詞,3,0.97,-0.5,2026-10-01
緑,ひどい,形容詞,3,0.97,-1.02,2026-10-01
緑,利く,動詞,3,0.97,0.23,2026-10-01
緑,沿う,動詞,3,0.97,1.92,2026-10-01
緑,大鹿,名詞,3,0.97,nan,2026-10-01
緑,辺り,名詞,3,0.97,0.39,2026-10-01
緑,用心,名詞,3,0.97,0.39,2026-10-01
緑,種類,名詞,3,0.97,-0.28,2026-10-01
緑,捻じる,動詞,3,0.97,0.39,2026-10-01
緑,博覧,名詞,3,0.97,0.09,2026-10-01
緑,大抵,副詞,3,0.97,-0.69,2026-10-01
緑,にじる,動詞,3,0.97,1.92,2026-10-01
緑,僧帽,名詞,3,0.97,nan,2026-10-01
緑,襞,名詞,3,0.97,nan,2026-10-01
緑,ピーマ,名詞,3,0.97,nan,2026-10-01
緑,優れる,動詞,3,0.97,-1.17,2026-10-01
緑,みなす,動詞,3,0.97,0.74,2026-10-01
緑,来世,名詞,3,0.97,-0.28,2026-10-01
緑,舌,名詞,3,0.97,-0.69,2026-10-01
緑,疑念,名詞,3,0.97,0.39,2026-10-01
緑,一門,名詞,3,0.97,-0.39,2026-10-01
緑,サンド,名詞,3,0.97,nan,2026-10-01
緑,不滅,名詞,3,0.97,-0.69,2026-10-01
緑,再建,名詞,3,0.97,1.15,2026-10-01
緑,感じ,名詞,3,0.97,0.55,2026-10-01
緑,イクサーリ,名詞,3,0.97,nan,2026-10-01
緑,一人一人,名詞,3,0.97,nan,2026-10-01
緑,帆,名詞,3,0.97,1.39,2026-10-01
緑,指示,名詞,3,0.97,-0.86,2026-10-01
緑,国家,名詞,3,0.97,-0.04,2026-10-01
緑,表す,動詞,3,0.97,0.09,2026-10-01
緑,不安,名詞,3,0.97,0.74,2026-10-01
緑,申し訳,名詞,3,0.97,1.92,2026-10-01
緑,下す,動詞,3,0.97,0.09,2026-10-01
緑,クモ,名詞,3,0.97,1.65,2026-10-01
緑,特徴,名詞,3,0.97,1.92,2026-10-01
緑,後ろ,名詞,3,0.97,-0.94,2026-10-01
緑,ささやき,名詞,3,0.97,1.92,2026-10-01
緑,巡らす,動詞,3,0.97,1.92,2026-10-01
緑,秘訣,名詞,3,0.97,0.93,2026-10-01
緑,災厄,名詞,3,0.97,-0.39,2026-10-01
緑,自慢,名詞,3,0.97,0.93,2026-10-01
緑,毛皮,名詞,3,0.97,1.15,2026-10-01
緑,限りない,形容詞,3,0.97,1.65,2026-10-01
緑,退治,名詞,3,0.97,0.74,2026-10-01
緑,雷,名詞,3,0.97,-1.71,2026-10-01
緑,平坦,名詞,3,0.97,nan,2026-10-01
緑,害虫,名詞,3,0.97,0.55,2026-10-01
緑,出発,名詞,3,0.97,1.65,2026-10-01
緑,パーティー,名詞,3,0.97,0.09,2026-10-01
緑,アイニール,名詞,3,0.97,nan,2026-10-01
緑,愛情,名詞,3,0.97,0.55,2026-10-01
緑,グリーン,名詞,3,0.97,nan,2026-10-01
緑,特化,名詞,3,0.97,1.65,2026-10-01
緑,ごめん,名詞,3,0.97,1.39,2026-10-01
緑,御前,名詞,3,0.97,nan,2026-10-01
緑,迷宮,名詞,3,0.97,0.55,2026-10-01
緑,祝い,名詞,3,0.97,nan,2026-10-01
緑,細工,名詞,3,0.97,0.74,2026-10-01
緑,パワー,名詞,3,0.97,0.55,2026-10-01
緑,宮廷,名詞,3,0.97,1.15,2026-10-01
緑,水晶,名詞,3,0.97,-0.69,2026-10-01
緑,脱走,名詞,3,0.97,1.39,2026-10-01
緑,オルテカ,名詞,3,0.97,-0.17,2026-10-01
緑,どのみち,副詞,3,0.97,1.65,2026-10-01
緑,探偵,名詞,3,0.97,0.23,2026-10-01
緑,ケイヤ,名詞,3,0.97,0.39,2026-10-01
緑,騎,名詞,3,0.97,1.92,2026-10-01
緑,乗,名詞,3,0.97,1.92,2026-10-01
緑,幼い,形容詞,3,0.97,1.65,2026-10-01
緑,ヤツ,名詞,3,0.97,0.09,2026-10-01
緑,殴る,動詞,3,0.97,-0.17,2026-10-01
緑,痛い,形容詞,3,0.97,-2.37,2026-10-01
緑,ブルード,名詞,3,0.97,1.92,2026-10-01
緑,消化,名詞,3,0.97,1.15,2026-10-01
緑,当たる,動詞,3,0.97,-0.04,2026-10-01
緑,薬,名詞,3,0.97,0.09,2026-10-01
緑,愛する,動詞,3,0.97,-1.3,2026-10-01
緑,成果,名詞,3,0.97,0.93,2026-10-01
緑,他者,名詞,3,0.97,0.55,2026-10-01
緑,競技,名詞,3,0.97,0.09,2026-10-01
緑,エント,名詞,3,0.97,nan,2026-10-01
緑,圧倒,名詞,3,0.97,0.55,2026-10-01
緑,アラゴルン,名詞,3,0.97,0.55,2026-10-01
緑,笑い声,名詞,3,0.97,0.09,2026-10-01
緑,魔狼,名詞,3,0.97,1.65,2026-10-01
緑,市民,名詞,2,0.65,-1.04,2026-10-01
緑,イスペリア,名詞,2,0.65,0.76,2026-10-01
緑,はめ,名詞,2,0.65,0.76,2026-10-01
緑,ガメレン,名詞,2,0.65,nan,2026-10-01
緑,シタヌール,名詞,2,0.65,nan,2026-10-01
緑,感知,名詞,2,0.65,nan,2026-10-01
緑,濃い,形容詞,2,0.65,0.76,2026-10-01
緑,エリート,名詞,2,0.65,nan,2026-10-01
緑,極楽鳥,名詞,2,0.65,nan,2026-10-01
緑,異国,名詞,2,0.65,nan,2026-10-01
緑,塗る,動詞,2,0.65,-0.56,2026-10-01
緑,汚れ,名詞,2,0.65,1.04,2026-10-01
緑,愛らしい,形容詞,2,0.65,nan,2026-10-01
緑,アニマル,名詞,2,0.65,1.04,2026-10-01
緑,渡り,名詞,2,0.65,nan,2026-10-01
緑,添える,動詞,2,0.65,nan,2026-10-01
緑,長らく,副詞,2,0.65,nan,2026-10-01
緑,アルケヴィオス,名詞,2,0.65,0.13,2026-10-01
緑,卿,名詞,2,0.65,-0.03,2026-10-01
緑,全然,副詞,2,0.65,0.32,2026-10-01
緑,所以,名詞,2,0.65,nan,2026-10-01
緑,本来,名詞,2,0.65,0.52,2026-10-01
緑,魅力,名詞,2,0.65,-0.86,2026-10-01
緑,労働,名詞,2,0.65,0.32,2026-10-01
緑,勝手に,副詞,2,0.65,-0.32,2026-10-01
緑,同,名詞,2,0.65,nan,2026-10-01
緑,遺棄,名詞,2,0.65,nan,2026-10-01
緑,いちばん,名詞,2,0.65,1.04,2026-10-01
緑,錯覚,名詞,2,0.65,nan,2026-10-01
緑,聖職,名詞,2,0.65,nan,2026-10-01
緑,反撃,名詞,2,0.65,-0.32,2026-10-01
緑,眩む,動詞,2,0.65,nan,2026-10-01
緑,上座,名詞,2,0.65,nan,2026-10-01
緑,チビ,名詞,2,0.65,1.04,2026-10-01
緑,もめ,名詞,2,0.65,0.76,2026-10-01
緑,デカブツ,名詞,2,0.65,nan,2026-10-01
緑,クラフト,名詞,2,0.65,nan,2026-10-01
緑,スピリット,名詞,2,0.65,0.32,2026-10-01
緑,分かれる,動詞,2,0.65,1.04,2026-10-01
緑,授かる,動詞,2,0.65,0.32,2026-10-01
緑,いたずら,名詞,2,0.65,-0.86,2026-10-01
緑,作れる,動詞,2,0.65,-0.03,2026-10-01
緑,ルアゴイフ,名詞,2,0.65,nan,2026-10-01
緑,惹く,動詞,2,0.65,-1.04,2026-10-01
緑,導き,名詞,2,0.65,-0.56,2026-10-01
緑,ジャムーラ,名詞,2,0.65,nan,2026-10-01
緑,往々,副詞,2,0.65,nan,2026-10-01
緑,もつれる,動詞,2,0.65,0.76,2026-10-01
緑,丈,名詞,2,0.65,nan,2026-10-01
緑,伐採,名詞,2,0.65,nan,2026-10-01
緑,悪し,形容詞,2,0.65,-0.03,2026-10-01
緑,アーボーグ,名詞,2,0.65,-0.56,2026-10-01
緑,果実,名詞,2,0.65,0.52,2026-10-01
緑,当てる,動詞,2,0.65,-0.45,2026-10-01
緑,射る,動詞,2,0.65,0.32,2026-10-01
緑,カマキリ,名詞,2,0.65,nan,2026-10-01
緑,タジーム,名詞,2,0.65,-0.67,2026-10-01
緑,夏,名詞,2,0.65,0.52,2026-10-01
緑,こめる,動詞,2,0.65,0.76,2026-10-01
緑,敬う,動詞,2,0.65,0.52,2026-10-01
緑,むしろ,副詞,2,0.65,-0.67,2026-10-01
緑,カビ,名詞,2,0.65,nan,2026-10-01
緑,制裁,名詞,2,0.65,1.04,2026-10-01
緑,上下,名詞,2,0.65,nan,2026-10-01
緑,王子,名詞,2,0.65,nan,2026-10-01
緑,いかに,副詞,2,0.65,-0.45,2026-10-01
緑,機能,名詞,2,0.65,-0.45,2026-10-01
緑,親切,名詞,2,0.65,-0.03,2026-10-01
緑,収める,動詞,2,0.65,-0.18,2026-10-01
緑,這いずる,動詞,2,0.65,0.76,2026-10-01
緑,いっぱい,副詞,2,0.65,nan,2026-10-01
緑,つくる,動詞,2,0.65,-0.45,2026-10-01
緑,正面,名詞,2,0.65,0.76,2026-10-01
緑,ルートワラ,名詞,2,0.65,nan,2026-10-01
緑,対象,名詞,2,0.65,0.52,2026-10-01
緑,紋章,名詞,2,0.65,0.76,2026-10-01
緑,交易,名詞,2,0.65,nan,2026-10-01
緑,宝石,名詞,2,0.65,-0.56,2026-10-01
緑,シダ,名詞,2,0.65,nan,2026-10-01
緑,破れる,動詞,2,0.65,0.13,2026-10-01
緑,ねじれる,動詞,2,0.65,1.04,2026-10-01
緑,釘,名詞,2,0.65,0.76,2026-10-01
緑,林冠,名詞,2,0.65,nan,2026-10-01
緑,気味,名詞,2,0.65,-0.86,2026-10-01
緑,駿馬,名詞,2,0.65,nan,2026-10-01
緑,やっぱり,副詞,2,0.65,0.76,2026-10-01
緑,ますます,副詞,2,0.65,nan,2026-10-01
緑,たそがれ,名詞,2,0.65,nan,2026-10-01
緑,散らす,動詞,2,0.65,-0.56,2026-10-01
緑,容赦,名詞,2,0.65,-1.69,2026-10-01
緑,盗人,名詞,2,0.65,0.13,2026-10-01
緑,条件,名詞,2,0.65,1.04,2026-10-01
緑,大量,名詞,2,0.65,-0.03,2026-10-01
緑,コントロール,名詞,2,0.65,nan,2026-10-01
緑,湿る,動詞,2,0.65,nan,2026-10-01
緑,自覚,名詞,2,0.65,nan,2026-10-01
緑,直感,名詞,2,0.65,nan,2026-10-01
緑,短い,形容詞,2,0.65,-0.32,2026-10-01
緑,衰える,動詞,2,0.65,-0.03,2026-10-01
緑,薔薇,名詞,2,0.65,1.04,2026-10-01
緑,恨み,名詞,2,0.65,-0.77,2026-10-01
緑,手間,名詞,2,0.65,nan,2026-10-01
緑,気候,名詞,2,0.65,0.76,2026-10-01
緑,外来,名詞,2,0.65,nan,2026-10-01
緑,生き甲斐,名詞,2,0.65,nan,2026-10-01
緑,追従,名詞,2,0.65,nan,2026-10-01
緑,家来,名詞,2,0.65,nan,2026-10-01
緑,水路,名詞,2,0.65,0.76,2026-10-01
緑,胃袋,名詞,2,0.65,nan,2026-10-01
緑,もはや,副詞,2,0.65,-1.64,2026-10-01
緑,流動,名詞,2,0.65,0.32,2026-10-01
緑,油断,名詞,2,0.65,0.52,2026-10-01
緑,使い方,名詞,2,0.65,nan,2026-10-01
緑,凶兆,名詞,2,0.65,nan,2026-10-01
緑,心地よい,形容詞,2,0.65,1.04,2026-10-01
緑,音楽,名詞,2,0.65,-0.03,2026-10-01
緑,強化,名詞,2,0.65,-0.67,2026-10-01
緑,律動,名詞,2,0.65,nan,2026-10-01
緑,細胞,名詞,2,0.65,nan,2026-10-01
緑,アレルギー,名詞,2,0.65,nan,2026-10-01
緑,うなり声,名詞,2,0.65,1.04,2026-10-01
緑,平安,名詞,2,0.65,nan,2026-10-01
緑,広がり,名詞,2,0.65,nan,2026-10-01
緑,居,名詞,2,0.65,-0.77,2026-10-01
緑,びっくり,名詞,2,0.65,0.52,2026-10-01
緑,備え,名詞,2,0.65,nan,2026-10-01
緑,正しい,形容詞,2,0.65,-2.22,2026-10-01
緑,包囲,名詞,2,0.65,0.76,2026-10-01
緑,タンク,名詞,2,0.65,nan,2026-10-01
緑,観葉,名詞,2,0.65,nan,2026-10-01
緑,勧める,動詞,2,0.65,0.52,2026-10-01
緑,聖域,名詞,2,0.65,-0.03,2026-10-01
緑,埋葬,名詞,2,0.65,-0.18,2026-10-01
緑,願い事,名詞,2,0.65,1.04,2026-10-01
緑,事態,名詞,2,0.65,-0.67,2026-10-01
緑,含める,動詞,2,0.65,nan,2026-10-01
緑,アバター,名詞,2,0.65,-0.95,2026-10-01
緑,甲虫,名詞,2,0.65,nan,2026-10-01
緑,寄生,名詞,2,0.65,1.04,2026-10-01
緑,はびこる,動詞,2,0.65,0.76,2026-10-01
緑,小川,名詞,2,0.65,nan,2026-10-01
緑,反対,名詞,2,0.65,0.13,2026-10-01
緑,なかなか,副詞,2,0.65,-0.77,2026-10-01
緑,花瓶,名詞,2,0.65,nan,2026-10-01
緑,素材,名詞,2,0.65,0.13,2026-10-01
緑,滅する,動詞,2,0.65,nan,2026-10-01
緑,墓石,名詞,2,0.65,0.76,2026-10-01
緑,ズボン,名詞,2,0.65,nan,2026-10-01
緑,ピカピカ,副詞,2,0.65,0.76,2026-10-01
緑,大空,名詞,2,0.65,0.76,2026-10-01
緑,戦乱,名詞,2,0.65,0.32,2026-10-01
緑,風雲,名詞,2,0.65,nan,2026-10-01
緑,ラネリー,名詞,2,0.65,nan,2026-10-01
緑,囲い,名詞,2,0.65,nan,2026-10-01
緑,交わる,動詞,2,0.65,1.04,2026-10-01
緑,荒地,名詞,2,0.65,nan,2026-10-01
緑,よっぽど,副詞,2,0.65,0.32,2026-10-01
緑,怒鳴る,動詞,2,0.65,nan,2026-10-01
緑,天気,名詞,2,0.65,0.76,2026-10-01
緑,安息,名詞,2,0.65,-0.77,2026-10-01
緑,葉擦れ,名詞,2,0.65,nan,2026-10-01
緑,言語,名詞,2,0.65,0.52,2026-10-01
緑,見習い,名詞,2,0.65,0.52,2026-10-01
緑,約束,名詞,2,0.65,-1.79,2026-10-01
緑,スピラ,名詞,2,0.65,nan,2026-10-01
緑,窓,名詞,2,0.65,-0.77,2026-10-01
緑,扉,名詞,2,0.65,-2.14,2026-10-01
緑,ヶ月,名詞,2,0.65,0.32,2026-10-01
緑,獲る,動詞,2,0.65,nan,2026-10-01
緑,解体,名詞,2,0.65,0.76,2026-10-01
緑,推す,動詞,2,0.65,nan,2026-10-01
緑,ルール,名詞,2,0.65,0.13,2026-10-01
緑,観察,名詞,2,0.65,-0.45,2026-10-01
緑,ありがたい,形容詞,2,0.65,-0.45,2026-10-01
緑,巣穴,名詞,2,0.65,-1.46,2026-10-01
緑,習う,動詞,2,0.65,1.04,2026-10-01
緑,結束,名詞,2,0.65,-0.18,2026-10-01
緑,偶然,名詞,2,0.65,1.04,2026-10-01
緑,炉,名詞,2,0.65,-2.26,2026-10-01
緑,楽々,副詞,2,0.65,nan,2026-10-01
緑,追放,名詞,2,0.65,-0.56,2026-10-01
緑,俊敏,名詞,2,0.65,1.04,2026-10-01
緑,きらめき,名詞,2,0.65,1.04,2026-10-01
緑,錆,名詞,2,0.65,nan,2026-10-01
緑,ラディックス,名詞,2,0.65,nan,2026-10-01
緑,境,名詞,2,0.65,-0.03,2026-10-01
緑,忘却,名詞,2,0.65,-1.12,2026-10-01
緑,泣き声,名詞,2,0.65,nan,2026-10-01
緑,一団,名詞,2,0.65,0.52,2026-10-01
緑,歯車,名詞,2,0.65,1.04,2026-10-01
緑,機器,名詞,2,0.65,nan,2026-10-01
緑,沈む,動詞,2,0.65,-1.46,2026-10-01
緑,否,名詞,2,0.65,0.76,2026-10-01
緑,享楽,名詞,2,0.65,nan,2026-10-01
緑,眼差し,名詞,2,0.65,-0.56,2026-10-01
緑,最中,名詞,2,0.65,-0.67,2026-10-01
緑,木霊,名詞,2,0.65,nan,2026-10-01
緑,険しい,形容詞,2,0.65,nan,2026-10-01
緑,困惑,名詞,2,0.65,1.04,2026-10-01
緑,直接,副詞,2,0.65,0.32,2026-10-01
緑,フォーン,名詞,2,0.65,nan,2026-10-01
緑,怯える,動詞,2,0.65,-0.32,2026-10-01
緑,どんどん,副詞,2,0.65,0.13,2026-10-01
緑,社,名詞,2,0.65,-0.86,2026-10-01
緑,長命,名詞,2,0.65,nan,2026-10-01
緑,殺戮,名詞,2,0.65,-1.33,2026-10-01
緑,為す,動詞,2,0.65,0.13,2026-10-01
緑,同意,名詞,2,0.65,0.32,2026-10-01
緑,悟り,名詞,2,0.65,0.13,2026-10-01
緑,鍵,名詞,2,0.65,-1.52,2026-10-01
緑,天国,名詞,2,0.65,1.04,2026-10-01
緑,大小,名詞,2,0.65,nan,2026-10-01
緑,昇る,動詞,2,0.65,-1.84,2026-10-01
緑,こする,動詞,2,0.65,nan,2026-10-01
緑,荷,名詞,2,0.65,nan,2026-10-01
緑,横たえる,動詞,2,0.65,nan,2026-10-01
緑,恋しい,形容詞,2,0.65,nan,2026-10-01
緑,一歩,名詞,2,0.65,-0.03,2026-10-01
緑,笑み,名詞,2,0.65,-0.32,2026-10-01
緑,浮かべる,動詞,2,0.65,-0.67,2026-10-01
緑,止め,名詞,2,0.65,nan,2026-10-01
緑,敗れる,動詞,2,0.65,0.52,2026-10-01
緑,刺す,動詞,2,0.65,-1.52,2026-10-01
緑,近づける,動詞,2,0.65,-0.03,2026-10-01
緑,個人,名詞,2,0.65,-0.32,2026-10-01
緑,おそらく,副詞,2,0.65,0.76,2026-10-01
緑,詠唱,名詞,2,0.65,0.76,2026-10-01
緑,神社,名詞,2,0.65,nan,2026-10-01
緑,基礎,名詞,2,0.65,0.32,2026-10-01
緑,胸,名詞,2,0.65,-1.64,2026-10-01
緑,香,名詞,2,0.65,0.76,2026-10-01
緑,漂う,動詞,2,0.65,-0.67,2026-10-01
緑,死する,動詞,2,0.65,-0.18,2026-10-01
緑,しかり,動詞,2,0.65,0.32,2026-10-01
緑,垂直,名詞,2,0.65,nan,2026-10-01
緑,武道,名詞,2,0.65,nan,2026-10-01
緑,水中,名詞,2,0.65,0.52,2026-10-01
緑,教会,名詞,2,0.65,-1.74,2026-10-01
緑,タペストリー,名詞,2,0.65,1.04,2026-10-01
緑,言わば,副詞,2,0.65,nan,2026-10-01
緑,隣,名詞,2,0.65,nan,2026-10-01
緑,継ぎ目,名詞,2,0.65,nan,2026-10-01
緑,街角,名詞,2,0.65,nan,2026-10-01
緑,浮かぶ,動詞,2,0.65,-1.52,2026-10-01
緑,悟る,動詞,2,0.65,-0.56,2026-10-01
緑,形作る,動詞,2,0.65,-0.18,2026-10-01
緑,韻律,名詞,2,0.65,nan,2026-10-01
緑,とどろく,動詞,2,0.65,nan,2026-10-01
緑,行動,名詞,2,0.65,-2.1,2026-10-01
緑,柱,名詞,2,0.65,-0.18,2026-10-01
緑,費やす,動詞,2,0.65,-0.32,2026-10-01
緑,惑星,名詞,2,0.65,1.04,2026-10-01
緑,届ける,動詞,2,0.65,-1.26,2026-10-01
緑,ミュータント,名詞,2,0.65,0.52,2026-10-01
緑,施設,名詞,2,0.65,0.52,2026-10-01
緑,市場,名詞,2,0.65,-1.12,2026-10-01
緑,明かす,動詞,2,0.65,-0.86,2026-10-01
緑,観衆,名詞,2,0.65,nan,2026-10-01
緑,名残,名詞,2,0.65,1.04,2026-10-01
緑,古木,名詞,2,0.65,nan,2026-10-01
緑,膨れる,動詞,2,0.65,1.04,2026-10-01
緑,複雑,名詞,2,0.65,-0.77,2026-10-01
緑,染める,動詞,2,0.65,-0.67,2026-10-01
緑,煮る,動詞,2,0.65,0.76,2026-10-01
緑,探る,動詞,2,0.65,-0.03,2026-10-01
緑,世捨て,名詞,2,0.65,nan,2026-10-01
緑,喧騒,名詞,2,0.65,1.04,2026-10-01
緑,ぶつ,動詞,2,0.65,-1.46,2026-10-01
緑,装い,名詞,2,0.65,0.76,2026-10-01
緑,野心,名詞,2,0.65,-0.86,2026-10-01
緑,情熱,名詞,2,0.65,-1.19,2026-10-01
緑,嘲る,動詞,2,0.65,0.52,2026-10-01
緑,信徒,名詞,2,0.65,0.52,2026-10-01
緑,下水,名詞,2,0.65,0.76,2026-10-01
緑,浮浪,名詞,2,0.65,nan,2026-10-01
緑,暴,名詞,2,0.65,nan,2026-10-01
緑,獲得,名詞,2,0.65,0.32,2026-10-01
緑,鉢,名詞,2,0.65,nan,2026-10-01
緑,定める,動詞,2,0.65,-0.86,2026-10-01
緑,生者,名詞,2,0.65,-1.12,2026-10-01
緑,脇,名詞,2,0.65,0.52,2026-10-01
緑,オーラン,名詞,2,0.65,nan,2026-10-01
緑,きらめく,動詞,2,0.65,0.32,2026-10-01
緑,擬態,名詞,2,0.65,nan,2026-10-01
緑,熱い,形容詞,2,0.65,-1.04,2026-10-01
緑,奴隷,名詞,2,0.65,0.32,2026-10-01
緑,つながる,動詞,2,0.65,-0.45,2026-10-01
緑,衝動,名詞,2,0.65,-0.18,2026-10-01
緑,食む,動詞,2,0.65,nan,2026-10-01
緑,凍える,動詞,2,0.65,0.32,2026-10-01
緑,熱,名詞,2,0.65,-2.06,2026-10-01
緑,放射,名詞,2,0.65,0.32,2026-10-01
緑,蘇る,動詞,2,0.65,-1.26,2026-10-01
緑,使える,動詞,2,0.65,-1.46,2026-10-01
緑,ジド,名詞,2,0.65,nan,2026-10-01
緑,疫病,名詞,2,0.65,-1.04,2026-10-01
緑,ペンデルヘイヴン,名詞,2,0.65,nan,2026-10-01
緑,幻影,名詞,2,0.65,-0.86,2026-10-01
緑,急流,名詞,2,0.65,nan,2026-10-01
緑,一声,名詞,2,0.65,nan,2026-10-01
緑,でっかい,形容詞,2,0.65,nan,2026-10-01
緑,尾根,名詞,2,0.65,nan,2026-10-01
緑,とたん,名詞,2,0.65,nan,2026-10-01
緑,ほろ苦い,形容詞,2,0.65,nan,2026-10-01
緑,協和,名詞,2,0.65,nan,2026-10-01
緑,証人,名詞,2,0.65,nan,2026-10-01
緑,ねじくれる,動詞,2,0.65,-0.03,2026-10-01
緑,穴掘り,名詞,2,0.65,nan,2026-10-01
緑,ぶち,副詞,2,0.65,nan,2026-10-01
緑,糧食,名詞,2,0.65,nan,2026-10-01
緑,産む,動詞,2,0.65,1.04,2026-10-01
緑,コカトリス,名詞,2,0.65,nan,2026-10-01
緑,萎える,動詞,2,0.65,nan,2026-10-01
緑,粘液,名詞,2,0.65,1.04,2026-10-01
緑,捻れる,動詞,2,0.65,nan,2026-10-01
緑,畏怖,名詞,2,0.65,0.13,2026-10-01
緑,錬金,名詞,2,0.65,-0.95,2026-10-01
緑,花々,名詞,2,0.65,nan,2026-10-01
緑,要塞,名詞,2,0.65,-1.58,2026-10-01
緑,ヴォルラス,名詞,2,0.65,nan,2026-10-01
緑,忠告,名詞,2,0.65,0.76,2026-10-01
緑,根本,名詞,2,0.65,nan,2026-10-01
緑,勝る,動詞,2,0.65,-0.67,2026-10-01
緑,湯,名詞,2,0.65,nan,2026-10-01
緑,グール,名詞,2,0.65,-2.5,2026-10-01
緑,せめて,副詞,2,0.65,nan,2026-10-01
緑,遂げる,動詞,2,0.65,-1.12,2026-10-01
緑,臍帯,名詞,2,0.65,nan,2026-10-01
緑,螺旋,名詞,2,0.65,nan,2026-10-01
緑,実践,名詞,2,0.65,0.32,2026-10-01
緑,程,名詞,2,0.65,nan,2026-10-01
緑,冒す,動詞,2,0.65,0.52,2026-10-01
緑,問い,名詞,2,0.65,0.52,2026-10-01
緑,蒔く,動詞,2,0.65,0.32,2026-10-01
緑,翌年,名詞,2,0.65,nan,2026-10-01
緑,工芸,名詞,2,0.65,1.04,2026-10-01
緑,根元,名詞,2,0.65,nan,2026-10-01
緑,矢羽,名詞,2,0.65,nan,2026-10-01
緑,鏃,名詞,2,0.65,nan,2026-10-01
緑,喜ばしい,形容詞,2,0.65,0.76,2026-10-01
緑,成熟,名詞,2,0.65,nan,2026-10-01
緑,日々,名詞,2,0.65,-1.64,2026-10-01
緑,タルモゴイフ,名詞,2,0.65,nan,2026-10-01
緑,あきらめる,動詞,2,0.65,nan,2026-10-01
緑,操り,名詞,2,0.65,nan,2026-10-01
緑,踊らす,動詞,2,0.65,nan,2026-10-01
緑,人形,名詞,2,0.65,0.13,2026-10-01
緑,ファ,名詞,2,0.65,nan,2026-10-01
緑,お気に入り,名詞,2,0.65,-0.18,2026-10-01
緑,政治,名詞,2,0.65,0.32,2026-10-01
緑,クローバーデル,名詞,2,0.65,nan,2026-10-01
緑,鷹,名詞,2,0.65,0.32,2026-10-01
緑,見張り,名詞,2,0.65,-0.03,2026-10-01
緑,デズメラ,名詞,2,0.65,1.04,2026-10-01
緑,高める,動詞,2,0.65,-0.32,2026-10-01
緑,処分,名詞,2,0.65,0.76,2026-10-01
緑,構想,名詞,2,0.65,0.52,2026-10-01
緑,踊り,名詞,2,0.65,1.04,2026-10-01
緑,芸術,名詞,2,0.65,-1.19,2026-10-01
緑,気品,名詞,2,0.65,nan,2026-10-01
緑,悩む,動詞,2,0.65,0.76,2026-10-01
緑,そもそも,名詞,2,0.65,-0.45,2026-10-01
緑,腐れる,動詞,2,0.65,0.32,2026-10-01
緑,コルフェノール,名詞,2,0.65,nan,2026-10-01
緑,意,名詞,2,0.65,-0.77,2026-10-01
緑,小村,名詞,2,0.65,-0.32,2026-10-01
緑,琥珀,名詞,2,0.65,1.04,2026-10-01
緑,哀れ,名詞,2,0.65,-0.67,2026-10-01
緑,到着,名詞,2,0.65,-0.67,2026-10-01
緑,枝葉,名詞,2,0.65,nan,2026-10-01
緑,毎晩,名詞,2,0.65,0.52,2026-10-01
緑,穢れ,名詞,2,0.65,0.52,2026-10-01
緑,うごめく,動詞,2,0.65,0.76,2026-10-01
緑,安寧,名詞,2,0.65,nan,2026-10-01
緑,状況,名詞,2,0.65,-1.04,2026-10-01
緑,スプリガン,名詞,2,0.65,nan,2026-10-01
緑,こしらえる,動詞,2,0.65,nan,2026-10-01
緑,パイ,名詞,2,0.65,0.76,2026-10-01
緑,一杯,名詞,2,0.65,0.13,2026-10-01
緑,すばらしい,形容詞,2,0.65,0.76,2026-10-01
緑,愉快,名詞,2,0.65,-0.32,2026-10-01
緑,皮膚,名詞,2,0.65,-0.86,2026-10-01
緑,釣る,動詞,2,0.65,0.13,2026-10-01
緑,甲斐,名詞,2,0.65,nan,2026-10-01
緑,崖,名詞,2,0.65,-0.56,2026-10-01
緑,原野,名詞,2,0.65,nan,2026-10-01
緑,期間,名詞,2,0.65,1.04,2026-10-01
緑,援軍,名詞,2,0.65,0.52,2026-10-01
緑,祝賀,名詞,2,0.65,nan,2026-10-01
緑,シャドウ,名詞,2,0.65,1.04,2026-10-01
緑,はたして,副詞,2,0.65,nan,2026-10-01
緑,かぶる,動詞,2,0.65,nan,2026-10-01
緑,爪痕,名詞,2,0.65,nan,2026-10-01
緑,ドナル,名詞,2,0.65,nan,2026-10-01
緑,ミスト,名詞,2,0.65,nan,2026-10-01
緑,メドウ,名詞,2,0.65,nan,2026-10-01
緑,食える,動詞,2,0.65,0.52,2026-10-01
緑,鹿肉,名詞,2,0.65,nan,2026-10-01
緑,キンザー,名詞,2,0.65,nan,2026-10-01
緑,アロウェイ,名詞,2,0.65,nan,2026-10-01
緑,萎れる,動詞,2,0.65,0.76,2026-10-01
緑,泥穴,名詞,2,0.65,nan,2026-10-01
緑,岸,名詞,2,0.65,-0.03,2026-10-01
緑,コオロギ,名詞,2,0.65,nan,2026-10-01
緑,ひそめる,動詞,2,0.65,nan,2026-10-01
緑,覚める,動詞,2,0.65,0.52,2026-10-01
緑,ヒキガエル,名詞,2,0.65,nan,2026-10-01
緑,滝,名詞,2,0.65,-0.18,2026-10-01
緑,誓い,名詞,2,0.65,-1.19,2026-10-01
緑,化身,名詞,2,0.65,1.04,2026-10-01
緑,象る,動詞,2,0.65,0.76,2026-10-01
緑,詰まる,動詞,2,0.65,-1.12,2026-10-01
緑,藻,名詞,2,0.65,nan,2026-10-01
緑,テント,名詞,2,0.65,nan,2026-10-01
緑,逃す,動詞,2,0.65,-0.56,2026-10-01
緑,到底,副詞,2,0.65,nan,2026-10-01
緑,わずか,副詞,2,0.65,0.32,2026-10-01
緑,悪鬼,名詞,2,0.65,0.13,2026-10-01
緑,祖,名詞,2,0.65,nan,2026-10-01
緑,始,名詞,2,0.65,nan,2026-10-01
緑,余る,動詞,2,0.65,-0.18,2026-10-01
緑,建つ,動詞,2,0.65,nan,2026-10-01
緑,アラーラ,名詞,2,0.65,nan,2026-10-01
緑,ナカティル,名詞,2,0.65,nan,2026-10-01
緑,啓示,名詞,2,0.65,0.76,2026-10-01
緑,バント,名詞,2,0.65,-1.04,2026-10-01
緑,分別,名詞,2,0.65,nan,2026-10-01
緑,マリーシ,名詞,2,0.65,nan,2026-10-01
緑,のんびり,副詞,2,0.65,nan,2026-10-01
緑,ロウクス,名詞,2,0.65,nan,2026-10-01
緑,スフィンクス,名詞,2,0.65,-0.86,2026-10-01
緑,アジャニ,名詞,2,0.65,-0.86,2026-10-01
緑,傷つく,動詞,2,0.65,0.32,2026-10-01
緑,袋,名詞,2,0.65,0.52,2026-10-01
緑,断つ,動詞,2,0.65,-0.56,2026-10-01
緑,いっぱい,名詞,2,0.65,-0.77,2026-10-01
緑,轟く,動詞,2,0.65,-0.56,2026-10-01
緑,合わさる,動詞,2,0.65,nan,2026-10-01
緑,偵察,名詞,2,0.65,0.13,2026-10-01
緑,手っ取り,名詞,2,0.65,nan,2026-10-01
緑,芽吹き,名詞,2,0.65,nan,2026-10-01
緑,手下,名詞,2,0.65,-0.18,2026-10-01
緑,減る,動詞,2,0.65,0.13,2026-10-01
緑,山賊,名詞,2,0.65,1.04,2026-10-01
緑,生き様,名詞,2,0.65,nan,2026-10-01
緑,類,名詞,2,0.65,-0.18,2026-10-01
緑,教訓,名詞,2,0.65,0.32,2026-10-01
緑,蜜,名詞,2,0.65,nan,2026-10-01
緑,甘い,形容詞,2,0.65,-0.45,2026-10-01
緑,敬意,名詞,2,0.65,-1.12,2026-10-01
緑,役目,名詞,2,0.65,-0.67,2026-10-01
緑,らせん,名詞,2,0.65,nan,2026-10-01
緑,滅びる,動詞,2,0.65,-0.67,2026-10-01
緑,エメラルド,名詞,2,0.65,nan,2026-10-01
緑,囲う,動詞,2,0.65,1.04,2026-10-01
緑,血なまぐさい,形容詞,2,0.65,nan,2026-10-01
緑,褒賞,名詞,2,0.65,nan,2026-10-01
緑,目通り,名詞,2,0.65,nan,2026-10-01
緑,航海,名詞,2,0.65,-0.18,2026-10-01
緑,ディア,名詞,2,0.65,0.76,2026-10-01
緑,シャー,名詞,2,0.65,0.76,2026-10-01
緑,ファー,名詞,2,0.65,nan,2026-10-01
緑,著,名詞,2,0.65,nan,2026-10-01
緑,頭部,名詞,2,0.65,nan,2026-10-01
緑,解剖,名詞,2,0.65,1.04,2026-10-01
緑,胃,名詞,2,0.65,nan,2026-10-01
緑,判明,名詞,2,0.65,0.52,2026-10-01
緑,連なる,動詞,2,0.65,0.52,2026-10-01
緑,ムーラク,名詞,2,0.65,nan,2026-10-01
緑,合計,名詞,2,0.65,nan,2026-10-01
緑,巨,名詞,2,0.65,nan,2026-10-01
緑,牛,名詞,2,0.65,0.32,2026-10-01
緑,砂嵐,名詞,2,0.65,0.52,2026-10-01
緑,プレインズウォーカー,名詞,2,0.65,-0.86,2026-10-01
緑,長老,名詞,2,0.65,0.13,2026-10-01
緑,詩,名詞,2,0.65,0.76,2026-10-01
緑,拒絶,名詞,2,0.65,-0.03,2026-10-01
緑,別れ,名詞,2,0.65,nan,2026-10-01
緑,呑む,動詞,2,0.65,-0.32,2026-10-01
緑,海,名詞,2,0.65,-3.85,2026-10-01
緑,アクーム,名詞,2,0.65,-0.32,2026-10-01
緑,協会,名詞,2,0.65,0.13,2026-10-01
緑,返し,名詞,2,0.65,0.52,2026-10-01
緑,咢,名詞,2,0.65,nan,2026-10-01
緑,サイダー,名詞,2,0.65,nan,2026-10-01
緑,暗し,形容詞,2,0.65,0.13,2026-10-01
緑,ならす,動詞,2,0.65,0.76,2026-10-01
緑,ランクル,名詞,2,0.65,nan,2026-10-01
緑,騒乱,名詞,2,0.65,0.52,2026-10-01
緑,抗える,動詞,2,0.65,1.04,2026-10-01
緑,みなぎる,動詞,2,0.65,nan,2026-10-01
緑,渇望,名詞,2,0.65,-1.64,2026-10-01
緑,聖歌,名詞,2,0.65,1.04,2026-10-01
緑,カルニ,名詞,2,0.65,nan,2026-10-01
緑,葬送,名詞,2,0.65,0.76,2026-10-01
緑,噴火,名詞,2,0.65,-0.56,2026-10-01
緑,丸ごと,名詞,2,0.65,nan,2026-10-01
緑,考え,名詞,2,0.65,-2.02,2026-10-01
緑,ナーリッド,名詞,2,0.65,nan,2026-10-01
緑,石化,名詞,2,0.65,nan,2026-10-01
緑,ナイフ,名詞,2,0.65,-0.67,2026-10-01
緑,唾液,名詞,2,0.65,nan,2026-10-01
緑,開発,名詞,2,0.65,-0.18,2026-10-01
緑,大陸,名詞,2,0.65,1.04,2026-10-01
緑,ドローン,名詞,2,0.65,nan,2026-10-01
緑,組織,名詞,2,0.65,-0.56,2026-10-01
緑,逆らえる,動詞,2,0.65,nan,2026-10-01
緑,プテロドン,名詞,2,0.65,nan,2026-10-01
緑,揺らす,動詞,2,0.65,nan,2026-10-01
緑,にらむ,動詞,2,0.65,nan,2026-10-01
緑,弦,名詞,2,0.65,nan,2026-10-01
緑,離せる,動詞,2,0.65,nan,2026-10-01
緑,料理,名詞,2,0.65,-0.45,2026-10-01
緑,通れる,動詞,2,0.65,1.04,2026-10-01
緑,兵法,名詞,2,0.65,nan,2026-10-01
緑,無限,名詞,2,0.65,-1.74,2026-10-01
緑,きば,名詞,2,0.65,nan,2026-10-01
緑,大声,名詞,2,0.65,0.52,2026-10-01
緑,広場,名詞,2,0.65,nan,2026-10-01
緑,ミッドガル,名詞,2,0.65,nan,2026-10-01
緑,科学,名詞,2,0.65,-0.45,2026-10-01
緑,息子,名詞,2,0.65,0.13,2026-10-01
緑,ずいぶん,副詞,2,0.65,-0.03,2026-10-01
緑,飾り,名詞,2,0.65,0.13,2026-10-01
緑,最悪,名詞,2,0.65,-1.26,2026-10-01
緑,鞭,名詞,2,0.65,-0.45,2026-10-01
緑,ヴォラック,名詞,2,0.65,nan,2026-10-01
緑,鞍,名詞,2,0.65,0.52,2026-10-01
緑,採取,名詞,2,0.65,nan,2026-10-01
緑,スティール,名詞,2,0.65,nan,2026-10-01
緑,ダーク,名詞,2,0.65,1.04,2026-10-01
緑,とりわけ,副詞,2,0.65,1.04,2026-10-01
緑,コノス,名詞,2,0.65,nan,2026-10-01
緑,阻止,名詞,2,0.65,1.04,2026-10-01
緑,悪名,名詞,2,0.65,0.32,2026-10-01
緑,つい,副詞,2,0.65,nan,2026-10-01
緑,模倣,名詞,2,0.65,-0.56,2026-10-01
緑,待ち伏せ,名詞,2,0.65,0.13,2026-10-01
緑,屑,名詞,2,0.65,0.13,2026-10-01
緑,峠,名詞,2,0.65,-0.45,2026-10-01
緑,カーン,名詞,2,0.65,-0.32,2026-10-01
緑,苦しめる,動詞,2,0.65,0.76,2026-10-01
緑,蝿,名詞,2,0.65,1.04,2026-10-01
緑,部隊,名詞,2,0.65,-1.58,2026-10-01
緑,域,名詞,2,0.65,nan,2026-10-01
緑,弱し,形容詞,2,0.65,-0.45,2026-10-01
緑,ベンジア,名詞,2,0.65,nan,2026-10-01
緑,寺院,名詞,2,0.65,-0.77,2026-10-01
緑,ヴァルガヴォス,名詞,2,0.65,-0.18,2026-10-01
緑,徹底,名詞,2,0.65,1.04,2026-10-01
緑,産物,名詞,2,0.65,-0.03,2026-10-01
緑,瓶,名詞,2,0.65,0.52,2026-10-01
緑,すすめる,動詞,2,0.65,nan,2026-10-01
緑,完成,名詞,2,0.65,-1.58,2026-10-01
緑,下僕,名詞,2,0.65,-0.32,2026-10-01
緑,前菜,名詞,2,0.65,nan,2026-10-01
緑,漁り,名詞,2,0.65,0.52,2026-10-01
緑,怠け者,名詞,2,0.65,nan,2026-10-01
緑,翡翠,名詞,2,0.65,0.76,2026-10-01
緑,男,名詞,2,0.65,-1.46,2026-10-01
緑,剛力,名詞,2,0.65,nan,2026-10-01
緑,小,名詞,2,0.65,nan,2026-10-01
緑,内面,名詞,2,0.65,nan,2026-10-01
緑,密猟,名詞,2,0.65,nan,2026-10-01
緑,記す,動詞,2,0.65,-0.56,2026-10-01
緑,肥料,名詞,2,0.65,nan,2026-10-01
緑,忌む,動詞,2,0.65,nan,2026-10-01
緑,暖かい,形容詞,2,0.65,-0.03,2026-10-01
緑,変容,名詞,2,0.65,-0.18,2026-10-01
緑,屈する,動詞,2,0.65,-0.86,2026-10-01
緑,辺鄙,名詞,2,0.65,nan,2026-10-01
緑,晒す,動詞,2,0.65,nan,2026-10-01
緑,許可,名詞,2,0.65,-0.77,2026-10-01
緑,奥,名詞,2,0.65,-0.03,2026-10-01
緑,荒れ野,名詞,2,0.65,nan,2026-10-01
緑,ウルリッチ,名詞,2,0.65,nan,2026-10-01
緑,本性,名詞,2,0.65,nan,2026-10-01
緑,斯く,副詞,2,0.65,nan,2026-10-01
緑,野蛮,名詞,2,0.65,0.32,2026-10-01
緑,処刑,名詞,2,0.65,-0.77,2026-10-01
緑,触る,動詞,2,0.65,-0.03,2026-10-01
緑,ラドウィック,名詞,2,0.65,nan,2026-10-01
緑,客,名詞,2,0.65,-1.04,2026-10-01
緑,族,名詞,2,0.65,0.76,2026-10-01
緑,アナフェンザ,名詞,2,0.65,1.04,2026-10-01
緑,監視,名詞,2,0.65,-1.19,2026-10-01
緑,ホロウ,名詞,2,0.65,nan,2026-10-01
緑,ヘンジ,名詞,2,0.65,nan,2026-10-01
緑,獣人,名詞,2,0.65,nan,2026-10-01
緑,層,名詞,2,0.65,0.13,2026-10-01
緑,道士,名詞,2,0.65,0.13,2026-10-01
緑,死魔,名詞,2,0.65,nan,2026-10-01
緑,弁明,名詞,2,0.65,nan,2026-10-01
緑,合い,名詞,2,0.65,nan,2026-10-01
緑,聖戦,名詞,2,0.65,-1.46,2026-10-01
緑,一体,副詞,2,0.65,-1.19,2026-10-01
緑,審問,名詞,2,0.65,-0.67,2026-10-01
緑,昼飯,名詞,2,0.65,nan,2026-10-01
緑,ウルフィー,名詞,2,0.65,nan,2026-10-01
緑,同志,名詞,2,0.65,0.52,2026-10-01
緑,臨む,動詞,2,0.65,0.52,2026-10-01
緑,浄化,名詞,2,0.65,-1.46,2026-10-01
緑,空かす,動詞,2,0.65,nan,2026-10-01
緑,そっと,副詞,2,0.65,nan,2026-10-01
緑,小屋,名詞,2,0.65,0.76,2026-10-01
緑,湖,名詞,2,0.65,0.13,2026-10-01
緑,州,名詞,2,0.65,nan,2026-10-01
緑,片付ける,動詞,2,0.65,-0.03,2026-10-01
緑,苦手,名詞,2,0.65,nan,2026-10-01
緑,刈る,動詞,2,0.65,-0.67,2026-10-01
緑,出入り,名詞,2,0.65,nan,2026-10-01
緑,モクガー,名詞,2,0.65,nan,2026-10-01
緑,恐慌,名詞,2,0.65,0.13,2026-10-01
緑,セヴリヤ,名詞,2,0.65,nan,2026-10-01
緑,テイサ,名詞,2,0.65,0.76,2026-10-01
緑,企てる,動詞,2,0.65,nan,2026-10-01
緑,招集,名詞,2,0.65,1.04,2026-10-01
緑,折り,名詞,2,0.65,nan,2026-10-01
緑,なくす,動詞,2,0.65,1.04,2026-10-01
緑,サーモク,名詞,2,0.65,nan,2026-10-01
緑,災難,名詞,2,0.65,nan,2026-10-01
緑,群衆,名詞,2,0.65,-0.32,2026-10-01
緑,ガジー,名詞,2,0.65,nan,2026-10-01
緑,ヴィトゥ,名詞,2,0.65,nan,2026-10-01
緑,焼ける,動詞,2,0.65,-1.12,2026-10-01
緑,履き,名詞,2,0.65,nan,2026-10-01
緑,刷毛,名詞,2,0.65,nan,2026-10-01
緑,菓子,名詞,2,0.65,1.04,2026-10-01
緑,はじめて,副詞,2,0.65,1.04,2026-10-01
緑,引ける,動詞,2,0.65,nan,2026-10-01
緑,敵対,名詞,2,0.65,-0.18,2026-10-01
緑,囀り,名詞,2,0.65,nan,2026-10-01
緑,しつこい,形容詞,2,0.65,nan,2026-10-01
緑,練習,名詞,2,0.65,-0.56,2026-10-01
緑,削減,名詞,2,0.65,nan,2026-10-01
緑,人件,名詞,2,0.65,nan,2026-10-01
緑,額,名詞,2,0.65,0.32,2026-10-01
緑,ニーキャ,名詞,2,0.65,nan,2026-10-01
緑,調査,名詞,2,0.65,-0.86,2026-10-01
緑,練る,動詞,2,0.65,0.52,2026-10-01
緑,玩具,名詞,2,0.65,0.13,2026-10-01
緑,娯楽,名詞,2,0.65,0.32,2026-10-01
緑,治療,名詞,2,0.65,0.32,2026-10-01
緑,カルロフ,名詞,2,0.65,nan,2026-10-01
緑,評議,名詞,2,0.65,-0.03,2026-10-01
緑,人体,名詞,2,0.65,nan,2026-10-01
緑,変革,名詞,2,0.65,1.04,2026-10-01
緑,一目,名詞,2,0.65,-0.03,2026-10-01
緑,なだめる,動詞,2,0.65,1.04,2026-10-01
緑,惜しみない,形容詞,2,0.65,0.76,2026-10-01
緑,恩恵,名詞,2,0.65,-0.18,2026-10-01
緑,クロール,名詞,2,0.65,nan,2026-10-01
緑,息づく,動詞,2,0.65,1.04,2026-10-01
緑,瞬く,動詞,2,0.65,0.32,2026-10-01
緑,死骸,名詞,2,0.65,0.32,2026-10-01
緑,規模,名詞,2,0.65,0.32,2026-10-01
緑,蓄える,動詞,2,0.65,nan,2026-10-01
緑,羊飼い,名詞,2,0.65,nan,2026-10-01
緑,昼食,名詞,2,0.65,1.04,2026-10-01
緑,同族,名詞,2,0.65,0.76,2026-10-01
緑,隙,名詞,2,0.65,0.13,2026-10-01
緑,大枝,名詞,2,0.65,nan,2026-10-01
緑,統率,名詞,2,0.65,-0.32,2026-10-01
緑,何者,名詞,2,0.65,-0.95,2026-10-01
緑,奇跡,名詞,2,0.65,-0.03,2026-10-01
緑,一日,名詞,2,0.65,0.13,2026-10-01
緑,普段,名詞,2,0.65,0.13,2026-10-01
緑,今さっき,名詞,2,0.65,nan,2026-10-01
緑,だー,副詞,2,0.65,nan,2026-10-01
緑,読む,動詞,2,0.65,-2.02,2026-10-01
緑,尊重,名詞,2,0.65,nan,2026-10-01
緑,アンソーザ,名詞,2,0.65,nan,2026-10-01
緑,信頼,名詞,2,0.65,-1.46,2026-10-01
緑,テーリアス,名詞,2,0.65,1.04,2026-10-01
緑,祭り,名詞,2,0.65,1.04,2026-10-01
緑,姿勢,名詞,2,0.65,nan,2026-10-01
緑,侍祭,名詞,2,0.65,0.76,2026-10-01
緑,クルフィックス,名詞,2,0.65,nan,2026-10-01
緑,アクロス,名詞,2,0.65,-1.12,2026-10-01
緑,問う,動詞,2,0.65,-1.26,2026-10-01
緑,ことわざ,名詞,2,0.65,nan,2026-10-01
緑,彫る,動詞,2,0.65,0.32,2026-10-01
緑,靴,名詞,2,0.65,0.32,2026-10-01
緑,薄れる,動詞,2,0.65,nan,2026-10-01
緑,豪,名詞,2,0.65,nan,2026-10-01
緑,蠍,名詞,2,0.65,0.76,2026-10-01
緑,サコリディーズ,名詞,2,0.65,nan,2026-10-01
緑,屠る,動詞,2,0.65,0.32,2026-10-01
緑,身の回り,名詞,2,0.65,nan,2026-10-01
緑,娘,名詞,2,0.65,-0.18,2026-10-01
緑,厭う,動詞,2,0.65,0.52,2026-10-01
緑,耕作,名詞,2,0.65,nan,2026-10-01
緑,外套,名詞,2,0.65,-0.03,2026-10-01
緑,集会,名詞,2,0.65,nan,2026-10-01
緑,戦法,名詞,2,0.65,1.04,2026-10-01
緑,バサーラ,名詞,2,0.65,nan,2026-10-01
緑,未踏,名詞,2,0.65,nan,2026-10-01
緑,リーズ,名詞,2,0.65,nan,2026-10-01
緑,フィー,名詞,2,0.65,nan,2026-10-01
緑,移す,動詞,2,0.65,nan,2026-10-01
緑,警備,名詞,2,0.65,-0.32,2026-10-01
緑,熟成,名詞,2,0.65,nan,2026-10-01
緑,高級,名詞,2,0.65,nan,2026-10-01
緑,ワイン,名詞,2,0.65,1.04,2026-10-01
緑,筋,名詞,2,0.65,1.04,2026-10-01
緑,石工,名詞,2,0.65,nan,2026-10-01
緑,資格,名詞,2,0.65,nan,2026-10-01
緑,相応しい,形容詞,2,0.65,-1.04,2026-10-01
緑,カン,名詞,2,0.65,-0.77,2026-10-01
緑,遺体,名詞,2,0.65,-0.45,2026-10-01
緑,しとめる,動詞,2,0.65,nan,2026-10-01
緑,固定,名詞,2,0.65,nan,2026-10-01
緑,雄鹿,名詞,2,0.65,nan,2026-10-01
緑,覚醒,名詞,2,0.65,0.76,2026-10-01
緑,陥る,動詞,2,0.65,-0.56,2026-10-01
緑,ゴルラン,名詞,2,0.65,nan,2026-10-01
緑,しぶとい,形容詞,2,0.65,nan,2026-10-01
緑,クロコダイル,名詞,2,0.65,nan,2026-10-01
緑,日間,名詞,2,0.65,0.76,2026-10-01
緑,逃走,名詞,2,0.65,nan,2026-10-01
緑,マルドゥ,名詞,2,0.65,-1.74,2026-10-01
緑,奇襲,名詞,2,0.65,1.04,2026-10-01
緑,軸,名詞,2,0.65,1.04,2026-10-01
緑,繁殖,名詞,2,0.65,-0.45,2026-10-01
緑,クルショク,名詞,2,0.65,nan,2026-10-01
緑,殺し屋,名詞,2,0.65,nan,2026-10-01
緑,体現,名詞,2,0.65,0.13,2026-10-01
緑,選択,名詞,2,0.65,-2.33,2026-10-01
緑,強いる,動詞,2,0.65,nan,2026-10-01
緑,砂,名詞,2,0.65,-1.26,2026-10-01
緑,シルムガル,名詞,2,0.65,-1.4,2026-10-01
緑,怠る,動詞,2,0.65,0.32,2026-10-01
緑,嘲笑う,動詞,2,0.65,0.76,2026-10-01
緑,信者,名詞,2,0.65,-0.45,2026-10-01
緑,不変,名詞,2,0.65,nan,2026-10-01
緑,掲げる,動詞,2,0.65,-0.77,2026-10-01
緑,為せる,動詞,2,0.65,nan,2026-10-01
緑,衝撃,名詞,2,0.65,-0.32,2026-10-01
緑,姉妹,名詞,2,0.65,nan,2026-10-01
緑,美し,形容詞,2,0.65,nan,2026-10-01
緑,キラン,名詞,2,0.65,nan,2026-10-01
緑,ギラプール,名詞,2,0.65,-0.56,2026-10-01
緑,着想,名詞,2,0.65,1.04,2026-10-01
緑,幼虫,名詞,2,0.65,nan,2026-10-01
緑,何故,副詞,2,0.65,-0.67,2026-10-01
緑,豹,名詞,2,0.65,nan,2026-10-01
緑,病む,動詞,2,0.65,0.52,2026-10-01
緑,ナジヤ,名詞,2,0.65,nan,2026-10-01
緑,指導,名詞,2,0.65,0.32,2026-10-01
緑,ブラー,名詞,2,0.65,nan,2026-10-01
緑,やはり,副詞,2,0.65,0.52,2026-10-01
緑,繋ぐ,動詞,2,0.65,-0.18,2026-10-01
緑,まつわる,動詞,2,0.65,0.76,2026-10-01
緑,遊び,名詞,2,0.65,-0.32,2026-10-01
緑,遊ぶ,動詞,2,0.65,-0.67,2026-10-01
緑,ナメクジ,名詞,2,0.65,0.52,2026-10-01
緑,ラフ,名詞,2,0.65,nan,2026-10-01
緑,ラガーク,名詞,2,0.65,nan,2026-10-01
緑,誤る,動詞,2,0.65,0.13,2026-10-01
緑,しめる,動詞,2,0.65,0.13,2026-10-01
緑,騎手,名詞,2,0.65,0.32,2026-10-01
緑,片目,名詞,2,0.65,nan,2026-10-01
緑,矢筒,名詞,2,0.65,0.76,2026-10-01
緑,するどい,形容詞,2,0.65,nan,2026-10-01
緑,内陸,名詞,2,0.65,nan,2026-10-01
緑,何物,名詞,2,0.65,-0.18,2026-10-01
緑,健康,名詞,2,0.65,nan,2026-10-01
緑,上等,名詞,2,0.65,nan,2026-10-01
緑,馴染み,名詞,2,0.65,nan,2026-10-01
緑,奇怪,名詞,2,0.65,0.32,2026-10-01
緑,度胸,名詞,2,0.65,-0.32,2026-10-01
緑,遠ざける,動詞,2,0.65,1.04,2026-10-01
緑,垣,名詞,2,0.65,nan,2026-10-01
緑,野営,名詞,2,0.65,0.52,2026-10-01
緑,毛嫌い,名詞,2,0.65,nan,2026-10-01
緑,静穏,名詞,2,0.65,nan,2026-10-01
緑,楽,名詞,2,0.65,-0.45,2026-10-01
緑,合図,名詞,2,0.65,-0.56,2026-10-01
緑,射撃,名詞,2,0.65,0.76,2026-10-01
緑,優勝,名詞,2,0.65,0.76,2026-10-01
緑,躊躇,名詞,2,0.65,0.76,2026-10-01
緑,一切,名詞,2,0.65,-1.04,2026-10-01
緑,ロープ,名詞,2,0.65,-0.03,2026-10-01
緑,象,名詞,2,0.65,0.32,2026-10-01
緑,審判,名詞,2,0.65,-0.03,2026-10-01
緑,哲学,名詞,2,0.65,0.32,2026-10-01
緑,基づく,動詞,2,0.65,0.76,2026-10-01
緑,カラデシュ,名詞,2,0.65,-0.03,2026-10-01
緑,改革,名詞,2,0.65,-1.04,2026-10-01
緑,驚き,名詞,2,0.65,0.52,2026-10-01
緑,旗,名詞,2,0.65,0.13,2026-10-01
緑,人工,名詞,2,0.65,nan,2026-10-01
緑,ライオン,名詞,2,0.65,nan,2026-10-01
緑,設計,名詞,2,0.65,-0.03,2026-10-01
緑,はるばる,副詞,2,0.65,nan,2026-10-01
緑,ドクター,名詞,2,0.65,-0.03,2026-10-01
緑,リシュカー,名詞,2,0.65,nan,2026-10-01
緑,技師,名詞,2,0.65,0.76,2026-10-01
緑,蓋世,名詞,2,0.65,0.76,2026-10-01
緑,伝統,名詞,2,0.65,-0.32,2026-10-01
緑,傍ら,名詞,2,0.65,0.76,2026-10-01
緑,働く,動詞,2,0.65,-1.4,2026-10-01
緑,摂理,名詞,2,0.65,nan,2026-10-01
緑,得意,名詞,2,0.65,-0.32,2026-10-01
緑,比較,名詞,2,0.65,0.32,2026-10-01
緑,短剣,名詞,2,0.65,0.32,2026-10-01
緑,崩壊,名詞,2,0.65,-1.04,2026-10-01
緑,猛毒,名詞,2,0.65,1.04,2026-10-01
緑,潜在,名詞,2,0.65,0.52,2026-10-01
緑,ボーラス,名詞,2,0.65,-2.26,2026-10-01
緑,苦労,名詞,2,0.65,0.13,2026-10-01
緑,楯突く,動詞,2,0.65,nan,2026-10-01
緑,稲妻,名詞,2,0.65,-2.4,2026-10-01
緑,揺れ,名詞,2,0.65,nan,2026-10-01
緑,竜,名詞,2,0.65,-1.93,2026-10-01
緑,背びれ,名詞,2,0.65,nan,2026-10-01
緑,マーフォーク,名詞,2,0.65,-1.69,2026-10-01
緑,類縁,名詞,2,0.65,nan,2026-10-01
緑,勘違い,名詞,2,0.65,0.32,2026-10-01
緑,見晴らし,名詞,2,0.65,nan,2026-10-01
緑,強める,動詞,2,0.65,nan,2026-10-01
緑,抗争,名詞,2,0.65,0.52,2026-10-01
緑,協力,名詞,2,0.65,-0.56,2026-10-01
緑,芽生え,名詞,2,0.65,nan,2026-10-01
緑,先人,名詞,2,0.65,nan,2026-10-01
緑,既に,副詞,2,0.65,0.76,2026-10-01
緑,旅路,名詞,2,0.65,0.32,2026-10-01
緑,フォー,名詞,2,0.65,nan,2026-10-01
緑,インヒューマンズ,名詞,2,0.65,nan,2026-10-01
緑,ガルタ,名詞,2,0.65,nan,2026-10-01
緑,半,名詞,2,0.65,1.04,2026-10-01
緑,献身,名詞,2,0.65,-0.45,2026-10-01
緑,辞める,動詞,2,0.65,0.76,2026-10-01
緑,触媒,名詞,2,0.65,nan,2026-10-01
緑,巻,名詞,2,0.65,0.32,2026-10-01
緑,化学,名詞,2,0.65,nan,2026-10-01
緑,サーペイディア,名詞,2,0.65,nan,2026-10-01
緑,作用,名詞,2,0.65,0.76,2026-10-01
緑,予期,名詞,2,0.65,0.76,2026-10-01
緑,ごちそう,名詞,2,0.65,nan,2026-10-01
緑,大樹,名詞,2,0.65,nan,2026-10-01
緑,バリスタ,名詞,2,0.65,nan,2026-10-01
緑,内側,名詞,2,0.65,-0.32,2026-10-01
緑,近付く,動詞,2,0.65,1.04,2026-10-01
緑,尖る,動詞,2,0.65,0.52,2026-10-01
緑,ゼイゴス,名詞,2,0.65,nan,2026-10-01
緑,とっても,副詞,2,0.65,nan,2026-10-01
緑,棒,名詞,2,0.65,-0.18,2026-10-01
緑,遠回り,名詞,2,0.65,nan,2026-10-01
緑,騒ぎ,名詞,2,0.65,0.32,2026-10-01
緑,究極,名詞,2,0.65,-0.67,2026-10-01
緑,並外れる,動詞,2,0.65,1.04,2026-10-01
緑,煩わしい,形容詞,2,0.65,nan,2026-10-01
緑,割れる,動詞,2,0.65,-0.18,2026-10-01
緑,空中,名詞,2,0.65,-0.18,2026-10-01
緑,弱々しい,形容詞,2,0.65,0.52,2026-10-01
緑,輝かしい,形容詞,2,0.65,-0.03,2026-10-01
緑,ケット,名詞,2,0.65,-1.04,2026-10-01
緑,そう,名詞,2,0.65,-0.45,2026-10-01
緑,手足,名詞,2,0.65,nan,2026-10-01
緑,ハツカ,名詞,2,0.65,nan,2026-10-01
緑,しばらく,副詞,2,0.65,0.13,2026-10-01
緑,疾走,名詞,2,0.65,nan,2026-10-01
緑,静まる,動詞,2,0.65,-0.67,2026-10-01
緑,好機,名詞,2,0.65,0.13,2026-10-01
緑,痛む,動詞,2,0.65,-0.03,2026-10-01
緑,歓喜,名詞,2,0.65,0.52,2026-10-01
緑,絞る,動詞,2,0.65,0.13,2026-10-01
緑,注ぐ,動詞,2,0.65,-0.95,2026-10-01
緑,樹根,名詞,2,0.65,nan,2026-10-01
緑,履く,動詞,2,0.65,nan,2026-10-01
緑,獅子,名詞,2,0.65,0.52,2026-10-01
緑,豆,名詞,2,0.65,nan,2026-10-01
緑,兵器,名詞,2,0.65,-0.67,2026-10-01
緑,冗談,名詞,2,0.65,0.32,2026-10-01
緑,媚びる,動詞,2,0.65,nan,2026-10-01
緑,逃げ場,名詞,2,0.65,0.76,2026-10-01
緑,明るい,形容詞,2,0.65,-0.95,2026-10-01
緑,峡谷,名詞,2,0.65,-0.03,2026-10-01
緑,狐,名詞,2,0.65,-0.32,2026-10-01
緑,辺境,名詞,2,0.65,0.76,2026-10-01
緑,髪,名詞,2,0.65,-0.45,2026-10-01
緑,ファリカ,名詞,2,0.65,-0.32,2026-10-01
緑,予想,名詞,2,0.65,-0.86,2026-10-01
緑,失踪,名詞,2,0.65,nan,2026-10-01
緑,前哨,名詞,2,0.65,0.76,2026-10-01
緑,事件,名詞,2,0.65,-0.67,2026-10-01
緑,今回,名詞,2,0.65,0.52,2026-10-01
緑,無傷,名詞,2,0.65,0.76,2026-10-01
緑,諦める,動詞,2,0.65,-0.18,2026-10-01
緑,常識,名詞,2,0.65,nan,2026-10-01
緑,まだまだ,副詞,2,0.65,0.76,2026-10-01
緑,装甲,名詞,2,0.65,nan,2026-10-01
緑,新緑,名詞,2,0.65,nan,2026-10-01
緑,主人,名詞,2,0.65,-1.4,2026-10-01
緑,増やす,動詞,2,0.65,0.13,2026-10-01
緑,至る所,名詞,2,0.65,nan,2026-10-01
緑,苦しい,形容詞,2,0.65,-1.19,2026-10-01
緑,眺める,動詞,2,0.65,-1.12,2026-10-01
緑,評価,名詞,2,0.65,-0.95,2026-10-01
緑,過ごす,動詞,2,0.65,-1.58,2026-10-01
緑,共同,名詞,2,0.65,1.04,2026-10-01
緑,譲る,動詞,2,0.65,0.76,2026-10-01
緑,オンダール,名詞,2,0.65,nan,2026-10-01
緑,上る,動詞,2,0.65,-0.18,2026-10-01
緑,積もる,動詞,2,0.65,nan,2026-10-01
緑,鷲,名詞,2,0.65,-0.03,2026-10-01
緑,猟師,名詞,2,0.65,nan,2026-10-01
緑,頂,名詞,2,0.65,-0.03,2026-10-01
緑,フィン,名詞,2,0.65,nan,2026-10-01
緑,悪魔,名詞,2,0.65,-2.99,2026-10-01
緑,加護,名詞,2,0.65,0.76,2026-10-01
緑,手伝い,名詞,2,0.65,nan,2026-10-01
緑,花開く,動詞,2,0.65,nan,2026-10-01
緑,おいしい,形容詞,2,0.65,nan,2026-10-01
緑,神性,名詞,2,0.65,0.32,2026-10-01
緑,致命,名詞,2,0.65,-0.86,2026-10-01
緑,タスケーリ,名詞,2,0.65,nan,2026-10-01
緑,ノルヨルヴィン,名詞,2,0.65,nan,2026-10-01
緑,敵う,動詞,2,0.65,0.52,2026-10-01
緑,時折,副詞,2,0.65,0.13,2026-10-01
緑,コーマ,名詞,2,0.65,nan,2026-10-01
緑,日頃,名詞,2,0.65,1.04,2026-10-01
緑,決着,名詞,2,0.65,0.52,2026-10-01
緑,果てし,名詞,2,0.65,0.76,2026-10-01
緑,木の実,名詞,2,0.65,nan,2026-10-01
緑,スカーリド,名詞,2,0.65,nan,2026-10-01
緑,ロアホールド,名詞,2,0.65,1.04,2026-10-01
緑,クアンドリクス,名詞,2,0.65,0.76,2026-10-01
緑,ストリクスヘイヴン,名詞,2,0.65,-0.77,2026-10-01
緑,サーヴィン,名詞,2,0.65,nan,2026-10-01
緑,染みる,動詞,2,0.65,-0.03,2026-10-01
緑,方程,名詞,2,0.65,0.13,2026-10-01
緑,本,名詞,2,0.65,-1.04,2026-10-01
緑,大半,名詞,2,0.65,-0.32,2026-10-01
緑,障壁,名詞,2,0.65,0.13,2026-10-01
緑,目撃,名詞,2,0.65,-0.95,2026-10-01
緑,持ち主,名詞,2,0.65,-0.95,2026-10-01
緑,かん高い,形容詞,2,0.65,nan,2026-10-01
緑,円環,名詞,2,0.65,1.04,2026-10-01
緑,身長,名詞,2,0.65,1.04,2026-10-01
緑,助ける,動詞,2,0.65,-1.69,2026-10-01
緑,並べる,動詞,2,0.65,0.76,2026-10-01
緑,トヴォラー,名詞,2,0.65,0.32,2026-10-01
緑,困る,動詞,2,0.65,-0.18,2026-10-01
緑,両者,名詞,2,0.65,0.76,2026-10-01
緑,補充,名詞,2,0.65,nan,2026-10-01
緑,大勢,名詞,2,0.65,-0.77,2026-10-01
緑,称賛,名詞,2,0.65,0.76,2026-10-01
緑,道路,名詞,2,0.65,0.76,2026-10-01
緑,記録,名詞,2,0.65,-1.04,2026-10-01
緑,人目,名詞,2,0.65,0.52,2026-10-01
緑,人物,名詞,2,0.65,-1.19,2026-10-01
緑,坊や,名詞,2,0.65,1.04,2026-10-01
緑,品種,名詞,2,0.65,nan,2026-10-01
緑,違える,動詞,2,0.65,nan,2026-10-01
緑,兵団,名詞,2,0.65,-0.03,2026-10-01
緑,交信,名詞,2,0.65,0.52,2026-10-01
緑,鍛錬,名詞,2,0.65,0.32,2026-10-01
緑,託する,動詞,2,0.65,nan,2026-10-01
緑,ビル,名詞,2,0.65,nan,2026-10-01
緑,群,名詞,2,0.65,-0.03,2026-10-01
緑,香り,名詞,2,0.65,-0.18,2026-10-01
緑,換える,動詞,2,0.65,0.32,2026-10-01
緑,標的,名詞,2,0.65,nan,2026-10-01
緑,品,名詞,2,0.65,0.76,2026-10-01
緑,快楽,名詞,2,0.65,0.13,2026-10-01
緑,良し,名詞,2,0.65,0.76,2026-10-01
緑,仕返し,名詞,2,0.65,1.04,2026-10-01
緑,山々,名詞,2,0.65,1.04,2026-10-01
緑,かなう,動詞,2,0.65,0.32,2026-10-01
緑,マグニゴス,名詞,2,0.65,nan,2026-10-01
緑,黒い,形容詞,2,0.65,-0.95,2026-10-01
緑,ファラジ,名詞,2,0.65,1.04,2026-10-01
緑,カー,名詞,2,0.65,nan,2026-10-01
緑,考古,名詞,2,0.65,0.76,2026-10-01
緑,予測,名詞,2,0.65,-1.33,2026-10-01
緑,泉,名詞,2,0.65,0.52,2026-10-01
緑,ティ,名詞,2,0.65,nan,2026-10-01
緑,都,名詞,2,0.65,-0.86,2026-10-01
緑,スリル,名詞,2,0.65,1.04,2026-10-01
緑,改宗,名詞,2,0.65,nan,2026-10-01
緑,河,名詞,2,0.65,0.52,2026-10-01
緑,標本,名詞,2,0.65,0.52,2026-10-01
緑,根っこ,名詞,2,0.65,0.76,2026-10-01
緑,視野,名詞,2,0.65,1.04,2026-10-01
緑,こたえる,動詞,2,0.65,0.76,2026-10-01
緑,活気,名詞,2,0.65,0.76,2026-10-01
緑,フェアリー,名詞,2,0.65,-0.45,2026-10-01
緑,深し,形容詞,2,0.65,0.13,2026-10-01
緑,未だ,副詞,2,0.65,-1.12,2026-10-01
緑,まみれる,動詞,2,0.65,0.13,2026-10-01
緑,明ける,動詞,2,0.65,0.13,2026-10-01
緑,認める,動詞,2,0.65,-1.79,2026-10-01
緑,丁重,名詞,2,0.65,nan,2026-10-01
緑,嫌い,名詞,2,0.65,-0.18,2026-10-01
緑,カスレム,名詞,2,0.65,nan,2026-10-01
緑,オヘル,名詞,2,0.65,0.76,2026-10-01
緑,分析,名詞,2,0.65,nan,2026-10-01
緑,頼れる,動詞,2,0.65,0.76,2026-10-01
緑,潜る,動詞,2,0.65,-0.03,2026-10-01
緑,つめる,動詞,2,0.65,-1.58,2026-10-01
緑,ふつう,名詞,2,0.65,nan,2026-10-01
緑,酒場,名詞,2,0.65,0.13,2026-10-01
緑,さき,名詞,2,0.65,-0.67,2026-10-01
緑,暮らし,名詞,2,0.65,0.32,2026-10-01
緑,唸る,動詞,2,0.65,0.76,2026-10-01
緑,絶景,名詞,2,0.65,nan,2026-10-01
緑,バード,名詞,2,0.65,0.76,2026-10-01
緑,一時,名詞,2,0.65,0.13,2026-10-01
緑,天然,名詞,2,0.65,nan,2026-10-01
緑,拓く,動詞,2,0.65,0.52,2026-10-01
緑,察知,名詞,2,0.65,nan,2026-10-01
緑,タイヴァー,名詞,2,0.65,nan,2026-10-01
緑,やめる,動詞,2,0.65,-1.52,2026-10-01
緑,運動,名詞,2,0.65,0.76,2026-10-01
緑,理論,名詞,2,0.65,-1.19,2026-10-01
緑,大気,名詞,2,0.65,0.13,2026-10-01
緑,四肢,名詞,2,0.65,nan,2026-10-01
緑,鋭利,名詞,2,0.65,nan,2026-10-01
緑,ホーントウッド,名詞,2,0.65,nan,2026-10-01
緑,脱皮,名詞,2,0.65,nan,2026-10-01
緑,事故,名詞,2,0.65,-0.03,2026-10-01
緑,画期,名詞,2,0.65,nan,2026-10-01
緑,ムラガンダ,名詞,2,0.65,nan,2026-10-01
緑,相,名詞,2,0.65,nan,2026-10-01
緑,体験,名詞,2,0.65,0.52,2026-10-01
緑,思いやり,名詞,2,0.65,nan,2026-10-01
緑,ドンドン,副詞,2,0.65,nan,2026-10-01
緑,面白い,形容詞,2,0.65,-0.95,2026-10-01
緑,勝てる,動詞,2,0.65,-0.03,2026-10-01
緑,おもしろい,形容詞,2,0.65,nan,2026-10-01
緑,対,名詞,2,0.65,0.76,2026-10-01
緑,ふわふわ,副詞,2,0.65,nan,2026-10-01
緑,ベンダー,名詞,2,0.65,-0.56,2026-10-01
緑,トフ,名詞,2,0.65,nan,2026-10-01
緑,根源,名詞,2,0.65,1.04,2026-10-01
緑,余所者,名詞,2,0.65,nan,2026-10-01
緑,のき,名詞,2,0.65,nan,2026-10-01
緑,月夜,名詞,2,0.65,nan,2026-10-01
緑,台無し,名詞,2,0.65,-0.45,2026-10-01
緑,荒る,動詞,2,0.65,nan,2026-10-01
緑,ウノ,名詞,2,0.65,nan,2026-10-01
緑,モジャ,名詞,2,0.65,nan,2026-10-01
緑,ちびっこ,名詞,2,0.65,nan,2026-10-01
緑,どき,名詞,2,0.65,nan,2026-10-01
緑,気高い,形容詞,2,0.65,1.04,2026-10-01
緑,宴,名詞,2,0.65,0.76,2026-10-01
緑,まる,名詞,2,0.65,nan,2026-10-01
緑,わざわざ,副詞,2,0.65,nan,2026-10-01
緑,扱い,名詞,2,0.65,nan,2026-10-01
緑,いろいろ,副詞,2,0.65,1.04,2026-10-01
緑,目の当たり,名詞,2,0.65,-0.95,2026-10-01
緑,一層,副詞,2,0.65,-0.32,2026-10-01
緑,スケムファー,名詞,2,0.65,nan,2026-10-01
緑,カボチャ,名詞,2,0.65,nan,2026-10-01
緑,晩餐,名詞,2,0.65,1.04,2026-10-01
緑,降臨,名詞,2,0.65,nan,2026-10-01
緑,農家,名詞,2,0.65,nan,2026-10-01
緑,たいそう,副詞,2,0.65,1.04,2026-10-01
緑,しでかす,動詞,2,0.65,1.04,2026-10-01
緑,終点,名詞,2,0.65,nan,2026-10-01
緑,ドングリ,名詞,2,0.65,nan,2026-10-01
緑,チャンドラ,名詞,2,0.65,-2.33,2026-10-01
緑,戻せる,動詞,2,0.65,1.04,2026-10-01
緑,親友,名詞,2,0.65,1.04,2026-10-01
緑,嗜好,名詞,2,0.65,nan,2026-10-01
緑,学,名詞,2,0.65,0.32,2026-10-01
緑,ひく,動詞,2,0.65,0.52,2026-10-01
緑,破滅,名詞,2,0.65,-1.93,2026-10-01
緑,ホビット,名詞,2,0.65,-0.95,2026-10-01
緑,ガラズリム,名詞,2,0.65,nan,2026-10-01
緑,しきたり,名詞,2,0.65,nan,2026-10-01
緑,小熊,名詞,2,0.65,nan,2026-10-01
緑,位置,名詞,2,0.65,-0.56,2026-10-01
緑,ポンド,名詞,2,0.65,nan,2026-10-01
緑,加工,名詞,2,0.65,1.04,2026-10-01
緑,侍,名詞,2,0.65,-0.18,2026-10-01
緑,新芽,名詞,2,0.65,nan,2026-10-01
緑,ドル,名詞,2,0.65,nan,2026-10-01
緑,歓待,名詞,2,0.65,nan,2026-10-01
緑,ドワーフ,名詞,2,0.65,-1.93,2026-10-01
緑,いでる,動詞,2,0.65,0.52,2026-10-01
緑,返事,名詞,2,0.65,0.76,2026-10-01
緑,下がる,動詞,2,0.65,-0.56,2026-10-01
緑,ボディ,名詞,2,0.65,nan,2026-10-01
緑,出番,名詞,2,0.65,0.76,2026-10-01
緑,アベンジャーズ,名詞,2,0.65,0.32,2026-10-01
緑,おもて,名詞,2,0.65,nan,2026-10-01
緑,晩,名詞,2,0.65,0.13,2026-10-01
緑,訴える,動詞,2,0.65,nan,2026-10-01
緑,極める,動詞,2,0.65,-0.86,2026-10-01
緑,不足,名詞,2,0.65,0.32,2026-10-01
緑,獰猛,名詞,2,0.65,0.76,2026-10-01
緑,禁止,名詞,1,0.32,-1.49,2026-10-01
緑,自発,名詞,1,0.32,nan,2026-10-01
緑,放擲,名詞,1,0.32,nan,2026-10-01
緑,一般,名詞,1,0.32,-0.89,2026-10-01
緑,vii,名詞,1,0.32,nan,2026-10-01
緑,条,名詞,1,0.32,nan,2026-10-01
緑,布告,名詞,1,0.32,-0.02,2026-10-01
緑,適用,名詞,1,0.32,nan,2026-10-01
緑,丸,名詞,1,0.32,nan,2026-10-01
緑,かじる,動詞,1,0.32,-0.4,2026-10-01
緑,骸骨,名詞,1,0.32,nan,2026-10-01
緑,ピクシー,名詞,1,0.32,nan,2026-10-01
緑,出力,名詞,1,0.32,-0.02,2026-10-01
緑,ネット,名詞,1,0.32,nan,2026-10-01
緑,計算,名詞,1,0.32,-0.79,2026-10-01
緑,緊急,名詞,1,0.32,-0.4,2026-10-01
緑,捕獲,名詞,1,0.32,-0.67,2026-10-01
緑,所望,名詞,1,0.32,nan,2026-10-01
緑,とんでも,副詞,1,0.32,-0.23,2026-10-01
緑,ジャイアントマン,名詞,1,0.32,nan,2026-10-01
緑,キャップ,名詞,1,0.32,-0.89,2026-10-01
緑,アントマン,名詞,1,0.32,nan,2026-10-01
緑,うらやむ,動詞,1,0.32,nan,2026-10-01
緑,すます,動詞,1,0.32,nan,2026-10-01
緑,証言,名詞,1,0.32,nan,2026-10-01
緑,一種,名詞,1,0.32,-0.67,2026-10-01
緑,措置,名詞,1,0.32,nan,2026-10-01
緑,幸福,名詞,1,0.32,nan,2026-10-01
緑,実施,名詞,1,0.32,nan,2026-10-01
緑,独立,名詞,1,0.32,-0.4,2026-10-01
緑,土産,名詞,1,0.32,nan,2026-10-01
緑,色合い,名詞,1,0.32,nan,2026-10-01
緑,グラマー,名詞,1,0.32,nan,2026-10-01
緑,ティヴァ,名詞,1,0.32,nan,2026-10-01
緑,イェイラ,名詞,1,0.32,nan,2026-10-01
緑,せせらぎ,名詞,1,0.32,nan,2026-10-01
緑,泡立つ,動詞,1,0.32,nan,2026-10-01
緑,大使,名詞,1,0.32,nan,2026-10-01
緑,本日,名詞,1,0.32,nan,2026-10-01
緑,越す,動詞,1,0.32,-0.23,2026-10-01
緑,前ぶれ,名詞,1,0.32,nan,2026-10-01
緑,豊穣,名詞,1,0.32,nan,2026-10-01
緑,賢人,名詞,1,0.32,nan,2026-10-01
緑,穢す,動詞,1,0.32,-0.67,2026-10-01
緑,羽毛,名詞,1,0.32,nan,2026-10-01
緑,ヒルネス,名詞,1,0.32,nan,2026-10-01
緑,鼻先,名詞,1,0.32,nan,2026-10-01
緑,量,名詞,1,0.32,-0.23,2026-10-01
緑,貢献,名詞,1,0.32,nan,2026-10-01
緑,万端,名詞,1,0.32,-0.23,2026-10-01
緑,研ぐ,動詞,1,0.32,-0.79,2026-10-01
緑,木こり,名詞,1,0.32,nan,2026-10-01
緑,寄せ,名詞,1,0.32,nan,2026-10-01
緑,学べる,動詞,1,0.32,-0.4,2026-10-01
緑,潰える,動詞,1,0.32,nan,2026-10-01
緑,各所,名詞,1,0.32,nan,2026-10-01
緑,横たわる,動詞,1,0.32,-0.4,2026-10-01
緑,寛容,名詞,1,0.32,nan,2026-10-01
緑,外部,名詞,1,0.32,nan,2026-10-01
緑,代々,名詞,1,0.32,nan,2026-10-01
緑,あげく,名詞,1,0.32,nan,2026-10-01
緑,たたく,動詞,1,0.32,nan,2026-10-01
緑,むだ,名詞,1,0.32,nan,2026-10-01
緑,灰色熊,名詞,1,0.32,nan,2026-10-01
緑,楽しめる,動詞,1,0.32,nan,2026-10-01
緑,オチ,名詞,1,0.32,nan,2026-10-01
緑,覆す,動詞,1,0.32,-0.4,2026-10-01
緑,古来,名詞,1,0.32,nan,2026-10-01
緑,よじれる,動詞,1,0.32,nan,2026-10-01
緑,エローナ,名詞,1,0.32,nan,2026-10-01
緑,松,名詞,1,0.32,nan,2026-10-01
緑,ハーサグ,名詞,1,0.32,nan,2026-10-01
緑,前方,名詞,1,0.32,nan,2026-10-01
緑,ワイア,名詞,1,0.32,nan,2026-10-01
緑,ウッド,名詞,1,0.32,nan,2026-10-01
緑,落ちぶれる,動詞,1,0.32,nan,2026-10-01
緑,促す,動詞,1,0.32,nan,2026-10-01
緑,詠む,動詞,1,0.32,nan,2026-10-01
緑,亀裂,名詞,1,0.32,-0.4,2026-10-01
緑,ライフ,名詞,1,0.32,nan,2026-10-01
緑,めぐる,動詞,1,0.32,-0.02,2026-10-01
緑,ストリーム,名詞,1,0.32,nan,2026-10-01
緑,まざる,動詞,1,0.32,nan,2026-10-01
緑,うねり,名詞,1,0.32,-1.08,2026-10-01
緑,始め,名詞,1,0.32,-0.4,2026-10-01
緑,住居,名詞,1,0.32,nan,2026-10-01
緑,夜空,名詞,1,0.32,-0.79,2026-10-01
緑,エリクスドッター,名詞,1,0.32,nan,2026-10-01
緑,サッフィー,名詞,1,0.32,nan,2026-10-01
緑,雹,名詞,1,0.32,nan,2026-10-01
緑,しよう,名詞,1,0.32,nan,2026-10-01
緑,うける,動詞,1,0.32,nan,2026-10-01
緑,区別,名詞,1,0.32,-0.54,2026-10-01
緑,穀倉,名詞,1,0.32,nan,2026-10-01
緑,いよいよ,副詞,1,0.32,nan,2026-10-01
緑,誇れる,動詞,1,0.32,nan,2026-10-01
緑,復元,名詞,1,0.32,nan,2026-10-01
緑,ウィンドグレイス,名詞,1,0.32,nan,2026-10-01
緑,ダニ,名詞,1,0.32,nan,2026-10-01
緑,折々,名詞,1,0.32,nan,2026-10-01
緑,手塩,名詞,1,0.32,nan,2026-10-01
緑,四季,名詞,1,0.32,nan,2026-10-01
緑,右目,名詞,1,0.32,nan,2026-10-01
緑,左目,名詞,1,0.32,nan,2026-10-01
緑,ぬくもり,名詞,1,0.32,nan,2026-10-01
緑,くちづけ,名詞,1,0.32,nan,2026-10-01
緑,毛布,名詞,1,0.32,nan,2026-10-01
緑,つまずく,動詞,1,0.32,nan,2026-10-01
緑,チータ,名詞,1,0.32,nan,2026-10-01
緑,最小,名詞,1,0.32,nan,2026-10-01
緑,割れ目,名詞,1,0.32,nan,2026-10-01
緑,破裂,名詞,1,0.32,nan,2026-10-01
緑,規制,名詞,1,0.32,-0.02,2026-10-01
緑,指令,名詞,1,0.32,nan,2026-10-01
緑,ウークタビー,名詞,1,0.32,nan,2026-10-01
緑,キーボ,名詞,1,0.32,nan,2026-10-01
緑,マンガラ,名詞,1,0.32,nan,2026-10-01
緑,アズマイラ,名詞,1,0.32,nan,2026-10-01
緑,フェメレフ,名詞,1,0.32,nan,2026-10-01
緑,新品,名詞,1,0.32,-0.02,2026-10-01
緑,ハーダ,名詞,1,0.32,nan,2026-10-01
緑,耐水,名詞,1,0.32,nan,2026-10-01
緑,葉っぱ,名詞,1,0.32,nan,2026-10-01
緑,ずるい,形容詞,1,0.32,nan,2026-10-01
緑,堂々,副詞,1,0.32,-0.02,2026-10-01
緑,こっそり,副詞,1,0.32,nan,2026-10-01
緑,不向き,名詞,1,0.32,nan,2026-10-01
緑,あやかる,動詞,1,0.32,nan,2026-10-01
緑,採用,名詞,1,0.32,nan,2026-10-01
緑,遠征,名詞,1,0.32,-0.4,2026-10-01
緑,特性,名詞,1,0.32,nan,2026-10-01
緑,トロイニア,名詞,1,0.32,nan,2026-10-01
緑,器,名詞,1,0.32,-0.67,2026-10-01
緑,制限,名詞,1,0.32,-0.4,2026-10-01
緑,揺れる,動詞,1,0.32,-0.4,2026-10-01
緑,虜,名詞,1,0.32,-0.02,2026-10-01
緑,しきる,動詞,1,0.32,nan,2026-10-01
緑,一変,名詞,1,0.32,nan,2026-10-01
緑,アーモドン,名詞,1,0.32,nan,2026-10-01
緑,知性,名詞,1,0.32,-1.23,2026-10-01
緑,働き,名詞,1,0.32,nan,2026-10-01
緑,背骨,名詞,1,0.32,nan,2026-10-01
緑,植生,名詞,1,0.32,nan,2026-10-01
緑,鋸,名詞,1,0.32,nan,2026-10-01
緑,絞める,動詞,1,0.32,nan,2026-10-01
緑,初め,名詞,1,0.32,-0.02,2026-10-01
緑,庶民,名詞,1,0.32,nan,2026-10-01
緑,花びら,名詞,1,0.32,nan,2026-10-01
緑,交差,名詞,1,0.32,-0.54,2026-10-01
緑,暗がり,名詞,1,0.32,-0.67,2026-10-01
緑,うすい,形容詞,1,0.32,nan,2026-10-01
緑,度重なる,動詞,1,0.32,nan,2026-10-01
緑,枯れ葉,名詞,1,0.32,nan,2026-10-01
緑,掃く,動詞,1,0.32,nan,2026-10-01
緑,盗賊,名詞,1,0.32,-0.02,2026-10-01
緑,高値,名詞,1,0.32,nan,2026-10-01
緑,アナコンダ,名詞,1,0.32,nan,2026-10-01
緑,頼り,名詞,1,0.32,-0.54,2026-10-01
緑,ジャラド,名詞,1,0.32,nan,2026-10-01
緑,試みる,動詞,1,0.32,-0.54,2026-10-01
緑,元素,名詞,1,0.32,-0.02,2026-10-01
緑,褒美,名詞,1,0.32,-0.4,2026-10-01
緑,両軍,名詞,1,0.32,nan,2026-10-01
緑,喧噪,名詞,1,0.32,nan,2026-10-01
緑,驚嘆,名詞,1,0.32,nan,2026-10-01
緑,タイール,名詞,1,0.32,nan,2026-10-01
緑,謎かけ,名詞,1,0.32,nan,2026-10-01
緑,有無,名詞,1,0.32,nan,2026-10-01
緑,宝庫,名詞,1,0.32,nan,2026-10-01
緑,鉱脈,名詞,1,0.32,nan,2026-10-01
緑,個々,名詞,1,0.32,nan,2026-10-01
緑,形態,名詞,1,0.32,-0.54,2026-10-01
緑,つぼみ,名詞,1,0.32,nan,2026-10-01
緑,膨らむ,動詞,1,0.32,nan,2026-10-01
緑,ざらん,副詞,1,0.32,nan,2026-10-01
緑,憎む,動詞,1,0.32,nan,2026-10-01
緑,憎し,形容詞,1,0.32,-0.4,2026-10-01
緑,モード,名詞,1,0.32,nan,2026-10-01
緑,強盗,名詞,1,0.32,-0.23,2026-10-01
緑,主幹,名詞,1,0.32,nan,2026-10-01
緑,サイド,名詞,1,0.32,nan,2026-10-01
緑,フリー,名詞,1,0.32,nan,2026-10-01
緑,弱める,動詞,1,0.32,nan,2026-10-01
緑,ハス,名詞,1,0.32,nan,2026-10-01
緑,驚かす,動詞,1,0.32,-0.02,2026-10-01
緑,つなぐ,動詞,1,0.32,-1.23,2026-10-01
緑,願望,名詞,1,0.32,-0.54,2026-10-01
緑,眩しい,形容詞,1,0.32,nan,2026-10-01
緑,ドウィモルデーネ,名詞,1,0.32,nan,2026-10-01
緑,ためし,名詞,1,0.32,nan,2026-10-01
緑,ガラドリエル,名詞,1,0.32,nan,2026-10-01
緑,短き,名詞,1,0.32,nan,2026-10-01
緑,しるす,動詞,1,0.32,nan,2026-10-01
緑,轟き,名詞,1,0.32,nan,2026-10-01
緑,ひづめ,名詞,1,0.32,nan,2026-10-01
緑,オタマジャクシ,名詞,1,0.32,nan,2026-10-01
緑,補給,名詞,1,0.32,-0.4,2026-10-01
緑,撤退,名詞,1,0.32,-0.54,2026-10-01
緑,擦れる,動詞,1,0.32,nan,2026-10-01
緑,直後,名詞,1,0.32,-0.02,2026-10-01
緑,固める,動詞,1,0.32,-1.23,2026-10-01
緑,巨竜,名詞,1,0.32,nan,2026-10-01
緑,虚言,名詞,1,0.32,nan,2026-10-01
緑,血潮,名詞,1,0.32,nan,2026-10-01
緑,争う,動詞,1,0.32,-0.54,2026-10-01
緑,モリモ,名詞,1,0.32,nan,2026-10-01
緑,いちいち,名詞,1,0.32,nan,2026-10-01
緑,つぶやく,動詞,1,0.32,nan,2026-10-01
緑,パトロール,名詞,1,0.32,nan,2026-10-01
緑,物影,名詞,1,0.32,nan,2026-10-01
緑,ダリス,名詞,1,0.32,nan,2026-10-01
緑,微笑む,動詞,1,0.32,-0.99,2026-10-01
緑,ふり,名詞,1,0.32,-0.02,2026-10-01
緑,芸,名詞,1,0.32,nan,2026-10-01
緑,大軍,名詞,1,0.32,-0.02,2026-10-01
緑,ボボ,名詞,1,0.32,nan,2026-10-01
緑,腹ペコ,名詞,1,0.32,nan,2026-10-01
緑,たっぷり,副詞,1,0.32,-1.08,2026-10-01
緑,マングース,名詞,1,0.32,nan,2026-10-01
緑,刈り込み,名詞,1,0.32,nan,2026-10-01
緑,旅行,名詞,1,0.32,nan,2026-10-01
緑,ラッドリス,名詞,1,0.32,nan,2026-10-01
緑,さえずり,名詞,1,0.32,nan,2026-10-01
緑,収拾,名詞,1,0.32,nan,2026-10-01
緑,ピット,名詞,1,0.32,-0.02,2026-10-01
緑,物心,名詞,1,0.32,nan,2026-10-01
緑,焚き火,名詞,1,0.32,-0.02,2026-10-01
緑,せがむ,動詞,1,0.32,nan,2026-10-01
緑,むき出し,名詞,1,0.32,-0.4,2026-10-01
緑,偶像,名詞,1,0.32,nan,2026-10-01
緑,哀れみ,名詞,1,0.32,nan,2026-10-01
緑,学者,名詞,1,0.32,-0.54,2026-10-01
緑,刻文,名詞,1,0.32,nan,2026-10-01
緑,イヴェータ,名詞,1,0.32,nan,2026-10-01
緑,屋上,名詞,1,0.32,nan,2026-10-01
緑,走り,名詞,1,0.32,-0.02,2026-10-01
緑,亡骸,名詞,1,0.32,-0.4,2026-10-01
緑,点在,名詞,1,0.32,nan,2026-10-01
緑,起源,名詞,1,0.32,nan,2026-10-01
緑,閉ざす,動詞,1,0.32,-0.4,2026-10-01
緑,正当,名詞,1,0.32,-0.54,2026-10-01
緑,酸性,名詞,1,0.32,nan,2026-10-01
緑,すする,動詞,1,0.32,-0.02,2026-10-01
緑,夕食,名詞,1,0.32,-0.99,2026-10-01
緑,果樹,名詞,1,0.32,nan,2026-10-01
緑,激浪,名詞,1,0.32,nan,2026-10-01
緑,脈打つ,動詞,1,0.32,-0.54,2026-10-01
緑,猛々しい,形容詞,1,0.32,nan,2026-10-01
緑,以つ,動詞,1,0.32,-1.23,2026-10-01
緑,オタリア,名詞,1,0.32,-0.02,2026-10-01
緑,へばる,動詞,1,0.32,nan,2026-10-01
緑,崇敬,名詞,1,0.32,nan,2026-10-01
緑,ケモノ,名詞,1,0.32,nan,2026-10-01
緑,疲労,名詞,1,0.32,nan,2026-10-01
緑,異界,名詞,1,0.32,nan,2026-10-01
緑,死人,名詞,1,0.32,-0.23,2026-10-01
緑,五感,名詞,1,0.32,nan,2026-10-01
緑,接する,動詞,1,0.32,nan,2026-10-01
緑,熟知,名詞,1,0.32,-0.02,2026-10-01
緑,しかた,名詞,1,0.32,nan,2026-10-01
緑,景色,名詞,1,0.32,nan,2026-10-01
緑,一瞥,名詞,1,0.32,nan,2026-10-01
緑,光栄,名詞,1,0.32,nan,2026-10-01
緑,量る,動詞,1,0.32,nan,2026-10-01
緑,延長,名詞,1,0.32,-0.4,2026-10-01
緑,蟻,名詞,1,0.32,nan,2026-10-01
緑,蟻塚,名詞,1,0.32,nan,2026-10-01
緑,つかさどる,動詞,1,0.32,nan,2026-10-01
緑,したがう,動詞,1,0.32,nan,2026-10-01
緑,属す,動詞,1,0.32,nan,2026-10-01
緑,安置,名詞,1,0.32,nan,2026-10-01
緑,塩分,名詞,1,0.32,nan,2026-10-01
緑,めぐらす,動詞,1,0.32,nan,2026-10-01
緑,金屑,名詞,1,0.32,nan,2026-10-01
緑,切込み,名詞,1,0.32,nan,2026-10-01
緑,脅し,名詞,1,0.32,-0.23,2026-10-01
緑,歳,名詞,1,0.32,nan,2026-10-01
緑,スリス,名詞,1,0.32,-0.4,2026-10-01
緑,時勢,名詞,1,0.32,nan,2026-10-01
緑,ビースト,名詞,1,0.32,nan,2026-10-01
緑,果,名詞,1,0.32,nan,2026-10-01
緑,メムナーク,名詞,1,0.32,-0.79,2026-10-01
緑,行く先,名詞,1,0.32,nan,2026-10-01
緑,粒,名詞,1,0.32,-0.23,2026-10-01
緑,地ならし,名詞,1,0.32,-0.02,2026-10-01
緑,態勢,名詞,1,0.32,nan,2026-10-01
緑,競う,動詞,1,0.32,-0.23,2026-10-01
緑,確率,名詞,1,0.32,nan,2026-10-01
緑,はかない,形容詞,1,0.32,nan,2026-10-01
緑,赤ん坊,名詞,1,0.32,nan,2026-10-01
緑,悲運,名詞,1,0.32,nan,2026-10-01
緑,救済,名詞,1,0.32,-0.99,2026-10-01
緑,縁,名詞,1,0.32,-0.79,2026-10-01
緑,正しく,副詞,1,0.32,nan,2026-10-01
緑,仕掛け,名詞,1,0.32,nan,2026-10-01
緑,学習,名詞,1,0.32,nan,2026-10-01
緑,先触れ,名詞,1,0.32,nan,2026-10-01
緑,我が家,名詞,1,0.32,nan,2026-10-01
緑,真上,名詞,1,0.32,nan,2026-10-01
緑,死角,名詞,1,0.32,nan,2026-10-01
緑,落葉,名詞,1,0.32,nan,2026-10-01
緑,はずれ,名詞,1,0.32,nan,2026-10-01
緑,デジタル,名詞,1,0.32,nan,2026-10-01
緑,大将,名詞,1,0.32,-0.4,2026-10-01
緑,さざめく,動詞,1,0.32,nan,2026-10-01
緑,手懐ける,動詞,1,0.32,nan,2026-10-01
緑,まく,動詞,1,0.32,-0.4,2026-10-01
緑,請う,動詞,1,0.32,-0.54,2026-10-01
緑,利,名詞,1,0.32,nan,2026-10-01
緑,ひび割れる,動詞,1,0.32,nan,2026-10-01
緑,岩棚,名詞,1,0.32,nan,2026-10-01
緑,案ずる,動詞,1,0.32,nan,2026-10-01
緑,本拠,名詞,1,0.32,nan,2026-10-01
緑,昨今,名詞,1,0.32,nan,2026-10-01
緑,戦記,名詞,1,0.32,nan,2026-10-01
緑,才,名詞,1,0.32,-0.23,2026-10-01
緑,与う,動詞,1,0.32,nan,2026-10-01
緑,澄む,動詞,1,0.32,nan,2026-10-01
緑,反感,名詞,1,0.32,nan,2026-10-01
緑,無し,名詞,1,0.32,-0.67,2026-10-01
緑,そよ風,名詞,1,0.32,-0.23,2026-10-01
緑,激流,名詞,1,0.32,nan,2026-10-01
緑,逆巻く,動詞,1,0.32,nan,2026-10-01
緑,暗黙,名詞,1,0.32,nan,2026-10-01
緑,浴びせる,動詞,1,0.32,nan,2026-10-01
緑,座する,動詞,1,0.32,nan,2026-10-01
緑,幼獣,名詞,1,0.32,nan,2026-10-01
緑,団栗,名詞,1,0.32,nan,2026-10-01
緑,世の中,名詞,1,0.32,-0.54,2026-10-01
緑,非力,名詞,1,0.32,nan,2026-10-01
緑,流転,名詞,1,0.32,nan,2026-10-01
緑,本殿,名詞,1,0.32,-0.23,2026-10-01
緑,陽当たり,名詞,1,0.32,nan,2026-10-01
緑,潤沢,名詞,1,0.32,nan,2026-10-01
緑,家系,名詞,1,0.32,nan,2026-10-01
緑,公案,名詞,1,0.32,nan,2026-10-01
緑,毎夜,名詞,1,0.32,-0.4,2026-10-01
緑,現世,名詞,1,0.32,nan,2026-10-01
緑,呼びかけ,名詞,1,0.32,-0.02,2026-10-01
緑,蜂起,名詞,1,0.32,nan,2026-10-01
緑,心根,名詞,1,0.32,nan,2026-10-01
緑,平静,名詞,1,0.32,nan,2026-10-01
緑,花咲き,名詞,1,0.32,nan,2026-10-01
緑,とげ,名詞,1,0.32,nan,2026-10-01
緑,百合,名詞,1,0.32,nan,2026-10-01
緑,莢,名詞,1,0.32,nan,2026-10-01
緑,割れ,名詞,1,0.32,nan,2026-10-01
緑,出ず,動詞,1,0.32,nan,2026-10-01
緑,狂人,名詞,1,0.32,-0.67,2026-10-01
緑,責,名詞,1,0.32,nan,2026-10-01
緑,述べる,動詞,1,0.32,nan,2026-10-01
緑,競走,名詞,1,0.32,nan,2026-10-01
緑,一笑,名詞,1,0.32,nan,2026-10-01
緑,付する,動詞,1,0.32,nan,2026-10-01
緑,韻,名詞,1,0.32,nan,2026-10-01
緑,鉄砲,名詞,1,0.32,nan,2026-10-01
緑,桜,名詞,1,0.32,nan,2026-10-01
緑,重宝,名詞,1,0.32,nan,2026-10-01
緑,解れる,動詞,1,0.32,nan,2026-10-01
緑,難,名詞,1,0.32,nan,2026-10-01
緑,揺るがす,動詞,1,0.32,-0.54,2026-10-01
緑,活き活き,副詞,1,0.32,nan,2026-10-01
緑,鳥居,名詞,1,0.32,nan,2026-10-01
緑,現し世,名詞,1,0.32,nan,2026-10-01
緑,利かす,動詞,1,0.32,nan,2026-10-01
緑,鴎,名詞,1,0.32,nan,2026-10-01
緑,泳ぐ,動詞,1,0.32,-1.08,2026-10-01
緑,睨み,名詞,1,0.32,nan,2026-10-01
緑,魚,名詞,1,0.32,-0.79,2026-10-01
緑,集落,名詞,1,0.32,nan,2026-10-01
緑,輪,名詞,1,0.32,-1.37,2026-10-01
緑,物体,名詞,1,0.32,nan,2026-10-01
緑,転ずる,動詞,1,0.32,nan,2026-10-01
緑,写す,動詞,1,0.32,nan,2026-10-01
緑,入墨,名詞,1,0.32,nan,2026-10-01
緑,暦,名詞,1,0.32,nan,2026-10-01
緑,林立,名詞,1,0.32,nan,2026-10-01
緑,街並み,名詞,1,0.32,nan,2026-10-01
緑,ちらつく,動詞,1,0.32,-0.67,2026-10-01
緑,とこしえ,名詞,1,0.32,nan,2026-10-01
緑,夜警,名詞,1,0.32,nan,2026-10-01
緑,護れる,動詞,1,0.32,nan,2026-10-01
緑,主食,名詞,1,0.32,nan,2026-10-01
緑,隔離,名詞,1,0.32,nan,2026-10-01
緑,経過,名詞,1,0.32,nan,2026-10-01
緑,没する,動詞,1,0.32,nan,2026-10-01
緑,何もの,名詞,1,0.32,nan,2026-10-01
緑,連打,名詞,1,0.32,nan,2026-10-01
緑,左右,名詞,1,0.32,nan,2026-10-01
緑,侵食,名詞,1,0.32,nan,2026-10-01
緑,道々,副詞,1,0.32,nan,2026-10-01
緑,すっかり,副詞,1,0.32,-0.54,2026-10-01
緑,統一,名詞,1,0.32,-0.99,2026-10-01
緑,表明,名詞,1,0.32,nan,2026-10-01
緑,意向,名詞,1,0.32,nan,2026-10-01
緑,還す,動詞,1,0.32,nan,2026-10-01
緑,ルーン,名詞,1,0.32,-0.79,2026-10-01
緑,スケレ,名詞,1,0.32,nan,2026-10-01
緑,玄関,名詞,1,0.32,-0.02,2026-10-01
緑,エリア,名詞,1,0.32,nan,2026-10-01
緑,救難,名詞,1,0.32,nan,2026-10-01
緑,件,名詞,1,0.32,nan,2026-10-01
緑,メッセージ,名詞,1,0.32,-0.89,2026-10-01
緑,はるか,副詞,1,0.32,-0.02,2026-10-01
緑,掘削,名詞,1,0.32,nan,2026-10-01
緑,別れる,動詞,1,0.32,nan,2026-10-01
緑,東,名詞,1,0.32,nan,2026-10-01
緑,探険,名詞,1,0.32,nan,2026-10-01
緑,シブシグ,名詞,1,0.32,-0.02,2026-10-01
緑,ささげる,動詞,1,0.32,nan,2026-10-01
緑,ウルサい,形容詞,1,0.32,nan,2026-10-01
緑,パイン,名詞,1,0.32,nan,2026-10-01
緑,巻き毛,名詞,1,0.32,nan,2026-10-01
緑,恩義,名詞,1,0.32,nan,2026-10-01
緑,珍しい,形容詞,1,0.32,-0.67,2026-10-01
緑,虻,名詞,1,0.32,nan,2026-10-01
緑,区域,名詞,1,0.32,-0.02,2026-10-01
緑,値切る,動詞,1,0.32,nan,2026-10-01
緑,衰弱,名詞,1,0.32,nan,2026-10-01
緑,主権,名詞,1,0.32,nan,2026-10-01
緑,そろそろ,副詞,1,0.32,-0.02,2026-10-01
緑,無敵,名詞,1,0.32,-0.67,2026-10-01
緑,有能,名詞,1,0.32,-0.23,2026-10-01
緑,装丁,名詞,1,0.32,nan,2026-10-01
緑,ヤーベリー,名詞,1,0.32,nan,2026-10-01
緑,インク,名詞,1,0.32,nan,2026-10-01
緑,現代,名詞,1,0.32,-0.02,2026-10-01
緑,秘本,名詞,1,0.32,nan,2026-10-01
緑,ノドログ,名詞,1,0.32,nan,2026-10-01
緑,撫でる,動詞,1,0.32,nan,2026-10-01
緑,御殿,名詞,1,0.32,nan,2026-10-01
緑,統べる,動詞,1,0.32,nan,2026-10-01
緑,腱,名詞,1,0.32,nan,2026-10-01
緑,民衆,名詞,1,0.32,nan,2026-10-01
緑,眼識,名詞,1,0.32,nan,2026-10-01
緑,岩礁,名詞,1,0.32,nan,2026-10-01
緑,羨み,名詞,1,0.32,nan,2026-10-01
緑,蟲,名詞,1,0.32,nan,2026-10-01
緑,注入,名詞,1,0.32,nan,2026-10-01
緑,血液,名詞,1,0.32,nan,2026-10-01
緑,土着,名詞,1,0.32,nan,2026-10-01
緑,鼠,名詞,1,0.32,-1.54,2026-10-01
緑,ぼろ布,名詞,1,0.32,nan,2026-10-01
緑,メモ,名詞,1,0.32,-0.23,2026-10-01
緑,積荷,名詞,1,0.32,nan,2026-10-01
緑,耐火,名詞,1,0.32,nan,2026-10-01
緑,ミジウム,名詞,1,0.32,nan,2026-10-01
緑,係,名詞,1,0.32,-0.02,2026-10-01
緑,ミミズ,名詞,1,0.32,nan,2026-10-01
緑,冷血,名詞,1,0.32,nan,2026-10-01
緑,不凍,名詞,1,0.32,nan,2026-10-01
緑,バイパー,名詞,1,0.32,nan,2026-10-01
緑,様,名詞,1,0.32,-1.3,2026-10-01
緑,体液,名詞,1,0.32,nan,2026-10-01
緑,たぎる,動詞,1,0.32,-0.79,2026-10-01
緑,煮える,動詞,1,0.32,-0.54,2026-10-01
緑,トナカイ,名詞,1,0.32,nan,2026-10-01
緑,役畜,名詞,1,0.32,nan,2026-10-01
緑,雄,名詞,1,0.32,nan,2026-10-01
緑,オーロクス,名詞,1,0.32,nan,2026-10-01
緑,大また,名詞,1,0.32,nan,2026-10-01
緑,拠り所,名詞,1,0.32,nan,2026-10-01
緑,霧氷,名詞,1,0.32,-0.67,2026-10-01
緑,治める,動詞,1,0.32,nan,2026-10-01
緑,ボリアル,名詞,1,0.32,nan,2026-10-01
緑,湯気,名詞,1,0.32,nan,2026-10-01
緑,水たまり,名詞,1,0.32,nan,2026-10-01
緑,エイヴァー,名詞,1,0.32,nan,2026-10-01
緑,北方,名詞,1,0.32,-0.54,2026-10-01
緑,日記,名詞,1,0.32,nan,2026-10-01
緑,ガイド,名詞,1,0.32,-0.23,2026-10-01
緑,体重,名詞,1,0.32,-0.23,2026-10-01
緑,発つ,動詞,1,0.32,nan,2026-10-01
緑,国境,名詞,1,0.32,-0.23,2026-10-01
緑,魔,名詞,1,0.32,-1.08,2026-10-01
緑,屈し,名詞,1,0.32,nan,2026-10-01
緑,無くなる,動詞,1,0.32,-0.89,2026-10-01
緑,ユーロス,名詞,1,0.32,nan,2026-10-01
緑,高熱,名詞,1,0.32,nan,2026-10-01
緑,しるし,名詞,1,0.32,-0.02,2026-10-01
緑,ナール,名詞,1,0.32,-0.02,2026-10-01
緑,たびたび,副詞,1,0.32,nan,2026-10-01
緑,ジョイラ,名詞,1,0.32,-0.4,2026-10-01
緑,テフェリー,名詞,1,0.32,-1.54,2026-10-01
緑,細切れ,名詞,1,0.32,nan,2026-10-01
緑,もてあそぶ,動詞,1,0.32,nan,2026-10-01
緑,電磁,名詞,1,0.32,nan,2026-10-01
緑,極度,名詞,1,0.32,nan,2026-10-01
緑,はまる,動詞,1,0.32,nan,2026-10-01
緑,ベナリア,名詞,1,0.32,-1.43,2026-10-01
緑,岩塩,名詞,1,0.32,nan,2026-10-01
緑,削る,動詞,1,0.32,-0.89,2026-10-01
緑,携える,動詞,1,0.32,-1.08,2026-10-01
緑,マント,名詞,1,0.32,nan,2026-10-01
緑,割く,動詞,1,0.32,nan,2026-10-01
緑,スクイー,名詞,1,0.32,-0.02,2026-10-01
緑,長所,名詞,1,0.32,nan,2026-10-01
緑,吸収,名詞,1,0.32,-0.54,2026-10-01
緑,ひとかけら,名詞,1,0.32,nan,2026-10-01
緑,清潔,名詞,1,0.32,nan,2026-10-01
緑,ごみ,名詞,1,0.32,nan,2026-10-01
緑,にやっ,副詞,1,0.32,nan,2026-10-01
緑,がらん,副詞,1,0.32,nan,2026-10-01
緑,朽ちる,動詞,1,0.32,nan,2026-10-01
緑,猫族,名詞,1,0.32,nan,2026-10-01
緑,エフラヴァ,名詞,1,0.32,nan,2026-10-01
緑,ジェディット,名詞,1,0.32,nan,2026-10-01
緑,惨事,名詞,1,0.32,-0.54,2026-10-01
緑,印章,名詞,1,0.32,-0.79,2026-10-01
緑,採れる,動詞,1,0.32,nan,2026-10-01
緑,年代,名詞,1,0.32,nan,2026-10-01
緑,報い,名詞,1,0.32,-0.99,2026-10-01
緑,引き換え,名詞,1,0.32,-0.4,2026-10-01
緑,エラダムリー,名詞,1,0.32,nan,2026-10-01
緑,軽々しい,形容詞,1,0.32,nan,2026-10-01
緑,クロウヴァクス,名詞,1,0.32,-0.02,2026-10-01
緑,嘘,名詞,1,0.32,-1.79,2026-10-01
緑,対話,名詞,1,0.32,nan,2026-10-01
緑,浅薄,名詞,1,0.32,nan,2026-10-01
緑,湯浴み,名詞,1,0.32,nan,2026-10-01
緑,つかれ,名詞,1,0.32,nan,2026-10-01
緑,ありがたし,形容詞,1,0.32,nan,2026-10-01
緑,歌える,動詞,1,0.32,nan,2026-10-01
緑,歌詞,名詞,1,0.32,nan,2026-10-01
緑,メテオ,名詞,1,0.32,nan,2026-10-01
緑,ひととき,名詞,1,0.32,nan,2026-10-01
緑,バスト,名詞,1,0.32,nan,2026-10-01
緑,キメる,動詞,1,0.32,nan,2026-10-01
緑,忍者,名詞,1,0.32,-0.4,2026-10-01
緑,マシーン,名詞,1,0.32,nan,2026-10-01
緑,池,名詞,1,0.32,-0.54,2026-10-01
緑,清掃,名詞,1,0.32,nan,2026-10-01
緑,フロッグ,名詞,1,0.32,nan,2026-10-01
緑,シナジー,名詞,1,0.32,nan,2026-10-01
緑,ケスティーズ,名詞,1,0.32,nan,2026-10-01
緑,射殺,名詞,1,0.32,nan,2026-10-01
緑,盟友,名詞,1,0.32,nan,2026-10-01
緑,サックス,名詞,1,0.32,nan,2026-10-01
緑,グリン,名詞,1,0.32,nan,2026-10-01
緑,わき腹,名詞,1,0.32,nan,2026-10-01
緑,読み,名詞,1,0.32,nan,2026-10-01
緑,前兆,名詞,1,0.32,-0.23,2026-10-01
緑,答,名詞,1,0.32,nan,2026-10-01
緑,肩口,名詞,1,0.32,nan,2026-10-01
緑,放棄,名詞,1,0.32,nan,2026-10-01
緑,催眠,名詞,1,0.32,nan,2026-10-01
緑,逃れ,名詞,1,0.32,nan,2026-10-01
緑,遅れ,名詞,1,0.32,nan,2026-10-01
緑,癒し,名詞,1,0.32,-1.23,2026-10-01
緑,操作,名詞,1,0.32,-0.54,2026-10-01
緑,ジャック,名詞,1,0.32,-0.23,2026-10-01
緑,スプリング,名詞,1,0.32,-0.23,2026-10-01
緑,化す,動詞,1,0.32,-0.4,2026-10-01
緑,曙光,名詞,1,0.32,nan,2026-10-01
緑,音色,名詞,1,0.32,-0.23,2026-10-01
緑,上位,名詞,1,0.32,nan,2026-10-01
緑,角笛,名詞,1,0.32,-0.4,2026-10-01
緑,宮殿,名詞,1,0.32,-1.08,2026-10-01
緑,変わり身,名詞,1,0.32,-0.89,2026-10-01
緑,識別,名詞,1,0.32,nan,2026-10-01
緑,勇士,名詞,1,0.32,nan,2026-10-01
緑,幼児,名詞,1,0.32,nan,2026-10-01
緑,猛牛,名詞,1,0.32,nan,2026-10-01
緑,霊感,名詞,1,0.32,-0.79,2026-10-01
緑,迷信,名詞,1,0.32,-0.02,2026-10-01
緑,フィアラ,名詞,1,0.32,nan,2026-10-01
緑,選別,名詞,1,0.32,-0.23,2026-10-01
緑,歩める,動詞,1,0.32,nan,2026-10-01
緑,基準,名詞,1,0.32,nan,2026-10-01
緑,ツキノテブクロ,名詞,1,0.32,-0.02,2026-10-01
緑,ヴェジフルズ,名詞,1,0.32,nan,2026-10-01
緑,扇動,名詞,1,0.32,-0.54,2026-10-01
緑,パターン,名詞,1,0.32,nan,2026-10-01
緑,催し物,名詞,1,0.32,nan,2026-10-01
緑,精細,名詞,1,0.32,nan,2026-10-01
緑,リボン,名詞,1,0.32,nan,2026-10-01
緑,悲しむ,動詞,1,0.32,-0.02,2026-10-01
緑,手腕,名詞,1,0.32,nan,2026-10-01
緑,両面,名詞,1,0.32,nan,2026-10-01
緑,無欠,名詞,1,0.32,nan,2026-10-01
緑,がさがさ,副詞,1,0.32,nan,2026-10-01
緑,ブルゴ,名詞,1,0.32,nan,2026-10-01
緑,こわばる,動詞,1,0.32,nan,2026-10-01
緑,大門,名詞,1,0.32,nan,2026-10-01
緑,フオルン,名詞,1,0.32,nan,2026-10-01
緑,ふたたび,副詞,1,0.32,-0.4,2026-10-01
緑,着る,動詞,1,0.32,-1.23,2026-10-01
緑,災い,名詞,1,0.32,-0.02,2026-10-01
緑,御身,名詞,1,0.32,nan,2026-10-01
緑,青い,形容詞,1,0.32,-1.08,2026-10-01
緑,適する,動詞,1,0.32,-0.02,2026-10-01
緑,猥雑,名詞,1,0.32,nan,2026-10-01
緑,裸,名詞,1,0.32,nan,2026-10-01
緑,主だつ,動詞,1,0.32,nan,2026-10-01
緑,変わり者,名詞,1,0.32,nan,2026-10-01
緑,模索,名詞,1,0.32,nan,2026-10-01
緑,反逆,名詞,1,0.32,-0.67,2026-10-01
緑,光線,名詞,1,0.32,nan,2026-10-01
緑,馴染む,動詞,1,0.32,nan,2026-10-01
緑,良し悪し,名詞,1,0.32,nan,2026-10-01
緑,従える,動詞,1,0.32,-0.23,2026-10-01
緑,トゥイラ,名詞,1,0.32,nan,2026-10-01
緑,系,名詞,1,0.32,nan,2026-10-01
緑,触れ合い,名詞,1,0.32,nan,2026-10-01
緑,グレミル,名詞,1,0.32,nan,2026-10-01
緑,軍旗,名詞,1,0.32,-0.4,2026-10-01
緑,つぶやき,名詞,1,0.32,nan,2026-10-01
緑,うつ伏せ,名詞,1,0.32,nan,2026-10-01
緑,悼む,動詞,1,0.32,-0.54,2026-10-01
緑,財宝,名詞,1,0.32,-0.89,2026-10-01
緑,猛火,名詞,1,0.32,nan,2026-10-01
緑,清める,動詞,1,0.32,-0.23,2026-10-01
緑,欠く,動詞,1,0.32,nan,2026-10-01
緑,ゴンド,名詞,1,0.32,nan,2026-10-01
緑,トールドウェン,名詞,1,0.32,nan,2026-10-01
緑,女房,名詞,1,0.32,nan,2026-10-01
緑,剥く,動詞,1,0.32,-0.02,2026-10-01
緑,リンゴ,名詞,1,0.32,nan,2026-10-01
緑,もぐ,動詞,1,0.32,nan,2026-10-01
緑,鬼火,名詞,1,0.32,nan,2026-10-01
緑,痒い,形容詞,1,0.32,nan,2026-10-01
緑,悪霊,名詞,1,0.32,-0.02,2026-10-01
緑,志願,名詞,1,0.32,-0.02,2026-10-01
緑,毒性,名詞,1,0.32,nan,2026-10-01
緑,欠片,名詞,1,0.32,-1.08,2026-10-01
緑,無人,名詞,1,0.32,nan,2026-10-01
緑,実在,名詞,1,0.32,nan,2026-10-01
緑,明かり,名詞,1,0.32,-0.54,2026-10-01
緑,花笠,名詞,1,0.32,nan,2026-10-01
緑,空地,名詞,1,0.32,nan,2026-10-01
緑,またたく,動詞,1,0.32,nan,2026-10-01
緑,こむ,動詞,1,0.32,nan,2026-10-01
緑,宵闇,名詞,1,0.32,nan,2026-10-01
緑,失望,名詞,1,0.32,-0.4,2026-10-01
緑,つかる,動詞,1,0.32,nan,2026-10-01
緑,穢れる,動詞,1,0.32,-0.23,2026-10-01
緑,跋扈,名詞,1,0.32,nan,2026-10-01
緑,離れ,名詞,1,0.32,nan,2026-10-01
緑,帽子,名詞,1,0.32,-0.4,2026-10-01
緑,カカシ,名詞,1,0.32,nan,2026-10-01
緑,まがい物,名詞,1,0.32,nan,2026-10-01
緑,鎮める,動詞,1,0.32,-1.3,2026-10-01
緑,当世,名詞,1,0.32,nan,2026-10-01
緑,腹黒い,形容詞,1,0.32,nan,2026-10-01
緑,青白い,形容詞,1,0.32,nan,2026-10-01
緑,みどり,名詞,1,0.32,nan,2026-10-01
緑,君臨,名詞,1,0.32,nan,2026-10-01
緑,見識,名詞,1,0.32,nan,2026-10-01
緑,まどろむ,動詞,1,0.32,nan,2026-10-01
緑,乗せる,動詞,1,0.32,-0.89,2026-10-01
緑,タララ,名詞,1,0.32,nan,2026-10-01
緑,妨げる,動詞,1,0.32,-0.4,2026-10-01
緑,波状,名詞,1,0.32,nan,2026-10-01
緑,タール,名詞,1,0.32,-0.99,2026-10-01
緑,隠れ蓑,名詞,1,0.32,nan,2026-10-01
緑,足音,名詞,1,0.32,-0.67,2026-10-01
緑,和音,名詞,1,0.32,nan,2026-10-01
緑,不協,名詞,1,0.32,nan,2026-10-01
緑,宿す,動詞,1,0.32,-0.4,2026-10-01
緑,ロスロリアン,名詞,1,0.32,nan,2026-10-01
緑,無理,名詞,1,0.32,-1.23,2026-10-01
緑,すがる,動詞,1,0.32,nan,2026-10-01
緑,資源,名詞,1,0.32,-0.4,2026-10-01
緑,宮,名詞,1,0.32,nan,2026-10-01
緑,防壁,名詞,1,0.32,-0.79,2026-10-01
緑,斑,名詞,1,0.32,nan,2026-10-01
緑,トーパ,名詞,1,0.32,nan,2026-10-01
緑,薦める,動詞,1,0.32,nan,2026-10-01
緑,入り口,名詞,1,0.32,-0.79,2026-10-01
緑,腰掛け,名詞,1,0.32,nan,2026-10-01
緑,物思い,名詞,1,0.32,nan,2026-10-01
緑,つながり,名詞,1,0.32,nan,2026-10-01
緑,花粉,名詞,1,0.32,nan,2026-10-01
緑,酸,名詞,1,0.32,-0.54,2026-10-01
緑,飛び火,名詞,1,0.32,nan,2026-10-01
緑,流儀,名詞,1,0.32,nan,2026-10-01
緑,崖崩れ,名詞,1,0.32,nan,2026-10-01
緑,地滑り,名詞,1,0.32,nan,2026-10-01
緑,猛威,名詞,1,0.32,nan,2026-10-01
緑,あえて,副詞,1,0.32,nan,2026-10-01
緑,広まる,動詞,1,0.32,-1.08,2026-10-01
緑,サシーリウム,名詞,1,0.32,nan,2026-10-01
緑,ツカタン,名詞,1,0.32,nan,2026-10-01
緑,マトカ,名詞,1,0.32,nan,2026-10-01
緑,熟睡,名詞,1,0.32,nan,2026-10-01
緑,旱魃,名詞,1,0.32,nan,2026-10-01
緑,鈍る,動詞,1,0.32,nan,2026-10-01
緑,雷雨,名詞,1,0.32,nan,2026-10-01
緑,ラフィーク,名詞,1,0.32,nan,2026-10-01
緑,騎乗,名詞,1,0.32,-0.23,2026-10-01
緑,レオトー,名詞,1,0.32,nan,2026-10-01
緑,岩石,名詞,1,0.32,nan,2026-10-01
緑,毎日,名詞,1,0.32,-0.99,2026-10-01
緑,種蒔き,名詞,1,0.32,nan,2026-10-01
緑,噴流,名詞,1,0.32,nan,2026-10-01
緑,ラネット,名詞,1,0.32,nan,2026-10-01
緑,巡り,名詞,1,0.32,nan,2026-10-01
緑,サエリア,名詞,1,0.32,nan,2026-10-01
緑,損じる,動詞,1,0.32,nan,2026-10-01
緑,長槍,名詞,1,0.32,nan,2026-10-01
緑,退化,名詞,1,0.32,nan,2026-10-01
緑,踏み跡,名詞,1,0.32,nan,2026-10-01
緑,煽る,動詞,1,0.32,-0.67,2026-10-01
緑,きつい,形容詞,1,0.32,nan,2026-10-01
緑,締め付け,名詞,1,0.32,nan,2026-10-01
緑,細糸,名詞,1,0.32,nan,2026-10-01
緑,配下,名詞,1,0.32,-0.02,2026-10-01
緑,ボルザード,名詞,1,0.32,nan,2026-10-01
緑,羽目,名詞,1,0.32,-0.23,2026-10-01
緑,殺せる,動詞,1,0.32,-0.02,2026-10-01
緑,西門,名詞,1,0.32,nan,2026-10-01
緑,ラマール,名詞,1,0.32,nan,2026-10-01
緑,苺,名詞,1,0.32,nan,2026-10-01
緑,キヴィ,名詞,1,0.32,nan,2026-10-01
緑,意地,名詞,1,0.32,nan,2026-10-01
緑,道具,名詞,1,0.32,-2.16,2026-10-01
緑,血塗る,動詞,1,0.32,nan,2026-10-01
緑,蜂蜜,名詞,1,0.32,nan,2026-10-01
緑,ミュータンジェン,名詞,1,0.32,nan,2026-10-01
緑,まんま,名詞,1,0.32,nan,2026-10-01
緑,気宇,名詞,1,0.32,nan,2026-10-01
緑,マザール,名詞,1,0.32,nan,2026-10-01
緑,枝々,名詞,1,0.32,nan,2026-10-01
緑,羊歯,名詞,1,0.32,nan,2026-10-01
緑,竜巻,名詞,1,0.32,nan,2026-10-01
緑,カタツムリ,名詞,1,0.32,-0.23,2026-10-01
緑,つなげる,動詞,1,0.32,nan,2026-10-01
緑,アンティキティー,名詞,1,0.32,nan,2026-10-01
緑,だめ,名詞,1,0.32,-1.08,2026-10-01
緑,縁起,名詞,1,0.32,nan,2026-10-01
緑,アレーラ,名詞,1,0.32,nan,2026-10-01
緑,ベナース,名詞,1,0.32,nan,2026-10-01
緑,善良,名詞,1,0.32,-0.02,2026-10-01
緑,バスレル,名詞,1,0.32,nan,2026-10-01
緑,恥,名詞,1,0.32,-0.89,2026-10-01
緑,歩き,名詞,1,0.32,-0.23,2026-10-01
緑,捉える,動詞,1,0.32,-0.02,2026-10-01
緑,跳ぶ,動詞,1,0.32,nan,2026-10-01
緑,血族,名詞,1,0.32,-0.4,2026-10-01
緑,ならせる,動詞,1,0.32,nan,2026-10-01
緑,猟場,名詞,1,0.32,nan,2026-10-01
緑,シェイダ,名詞,1,0.32,nan,2026-10-01
緑,オンドゥ,名詞,1,0.32,-0.67,2026-10-01
緑,ハルダ,名詞,1,0.32,nan,2026-10-01
緑,発生,名詞,1,0.32,-0.02,2026-10-01
緑,足踏み,名詞,1,0.32,nan,2026-10-01
緑,ザーディ,名詞,1,0.32,nan,2026-10-01
緑,輪廻,名詞,1,0.32,nan,2026-10-01
緑,巨体,名詞,1,0.32,nan,2026-10-01
緑,飽く,動詞,1,0.32,-0.23,2026-10-01
緑,各地,名詞,1,0.32,nan,2026-10-01
緑,便利,名詞,1,0.32,-0.23,2026-10-01
緑,クラーケン,名詞,1,0.32,-0.02,2026-10-01
緑,くせ,名詞,1,0.32,-0.4,2026-10-01
緑,侵害,名詞,1,0.32,nan,2026-10-01
緑,含む,動詞,1,0.32,-0.79,2026-10-01
緑,液,名詞,1,0.32,-0.02,2026-10-01
緑,叙事,名詞,1,0.32,nan,2026-10-01
緑,歌い手,名詞,1,0.32,nan,2026-10-01
緑,数多く,副詞,1,0.32,-1.65,2026-10-01
緑,ハリマー,名詞,1,0.32,-0.89,2026-10-01
緑,ザール,名詞,1,0.32,-0.23,2026-10-01
緑,募る,動詞,1,0.32,nan,2026-10-01
緑,束縛,名詞,1,0.32,-0.67,2026-10-01
緑,尊大,名詞,1,0.32,nan,2026-10-01
緑,申す,動詞,1,0.32,-0.67,2026-10-01
緑,群がる,動詞,1,0.32,nan,2026-10-01
緑,目前,名詞,1,0.32,-0.54,2026-10-01
緑,一斉,名詞,1,0.32,-0.02,2026-10-01
緑,あむ,動詞,1,0.32,nan,2026-10-01
緑,見通し,名詞,1,0.32,-0.23,2026-10-01
緑,報奨,名詞,1,0.32,-0.02,2026-10-01
緑,エース,名詞,1,0.32,nan,2026-10-01
緑,不平,名詞,1,0.32,nan,2026-10-01
緑,蔓延る,動詞,1,0.32,nan,2026-10-01
緑,冷める,動詞,1,0.32,-0.02,2026-10-01
緑,紅茶,名詞,1,0.32,nan,2026-10-01
緑,ニッド,名詞,1,0.32,nan,2026-10-01
緑,くたびれる,動詞,1,0.32,nan,2026-10-01
緑,登頂,名詞,1,0.32,nan,2026-10-01
緑,バイソン,名詞,1,0.32,nan,2026-10-01
緑,猿人,名詞,1,0.32,nan,2026-10-01
緑,サチャー,名詞,1,0.32,-0.02,2026-10-01
緑,ベレレン,名詞,1,0.32,-1.95,2026-10-01
緑,オムゥ,名詞,1,0.32,nan,2026-10-01
緑,シルダーク,名詞,1,0.32,nan,2026-10-01
緑,闘士,名詞,1,0.32,nan,2026-10-01
緑,ドラズ,名詞,1,0.32,-0.54,2026-10-01
緑,地すべり,名詞,1,0.32,nan,2026-10-01
緑,つかまる,動詞,1,0.32,nan,2026-10-01
緑,マラリーフ,名詞,1,0.32,nan,2026-10-01
緑,絶好,名詞,1,0.32,nan,2026-10-01
緑,語り部,名詞,1,0.32,nan,2026-10-01
緑,スティーナ,名詞,1,0.32,nan,2026-10-01
緑,誤り,名詞,1,0.32,nan,2026-10-01
緑,傍観,名詞,1,0.32,-0.02,2026-10-01
緑,一欠片,名詞,1,0.32,nan,2026-10-01
緑,輝かし,形容詞,1,0.32,nan,2026-10-01
緑,造物,名詞,1,0.32,nan,2026-10-01
緑,盟約,名詞,1,0.32,nan,2026-10-01
緑,モルール,名詞,1,0.32,nan,2026-10-01
緑,取引,名詞,1,0.32,-1.23,2026-10-01
緑,アガディーム,名詞,1,0.32,nan,2026-10-01
緑,墓所,名詞,1,0.32,-0.23,2026-10-01
緑,碑文,名詞,1,0.32,nan,2026-10-01
緑,晩飯,名詞,1,0.32,nan,2026-10-01
緑,逆立つ,動詞,1,0.32,nan,2026-10-01
緑,川岸,名詞,1,0.32,nan,2026-10-01
緑,喋る,動詞,1,0.32,-0.02,2026-10-01
緑,効き目,名詞,1,0.32,nan,2026-10-01
緑,毒液,名詞,1,0.32,nan,2026-10-01
緑,ゴーク,名詞,1,0.32,nan,2026-10-01
緑,スズメバチ,名詞,1,0.32,nan,2026-10-01
緑,樹々,名詞,1,0.32,nan,2026-10-01
緑,デジャーラ,名詞,1,0.32,nan,2026-10-01
緑,落下,名詞,1,0.32,-0.89,2026-10-01
緑,ゴム,名詞,1,0.32,nan,2026-10-01
緑,マーフウィズ,名詞,1,0.32,nan,2026-10-01
緑,外す,動詞,1,0.32,-1.23,2026-10-01
緑,セイル,名詞,1,0.32,nan,2026-10-01
緑,浮遊,名詞,1,0.32,-0.4,2026-10-01
緑,あさり,名詞,1,0.32,-0.02,2026-10-01
緑,宙,名詞,1,0.32,-0.23,2026-10-01
緑,墜ちる,動詞,1,0.32,nan,2026-10-01
緑,枯らす,動詞,1,0.32,nan,2026-10-01
緑,ブレス,名詞,1,0.32,nan,2026-10-01
緑,アレフ,名詞,1,0.32,nan,2026-10-01
緑,重量,名詞,1,0.32,nan,2026-10-01
緑,トラール,名詞,1,0.32,nan,2026-10-01
緑,ご馳走,名詞,1,0.32,-0.99,2026-10-01
緑,自称,名詞,1,0.32,nan,2026-10-01
緑,幽鬼,名詞,1,0.32,nan,2026-10-01
緑,至福,名詞,1,0.32,nan,2026-10-01
緑,パンサー,名詞,1,0.32,nan,2026-10-01
緑,穂先,名詞,1,0.32,nan,2026-10-01
緑,護符,名詞,1,0.32,nan,2026-10-01
緑,移ろう,動詞,1,0.32,-0.23,2026-10-01
緑,不埒,名詞,1,0.32,nan,2026-10-01
緑,改善,名詞,1,0.32,nan,2026-10-01
緑,吠え声,名詞,1,0.32,nan,2026-10-01
緑,くい,名詞,1,0.32,nan,2026-10-01
緑,おおかみ,名詞,1,0.32,nan,2026-10-01
緑,さく,名詞,1,0.32,nan,2026-10-01
緑,囚われる,動詞,1,0.32,-0.67,2026-10-01
緑,刃先,名詞,1,0.32,nan,2026-10-01
緑,服従,名詞,1,0.32,-0.4,2026-10-01
緑,粛清,名詞,1,0.32,nan,2026-10-01
緑,よみがえる,動詞,1,0.32,nan,2026-10-01
緑,不実,名詞,1,0.32,nan,2026-10-01
緑,外見,名詞,1,0.32,nan,2026-10-01
緑,主導,名詞,1,0.32,nan,2026-10-01
緑,背教,名詞,1,0.32,nan,2026-10-01
緑,古色,名詞,1,0.32,nan,2026-10-01
緑,メフィドロス,名詞,1,0.32,-1.16,2026-10-01
緑,感動,名詞,1,0.32,-0.23,2026-10-01
緑,蹴爪,名詞,1,0.32,nan,2026-10-01
緑,厚い,形容詞,1,0.32,-0.67,2026-10-01
緑,屈辱,名詞,1,0.32,-0.02,2026-10-01
緑,けもの,名詞,1,0.32,nan,2026-10-01
緑,くわしい,形容詞,1,0.32,nan,2026-10-01
緑,ニューロック,名詞,1,0.32,-0.4,2026-10-01
緑,ヴリスト,名詞,1,0.32,nan,2026-10-01
緑,分厚い,形容詞,1,0.32,nan,2026-10-01
緑,偽善,名詞,1,0.32,nan,2026-10-01
緑,海賊,名詞,1,0.32,-2.02,2026-10-01
緑,上陸,名詞,1,0.32,nan,2026-10-01
緑,尋ね者,名詞,1,0.32,nan,2026-10-01
緑,ヴィダルケン,名詞,1,0.32,-1.91,2026-10-01
緑,賞金,名詞,1,0.32,nan,2026-10-01
緑,裏切り,名詞,1,0.32,-1.49,2026-10-01
緑,努める,動詞,1,0.32,nan,2026-10-01
緑,改良,名詞,1,0.32,-1.16,2026-10-01
緑,アダラン,名詞,1,0.32,nan,2026-10-01
緑,堕落,名詞,1,0.32,-1.16,2026-10-01
緑,事柄,名詞,1,0.32,nan,2026-10-01
緑,オキシド,名詞,1,0.32,nan,2026-10-01
緑,消費,名詞,1,0.32,-0.4,2026-10-01
緑,異端,名詞,1,0.32,-0.99,2026-10-01
緑,省ける,動詞,1,0.32,nan,2026-10-01
緑,病原,名詞,1,0.32,nan,2026-10-01
緑,蝕む,動詞,1,0.32,-1.23,2026-10-01
緑,法務,名詞,1,0.32,-0.67,2026-10-01
緑,伝承,名詞,1,0.32,nan,2026-10-01
緑,預言,名詞,1,0.32,nan,2026-10-01
緑,安らぎ,名詞,1,0.32,-1.08,2026-10-01
緑,正規,名詞,1,0.32,-0.23,2026-10-01
緑,ティリエン,名詞,1,0.32,nan,2026-10-01
緑,ピスタス,名詞,1,0.32,nan,2026-10-01
緑,燃料,名詞,1,0.32,-1.6,2026-10-01
緑,結論,名詞,1,0.32,-0.54,2026-10-01
緑,密偵,名詞,1,0.32,nan,2026-10-01
緑,シェオルドレッド,名詞,1,0.32,-1.49,2026-10-01
緑,ユーフェミア,名詞,1,0.32,nan,2026-10-01
緑,大家,名詞,1,0.32,nan,2026-10-01
緑,チャガスカ,名詞,1,0.32,nan,2026-10-01
緑,通常,名詞,1,0.32,-0.23,2026-10-01
緑,内気,名詞,1,0.32,nan,2026-10-01
緑,可逆,名詞,1,0.32,nan,2026-10-01
緑,ヴィブラニウム,名詞,1,0.32,nan,2026-10-01
緑,精錬,名詞,1,0.32,-0.23,2026-10-01
緑,管,名詞,1,0.32,nan,2026-10-01
緑,免れる,動詞,1,0.32,-0.4,2026-10-01
緑,適合,名詞,1,0.32,nan,2026-10-01
緑,乞う,動詞,1,0.32,nan,2026-10-01
緑,親族,名詞,1,0.32,nan,2026-10-01
緑,生死,名詞,1,0.32,-0.23,2026-10-01
緑,きり,名詞,1,0.32,nan,2026-10-01
緑,腐肉,名詞,1,0.32,-0.54,2026-10-01
緑,逢う,動詞,1,0.32,nan,2026-10-01
緑,指先,名詞,1,0.32,nan,2026-10-01
緑,教義,名詞,1,0.32,-0.67,2026-10-01
緑,きっちり,副詞,1,0.32,nan,2026-10-01
緑,昨日,名詞,1,0.32,-0.54,2026-10-01
緑,優位,名詞,1,0.32,-0.54,2026-10-01
緑,銀貨,名詞,1,0.32,nan,2026-10-01
緑,井戸,名詞,1,0.32,-0.23,2026-10-01
緑,反転,名詞,1,0.32,nan,2026-10-01
緑,死後,名詞,1,0.32,-1.83,2026-10-01
緑,原因,名詞,1,0.32,-0.99,2026-10-01
緑,ウータ,名詞,1,0.32,nan,2026-10-01
緑,ファルケンラス,名詞,1,0.32,-0.54,2026-10-01
緑,そそのかす,動詞,1,0.32,nan,2026-10-01
緑,屋敷,名詞,1,0.32,-0.23,2026-10-01
緑,芯,名詞,1,0.32,nan,2026-10-01
緑,さらう,動詞,1,0.32,nan,2026-10-01
緑,古え,名詞,1,0.32,-0.54,2026-10-01
緑,エストワルド,名詞,1,0.32,nan,2026-10-01
緑,肉屋,名詞,1,0.32,nan,2026-10-01
緑,アーモント,名詞,1,0.32,nan,2026-10-01
緑,礼節,名詞,1,0.32,nan,2026-10-01
緑,好ましい,形容詞,1,0.32,-0.02,2026-10-01
緑,溜まり,名詞,1,0.32,nan,2026-10-01
緑,足す,動詞,1,0.32,nan,2026-10-01
緑,いざなう,動詞,1,0.32,nan,2026-10-01
緑,靴跡,名詞,1,0.32,nan,2026-10-01
緑,訳,名詞,1,0.32,-0.54,2026-10-01
緑,摘む,動詞,1,0.32,nan,2026-10-01
緑,ならぶ,動詞,1,0.32,nan,2026-10-01
緑,熟し,名詞,1,0.32,nan,2026-10-01
緑,赦し,名詞,1,0.32,-0.02,2026-10-01
緑,聖堂,名詞,1,0.32,-0.02,2026-10-01
緑,真っ先,名詞,1,0.32,nan,2026-10-01
緑,軛,名詞,1,0.32,nan,2026-10-01
緑,蘇生,名詞,1,0.32,nan,2026-10-01
緑,メヴァク,名詞,1,0.32,nan,2026-10-01
緑,ヴィデンズ,名詞,1,0.32,nan,2026-10-01
緑,婦人,名詞,1,0.32,nan,2026-10-01
緑,ヨンダ,名詞,1,0.32,nan,2026-10-01
緑,身内,名詞,1,0.32,nan,2026-10-01
緑,抹殺,名詞,1,0.32,-0.02,2026-10-01
緑,松明,名詞,1,0.32,-0.89,2026-10-01
緑,苦い,形容詞,1,0.32,-0.4,2026-10-01
緑,ヨモギ,名詞,1,0.32,nan,2026-10-01
緑,親,名詞,1,0.32,nan,2026-10-01
緑,境目,名詞,1,0.32,nan,2026-10-01
緑,薄い,形容詞,1,0.32,-1.23,2026-10-01
緑,ヴェス,名詞,1,0.32,-2.28,2026-10-01
緑,リリアナ,名詞,1,0.32,-2.57,2026-10-01
緑,異教,名詞,1,0.32,nan,2026-10-01
緑,納得,名詞,1,0.32,-0.02,2026-10-01
緑,根こそぎ,副詞,1,0.32,nan,2026-10-01
緑,一見,副詞,1,0.32,-0.23,2026-10-01
緑,遙か,副詞,1,0.32,nan,2026-10-01
緑,震わせる,動詞,1,0.32,nan,2026-10-01
緑,高価,名詞,1,0.32,nan,2026-10-01
緑,野望,名詞,1,0.32,-0.79,2026-10-01
緑,魔導,名詞,1,0.32,-0.99,2026-10-01
緑,道連れ,名詞,1,0.32,nan,2026-10-01
緑,リムハイト,名詞,1,0.32,nan,2026-10-01
緑,手なずける,動詞,1,0.32,nan,2026-10-01
緑,心地,名詞,1,0.32,nan,2026-10-01
緑,ガラン,副詞,1,0.32,nan,2026-10-01
緑,おこせる,動詞,1,0.32,nan,2026-10-01
緑,追える,動詞,1,0.32,nan,2026-10-01
緑,見分け,名詞,1,0.32,-0.02,2026-10-01
緑,猟犬,名詞,1,0.32,-0.02,2026-10-01
緑,煉瓦,名詞,1,0.32,-0.02,2026-10-01
緑,あたり,名詞,1,0.32,-0.67,2026-10-01
緑,手首,名詞,1,0.32,-0.4,2026-10-01
緑,またぐ,動詞,1,0.32,nan,2026-10-01
緑,ルーデヴィック,名詞,1,0.32,-0.67,2026-10-01
緑,降りる,動詞,1,0.32,-1.6,2026-10-01
緑,携帯,名詞,1,0.32,nan,2026-10-01
緑,崇高,名詞,1,0.32,-0.02,2026-10-01
緑,惨殺,名詞,1,0.32,nan,2026-10-01
緑,エルムート,名詞,1,0.32,nan,2026-10-01
緑,伏せる,動詞,1,0.32,-0.67,2026-10-01
緑,治る,動詞,1,0.32,nan,2026-10-01
緑,駆逐,名詞,1,0.32,nan,2026-10-01
緑,大波,名詞,1,0.32,-0.54,2026-10-01
緑,叡智,名詞,1,0.32,-0.54,2026-10-01
緑,穀物,名詞,1,0.32,-0.23,2026-10-01
緑,つる,名詞,1,0.32,nan,2026-10-01
緑,組み合わせ,名詞,1,0.32,nan,2026-10-01
緑,ぼんやり,副詞,1,0.32,nan,2026-10-01
緑,是正,名詞,1,0.32,nan,2026-10-01
緑,ゲイヴ,名詞,1,0.32,nan,2026-10-01
緑,教祖,名詞,1,0.32,nan,2026-10-01
緑,増補,名詞,1,0.32,nan,2026-10-01
緑,プレインズウォーク,名詞,1,0.32,nan,2026-10-01
緑,仕方,名詞,1,0.32,-0.23,2026-10-01
緑,義者,名詞,1,0.32,nan,2026-10-01
緑,狩,名詞,1,0.32,nan,2026-10-01
緑,ウーズ,名詞,1,0.32,nan,2026-10-01
緑,廃棄,名詞,1,0.32,-0.23,2026-10-01
緑,召集,名詞,1,0.32,nan,2026-10-01
緑,連環,名詞,1,0.32,nan,2026-10-01
緑,賭け,名詞,1,0.32,-0.4,2026-10-01
緑,シルボ,名詞,1,0.32,nan,2026-10-01
緑,時計,名詞,1,0.32,-0.23,2026-10-01
緑,ありか,名詞,1,0.32,nan,2026-10-01
緑,玉石,名詞,1,0.32,nan,2026-10-01
緑,もともと,副詞,1,0.32,nan,2026-10-01
緑,害,名詞,1,0.32,-0.23,2026-10-01
緑,指摘,名詞,1,0.32,nan,2026-10-01
緑,非難,名詞,1,0.32,-0.23,2026-10-01
緑,隅,名詞,1,0.32,-0.02,2026-10-01
緑,ブリーニ,名詞,1,0.32,nan,2026-10-01
緑,制定,名詞,1,0.32,nan,2026-10-01
緑,ルーディ,名詞,1,0.32,nan,2026-10-01
緑,行政,名詞,1,0.32,nan,2026-10-01
緑,一人ひとり,名詞,1,0.32,nan,2026-10-01
緑,ゆったり,副詞,1,0.32,nan,2026-10-01
緑,くつろげる,動詞,1,0.32,nan,2026-10-01
緑,葦,名詞,1,0.32,nan,2026-10-01
緑,反らす,動詞,1,0.32,nan,2026-10-01
緑,プラーフ,名詞,1,0.32,nan,2026-10-01
緑,台,名詞,1,0.32,-0.89,2026-10-01
緑,ラクドス,名詞,1,0.32,-1.91,2026-10-01
緑,コールン,名詞,1,0.32,nan,2026-10-01
緑,重ねる,動詞,1,0.32,-0.54,2026-10-01
緑,ラーデ,名詞,1,0.32,nan,2026-10-01
緑,ドムリ,名詞,1,0.32,nan,2026-10-01
緑,裏切る,動詞,1,0.32,-1.16,2026-10-01
緑,僧院,名詞,1,0.32,-0.54,2026-10-01
緑,ミラーナ,名詞,1,0.32,nan,2026-10-01
緑,篭,名詞,1,0.32,nan,2026-10-01
緑,弩弓,名詞,1,0.32,nan,2026-10-01
緑,具,名詞,1,0.32,-0.4,2026-10-01
緑,はじく,動詞,1,0.32,nan,2026-10-01
緑,胸当て,名詞,1,0.32,nan,2026-10-01
緑,装身,名詞,1,0.32,nan,2026-10-01
緑,ルーリク,名詞,1,0.32,nan,2026-10-01
緑,ゴーア,名詞,1,0.32,nan,2026-10-01
緑,ラザーヴ,名詞,1,0.32,-0.02,2026-10-01
緑,ミゼット,名詞,1,0.32,-0.67,2026-10-01
緑,ニヴ,名詞,1,0.32,-0.67,2026-10-01
緑,顔面,名詞,1,0.32,nan,2026-10-01
緑,戦利,名詞,1,0.32,-0.89,2026-10-01
緑,生皮,名詞,1,0.32,nan,2026-10-01
緑,横切る,動詞,1,0.32,-0.02,2026-10-01
緑,スラル,名詞,1,0.32,nan,2026-10-01
緑,水平,名詞,1,0.32,nan,2026-10-01
緑,作り,名詞,1,0.32,-0.02,2026-10-01
緑,図面,名詞,1,0.32,nan,2026-10-01
緑,獣道,名詞,1,0.32,nan,2026-10-01
緑,ゴストク,名詞,1,0.32,nan,2026-10-01
緑,特使,名詞,1,0.32,nan,2026-10-01
緑,要る,動詞,1,0.32,-0.67,2026-10-01
緑,グリスタン,名詞,1,0.32,nan,2026-10-01
緑,サニール,名詞,1,0.32,nan,2026-10-01
緑,匠,名詞,1,0.32,nan,2026-10-01
緑,ヴォレル,名詞,1,0.32,nan,2026-10-01
緑,マガ,名詞,1,0.32,nan,2026-10-01
緑,仇敵,名詞,1,0.32,nan,2026-10-01
緑,癒し手,名詞,1,0.32,-1.37,2026-10-01
緑,エイリン,名詞,1,0.32,nan,2026-10-01
緑,衰退,名詞,1,0.32,nan,2026-10-01
緑,クロシュカー,名詞,1,0.32,nan,2026-10-01
緑,体系,名詞,1,0.32,-0.23,2026-10-01
緑,禁ずる,動詞,1,0.32,-0.67,2026-10-01
緑,損壊,名詞,1,0.32,nan,2026-10-01
緑,家屋,名詞,1,0.32,nan,2026-10-01
緑,てっきり,副詞,1,0.32,nan,2026-10-01
緑,なす,動詞,1,0.32,-1.37,2026-10-01
緑,切れ,名詞,1,0.32,nan,2026-10-01
緑,浄い,形容詞,1,0.32,nan,2026-10-01
緑,立ち上がり,名詞,1,0.32,nan,2026-10-01
緑,食糧,名詞,1,0.32,-0.23,2026-10-01
緑,あさる,動詞,1,0.32,-0.02,2026-10-01
緑,発達,名詞,1,0.32,nan,2026-10-01
緑,折り合い,名詞,1,0.32,nan,2026-10-01
緑,産業,名詞,1,0.32,nan,2026-10-01
緑,ブリント,名詞,1,0.32,nan,2026-10-01
緑,ドービン,名詞,1,0.32,nan,2026-10-01
緑,肌,名詞,1,0.32,-1.16,2026-10-01
緑,かすれる,動詞,1,0.32,-0.02,2026-10-01
緑,託す,動詞,1,0.32,nan,2026-10-01
緑,下級,名詞,1,0.32,nan,2026-10-01
緑,スラーム,名詞,1,0.32,nan,2026-10-01
緑,例え,副詞,1,0.32,nan,2026-10-01
緑,諺,名詞,1,0.32,nan,2026-10-01
緑,密集,名詞,1,0.32,nan,2026-10-01
緑,カラ,名詞,1,0.32,nan,2026-10-01
緑,カステン,名詞,1,0.32,nan,2026-10-01
緑,連動,名詞,1,0.32,nan,2026-10-01
緑,具現,名詞,1,0.32,nan,2026-10-01
緑,光沢,名詞,1,0.32,nan,2026-10-01
緑,血眼,名詞,1,0.32,nan,2026-10-01
緑,浜辺,名詞,1,0.32,nan,2026-10-01
緑,碑銘,名詞,1,0.32,nan,2026-10-01
緑,フィーリーズ,名詞,1,0.32,nan,2026-10-01
緑,報復,名詞,1,0.32,-1.08,2026-10-01
緑,侮辱,名詞,1,0.32,-0.54,2026-10-01
緑,テルフィ,名詞,1,0.32,nan,2026-10-01
緑,臓物,名詞,1,0.32,-0.02,2026-10-01
緑,オオヤマネコ,名詞,1,0.32,nan,2026-10-01
緑,積み重ね,名詞,1,0.32,nan,2026-10-01
緑,雑木,名詞,1,0.32,nan,2026-10-01
緑,一言,名詞,1,0.32,-1.16,2026-10-01
緑,直前,名詞,1,0.32,-0.4,2026-10-01
緑,夜明,名詞,1,0.32,nan,2026-10-01
緑,模様,名詞,1,0.32,-0.54,2026-10-01
緑,フロガス,名詞,1,0.32,nan,2026-10-01
緑,入れ墨,名詞,1,0.32,nan,2026-10-01
緑,クリオン,名詞,1,0.32,nan,2026-10-01
緑,創れる,動詞,1,0.32,nan,2026-10-01
緑,彷徨う,動詞,1,0.32,-0.4,2026-10-01
緑,逸話,名詞,1,0.32,nan,2026-10-01
緑,コリサンディ,名詞,1,0.32,nan,2026-10-01
緑,墓銘,名詞,1,0.32,nan,2026-10-01
緑,サテュロス,名詞,1,0.32,-0.54,2026-10-01
緑,ほぐす,動詞,1,0.32,nan,2026-10-01
緑,秘術,名詞,1,0.32,nan,2026-10-01
緑,会得,名詞,1,0.32,nan,2026-10-01
緑,少女,名詞,1,0.32,nan,2026-10-01
緑,人型,名詞,1,0.32,nan,2026-10-01
緑,教官,名詞,1,0.32,nan,2026-10-01
緑,つける,動詞,1,0.32,-0.54,2026-10-01
緑,捉えどころ,名詞,1,0.32,nan,2026-10-01
緑,風貌,名詞,1,0.32,nan,2026-10-01
緑,以遠,名詞,1,0.32,nan,2026-10-01
緑,ヤギ,名詞,1,0.32,-0.4,2026-10-01
緑,アナグマ,名詞,1,0.32,nan,2026-10-01
緑,格付け,名詞,1,0.32,nan,2026-10-01
緑,偉人,名詞,1,0.32,nan,2026-10-01
緑,叶う,動詞,1,0.32,-0.99,2026-10-01
緑,事前,名詞,1,0.32,nan,2026-10-01
緑,防水,名詞,1,0.32,nan,2026-10-01
緑,フィリーズ,名詞,1,0.32,nan,2026-10-01
緑,鉄線,名詞,1,0.32,nan,2026-10-01
緑,遊戯,名詞,1,0.32,nan,2026-10-01
緑,邪神,名詞,1,0.32,nan,2026-10-01
緑,灰塵,名詞,1,0.32,nan,2026-10-01
緑,ゼナゴス,名詞,1,0.32,-0.23,2026-10-01
緑,叙情,名詞,1,0.32,nan,2026-10-01
緑,迷い,名詞,1,0.32,nan,2026-10-01
緑,イアンセ,名詞,1,0.32,nan,2026-10-01
緑,通過,名詞,1,0.32,-0.89,2026-10-01
緑,ペリソフィア,名詞,1,0.32,nan,2026-10-01
緑,哲人,名詞,1,0.32,-0.67,2026-10-01
緑,例え,名詞,1,0.32,nan,2026-10-01
緑,倍化,名詞,1,0.32,nan,2026-10-01
緑,ニクス,名詞,1,0.32,nan,2026-10-01
緑,揺る,動詞,1,0.32,nan,2026-10-01
緑,ゲリラ,名詞,1,0.32,nan,2026-10-01
緑,深入り,名詞,1,0.32,nan,2026-10-01
緑,レウクロッタ,名詞,1,0.32,nan,2026-10-01
緑,満腹,名詞,1,0.32,nan,2026-10-01
緑,うわさ話,名詞,1,0.32,nan,2026-10-01
緑,雄牛,名詞,1,0.32,nan,2026-10-01
緑,最奥,名詞,1,0.32,nan,2026-10-01
緑,大いに,副詞,1,0.32,-0.89,2026-10-01
緑,とどめる,動詞,1,0.32,-0.67,2026-10-01
緑,鑑賞,名詞,1,0.32,nan,2026-10-01
緑,退ける,動詞,1,0.32,-0.02,2026-10-01
緑,georgefan,名詞,1,0.32,nan,2026-10-01
緑,個別,名詞,1,0.32,nan,2026-10-01
緑,仰す,動詞,1,0.32,nan,2026-10-01
緑,サイクル,名詞,1,0.32,nan,2026-10-01
緑,宗派,名詞,1,0.32,nan,2026-10-01
緑,提唱,名詞,1,0.32,nan,2026-10-01
緑,brianfargo,名詞,1,0.32,nan,2026-10-01
緑,はぐれる,動詞,1,0.32,nan,2026-10-01
緑,間引く,動詞,1,0.32,nan,2026-10-01
緑,毒薬,名詞,1,0.32,nan,2026-10-01
緑,テューン,名詞,1,0.32,-0.99,2026-10-01
緑,浸す,動詞,1,0.32,nan,2026-10-01
緑,ハストリック,名詞,1,0.32,-0.23,2026-10-01
緑,省く,動詞,1,0.32,nan,2026-10-01
緑,内蔵,名詞,1,0.32,nan,2026-10-01
緑,軟化,名詞,1,0.32,nan,2026-10-01
緑,人喰い,名詞,1,0.32,nan,2026-10-01
緑,冷静,名詞,1,0.32,-0.67,2026-10-01
緑,把握,名詞,1,0.32,-0.67,2026-10-01
緑,除去,名詞,1,0.32,nan,2026-10-01
緑,敗北,名詞,1,0.32,-0.99,2026-10-01
緑,帰す,動詞,1,0.32,-0.54,2026-10-01
緑,万物,名詞,1,0.32,-0.79,2026-10-01
緑,早める,動詞,1,0.32,nan,2026-10-01
緑,飛翔,名詞,1,0.32,-0.4,2026-10-01
緑,たてる,動詞,1,0.32,-0.4,2026-10-01
緑,名乗る,動詞,1,0.32,-0.02,2026-10-01
緑,アイノク,名詞,1,0.32,nan,2026-10-01
緑,表皮,名詞,1,0.32,nan,2026-10-01
緑,角度,名詞,1,0.32,nan,2026-10-01
緑,編み上げ,名詞,1,0.32,nan,2026-10-01
緑,チアヌル,名詞,1,0.32,nan,2026-10-01
緑,儀,名詞,1,0.32,nan,2026-10-01
緑,英知,名詞,1,0.32,-0.23,2026-10-01
緑,高揚,名詞,1,0.32,nan,2026-10-01
緑,龍鱗,名詞,1,0.32,nan,2026-10-01
緑,賞品,名詞,1,0.32,nan,2026-10-01
緑,よじる,動詞,1,0.32,nan,2026-10-01
緑,剣呑,名詞,1,0.32,nan,2026-10-01
緑,はじまる,動詞,1,0.32,nan,2026-10-01
緑,こわれる,動詞,1,0.32,nan,2026-10-01
緑,加減,名詞,1,0.32,-0.23,2026-10-01
緑,ロクソドン,名詞,1,0.32,-0.89,2026-10-01
緑,対応,名詞,1,0.32,-0.02,2026-10-01
緑,ヒヒ,名詞,1,0.32,nan,2026-10-01
緑,末路,名詞,1,0.32,-0.54,2026-10-01
緑,おもちゃ,名詞,1,0.32,-0.4,2026-10-01
緑,真下,名詞,1,0.32,nan,2026-10-01
緑,撃退,名詞,1,0.32,nan,2026-10-01
緑,労役,名詞,1,0.32,nan,2026-10-01
緑,従事,名詞,1,0.32,nan,2026-10-01
緑,モガイ,名詞,1,0.32,nan,2026-10-01
緑,予告,名詞,1,0.32,nan,2026-10-01
緑,轟音,名詞,1,0.32,-0.99,2026-10-01
緑,横断,名詞,1,0.32,nan,2026-10-01
緑,攻城,名詞,1,0.32,nan,2026-10-01
緑,砂地,名詞,1,0.32,nan,2026-10-01
緑,クルタール,名詞,1,0.32,nan,2026-10-01
緑,センス,名詞,1,0.32,nan,2026-10-01
緑,割譲,名詞,1,0.32,nan,2026-10-01
緑,抗議,名詞,1,0.32,nan,2026-10-01
緑,ユーモア,名詞,1,0.32,nan,2026-10-01
緑,外交,名詞,1,0.32,nan,2026-10-01
緑,ヤソヴァ,名詞,1,0.32,nan,2026-10-01
緑,英断,名詞,1,0.32,nan,2026-10-01
緑,農地,名詞,1,0.32,nan,2026-10-01
緑,休閑,名詞,1,0.32,nan,2026-10-01
緑,表れ,名詞,1,0.32,nan,2026-10-01
緑,青銅,名詞,1,0.32,-0.4,2026-10-01
緑,円盤,名詞,1,0.32,nan,2026-10-01
緑,装着,名詞,1,0.32,nan,2026-10-01
緑,ツンドラ,名詞,1,0.32,nan,2026-10-01
緑,蔵,名詞,1,0.32,nan,2026-10-01
緑,立ち回り,名詞,1,0.32,nan,2026-10-01
緑,ゴトン,副詞,1,0.32,nan,2026-10-01
緑,滑る,動詞,1,0.32,-0.89,2026-10-01
緑,摺る,動詞,1,0.32,nan,2026-10-01
緑,カスゥール,名詞,1,0.32,nan,2026-10-01
緑,マストドン,名詞,1,0.32,nan,2026-10-01
緑,オアシス,名詞,1,0.32,nan,2026-10-01
緑,直線,名詞,1,0.32,nan,2026-10-01
緑,滅亡,名詞,1,0.32,nan,2026-10-01
緑,グルマグ,名詞,1,0.32,nan,2026-10-01
緑,アヤゴール,名詞,1,0.32,nan,2026-10-01
緑,スーラク,名詞,1,0.32,-0.02,2026-10-01
緑,情け,名詞,1,0.32,-0.89,2026-10-01
緑,移住,名詞,1,0.32,nan,2026-10-01
緑,悲劇,名詞,1,0.32,-1.16,2026-10-01
緑,アラシン,名詞,1,0.32,-0.02,2026-10-01
緑,臣下,名詞,1,0.32,-0.23,2026-10-01
緑,堅守,名詞,1,0.32,nan,2026-10-01
緑,イカロ,名詞,1,0.32,nan,2026-10-01
緑,誇る,動詞,1,0.32,-0.54,2026-10-01
緑,不可侵,名詞,1,0.32,nan,2026-10-01
緑,司令,名詞,1,0.32,-0.54,2026-10-01
緑,ファイソ,名詞,1,0.32,nan,2026-10-01
緑,線,名詞,1,0.32,-0.54,2026-10-01
緑,高楼,名詞,1,0.32,nan,2026-10-01
緑,装備,名詞,1,0.32,-0.54,2026-10-01
緑,小物,名詞,1,0.32,-0.4,2026-10-01
緑,温める,動詞,1,0.32,nan,2026-10-01
緑,頼み,名詞,1,0.32,nan,2026-10-01
緑,1人,名詞,1,0.32,-0.99,2026-10-01
緑,断罪,名詞,1,0.32,nan,2026-10-01
緑,滞在,名詞,1,0.32,nan,2026-10-01
緑,クロティク,名詞,1,0.32,nan,2026-10-01
緑,リスト,名詞,1,0.32,-0.02,2026-10-01
緑,ほど,名詞,1,0.32,-0.4,2026-10-01
緑,何気,名詞,1,0.32,nan,2026-10-01
緑,務め,名詞,1,0.32,-0.89,2026-10-01
緑,巡礼,名詞,1,0.32,-0.54,2026-10-01
緑,拝む,動詞,1,0.32,-0.02,2026-10-01
緑,聖地,名詞,1,0.32,nan,2026-10-01
緑,秋分,名詞,1,0.32,nan,2026-10-01
緑,ポイント,名詞,1,0.32,nan,2026-10-01
緑,無知,名詞,1,0.32,-0.02,2026-10-01
緑,プレザント,名詞,1,0.32,nan,2026-10-01
緑,冒涜,名詞,1,0.32,-0.99,2026-10-01
緑,顧みる,動詞,1,0.32,nan,2026-10-01
緑,モスマン,名詞,1,0.32,nan,2026-10-01
緑,ソジン,名詞,1,0.32,nan,2026-10-01
緑,彗星,名詞,1,0.32,nan,2026-10-01
緑,老いる,動詞,1,0.32,-0.23,2026-10-01
緑,か細い,形容詞,1,0.32,nan,2026-10-01
緑,コロッソドン,名詞,1,0.32,nan,2026-10-01
緑,外殻,名詞,1,0.32,nan,2026-10-01
緑,カドリ,名詞,1,0.32,nan,2026-10-01
緑,戦旗,名詞,1,0.32,nan,2026-10-01
緑,ヌーマ,名詞,1,0.32,nan,2026-10-01
緑,接近,名詞,1,0.32,nan,2026-10-01
緑,拍,名詞,1,0.32,nan,2026-10-01
緑,臓,名詞,1,0.32,nan,2026-10-01
緑,反応,名詞,1,0.32,-0.89,2026-10-01
緑,猶予,名詞,1,0.32,nan,2026-10-01
緑,ドゥイネン,名詞,1,0.32,nan,2026-10-01
緑,将帥,名詞,1,0.32,nan,2026-10-01
緑,ナラー,名詞,1,0.32,-1.83,2026-10-01
緑,蝶,名詞,1,0.32,nan,2026-10-01
緑,イモムシ,名詞,1,0.32,nan,2026-10-01
緑,旋回,名詞,1,0.32,nan,2026-10-01
緑,護法,名詞,1,0.32,-0.23,2026-10-01
緑,拘引,名詞,1,0.32,-0.4,2026-10-01
緑,狩れる,動詞,1,0.32,nan,2026-10-01
緑,結集,名詞,1,0.32,nan,2026-10-01
緑,くつわ,名詞,1,0.32,nan,2026-10-01
緑,手綱,名詞,1,0.32,nan,2026-10-01
緑,雄弁,名詞,1,0.32,nan,2026-10-01
緑,画,名詞,1,0.32,nan,2026-10-01
緑,近頃,名詞,1,0.32,-0.23,2026-10-01
緑,休み,名詞,1,0.32,-0.23,2026-10-01
緑,湧く,動詞,1,0.32,-0.54,2026-10-01
緑,占有,名詞,1,0.32,nan,2026-10-01
緑,うんざり,副詞,1,0.32,-0.4,2026-10-01
緑,激変,名詞,1,0.32,nan,2026-10-01
緑,キオーラ,名詞,1,0.32,-0.4,2026-10-01
緑,遂行,名詞,1,0.32,nan,2026-10-01
緑,妥当,名詞,1,0.32,nan,2026-10-01
緑,薮,名詞,1,0.32,nan,2026-10-01
緑,固有,名詞,1,0.32,nan,2026-10-01
緑,全貌,名詞,1,0.32,nan,2026-10-01
緑,とめる,動詞,1,0.32,-0.02,2026-10-01
緑,コジレック,名詞,1,0.32,nan,2026-10-01
緑,ウラモグ,名詞,1,0.32,-0.4,2026-10-01
緑,おとる,動詞,1,0.32,nan,2026-10-01
緑,上層,名詞,1,0.32,nan,2026-10-01
緑,千々,名詞,1,0.32,nan,2026-10-01
緑,同体,名詞,1,0.32,nan,2026-10-01
緑,一心,名詞,1,0.32,-0.02,2026-10-01
緑,洗練,名詞,1,0.32,-0.4,2026-10-01
緑,なぐ,動詞,1,0.32,nan,2026-10-01
緑,閉口,名詞,1,0.32,nan,2026-10-01
緑,護り手,名詞,1,0.32,nan,2026-10-01
緑,家々,名詞,1,0.32,nan,2026-10-01
緑,小道,名詞,1,0.32,nan,2026-10-01
緑,末永く,副詞,1,0.32,nan,2026-10-01
緑,突入,名詞,1,0.32,-0.54,2026-10-01
緑,効力,名詞,1,0.32,nan,2026-10-01
緑,臆する,動詞,1,0.32,nan,2026-10-01
緑,州都,名詞,1,0.32,nan,2026-10-01
緑,復興,名詞,1,0.32,nan,2026-10-01
緑,アヴァブルック,名詞,1,0.32,nan,2026-10-01
緑,掌,名詞,1,0.32,nan,2026-10-01
緑,ぎざぎざ,名詞,1,0.32,nan,2026-10-01
緑,ネファリア,名詞,1,0.32,-1.54,2026-10-01
緑,剥ぐ,動詞,1,0.32,-0.23,2026-10-01
緑,無くす,動詞,1,0.32,-0.02,2026-10-01
緑,ギエル,名詞,1,0.32,nan,2026-10-01
緑,尋ねる,動詞,1,0.32,-1.08,2026-10-01
緑,検査,名詞,1,0.32,-0.23,2026-10-01
緑,ヴェカ,名詞,1,0.32,nan,2026-10-01
緑,反射,名詞,1,0.32,-0.67,2026-10-01
緑,ヒガ,名詞,1,0.32,nan,2026-10-01
緑,神経,名詞,1,0.32,-0.54,2026-10-01
緑,機転,名詞,1,0.32,nan,2026-10-01
緑,殺害,名詞,1,0.32,-0.89,2026-10-01
緑,厄災,名詞,1,0.32,nan,2026-10-01
緑,薪,名詞,1,0.32,nan,2026-10-01
緑,ラムホルト,名詞,1,0.32,-0.02,2026-10-01
緑,モーカンプ,名詞,1,0.32,nan,2026-10-01
緑,フェリダー,名詞,1,0.32,-0.23,2026-10-01
緑,売る,動詞,1,0.32,-1.43,2026-10-01
緑,樵,名詞,1,0.32,nan,2026-10-01
緑,女,名詞,1,0.32,-0.4,2026-10-01
緑,高地,名詞,1,0.32,nan,2026-10-01
緑,楽観,名詞,1,0.32,nan,2026-10-01
緑,行方,名詞,1,0.32,-0.67,2026-10-01
緑,表現,名詞,1,0.32,-0.79,2026-10-01
緑,随員,名詞,1,0.32,nan,2026-10-01
緑,ベクラム,名詞,1,0.32,nan,2026-10-01
緑,供,名詞,1,0.32,nan,2026-10-01
緑,スキルト,名詞,1,0.32,nan,2026-10-01
緑,根付く,動詞,1,0.32,nan,2026-10-01
緑,固執,名詞,1,0.32,nan,2026-10-01
緑,援助,名詞,1,0.32,-0.02,2026-10-01
緑,来客,名詞,1,0.32,nan,2026-10-01
緑,裏,名詞,1,0.32,-1.3,2026-10-01
緑,訊く,動詞,1,0.32,-0.4,2026-10-01
緑,頭目,名詞,1,0.32,nan,2026-10-01
緑,鷺,名詞,1,0.32,-0.02,2026-10-01
緑,リクトン,名詞,1,0.32,nan,2026-10-01
緑,厚意,名詞,1,0.32,nan,2026-10-01
緑,大患,名詞,1,0.32,nan,2026-10-01
緑,名人,名詞,1,0.32,nan,2026-10-01
緑,ポート,名詞,1,0.32,nan,2026-10-01
緑,サンダー,名詞,1,0.32,-0.02,2026-10-01
緑,トライアル,名詞,1,0.32,nan,2026-10-01
緑,オーメン,名詞,1,0.32,-0.23,2026-10-01
緑,面々,名詞,1,0.32,-0.02,2026-10-01
緑,頭数,名詞,1,0.32,nan,2026-10-01
緑,報う,動詞,1,0.32,-0.54,2026-10-01
緑,忍耐,名詞,1,0.32,-1.16,2026-10-01
緑,エロルド,名詞,1,0.32,nan,2026-10-01
緑,称する,動詞,1,0.32,nan,2026-10-01
緑,実用,名詞,1,0.32,nan,2026-10-01
緑,用途,名詞,1,0.32,-0.23,2026-10-01
緑,異質,名詞,1,0.32,nan,2026-10-01
緑,細かい,形容詞,1,0.32,-0.23,2026-10-01
緑,する,動詞,1,0.32,nan,2026-10-01
緑,偏執,名詞,1,0.32,nan,2026-10-01
緑,雰囲気,名詞,1,0.32,nan,2026-10-01
緑,ケップ,名詞,1,0.32,nan,2026-10-01
緑,皇,名詞,1,0.32,-1.37,2026-10-01
緑,村々,名詞,1,0.32,-0.54,2026-10-01
緑,見舞う,動詞,1,0.32,nan,2026-10-01
緑,背筋,名詞,1,0.32,-0.02,2026-10-01
緑,要望,名詞,1,0.32,nan,2026-10-01
緑,あらかじめ,副詞,1,0.32,nan,2026-10-01
緑,出来,名詞,1,0.32,nan,2026-10-01
緑,歓声,名詞,1,0.32,nan,2026-10-01
緑,静める,動詞,1,0.32,nan,2026-10-01
緑,喧しい,形容詞,1,0.32,nan,2026-10-01
緑,いたる,動詞,1,0.32,-0.02,2026-10-01
緑,部門,名詞,1,0.32,nan,2026-10-01
緑,創作,名詞,1,0.32,nan,2026-10-01
緑,乗り手,名詞,1,0.32,-1.54,2026-10-01
緑,バハダール,名詞,1,0.32,nan,2026-10-01
緑,確かめる,動詞,1,0.32,-0.4,2026-10-01
緑,ジェバニー,名詞,1,0.32,nan,2026-10-01
緑,テゼレット,名詞,1,0.32,-1.23,2026-10-01
緑,磁力,名詞,1,0.32,nan,2026-10-01
緑,クジャール,名詞,1,0.32,nan,2026-10-01
緑,配置,名詞,1,0.32,-0.79,2026-10-01
緑,専有,名詞,1,0.32,nan,2026-10-01
緑,シャイラ,名詞,1,0.32,nan,2026-10-01
緑,明け渡し,名詞,1,0.32,nan,2026-10-01
緑,展覧,名詞,1,0.32,nan,2026-10-01
緑,会する,動詞,1,0.32,nan,2026-10-01
緑,一同,名詞,1,0.32,nan,2026-10-01
緑,聡明,名詞,1,0.32,nan,2026-10-01
緑,頭脳,名詞,1,0.32,-0.67,2026-10-01
緑,途方,名詞,1,0.32,nan,2026-10-01
緑,ラシュミ,名詞,1,0.32,nan,2026-10-01
緑,表れる,動詞,1,0.32,nan,2026-10-01
緑,側面,名詞,1,0.32,nan,2026-10-01
緑,活かす,動詞,1,0.32,nan,2026-10-01
緑,動揺,名詞,1,0.32,nan,2026-10-01
緑,隠せる,動詞,1,0.32,nan,2026-10-01
緑,警護,名詞,1,0.32,-0.02,2026-10-01
緑,緑地,名詞,1,0.32,nan,2026-10-01
緑,気紛れ,名詞,1,0.32,nan,2026-10-01
緑,ターニ,名詞,1,0.32,nan,2026-10-01
緑,製造,名詞,1,0.32,nan,2026-10-01
緑,満喫,名詞,1,0.32,nan,2026-10-01
緑,会場,名詞,1,0.32,nan,2026-10-01
緑,記章,名詞,1,0.32,nan,2026-10-01
緑,垂れ幕,名詞,1,0.32,nan,2026-10-01
緑,さっき,名詞,1,0.32,nan,2026-10-01
緑,逆向き,名詞,1,0.32,nan,2026-10-01
緑,制御,名詞,1,0.32,-1.23,2026-10-01
緑,串刺し,名詞,1,0.32,nan,2026-10-01
緑,降下,名詞,1,0.32,-0.4,2026-10-01
緑,効率,名詞,1,0.32,-0.4,2026-10-01
緑,収集,名詞,1,0.32,-0.54,2026-10-01
緑,ヒント,名詞,1,0.32,nan,2026-10-01
緑,遠路,名詞,1,0.32,nan,2026-10-01
緑,高峰,名詞,1,0.32,nan,2026-10-01
緑,職工,名詞,1,0.32,nan,2026-10-01
緑,ケーシャン,名詞,1,0.32,nan,2026-10-01
緑,スーラーシ,名詞,1,0.32,nan,2026-10-01
緑,パースリー,名詞,1,0.32,nan,2026-10-01
緑,課題,名詞,1,0.32,nan,2026-10-01
緑,オビア,名詞,1,0.32,nan,2026-10-01
緑,正直,名詞,1,0.32,-0.23,2026-10-01
緑,従順,名詞,1,0.32,-0.23,2026-10-01
緑,ティーラハー,名詞,1,0.32,nan,2026-10-01
緑,持続,名詞,1,0.32,nan,2026-10-01
緑,ニーラブ,名詞,1,0.32,nan,2026-10-01
緑,温室,名詞,1,0.32,nan,2026-10-01
緑,ナーナム,名詞,1,0.32,nan,2026-10-01
緑,敏感,名詞,1,0.32,nan,2026-10-01
緑,二股,名詞,1,0.32,nan,2026-10-01
緑,ハパチラ,名詞,1,0.32,nan,2026-10-01
緑,完遂,名詞,1,0.32,nan,2026-10-01
緑,生気,名詞,1,0.32,nan,2026-10-01
緑,さま,名詞,1,0.32,-0.23,2026-10-01
緑,掌中,名詞,1,0.32,nan,2026-10-01
緑,街中,名詞,1,0.32,-0.02,2026-10-01
緑,棲家,名詞,1,0.32,nan,2026-10-01
緑,迷惑,名詞,1,0.32,nan,2026-10-01
緑,刻,名詞,1,0.32,-0.4,2026-10-01
緑,座,名詞,1,0.32,-0.23,2026-10-01
緑,選定,名詞,1,0.32,-0.02,2026-10-01
緑,イクソル,名詞,1,0.32,nan,2026-10-01
緑,レト,名詞,1,0.32,nan,2026-10-01
緑,砂丘,名詞,1,0.32,-0.23,2026-10-01
緑,喧嘩,名詞,1,0.32,-0.79,2026-10-01
緑,連ねる,動詞,1,0.32,-0.02,2026-10-01
緑,切れ味,名詞,1,0.32,nan,2026-10-01
緑,じっと,副詞,1,0.32,-1.23,2026-10-01
緑,年間,名詞,1,0.32,-0.02,2026-10-01
緑,休眠,名詞,1,0.32,nan,2026-10-01
緑,徴候,名詞,1,0.32,nan,2026-10-01
緑,活動,名詞,1,0.32,-0.89,2026-10-01
緑,ケンラ,名詞,1,0.32,nan,2026-10-01
緑,双子,名詞,1,0.32,-0.02,2026-10-01
緑,免疫,名詞,1,0.32,nan,2026-10-01
緑,落す,動詞,1,0.32,nan,2026-10-01
緑,クーズー,名詞,1,0.32,nan,2026-10-01
緑,涜神,名詞,1,0.32,nan,2026-10-01
緑,論争,名詞,1,0.32,nan,2026-10-01
緑,秀でる,動詞,1,0.32,nan,2026-10-01
緑,戦技,名詞,1,0.32,nan,2026-10-01
緑,咬術,名詞,1,0.32,nan,2026-10-01
緑,弱点,名詞,1,0.32,-1.3,2026-10-01
緑,兄さん,名詞,1,0.32,nan,2026-10-01
緑,ター,名詞,1,0.32,-0.4,2026-10-01
緑,サムト,名詞,1,0.32,-0.54,2026-10-01
緑,アルヌン,名詞,1,0.32,nan,2026-10-01
緑,生類,名詞,1,0.32,nan,2026-10-01
緑,埋もれる,動詞,1,0.32,-1.08,2026-10-01
緑,ささやき声,名詞,1,0.32,nan,2026-10-01
緑,見なす,動詞,1,0.32,nan,2026-10-01
緑,人気,名詞,1,0.32,-0.54,2026-10-01
緑,自活,名詞,1,0.32,nan,2026-10-01
緑,度量,名詞,1,0.32,nan,2026-10-01
緑,実績,名詞,1,0.32,nan,2026-10-01
緑,自信,名詞,1,0.32,-1.23,2026-10-01
緑,吹き矢,名詞,1,0.32,nan,2026-10-01
緑,肉食,名詞,1,0.32,-0.02,2026-10-01
緑,明滅,名詞,1,0.32,nan,2026-10-01
緑,破片,名詞,1,0.32,-0.23,2026-10-01
緑,心強い,形容詞,1,0.32,nan,2026-10-01
緑,ヘクマ,名詞,1,0.32,-0.79,2026-10-01
緑,襲来,名詞,1,0.32,-0.02,2026-10-01
緑,信奉,名詞,1,0.32,-1.3,2026-10-01
緑,境域,名詞,1,0.32,nan,2026-10-01
緑,祟り,名詞,1,0.32,nan,2026-10-01
緑,ケムセス,名詞,1,0.32,nan,2026-10-01
緑,味わい,名詞,1,0.32,-0.23,2026-10-01
緑,雪崩れる,動詞,1,0.32,nan,2026-10-01
緑,どく,動詞,1,0.32,nan,2026-10-01
緑,激怒,名詞,1,0.32,-0.4,2026-10-01
緑,ブリネリー,名詞,1,0.32,nan,2026-10-01
緑,チトラーティ,名詞,1,0.32,nan,2026-10-01
緑,ファラーニ,名詞,1,0.32,nan,2026-10-01
緑,とにかく,副詞,1,0.32,-1.6,2026-10-01
緑,滅ぶ,動詞,1,0.32,nan,2026-10-01
緑,ステグロン,名詞,1,0.32,nan,2026-10-01
緑,サササ,名詞,1,0.32,nan,2026-10-01
緑,シシシ,名詞,1,0.32,nan,2026-10-01
緑,ススス,副詞,1,0.32,nan,2026-10-01
緑,防護,名詞,1,0.32,-0.4,2026-10-01
緑,剥がす,動詞,1,0.32,-0.23,2026-10-01
緑,硬い,形容詞,1,0.32,-0.89,2026-10-01
緑,軍事,名詞,1,0.32,-0.02,2026-10-01
緑,言ふ,動詞,1,0.32,nan,2026-10-01
緑,精通,名詞,1,0.32,-0.02,2026-10-01
緑,投入,名詞,1,0.32,nan,2026-10-01
緑,兵隊,名詞,1,0.32,-0.02,2026-10-01
緑,布,名詞,1,0.32,nan,2026-10-01
緑,つづれ織り,名詞,1,0.32,nan,2026-10-01
緑,濁る,動詞,1,0.32,nan,2026-10-01
緑,祈願,名詞,1,0.32,nan,2026-10-01
緑,成立,名詞,1,0.32,nan,2026-10-01
緑,採餌,名詞,1,0.32,nan,2026-10-01
緑,欲求,名詞,1,0.32,-0.54,2026-10-01
緑,潮流,名詞,1,0.32,-0.79,2026-10-01
緑,トゥヴァーサ,名詞,1,0.32,nan,2026-10-01
緑,ディミーア,名詞,1,0.32,-1.83,2026-10-01
緑,翠緑,名詞,1,0.32,nan,2026-10-01
緑,ケラトプス,名詞,1,0.32,nan,2026-10-01
緑,剣歯,名詞,1,0.32,nan,2026-10-01
緑,鳴り,名詞,1,0.32,nan,2026-10-01
緑,矢羽根,名詞,1,0.32,nan,2026-10-01
緑,翼竜,名詞,1,0.32,nan,2026-10-01
緑,見かけ,名詞,1,0.32,nan,2026-10-01
緑,カコフォドン,名詞,1,0.32,nan,2026-10-01
緑,ファートリ,名詞,1,0.32,-1.16,2026-10-01
緑,ティシャーナ,名詞,1,0.32,nan,2026-10-01
緑,ヴハーナ,名詞,1,0.32,nan,2026-10-01
緑,アズカンタ,名詞,1,0.32,nan,2026-10-01
緑,ナテーナ,名詞,1,0.32,nan,2026-10-01
緑,シソーラ,名詞,1,0.32,nan,2026-10-01
緑,内容,名詞,1,0.32,-0.23,2026-10-01
緑,石柱,名詞,1,0.32,nan,2026-10-01
緑,間に合う,動詞,1,0.32,-0.02,2026-10-01
緑,アティラン,名詞,1,0.32,nan,2026-10-01
緑,アティラ,名詞,1,0.32,nan,2026-10-01
緑,オラーズカ,名詞,1,0.32,-0.4,2026-10-01
緑,多勢,名詞,1,0.32,nan,2026-10-01
緑,歩行,名詞,1,0.32,nan,2026-10-01
緑,沃土,名詞,1,0.32,nan,2026-10-01
緑,殉死,名詞,1,0.32,nan,2026-10-01
緑,慈しむ,動詞,1,0.32,nan,2026-10-01
緑,原生,名詞,1,0.32,nan,2026-10-01
緑,カルサリオン,名詞,1,0.32,nan,2026-10-01
緑,ラゾテプ,名詞,1,0.32,nan,2026-10-01
緑,責める,動詞,1,0.32,nan,2026-10-01
緑,成り行き,名詞,1,0.32,nan,2026-10-01
緑,蛮族,名詞,1,0.32,-0.54,2026-10-01
緑,步く,動詞,1,0.32,nan,2026-10-01
緑,助産,名詞,1,0.32,nan,2026-10-01
緑,専,名詞,1,0.32,nan,2026-10-01
緑,ロリダールフェイム,名詞,1,0.32,nan,2026-10-01
緑,ケルフェイフェイム,名詞,1,0.32,nan,2026-10-01
緑,占,名詞,1,0.32,nan,2026-10-01
緑,エルフェイム,名詞,1,0.32,nan,2026-10-01
緑,もてなす,動詞,1,0.32,nan,2026-10-01
緑,軟泥,名詞,1,0.32,nan,2026-10-01
緑,代える,動詞,1,0.32,nan,2026-10-01
緑,伝来,名詞,1,0.32,nan,2026-10-01
緑,家宝,名詞,1,0.32,nan,2026-10-01
緑,多数,名詞,1,0.32,-0.79,2026-10-01
緑,群落,名詞,1,0.32,nan,2026-10-01
緑,四方,名詞,1,0.32,nan,2026-10-01
緑,八方,名詞,1,0.32,nan,2026-10-01
緑,旅立つ,動詞,1,0.32,-0.02,2026-10-01
緑,ダンス,名詞,1,0.32,-0.23,2026-10-01
緑,排除,名詞,1,0.32,-0.54,2026-10-01
緑,代わる,動詞,1,0.32,-0.02,2026-10-01
緑,出迎え,名詞,1,0.32,nan,2026-10-01
緑,視線,名詞,1,0.32,-1.37,2026-10-01
緑,由来,名詞,1,0.32,nan,2026-10-01
緑,仲,名詞,1,0.32,nan,2026-10-01
緑,兜,名詞,1,0.32,-0.54,2026-10-01
緑,プライド,名詞,1,0.32,nan,2026-10-01
緑,ビビアン,名詞,1,0.32,nan,2026-10-01
緑,いくら,副詞,1,0.32,-0.02,2026-10-01
緑,スカラ,名詞,1,0.32,nan,2026-10-01
緑,讃える,動詞,1,0.32,-0.67,2026-10-01
緑,まとわる,動詞,1,0.32,nan,2026-10-01
緑,体表,名詞,1,0.32,nan,2026-10-01
緑,覇権,名詞,1,0.32,nan,2026-10-01
緑,番犬,名詞,1,0.32,nan,2026-10-01
緑,最短,名詞,1,0.32,nan,2026-10-01
緑,夜中,名詞,1,0.32,-1.6,2026-10-01
緑,裸足,名詞,1,0.32,nan,2026-10-01
緑,蜂,名詞,1,0.32,-0.02,2026-10-01
緑,視点,名詞,1,0.32,-0.54,2026-10-01
緑,遠慮,名詞,1,0.32,nan,2026-10-01
緑,いのち,名詞,1,0.32,nan,2026-10-01
緑,私有,名詞,1,0.32,nan,2026-10-01
緑,合意,名詞,1,0.32,nan,2026-10-01
緑,懐柔,名詞,1,0.32,nan,2026-10-01
緑,論,名詞,1,0.32,nan,2026-10-01
緑,主戦,名詞,1,0.32,nan,2026-10-01
緑,ちなみ,名詞,1,0.32,nan,2026-10-01
緑,柵,名詞,1,0.32,nan,2026-10-01
緑,ミレヴァ,名詞,1,0.32,nan,2026-10-01
緑,担ぐ,動詞,1,0.32,nan,2026-10-01
緑,鉄球,名詞,1,0.32,nan,2026-10-01
緑,片棒,名詞,1,0.32,nan,2026-10-01
緑,サルーリ,名詞,1,0.32,nan,2026-10-01
緑,祭,名詞,1,0.32,nan,2026-10-01
緑,陰謀,名詞,1,0.32,-1.7,2026-10-01
緑,解,名詞,1,0.32,nan,2026-10-01
緑,下敷き,名詞,1,0.32,nan,2026-10-01
緑,手法,名詞,1,0.32,nan,2026-10-01
緑,先端,名詞,1,0.32,-0.02,2026-10-01
緑,弊社,名詞,1,0.32,nan,2026-10-01
緑,松ぼっくり,名詞,1,0.32,nan,2026-10-01
緑,異常,名詞,1,0.32,-0.02,2026-10-01
緑,不吉,名詞,1,0.32,nan,2026-10-01
緑,天候,名詞,1,0.32,nan,2026-10-01
緑,リソース,名詞,1,0.32,nan,2026-10-01
緑,生産,名詞,1,0.32,nan,2026-10-01
緑,流,名詞,1,0.32,-0.4,2026-10-01
緑,移管,名詞,1,0.32,nan,2026-10-01
緑,混成,名詞,1,0.32,nan,2026-10-01
緑,衝角,名詞,1,0.32,nan,2026-10-01
緑,建築,名詞,1,0.32,-0.4,2026-10-01
緑,道筋,名詞,1,0.32,-0.23,2026-10-01
緑,弓弦,名詞,1,0.32,nan,2026-10-01
緑,代謝,名詞,1,0.32,nan,2026-10-01
緑,被膜,名詞,1,0.32,nan,2026-10-01
緑,花壇,名詞,1,0.32,nan,2026-10-01
緑,芝草,名詞,1,0.32,nan,2026-10-01
緑,夢想,名詞,1,0.32,nan,2026-10-01
緑,ヤングー,名詞,1,0.32,nan,2026-10-01
緑,夢見る,動詞,1,0.32,-0.89,2026-10-01
緑,ぴくぴく,副詞,1,0.32,nan,2026-10-01
緑,合格,名詞,1,0.32,nan,2026-10-01
緑,通訳,名詞,1,0.32,nan,2026-10-01
緑,見解,名詞,1,0.32,nan,2026-10-01
緑,ヘリオッド,名詞,1,0.32,-1.16,2026-10-01
緑,責務,名詞,1,0.32,-0.02,2026-10-01
緑,育ち,名詞,1,0.32,nan,2026-10-01
緑,話し,名詞,1,0.32,nan,2026-10-01
緑,逢える,動詞,1,0.32,nan,2026-10-01
緑,射程,名詞,1,0.32,-0.02,2026-10-01
緑,区画,名詞,1,0.32,-0.02,2026-10-01
緑,先見,名詞,1,0.32,nan,2026-10-01
緑,パルンズ,名詞,1,0.32,nan,2026-10-01
緑,みまう,動詞,1,0.32,nan,2026-10-01
緑,ミサイル,名詞,1,0.32,nan,2026-10-01
緑,悪党,名詞,1,0.32,-0.89,2026-10-01
緑,樹葉,名詞,1,0.32,nan,2026-10-01
緑,出でる,動詞,1,0.32,-0.02,2026-10-01
緑,帰り道,名詞,1,0.32,nan,2026-10-01
緑,ワニ,名詞,1,0.32,-0.02,2026-10-01
緑,苦悩,名詞,1,0.32,-1.49,2026-10-01
緑,退かす,動詞,1,0.32,nan,2026-10-01
緑,根差す,動詞,1,0.32,nan,2026-10-01
緑,ブレッド,名詞,1,0.32,nan,2026-10-01
緑,ジンジャー,名詞,1,0.32,nan,2026-10-01
緑,母さん,名詞,1,0.32,nan,2026-10-01
緑,類い,名詞,1,0.32,nan,2026-10-01
緑,ギャレンブリグ,名詞,1,0.32,nan,2026-10-01
緑,ちょうど,副詞,1,0.32,-0.4,2026-10-01
緑,真ん中,名詞,1,0.32,nan,2026-10-01
緑,槌,名詞,1,0.32,-1.3,2026-10-01
緑,背く,動詞,1,0.32,nan,2026-10-01
緑,理性,名詞,1,0.32,-0.4,2026-10-01
緑,子ども,名詞,1,0.32,-0.79,2026-10-01
緑,家畜,名詞,1,0.32,-0.67,2026-10-01
緑,家中,名詞,1,0.32,nan,2026-10-01
緑,エッジ,名詞,1,0.32,nan,2026-10-01
緑,ウォール,名詞,1,0.32,nan,2026-10-01
緑,秘宝,名詞,1,0.32,-0.02,2026-10-01
緑,きわめて,副詞,1,0.32,-0.4,2026-10-01
緑,模造,名詞,1,0.32,nan,2026-10-01
緑,グループ,名詞,1,0.32,nan,2026-10-01
緑,ヌル,名詞,1,0.32,nan,2026-10-01
緑,スラッシュ,名詞,1,0.32,nan,2026-10-01
緑,オーコ,名詞,1,0.32,nan,2026-10-01
緑,恩寵,名詞,1,0.32,-0.89,2026-10-01
緑,顕現,名詞,1,0.32,nan,2026-10-01
緑,無謀,名詞,1,0.32,-0.99,2026-10-01
緑,非情,名詞,1,0.32,nan,2026-10-01
緑,あたかも,副詞,1,0.32,nan,2026-10-01
緑,節点,名詞,1,0.32,nan,2026-10-01
緑,結,名詞,1,0.32,nan,2026-10-01
緑,猛然,副詞,1,0.32,nan,2026-10-01
緑,ケイリクス,名詞,1,0.32,nan,2026-10-01
緑,甲高い,形容詞,1,0.32,nan,2026-10-01
緑,暴虐,名詞,1,0.32,-0.23,2026-10-01
緑,戦ふ,動詞,1,0.32,nan,2026-10-01
緑,キンポウゲ,名詞,1,0.32,nan,2026-10-01
緑,イトスギ,名詞,1,0.32,nan,2026-10-01
緑,ナデシコ,名詞,1,0.32,nan,2026-10-01
緑,分断,名詞,1,0.32,-0.02,2026-10-01
緑,常駐,名詞,1,0.32,nan,2026-10-01
緑,散兵,名詞,1,0.32,nan,2026-10-01
緑,怪しい,形容詞,1,0.32,nan,2026-10-01
緑,塞がる,動詞,1,0.32,nan,2026-10-01
緑,カラフィ,名詞,1,0.32,-0.02,2026-10-01
緑,貢ぎ物,名詞,1,0.32,nan,2026-10-01
緑,得策,名詞,1,0.32,nan,2026-10-01
緑,親しい,形容詞,1,0.32,-0.02,2026-10-01
緑,方策,名詞,1,0.32,nan,2026-10-01
緑,例外,名詞,1,0.32,-1.16,2026-10-01
緑,昨夜,名詞,1,0.32,nan,2026-10-01
緑,往昔,名詞,1,0.32,nan,2026-10-01
緑,視覚,名詞,1,0.32,nan,2026-10-01
緑,眷者,名詞,1,0.32,nan,2026-10-01
緑,エルーダ,名詞,1,0.32,nan,2026-10-01
緑,しがみつく,動詞,1,0.32,-0.79,2026-10-01
緑,突破,名詞,1,0.32,-0.67,2026-10-01
緑,甘党,名詞,1,0.32,nan,2026-10-01
緑,ゴリアク,名詞,1,0.32,nan,2026-10-01
緑,たくましい,形容詞,1,0.32,nan,2026-10-01
緑,大型,名詞,1,0.32,-0.23,2026-10-01
緑,ヤマオウム,名詞,1,0.32,nan,2026-10-01
緑,インダサ,名詞,1,0.32,nan,2026-10-01
緑,ナイトメア,名詞,1,0.32,nan,2026-10-01
緑,ブラッシュワグ,名詞,1,0.32,nan,2026-10-01
緑,あざ笑う,動詞,1,0.32,nan,2026-10-01
緑,衛生,名詞,1,0.32,nan,2026-10-01
緑,ひねる,動詞,1,0.32,nan,2026-10-01
緑,深める,動詞,1,0.32,nan,2026-10-01
緑,モグラ塚,名詞,1,0.32,nan,2026-10-01
緑,思想,名詞,1,0.32,-0.23,2026-10-01
緑,軍人,名詞,1,0.32,nan,2026-10-01
緑,共有,名詞,1,0.32,-0.4,2026-10-01
緑,ブロコス,名詞,1,0.32,nan,2026-10-01
緑,捕る,動詞,1,0.32,nan,2026-10-01
緑,測る,動詞,1,0.32,-0.54,2026-10-01
緑,オゾリス,名詞,1,0.32,nan,2026-10-01
緑,アンギラス,名詞,1,0.32,nan,2026-10-01
緑,御魂,名詞,1,0.32,nan,2026-10-01
緑,唄う,動詞,1,0.32,nan,2026-10-01
緑,無礼,名詞,1,0.32,nan,2026-10-01
緑,大いびき,名詞,1,0.32,nan,2026-10-01
緑,偽り,名詞,1,0.32,-0.4,2026-10-01
緑,語り草,名詞,1,0.32,nan,2026-10-01
緑,地元,名詞,1,0.32,-0.02,2026-10-01
緑,消せる,動詞,1,0.32,-0.23,2026-10-01
緑,カクタス,名詞,1,0.32,nan,2026-10-01
緑,体制,名詞,1,0.32,-0.4,2026-10-01
緑,運行,名詞,1,0.32,nan,2026-10-01
緑,判断,名詞,1,0.32,-0.79,2026-10-01
緑,かけら,名詞,1,0.32,nan,2026-10-01
緑,隠れ場,名詞,1,0.32,nan,2026-10-01
緑,晴れる,動詞,1,0.32,nan,2026-10-01
緑,バランス,名詞,1,0.32,nan,2026-10-01
緑,鎌,名詞,1,0.32,-0.02,2026-10-01
緑,前足,名詞,1,0.32,nan,2026-10-01
緑,そろう,動詞,1,0.32,nan,2026-10-01
緑,上部,名詞,1,0.32,nan,2026-10-01
緑,ジャディ,名詞,1,0.32,nan,2026-10-01
緑,津波,名詞,1,0.32,nan,2026-10-01
緑,ああ,副詞,1,0.32,-0.02,2026-10-01
緑,使用,名詞,1,0.32,-0.89,2026-10-01
緑,秒間,名詞,1,0.32,nan,2026-10-01
緑,巨漢,名詞,1,0.32,nan,2026-10-01
緑,雇う,動詞,1,0.32,-1.23,2026-10-01
緑,手あたり,名詞,1,0.32,nan,2026-10-01
緑,御所,名詞,1,0.32,nan,2026-10-01
緑,砲撃,名詞,1,0.32,nan,2026-10-01
緑,整備,名詞,1,0.32,nan,2026-10-01
緑,セラ,名詞,1,0.32,-1.37,2026-10-01
緑,先行,名詞,1,0.32,nan,2026-10-01
緑,序盤,名詞,1,0.32,nan,2026-10-01
緑,混合,名詞,1,0.32,nan,2026-10-01
緑,驚愕,名詞,1,0.32,-0.54,2026-10-01
緑,ジャンプ,名詞,1,0.32,nan,2026-10-01
緑,代案,名詞,1,0.32,nan,2026-10-01
緑,すくう,動詞,1,0.32,nan,2026-10-01
緑,慢心,名詞,1,0.32,nan,2026-10-01
緑,ヨーン,名詞,1,0.32,nan,2026-10-01
緑,ヤスペラ,名詞,1,0.32,nan,2026-10-01
緑,幽閉,名詞,1,0.32,nan,2026-10-01
緑,両端,名詞,1,0.32,nan,2026-10-01
緑,成り上がり,名詞,1,0.32,nan,2026-10-01
緑,スコーティ,名詞,1,0.32,nan,2026-10-01
緑,長広,名詞,1,0.32,nan,2026-10-01
緑,広間,名詞,1,0.32,-0.4,2026-10-01
緑,リンド,名詞,1,0.32,nan,2026-10-01
緑,トルガ,名詞,1,0.32,nan,2026-10-01
緑,嫌気,名詞,1,0.32,nan,2026-10-01
緑,ノットヴォルド,名詞,1,0.32,nan,2026-10-01
緑,コルヴォーリ,名詞,1,0.32,nan,2026-10-01
緑,詐称,名詞,1,0.32,nan,2026-10-01
緑,出くわす,動詞,1,0.32,-0.4,2026-10-01
緑,パニック,名詞,1,0.32,-0.02,2026-10-01
緑,抜け殻,名詞,1,0.32,nan,2026-10-01
緑,ランドリー,名詞,1,0.32,nan,2026-10-01
緑,ガラガラワーム,名詞,1,0.32,nan,2026-10-01
緑,再戦,名詞,1,0.32,nan,2026-10-01
緑,二言,名詞,1,0.32,nan,2026-10-01
緑,振り,名詞,1,0.32,-0.54,2026-10-01
緑,凍てる,動詞,1,0.32,-0.4,2026-10-01
緑,粘る,動詞,1,0.32,nan,2026-10-01
緑,有用,名詞,1,0.32,-0.23,2026-10-01
緑,展開,名詞,1,0.32,-0.67,2026-10-01
緑,マスコット,名詞,1,0.32,nan,2026-10-01
緑,主席,名詞,1,0.32,nan,2026-10-01
緑,クラス,名詞,1,0.32,nan,2026-10-01
緑,入学,名詞,1,0.32,nan,2026-10-01
緑,自生,名詞,1,0.32,nan,2026-10-01
緑,スター,名詞,1,0.32,nan,2026-10-01
緑,アーチ,名詞,1,0.32,nan,2026-10-01
緑,常食,名詞,1,0.32,nan,2026-10-01
緑,要素,名詞,1,0.32,nan,2026-10-01
緑,個性,名詞,1,0.32,nan,2026-10-01
緑,形状,名詞,1,0.32,-0.02,2026-10-01
緑,概念,名詞,1,0.32,-0.54,2026-10-01
緑,試み,名詞,1,0.32,-0.02,2026-10-01
緑,少々,名詞,1,0.32,-1.23,2026-10-01
緑,高圧,名詞,1,0.32,nan,2026-10-01
緑,無味,名詞,1,0.32,nan,2026-10-01
緑,乾燥,名詞,1,0.32,nan,2026-10-01
緑,作品,名詞,1,0.32,-1.54,2026-10-01
緑,挽回,名詞,1,0.32,nan,2026-10-01
緑,タンド,名詞,1,0.32,nan,2026-10-01
緑,決闘,名詞,1,0.32,-1.43,2026-10-01
緑,一気,名詞,1,0.32,nan,2026-10-01
緑,極端,名詞,1,0.32,nan,2026-10-01
緑,線形,名詞,1,0.32,nan,2026-10-01
緑,カローク,名詞,1,0.32,nan,2026-10-01
緑,占める,動詞,1,0.32,-0.23,2026-10-01
緑,たぶん,副詞,1,0.32,-0.67,2026-10-01
緑,落胆,名詞,1,0.32,nan,2026-10-01
緑,チンキ,名詞,1,0.32,nan,2026-10-01
緑,方々,名詞,1,0.32,nan,2026-10-01
緑,創始,名詞,1,0.32,nan,2026-10-01
緑,休憩,名詞,1,0.32,nan,2026-10-01
緑,相応,名詞,1,0.32,nan,2026-10-01
緑,クローギリャマタール,名詞,1,0.32,nan,2026-10-01
緑,原形,名詞,1,0.32,nan,2026-10-01
緑,快感,名詞,1,0.32,nan,2026-10-01
緑,善,名詞,1,0.32,-0.23,2026-10-01
緑,曲がり角,名詞,1,0.32,nan,2026-10-01
緑,沿岸,名詞,1,0.32,-0.23,2026-10-01
緑,ウィンド,名詞,1,0.32,nan,2026-10-01
緑,アイス,名詞,1,0.32,nan,2026-10-01
緑,コースト,名詞,1,0.32,nan,2026-10-01
緑,テシア,名詞,1,0.32,nan,2026-10-01
緑,エルタレル,名詞,1,0.32,nan,2026-10-01
緑,ソード,名詞,1,0.32,nan,2026-10-01
緑,アウルベア,名詞,1,0.32,nan,2026-10-01
緑,ウィザード,名詞,1,0.32,nan,2026-10-01
緑,力説,名詞,1,0.32,nan,2026-10-01
緑,最深,名詞,1,0.32,nan,2026-10-01
緑,硬貨,名詞,1,0.32,-0.23,2026-10-01
緑,ダイア,名詞,1,0.32,nan,2026-10-01
緑,なく,動詞,1,0.32,nan,2026-10-01
緑,凄まじい,形容詞,1,0.32,nan,2026-10-01
緑,藁,名詞,1,0.32,nan,2026-10-01
緑,たちまち,副詞,1,0.32,nan,2026-10-01
緑,仕業,名詞,1,0.32,nan,2026-10-01
緑,所々,名詞,1,0.32,nan,2026-10-01
緑,フロギーモス,名詞,1,0.32,nan,2026-10-01
緑,天井,名詞,1,0.32,-0.23,2026-10-01
緑,鍾乳,名詞,1,0.32,nan,2026-10-01
緑,洞,名詞,1,0.32,nan,2026-10-01
緑,石筍,名詞,1,0.32,nan,2026-10-01
緑,ブレイ,名詞,1,0.32,nan,2026-10-01
緑,地中,名詞,1,0.32,nan,2026-10-01
緑,ヴェイリス,名詞,1,0.32,nan,2026-10-01
緑,選べる,動詞,1,0.32,-0.02,2026-10-01
緑,混じる,動詞,1,0.32,nan,2026-10-01
緑,浮く,動詞,1,0.32,nan,2026-10-01
緑,ビホルダー,名詞,1,0.32,nan,2026-10-01
緑,羊毛,名詞,1,0.32,nan,2026-10-01
緑,杖,名詞,1,0.32,-0.54,2026-10-01
緑,鬼没,名詞,1,0.32,nan,2026-10-01
緑,神出,名詞,1,0.32,nan,2026-10-01
緑,ショー,名詞,1,0.32,-0.54,2026-10-01
緑,嬉しい,形容詞,1,0.32,-0.99,2026-10-01
緑,独創,名詞,1,0.32,-0.67,2026-10-01
緑,囲る,動詞,1,0.32,nan,2026-10-01
緑,錠,名詞,1,0.32,nan,2026-10-01
緑,日金,名詞,1,0.32,nan,2026-10-01
緑,くっつく,動詞,1,0.32,nan,2026-10-01
緑,触角,名詞,1,0.32,nan,2026-10-01
緑,怖れる,動詞,1,0.32,nan,2026-10-01
緑,ゆらめき,名詞,1,0.32,nan,2026-10-01
緑,不浄,名詞,1,0.32,-1.08,2026-10-01
緑,先々,名詞,1,0.32,nan,2026-10-01
緑,需要,名詞,1,0.32,nan,2026-10-01
緑,死肉,名詞,1,0.32,-0.02,2026-10-01
緑,縫い,名詞,1,0.32,-1.43,2026-10-01
緑,治癒,名詞,1,0.32,-0.54,2026-10-01
緑,食卓,名詞,1,0.32,nan,2026-10-01
緑,散歩,名詞,1,0.32,nan,2026-10-01
緑,ハルト,名詞,1,0.32,nan,2026-10-01
緑,ドーン,名詞,1,0.32,nan,2026-10-01
緑,多種,名詞,1,0.32,nan,2026-10-01
緑,ウジウジ,副詞,1,0.32,nan,2026-10-01
緑,嚙む,動詞,1,0.32,nan,2026-10-01
緑,木箱,名詞,1,0.32,nan,2026-10-01
緑,死滅,名詞,1,0.32,nan,2026-10-01
緑,埋まる,動詞,1,0.32,nan,2026-10-01
緑,散り散り,名詞,1,0.32,-0.4,2026-10-01
緑,闘う,動詞,1,0.32,-0.23,2026-10-01
緑,両手,名詞,1,0.32,nan,2026-10-01
緑,巷,名詞,1,0.32,nan,2026-10-01
緑,あながち,副詞,1,0.32,nan,2026-10-01
緑,ネスミス,名詞,1,0.32,nan,2026-10-01
緑,革,名詞,1,0.32,nan,2026-10-01
緑,手袋,名詞,1,0.32,nan,2026-10-01
緑,同義,名詞,1,0.32,nan,2026-10-01
緑,生きがい,名詞,1,0.32,nan,2026-10-01
緑,奉仕,名詞,1,0.32,-0.79,2026-10-01
緑,ぶつける,動詞,1,0.32,nan,2026-10-01
緑,狩り場,名詞,1,0.32,nan,2026-10-01
緑,結婚,名詞,1,0.32,-1.16,2026-10-01
緑,濡れる,動詞,1,0.32,-0.23,2026-10-01
緑,友情,名詞,1,0.32,-1.16,2026-10-01
緑,演衆,名詞,1,0.32,nan,2026-10-01
緑,属する,動詞,1,0.32,nan,2026-10-01
緑,歴,名詞,1,0.32,nan,2026-10-01
緑,建設,名詞,1,0.32,-0.89,2026-10-01
緑,今後,名詞,1,0.32,-0.67,2026-10-01
緑,紙,名詞,1,0.32,-0.99,2026-10-01
緑,舗装,名詞,1,0.32,nan,2026-10-01
緑,破ける,動詞,1,0.32,nan,2026-10-01
緑,長し,形容詞,1,0.32,nan,2026-10-01
緑,武術,名詞,1,0.32,nan,2026-10-01
緑,団員,名詞,1,0.32,nan,2026-10-01
緑,図る,動詞,1,0.32,nan,2026-10-01
緑,励む,動詞,1,0.32,nan,2026-10-01
緑,固辞,名詞,1,0.32,nan,2026-10-01
緑,のち,名詞,1,0.32,nan,2026-10-01
緑,謹む,動詞,1,0.32,nan,2026-10-01
緑,僧侶,名詞,1,0.32,-2.22,2026-10-01
緑,憩い,名詞,1,0.32,nan,2026-10-01
緑,働き詰め,名詞,1,0.32,nan,2026-10-01
緑,温かい,形容詞,1,0.32,-0.79,2026-10-01
緑,狸,名詞,1,0.32,nan,2026-10-01
緑,タミヨウ,名詞,1,0.32,-1.08,2026-10-01
緑,チップ,名詞,1,0.32,nan,2026-10-01
緑,有望,名詞,1,0.32,-0.02,2026-10-01
緑,傲慢,名詞,1,0.32,-0.23,2026-10-01
緑,凌駕,名詞,1,0.32,-0.23,2026-10-01
緑,作法,名詞,1,0.32,nan,2026-10-01
緑,わきまえる,動詞,1,0.32,-0.02,2026-10-01
緑,礼儀,名詞,1,0.32,-1.08,2026-10-01
緑,請願,名詞,1,0.32,nan,2026-10-01
緑,聖樹,名詞,1,0.32,nan,2026-10-01
緑,継承,名詞,1,0.32,-0.4,2026-10-01
緑,通路,名詞,1,0.32,-0.23,2026-10-01
緑,カルダイヤ,名詞,1,0.32,nan,2026-10-01
緑,密輸,名詞,1,0.32,nan,2026-10-01
緑,膨大,名詞,1,0.32,nan,2026-10-01
緑,犯罪,名詞,1,0.32,-1.87,2026-10-01
緑,烙印,名詞,1,0.32,nan,2026-10-01
緑,パリッ,副詞,1,0.32,nan,2026-10-01
緑,風味,名詞,1,0.32,-0.02,2026-10-01
緑,過言,名詞,1,0.32,nan,2026-10-01
緑,ワシ,名詞,1,0.32,nan,2026-10-01
緑,ツツジ,名詞,1,0.32,nan,2026-10-01
緑,時刻,名詞,1,0.32,nan,2026-10-01
緑,偽物,名詞,1,0.32,-0.23,2026-10-01
緑,脱法,名詞,1,0.32,nan,2026-10-01
緑,バザール,名詞,1,0.32,nan,2026-10-01
緑,メッツィオ,名詞,1,0.32,nan,2026-10-01
緑,シェフ,名詞,1,0.32,nan,2026-10-01
緑,瘦身,名詞,1,0.32,nan,2026-10-01
緑,薄,名詞,1,0.32,nan,2026-10-01
緑,賃金,名詞,1,0.32,nan,2026-10-01
緑,逸らす,動詞,1,0.32,-0.23,2026-10-01
緑,矛先,名詞,1,0.32,nan,2026-10-01
緑,一身,名詞,1,0.32,nan,2026-10-01
緑,注目,名詞,1,0.32,nan,2026-10-01
緑,余裕,名詞,1,0.32,-0.23,2026-10-01
緑,損失,名詞,1,0.32,-0.02,2026-10-01
緑,被る,動詞,1,0.32,-0.54,2026-10-01
緑,プライベート,名詞,1,0.32,nan,2026-10-01
緑,名簿,名詞,1,0.32,nan,2026-10-01
緑,切断,名詞,1,0.32,-0.23,2026-10-01
緑,作業,名詞,1,0.32,-1.54,2026-10-01
緑,桁,名詞,1,0.32,nan,2026-10-01
緑,ハエ,名詞,1,0.32,-0.4,2026-10-01
緑,救出,名詞,1,0.32,nan,2026-10-01
緑,機関,名詞,1,0.32,nan,2026-10-01
緑,イメージ,名詞,1,0.32,nan,2026-10-01
緑,見くびる,動詞,1,0.32,-0.4,2026-10-01
緑,火力,名詞,1,0.32,nan,2026-10-01
緑,戦槌,名詞,1,0.32,nan,2026-10-01
緑,条約,名詞,1,0.32,nan,2026-10-01
緑,禁断,名詞,1,0.32,nan,2026-10-01
緑,会心,名詞,1,0.32,nan,2026-10-01
緑,極悪,名詞,1,0.32,nan,2026-10-01
緑,非道,名詞,1,0.32,nan,2026-10-01
緑,食らう,動詞,1,0.32,-0.67,2026-10-01
緑,仕向ける,動詞,1,0.32,-0.02,2026-10-01
緑,低温,名詞,1,0.32,nan,2026-10-01
緑,終焉,名詞,1,0.32,-0.54,2026-10-01
緑,併せる,動詞,1,0.32,nan,2026-10-01
緑,怪力,名詞,1,0.32,nan,2026-10-01
緑,表面,名詞,1,0.32,-0.79,2026-10-01
緑,関わり,名詞,1,0.32,nan,2026-10-01
緑,匿う,動詞,1,0.32,nan,2026-10-01
緑,太枝,名詞,1,0.32,nan,2026-10-01
緑,優越,名詞,1,0.32,nan,2026-10-01
緑,実現,名詞,1,0.32,-1.16,2026-10-01
緑,総出,名詞,1,0.32,nan,2026-10-01
緑,テリシア,名詞,1,0.32,-0.79,2026-10-01
緑,使い道,名詞,1,0.32,-0.23,2026-10-01
緑,がらくた,名詞,1,0.32,nan,2026-10-01
緑,時点,名詞,1,0.32,-0.23,2026-10-01
緑,麾下,名詞,1,0.32,nan,2026-10-01
緑,名将,名詞,1,0.32,nan,2026-10-01
緑,タウノス,名詞,1,0.32,nan,2026-10-01
緑,とらえる,動詞,1,0.32,-0.23,2026-10-01
緑,グウェナ,名詞,1,0.32,nan,2026-10-01
緑,ハービン,名詞,1,0.32,nan,2026-10-01
緑,探査,名詞,1,0.32,nan,2026-10-01
緑,冬眠,名詞,1,0.32,nan,2026-10-01
緑,徐々,名詞,1,0.32,nan,2026-10-01
緑,惨禍,名詞,1,0.32,nan,2026-10-01
緑,岸辺,名詞,1,0.32,-0.02,2026-10-01
緑,塹壕,名詞,1,0.32,nan,2026-10-01
緑,ストーン,名詞,1,0.32,-0.54,2026-10-01
緑,躍る,動詞,1,0.32,-0.02,2026-10-01
緑,万人,名詞,1,0.32,nan,2026-10-01
緑,抵抗,名詞,1,0.32,-1.79,2026-10-01
緑,歯触り,名詞,1,0.32,nan,2026-10-01
緑,サクサク,副詞,1,0.32,nan,2026-10-01
緑,排気,名詞,1,0.32,nan,2026-10-01
緑,うつ,動詞,1,0.32,nan,2026-10-01
緑,スキジリクス,名詞,1,0.32,nan,2026-10-01
緑,貌,名詞,1,0.32,nan,2026-10-01
緑,より糸,名詞,1,0.32,nan,2026-10-01
緑,マイコシンス,名詞,1,0.32,nan,2026-10-01
緑,政策,名詞,1,0.32,nan,2026-10-01
緑,勧め,名詞,1,0.32,nan,2026-10-01
緑,ウラブラスク,名詞,1,0.32,-1.3,2026-10-01
緑,致死,名詞,1,0.32,-0.02,2026-10-01
緑,不在,名詞,1,0.32,-0.4,2026-10-01
緑,直ちに,副詞,1,0.32,-0.4,2026-10-01
緑,胆液,名詞,1,0.32,nan,2026-10-01
緑,まぶす,動詞,1,0.32,nan,2026-10-01
緑,きたす,動詞,1,0.32,nan,2026-10-01
緑,鍛冶場,名詞,1,0.32,nan,2026-10-01
緑,失せる,動詞,1,0.32,-0.89,2026-10-01
緑,疲弊,名詞,1,0.32,nan,2026-10-01
緑,ヴァドロック,名詞,1,0.32,nan,2026-10-01
緑,うれしい,形容詞,1,0.32,nan,2026-10-01
緑,ひときわ,副詞,1,0.32,nan,2026-10-01
緑,ぎらつく,動詞,1,0.32,-0.23,2026-10-01
緑,捕らわれ,名詞,1,0.32,nan,2026-10-01
緑,移行,名詞,1,0.32,nan,2026-10-01
緑,くぐもる,動詞,1,0.32,nan,2026-10-01
緑,ダラー,名詞,1,0.32,nan,2026-10-01
緑,はぐ,動詞,1,0.32,nan,2026-10-01
緑,甲殻,名詞,1,0.32,nan,2026-10-01
緑,跪く,動詞,1,0.32,-0.23,2026-10-01
緑,ナシ,名詞,1,0.32,nan,2026-10-01
緑,再会,名詞,1,0.32,nan,2026-10-01
緑,恭しい,形容詞,1,0.32,nan,2026-10-01
緑,徒党,名詞,1,0.32,-0.23,2026-10-01
緑,伝う,動詞,1,0.32,nan,2026-10-01
緑,有する,動詞,1,0.32,-0.67,2026-10-01
緑,出来事,名詞,1,0.32,-0.67,2026-10-01
緑,モアグ,名詞,1,0.32,nan,2026-10-01
緑,顛末,名詞,1,0.32,nan,2026-10-01
緑,薙ぐ,動詞,1,0.32,nan,2026-10-01
緑,たやすい,形容詞,1,0.32,-0.02,2026-10-01
緑,エルドレイン,名詞,1,0.32,nan,2026-10-01
緑,逸脱,名詞,1,0.32,nan,2026-10-01
緑,脚本,名詞,1,0.32,nan,2026-10-01
緑,軽業,名詞,1,0.32,nan,2026-10-01
緑,乱れる,動詞,1,0.32,-0.67,2026-10-01
緑,一糸,名詞,1,0.32,nan,2026-10-01
緑,演技,名詞,1,0.32,nan,2026-10-01
緑,リハーサル,名詞,1,0.32,nan,2026-10-01
緑,ミス,名詞,1,0.32,nan,2026-10-01
緑,撒布,名詞,1,0.32,nan,2026-10-01
緑,替わり,名詞,1,0.32,nan,2026-10-01
緑,賞状,名詞,1,0.32,nan,2026-10-01
緑,雛菊,名詞,1,0.32,nan,2026-10-01
緑,むしゃむしゃ,副詞,1,0.32,nan,2026-10-01
緑,最近,名詞,1,0.32,-1.08,2026-10-01
緑,丸い,形容詞,1,0.32,nan,2026-10-01
緑,よろめく,動詞,1,0.32,-0.89,2026-10-01
緑,ナヒリ,名詞,1,0.32,-1.16,2026-10-01
緑,カルドハイム,名詞,1,0.32,-0.4,2026-10-01
緑,崩せる,動詞,1,0.32,nan,2026-10-01
緑,堕天,名詞,1,0.32,nan,2026-10-01
緑,確か,副詞,1,0.32,nan,2026-10-01
緑,動作,名詞,1,0.32,-0.02,2026-10-01
緑,斡旋,名詞,1,0.32,nan,2026-10-01
緑,契約,名詞,1,0.32,-1.49,2026-10-01
緑,法律,名詞,1,0.32,-0.23,2026-10-01
緑,決め事,名詞,1,0.32,nan,2026-10-01
緑,張本,名詞,1,0.32,nan,2026-10-01
緑,シンボル,名詞,1,0.32,nan,2026-10-01
緑,教わる,動詞,1,0.32,-0.4,2026-10-01
緑,疑い,名詞,1,0.32,-0.67,2026-10-01
緑,すんなり,副詞,1,0.32,nan,2026-10-01
緑,挟む,動詞,1,0.32,-0.4,2026-10-01
緑,使い物,名詞,1,0.32,nan,2026-10-01
緑,看破,名詞,1,0.32,nan,2026-10-01
緑,中枢,名詞,1,0.32,nan,2026-10-01
緑,形づくる,動詞,1,0.32,nan,2026-10-01
緑,ジローサ,名詞,1,0.32,nan,2026-10-01
緑,挑戦,名詞,1,0.32,-0.54,2026-10-01
緑,委ねる,動詞,1,0.32,-0.4,2026-10-01
緑,全霊,名詞,1,0.32,nan,2026-10-01
緑,見返り,名詞,1,0.32,-0.67,2026-10-01
緑,記念,名詞,1,0.32,nan,2026-10-01
緑,活躍,名詞,1,0.32,nan,2026-10-01
緑,歯向かう,動詞,1,0.32,-0.02,2026-10-01
緑,正気,名詞,1,0.32,-1.16,2026-10-01
緑,ヨルヴォ,名詞,1,0.32,nan,2026-10-01
緑,倉庫,名詞,1,0.32,nan,2026-10-01
緑,小人,名詞,1,0.32,nan,2026-10-01
緑,急ぐ,動詞,1,0.32,-1.3,2026-10-01
緑,かえる,動詞,1,0.32,nan,2026-10-01
緑,ダンバロウ,名詞,1,0.32,nan,2026-10-01
緑,蠅,名詞,1,0.32,nan,2026-10-01
緑,劣る,動詞,1,0.32,-0.79,2026-10-01
緑,鈍臭い,形容詞,1,0.32,nan,2026-10-01
緑,疑り深い,形容詞,1,0.32,nan,2026-10-01
緑,木登り,名詞,1,0.32,nan,2026-10-01
緑,昼夜,名詞,1,0.32,nan,2026-10-01
緑,脚,名詞,1,0.32,-0.89,2026-10-01
緑,下せる,動詞,1,0.32,nan,2026-10-01
緑,愚民,名詞,1,0.32,nan,2026-10-01
緑,ベルーナ,名詞,1,0.32,nan,2026-10-01
緑,ストームケルド,名詞,1,0.32,nan,2026-10-01
緑,新設,名詞,1,0.32,nan,2026-10-01
緑,夜な夜な,副詞,1,0.32,nan,2026-10-01
緑,おそろしい,形容詞,1,0.32,nan,2026-10-01
緑,系統,名詞,1,0.32,nan,2026-10-01
緑,耕す,動詞,1,0.32,-0.02,2026-10-01
緑,天空,名詞,1,0.32,-0.89,2026-10-01
緑,満す,動詞,1,0.32,nan,2026-10-01
緑,抱える,動詞,1,0.32,-1.16,2026-10-01
緑,落雷,名詞,1,0.32,nan,2026-10-01
緑,駆ける,動詞,1,0.32,-1.6,2026-10-01
緑,紫,名詞,1,0.32,nan,2026-10-01
緑,暇,名詞,1,0.32,-0.54,2026-10-01
緑,全力,名詞,1,0.32,-1.3,2026-10-01
緑,堅牢,名詞,1,0.32,nan,2026-10-01
緑,礎,名詞,1,0.32,-0.23,2026-10-01
緑,叫び,名詞,1,0.32,-1.74,2026-10-01
緑,雄々しい,形容詞,1,0.32,nan,2026-10-01
緑,箱詰め,名詞,1,0.32,nan,2026-10-01
緑,すばしっこい,形容詞,1,0.32,nan,2026-10-01
緑,平らげる,動詞,1,0.32,nan,2026-10-01
緑,替える,動詞,1,0.32,-0.54,2026-10-01
緑,葺く,動詞,1,0.32,nan,2026-10-01
緑,賢,名詞,1,0.32,nan,2026-10-01
緑,カピバラ,名詞,1,0.32,nan,2026-10-01
緑,象形,名詞,1,0.32,-0.67,2026-10-01
緑,脱する,動詞,1,0.32,nan,2026-10-01
緑,ゴミ,名詞,1,0.32,-0.99,2026-10-01
緑,観点,名詞,1,0.32,nan,2026-10-01
緑,チミル,名詞,1,0.32,-0.67,2026-10-01
緑,凶,名詞,1,0.32,nan,2026-10-01
緑,マラメト,名詞,1,0.32,-0.02,2026-10-01
緑,引け,名詞,1,0.32,nan,2026-10-01
緑,屈指,名詞,1,0.32,nan,2026-10-01
緑,多少,名詞,1,0.32,-0.4,2026-10-01
緑,ファイレクシアン,名詞,1,0.32,nan,2026-10-01
緑,足止め,名詞,1,0.32,nan,2026-10-01
緑,ドレッドノート,名詞,1,0.32,nan,2026-10-01
緑,深淵,名詞,1,0.32,-1.08,2026-10-01
緑,骨折り,名詞,1,0.32,nan,2026-10-01
緑,損,名詞,1,0.32,nan,2026-10-01
緑,おびく,動詞,1,0.32,nan,2026-10-01
緑,踏み台,名詞,1,0.32,nan,2026-10-01
緑,左,名詞,1,0.32,nan,2026-10-01
緑,フック,名詞,1,0.32,nan,2026-10-01
緑,犯行,名詞,1,0.32,-0.02,2026-10-01
緑,たまる,動詞,1,0.32,-0.99,2026-10-01
緑,予感,名詞,1,0.32,nan,2026-10-01
緑,万能,名詞,1,0.32,nan,2026-10-01
緑,空き,名詞,1,0.32,nan,2026-10-01
緑,つくれる,動詞,1,0.32,nan,2026-10-01
緑,腰,名詞,1,0.32,nan,2026-10-01
緑,ホシ,名詞,1,0.32,nan,2026-10-01
緑,ローブ,名詞,1,0.32,nan,2026-10-01
緑,にらめる,動詞,1,0.32,nan,2026-10-01
緑,ニュース,名詞,1,0.32,nan,2026-10-01
緑,犯人,名詞,1,0.32,-0.67,2026-10-01
緑,捜査,名詞,1,0.32,nan,2026-10-01
緑,ケラン,名詞,1,0.32,-0.99,2026-10-01
緑,札,名詞,1,0.32,nan,2026-10-01
緑,混ざる,動詞,1,0.32,-0.67,2026-10-01
緑,拭う,動詞,1,0.32,nan,2026-10-01
緑,違和,名詞,1,0.32,nan,2026-10-01
緑,甚だしい,形容詞,1,0.32,nan,2026-10-01
緑,暗喩,名詞,1,0.32,nan,2026-10-01
緑,どける,動詞,1,0.32,nan,2026-10-01
緑,容疑,名詞,1,0.32,nan,2026-10-01
緑,北峰,名詞,1,0.32,nan,2026-10-01
緑,有罪,名詞,1,0.32,-0.23,2026-10-01
緑,ハードブリスル,名詞,1,0.32,nan,2026-10-01
緑,自惚れる,動詞,1,0.32,nan,2026-10-01
緑,ケンカ,名詞,1,0.32,nan,2026-10-01
緑,アティイン,名詞,1,0.32,nan,2026-10-01
緑,年老いる,動詞,1,0.32,nan,2026-10-01
緑,新入り,名詞,1,0.32,nan,2026-10-01
緑,アドバイス,名詞,1,0.32,nan,2026-10-01
緑,人ごみ,名詞,1,0.32,nan,2026-10-01
緑,開拓,名詞,1,0.32,-0.02,2026-10-01
緑,無頼,名詞,1,0.32,nan,2026-10-01
緑,ふう,名詞,1,0.32,nan,2026-10-01
緑,拍車,名詞,1,0.32,-0.4,2026-10-01
緑,陰,名詞,1,0.32,-0.02,2026-10-01
緑,欲,名詞,1,0.32,nan,2026-10-01
緑,列車,名詞,1,0.32,-0.02,2026-10-01
緑,車掌,名詞,1,0.32,nan,2026-10-01
緑,プロスペリティ,名詞,1,0.32,nan,2026-10-01
緑,乗務,名詞,1,0.32,nan,2026-10-01
緑,転がる,動詞,1,0.32,-0.4,2026-10-01
緑,匪獣,名詞,1,0.32,nan,2026-10-01
緑,我欲,名詞,1,0.32,nan,2026-10-01
緑,軋む,動詞,1,0.32,nan,2026-10-01
緑,誠実,名詞,1,0.32,-0.4,2026-10-01
緑,ナッツ,名詞,1,0.32,nan,2026-10-01
緑,育める,動詞,1,0.32,nan,2026-10-01
緑,ひっそり,副詞,1,0.32,nan,2026-10-01
緑,占い師,名詞,1,0.32,-0.4,2026-10-01
緑,無駄遣い,名詞,1,0.32,nan,2026-10-01
緑,荷物,名詞,1,0.32,-0.79,2026-10-01
緑,独り占め,名詞,1,0.32,nan,2026-10-01
緑,ティンブル,名詞,1,0.32,nan,2026-10-01
緑,勘弁,名詞,1,0.32,-0.23,2026-10-01
緑,羽ばたく,動詞,1,0.32,-0.4,2026-10-01
緑,火種,名詞,1,0.32,nan,2026-10-01
緑,蒐集,名詞,1,0.32,nan,2026-10-01
緑,熾,名詞,1,0.32,nan,2026-10-01
緑,カップ,名詞,1,0.32,nan,2026-10-01
緑,逸品,名詞,1,0.32,nan,2026-10-01
緑,ラクーン,名詞,1,0.32,nan,2026-10-01
緑,素性,名詞,1,0.32,nan,2026-10-01
緑,漂着,名詞,1,0.32,nan,2026-10-01
緑,居どころ,名詞,1,0.32,nan,2026-10-01
緑,味わえる,動詞,1,0.32,nan,2026-10-01
緑,垂らす,動詞,1,0.32,-0.02,2026-10-01
緑,アライグマ,名詞,1,0.32,nan,2026-10-01
緑,周,名詞,1,0.32,nan,2026-10-01
緑,鉄壁,名詞,1,0.32,nan,2026-10-01
緑,焦土,名詞,1,0.32,nan,2026-10-01
緑,大混乱,名詞,1,0.32,nan,2026-10-01
緑,振るう,動詞,1,0.32,-1.16,2026-10-01
緑,鋤,名詞,1,0.32,nan,2026-10-01
緑,吟ずる,動詞,1,0.32,nan,2026-10-01
緑,館,名詞,1,0.32,-0.99,2026-10-01
緑,映像,名詞,1,0.32,nan,2026-10-01
緑,録画,名詞,1,0.32,nan,2026-10-01
緑,破損,名詞,1,0.32,nan,2026-10-01
緑,タローズ,名詞,1,0.32,nan,2026-10-01
緑,開通,名詞,1,0.32,nan,2026-10-01
緑,解毒,名詞,1,0.32,nan,2026-10-01
緑,潜り,名詞,1,0.32,nan,2026-10-01
緑,発熱,名詞,1,0.32,nan,2026-10-01
緑,壊疽,名詞,1,0.32,nan,2026-10-01
緑,うずき,名詞,1,0.32,nan,2026-10-01
緑,咬傷,名詞,1,0.32,nan,2026-10-01
緑,増大,名詞,1,0.32,-0.02,2026-10-01
緑,症状,名詞,1,0.32,nan,2026-10-01
緑,皮下,名詞,1,0.32,nan,2026-10-01
緑,ジモーン,名詞,1,0.32,nan,2026-10-01
緑,増加,名詞,1,0.32,nan,2026-10-01
緑,フラクタル,名詞,1,0.32,nan,2026-10-01
緑,エーテル,名詞,1,0.32,-0.79,2026-10-01
緑,負かす,動詞,1,0.32,-0.67,2026-10-01
緑,燃やす,動詞,1,0.32,-2.06,2026-10-01
緑,生きもの,名詞,1,0.32,nan,2026-10-01
緑,身悶え,名詞,1,0.32,nan,2026-10-01
緑,握り,名詞,1,0.32,nan,2026-10-01
緑,手放せる,動詞,1,0.32,nan,2026-10-01
緑,火炎,名詞,1,0.32,-0.4,2026-10-01
緑,ヤバい,形容詞,1,0.32,nan,2026-10-01
緑,行ない,名詞,1,0.32,nan,2026-10-01
緑,無欲,名詞,1,0.32,nan,2026-10-01
緑,誉れ,名詞,1,0.32,-0.99,2026-10-01
緑,チーム,名詞,1,0.32,-1.08,2026-10-01
緑,無私,名詞,1,0.32,nan,2026-10-01
緑,生還,名詞,1,0.32,nan,2026-10-01
緑,バンプ,名詞,1,0.32,nan,2026-10-01
緑,ロケット,名詞,1,0.32,nan,2026-10-01
緑,はやい,形容詞,1,0.32,nan,2026-10-01
緑,自動,名詞,1,0.32,-0.99,2026-10-01
緑,運転,名詞,1,0.32,-0.23,2026-10-01
緑,知見,名詞,1,0.32,nan,2026-10-01
緑,当初,名詞,1,0.32,-0.23,2026-10-01
緑,指数,名詞,1,0.32,nan,2026-10-01
緑,つじつま,名詞,1,0.32,nan,2026-10-01
緑,マッピング,名詞,1,0.32,nan,2026-10-01
緑,苛立つ,動詞,1,0.32,nan,2026-10-01
緑,アヴィシュカー,名詞,1,0.32,-0.02,2026-10-01
緑,隣り合わせ,名詞,1,0.32,nan,2026-10-01
緑,重んじる,動詞,1,0.32,nan,2026-10-01
緑,ロケッティアーズ,名詞,1,0.32,nan,2026-10-01
緑,しかる,動詞,1,0.32,nan,2026-10-01
緑,久い,形容詞,1,0.32,nan,2026-10-01
緑,ラゴリン,名詞,1,0.32,nan,2026-10-01
緑,ガス,名詞,1,0.32,nan,2026-10-01
緑,欠,名詞,1,0.32,nan,2026-10-01
緑,おそれ,名詞,1,0.32,nan,2026-10-01
緑,グランプリ,名詞,1,0.32,nan,2026-10-01
緑,まるごと,名詞,1,0.32,nan,2026-10-01
緑,覗く,動詞,1,0.32,-0.79,2026-10-01
緑,ロードキル,名詞,1,0.32,nan,2026-10-01
緑,抗体,名詞,1,0.32,nan,2026-10-01
緑,無二,名詞,1,0.32,nan,2026-10-01
緑,高速,名詞,1,0.32,nan,2026-10-01
緑,障る,動詞,1,0.32,nan,2026-10-01
緑,癪,名詞,1,0.32,nan,2026-10-01
緑,オープン,名詞,1,0.32,nan,2026-10-01
緑,デーモン,名詞,1,0.32,nan,2026-10-01
緑,トルガル,名詞,1,0.32,nan,2026-10-01
緑,ロズフィールド,名詞,1,0.32,nan,2026-10-01
緑,元年,名詞,1,0.32,nan,2026-10-01
緑,宣言,名詞,1,0.32,nan,2026-10-01
緑,外れる,動詞,1,0.32,-0.23,2026-10-01
緑,けっきょく,名詞,1,0.32,nan,2026-10-01
緑,まぁ,副詞,1,0.32,nan,2026-10-01
緑,買い方,名詞,1,0.32,nan,2026-10-01
緑,サボテンダー,名詞,1,0.32,nan,2026-10-01
緑,テンダー,名詞,1,0.32,nan,2026-10-01
緑,長生き,名詞,1,0.32,-0.79,2026-10-01
緑,ジャボ,名詞,1,0.32,nan,2026-10-01
緑,あらわれる,動詞,1,0.32,nan,2026-10-01
緑,無,名詞,1,0.32,-0.4,2026-10-01
緑,サボテン,名詞,1,0.32,nan,2026-10-01
緑,針,名詞,1,0.32,-0.99,2026-10-01
緑,束ねる,動詞,1,0.32,nan,2026-10-01
緑,ハリセンボン,名詞,1,0.32,nan,2026-10-01
緑,けっこう,副詞,1,0.32,nan,2026-10-01
緑,ワッカ,名詞,1,0.32,nan,2026-10-01
緑,コール,名詞,1,0.32,nan,2026-10-01
緑,われる,動詞,1,0.32,nan,2026-10-01
緑,スタジアム,名詞,1,0.32,nan,2026-10-01
緑,たより,名詞,1,0.32,nan,2026-10-01
緑,モノ,名詞,1,0.32,nan,2026-10-01
緑,アル,名詞,1,0.32,nan,2026-10-01
緑,シパーフ,名詞,1,0.32,nan,2026-10-01
緑,乗り,名詞,1,0.32,nan,2026-10-01
緑,つきる,動詞,1,0.32,nan,2026-10-01
緑,ハイカー,名詞,1,0.32,nan,2026-10-01
緑,ギガントード,名詞,1,0.32,nan,2026-10-01
緑,豪雨,名詞,1,0.32,nan,2026-10-01
緑,あて,名詞,1,0.32,nan,2026-10-01
緑,父ちゃん,名詞,1,0.32,nan,2026-10-01
緑,奮闘,名詞,1,0.32,nan,2026-10-01
緑,孤軍,名詞,1,0.32,nan,2026-10-01
緑,不明,名詞,1,0.32,-0.99,2026-10-01
緑,コクーン,名詞,1,0.32,nan,2026-10-01
緑,本名,名詞,1,0.32,nan,2026-10-01
緑,サッズ,名詞,1,0.32,nan,2026-10-01
緑,正体,名詞,1,0.32,-0.4,2026-10-01
緑,存亡,名詞,1,0.32,nan,2026-10-01
緑,目当て,名詞,1,0.32,-0.02,2026-10-01
緑,材料,名詞,1,0.32,-1.08,2026-10-01
緑,珍重,名詞,1,0.32,nan,2026-10-01
緑,妙薬,名詞,1,0.32,nan,2026-10-01
緑,秘薬,名詞,1,0.32,nan,2026-10-01
緑,幻想,名詞,1,0.32,-0.23,2026-10-01
緑,逆行,名詞,1,0.32,nan,2026-10-01
緑,淘汰,名詞,1,0.32,nan,2026-10-01
緑,オチュー,名詞,1,0.32,nan,2026-10-01
緑,濁流,名詞,1,0.32,nan,2026-10-01
緑,危ない,形容詞,1,0.32,-0.23,2026-10-01
緑,異変,名詞,1,0.32,nan,2026-10-01
緑,スパイダー,名詞,1,0.32,-0.02,2026-10-01
緑,DNA,名詞,1,0.32,nan,2026-10-01
緑,博士,名詞,1,0.32,nan,2026-10-01
緑,ギャルイィ,名詞,1,0.32,nan,2026-10-01
緑,アース,名詞,1,0.32,nan,2026-10-01
緑,プターカー,名詞,1,0.32,nan,2026-10-01
緑,プター,名詞,1,0.32,nan,2026-10-01
緑,グオォォ,名詞,1,0.32,nan,2026-10-01
緑,血清,名詞,1,0.32,nan,2026-10-01
緑,シュウゥゥ,名詞,1,0.32,nan,2026-10-01
緑,コナーズゥゥ,名詞,1,0.32,nan,2026-10-01
緑,勝負,名詞,1,0.32,-0.4,2026-10-01
緑,リング,名詞,1,0.32,-0.02,2026-10-01
緑,分間,名詞,1,0.32,nan,2026-10-01
緑,悪者,名詞,1,0.32,nan,2026-10-01
緑,スパイディ,名詞,1,0.32,nan,2026-10-01
緑,エンジニア,名詞,1,0.32,nan,2026-10-01
緑,至急,名詞,1,0.32,nan,2026-10-01
緑,高層,名詞,1,0.32,nan,2026-10-01
緑,兼ねる,動詞,1,0.32,nan,2026-10-01
緑,粘着,名詞,1,0.32,nan,2026-10-01
緑,育成,名詞,1,0.32,nan,2026-10-01
緑,莫大,名詞,1,0.32,-0.02,2026-10-01
緑,権力,名詞,1,0.32,-1.23,2026-10-01
緑,揺るぐ,動詞,1,0.32,nan,2026-10-01
緑,ハッハハハハァ,名詞,1,0.32,nan,2026-10-01
緑,スイカ,名詞,1,0.32,nan,2026-10-01
緑,圧勝,名詞,1,0.32,nan,2026-10-01
緑,決まり,名詞,1,0.32,nan,2026-10-01
緑,手助け,名詞,1,0.32,-0.23,2026-10-01
緑,葛藤,名詞,1,0.32,nan,2026-10-01
緑,祖父,名詞,1,0.32,nan,2026-10-01
緑,確執,名詞,1,0.32,nan,2026-10-01
緑,マヌケ,名詞,1,0.32,nan,2026-10-01
緑,罰,名詞,1,0.32,-0.79,2026-10-01
緑,甲羅,名詞,1,0.32,-1.16,2026-10-01
緑,母鳥,名詞,1,0.32,nan,2026-10-01
緑,カメアヒル,名詞,1,0.32,nan,2026-10-01
緑,ダチョウウマ,名詞,1,0.32,nan,2026-10-01
緑,経路,名詞,1,0.32,nan,2026-10-01
緑,生成,名詞,1,0.32,-0.02,2026-10-01
緑,モグラ,名詞,1,0.32,nan,2026-10-01
緑,和する,動詞,1,0.32,nan,2026-10-01
緑,ボスコ,名詞,1,0.32,nan,2026-10-01
緑,見せ場,名詞,1,0.32,nan,2026-10-01
緑,キバヘラジカライオン,名詞,1,0.32,nan,2026-10-01
緑,フーフーモコモコプー,名詞,1,0.32,nan,2026-10-01
緑,渓谷,名詞,1,0.32,nan,2026-10-01
緑,ドリル,名詞,1,0.32,nan,2026-10-01
緑,バーシンセー,名詞,1,0.32,-0.02,2026-10-01
緑,震動,名詞,1,0.32,nan,2026-10-01
緑,生まれつき,名詞,1,0.32,nan,2026-10-01
緑,心打つ,動詞,1,0.32,nan,2026-10-01
緑,暁,名詞,1,0.32,-0.23,2026-10-01
緑,ベルト,名詞,1,0.32,nan,2026-10-01
緑,イライラ,名詞,1,0.32,nan,2026-10-01
緑,根性,名詞,1,0.32,nan,2026-10-01
緑,放す,動詞,1,0.32,nan,2026-10-01
緑,こだわる,動詞,1,0.32,nan,2026-10-01
緑,対処,名詞,1,0.32,-0.23,2026-10-01
緑,むしる,動詞,1,0.32,nan,2026-10-01
緑,計る,動詞,1,0.32,-0.54,2026-10-01
緑,育て,名詞,1,0.32,nan,2026-10-01
緑,刃物,名詞,1,0.32,nan,2026-10-01
緑,惜しい,形容詞,1,0.32,-0.02,2026-10-01
緑,選手,名詞,1,0.32,nan,2026-10-01
緑,ドゥプラ,名詞,1,0.32,nan,2026-10-01
緑,騎行,名詞,1,0.32,nan,2026-10-01
緑,矮村,名詞,1,0.32,-0.23,2026-10-01
緑,難敵,名詞,1,0.32,nan,2026-10-01
緑,くぐる,動詞,1,0.32,-0.4,2026-10-01
緑,軋み,名詞,1,0.32,nan,2026-10-01
緑,弓術,名詞,1,0.32,nan,2026-10-01
緑,所作,名詞,1,0.32,nan,2026-10-01
緑,ギトギト,副詞,1,0.32,nan,2026-10-01
緑,お節介,名詞,1,0.32,nan,2026-10-01
緑,支持,名詞,1,0.32,nan,2026-10-01
緑,イシルー,名詞,1,0.32,nan,2026-10-01
緑,暴く,動詞,1,0.32,-0.89,2026-10-01
緑,腕力,名詞,1,0.32,nan,2026-10-01
緑,振る舞い,名詞,1,0.32,nan,2026-10-01
緑,引,動詞,1,0.32,nan,2026-10-01
緑,うえる,動詞,1,0.32,nan,2026-10-01
緑,婆,名詞,1,0.32,-1.49,2026-10-01
緑,荒い,形容詞,1,0.32,-0.02,2026-10-01
緑,ムーア,名詞,1,0.32,nan,2026-10-01
緑,遡る,動詞,1,0.32,-0.23,2026-10-01
緑,縫う,動詞,1,0.32,-0.89,2026-10-01
緑,ざま,名詞,1,0.32,nan,2026-10-01
緑,猛進,名詞,1,0.32,nan,2026-10-01
緑,オーロラ,名詞,1,0.32,-0.23,2026-10-01
緑,カドリー,名詞,1,0.32,nan,2026-10-01
緑,空間,名詞,1,0.32,-0.99,2026-10-01
緑,サイボーグ,名詞,1,0.32,nan,2026-10-01
緑,容器,名詞,1,0.32,nan,2026-10-01
緑,近寄る,動詞,1,0.32,-0.23,2026-10-01
緑,下がれる,動詞,1,0.32,nan,2026-10-01
緑,ニンジャ,名詞,1,0.32,nan,2026-10-01
緑,オディン,名詞,1,0.32,nan,2026-10-01
緑,エイプリル,名詞,1,0.32,nan,2026-10-01
緑,タートルズ,名詞,1,0.32,nan,2026-10-01
緑,壊せる,動詞,1,0.32,nan,2026-10-01
緑,掘れる,動詞,1,0.32,nan,2026-10-01
緑,ぶっ,副詞,1,0.32,nan,2026-10-01
緑,題材,名詞,1,0.32,nan,2026-10-01
緑,論文,名詞,1,0.32,nan,2026-10-01
緑,全額,名詞,1,0.32,nan,2026-10-01
緑,ピザ,名詞,1,0.32,nan,2026-10-01
緑,つぎはぎ,名詞,1,0.32,nan,2026-10-01
緑,ステディ,名詞,1,0.32,nan,2026-10-01
緑,白亜,名詞,1,0.32,nan,2026-10-01
緑,ビーバップ,名詞,1,0.32,nan,2026-10-01
緑,密航,名詞,1,0.32,nan,2026-10-01
緑,残飯,名詞,1,0.32,nan,2026-10-01
緑,体毛,名詞,1,0.32,nan,2026-10-01
緑,ナマケモノ,名詞,1,0.32,nan,2026-10-01
緑,ドラドゥール,名詞,1,0.32,nan,2026-10-01
緑,通う,動詞,1,0.32,-0.54,2026-10-01
緑,数字,名詞,1,0.32,nan,2026-10-01
緑,ウィロウダスク,名詞,1,0.32,nan,2026-10-01
緑,ひしぐ,動詞,1,0.32,nan,2026-10-01
緑,執務,名詞,1,0.32,nan,2026-10-01
緑,どかす,動詞,1,0.32,nan,2026-10-01
緑,塞ぐ,動詞,1,0.32,-0.67,2026-10-01
緑,教授,名詞,1,0.32,-1.08,2026-10-01
緑,ジャズィ,名詞,1,0.32,nan,2026-10-01
緑,狂乱,名詞,1,0.32,-0.4,2026-10-01
緑,和らげる,動詞,1,0.32,nan,2026-10-01
緑,ルマレット,名詞,1,0.32,nan,2026-10-01
緑,もつれ,名詞,1,0.32,nan,2026-10-01
緑,シカ,名詞,1,0.32,nan,2026-10-01
緑,つきもの,名詞,1,0.32,nan,2026-10-01
緑,背丈,名詞,1,0.32,-0.02,2026-10-01
緑,逆説,名詞,1,0.32,nan,2026-10-01
緑,カラドール,名詞,1,0.32,nan,2026-10-01
緑,幽霊,名詞,1,0.32,-0.67,2026-10-01
緑,モドルーニ,名詞,1,0.32,nan,2026-10-01
緑,ハリケーンー,名詞,1,0.32,nan,2026-10-01
緑,疾風,名詞,1,0.32,nan,2026-10-01
緑,値段,名詞,1,0.32,-0.02,2026-10-01
緑,サラス,名詞,1,0.32,nan,2026-10-01
緑,水源,名詞,1,0.32,nan,2026-10-01
緑,里,名詞,1,0.32,nan,2026-10-01
緑,損傷,名詞,1,0.32,nan,2026-10-01
緑,彫刻,名詞,1,0.32,nan,2026-10-01
緑,コケラ,名詞,1,0.32,nan,2026-10-01
緑,かならず,副詞,1,0.32,nan,2026-10-01
緑,権勢,名詞,1,0.32,nan,2026-10-01
緑,ご覧,名詞,1,0.32,nan,2026-10-01
緑,祭壇,名詞,1,0.32,-0.67,2026-10-01
緑,ドラルグ,名詞,1,0.32,nan,2026-10-01
緑,将軍,名詞,1,0.32,-1.6,2026-10-01
緑,維,名詞,1,0.32,nan,2026-10-01
緑,スラーク,名詞,1,0.32,nan,2026-10-01
緑,戦線,名詞,1,0.32,-0.54,2026-10-01
緑,足掻く,動詞,1,0.32,nan,2026-10-01
緑,ジャンジ,名詞,1,0.32,nan,2026-10-01
緑,まなぶ,動詞,1,0.32,nan,2026-10-01
緑,持ち腐れ,名詞,1,0.32,nan,2026-10-01
緑,完成化,名詞,1,0.32,-1.08,2026-10-01
緑,呼び子,名詞,1,0.32,nan,2026-10-01
緑,いったい,副詞,1,0.32,-0.67,2026-10-01
緑,追随,名詞,1,0.32,nan,2026-10-01
緑,怒声,名詞,1,0.32,nan,2026-10-01
緑,唱和,名詞,1,0.32,nan,2026-10-01
緑,蹄音,名詞,1,0.32,nan,2026-10-01
緑,大砲,名詞,1,0.32,-0.4,2026-10-01
緑,大義,名詞,1,0.32,-0.99,2026-10-01
緑,歩幅,名詞,1,0.32,nan,2026-10-01
緑,徒歩,名詞,1,0.32,nan,2026-10-01
緑,垂涎,名詞,1,0.32,nan,2026-10-01
緑,薫香,名詞,1,0.32,nan,2026-10-01
緑,勲章,名詞,1,0.32,nan,2026-10-01
緑,奮う,動詞,1,0.32,-0.23,2026-10-01
緑,好戦,名詞,1,0.32,nan,2026-10-01
緑,金切り,名詞,1,0.32,-0.23,2026-10-01
緑,反響,名詞,1,0.32,nan,2026-10-01
緑,溜,名詞,1,0.32,nan,2026-10-01
緑,雪崩,名詞,1,0.32,-0.54,2026-10-01
緑,鈍い,形容詞,1,0.32,-0.99,2026-10-01
緑,ヘビ,名詞,1,0.32,nan,2026-10-01
緑,大人しい,形容詞,1,0.32,nan,2026-10-01
緑,智恵,名詞,1,0.32,nan,2026-10-01
緑,バラす,動詞,1,0.32,nan,2026-10-01
緑,カスリル,名詞,1,0.32,nan,2026-10-01
緑,かさぶた,名詞,1,0.32,nan,2026-10-01
緑,隊列,名詞,1,0.32,-0.4,2026-10-01
緑,霞む,動詞,1,0.32,nan,2026-10-01
緑,ラスリル,名詞,1,0.32,nan,2026-10-01
緑,瓦解,名詞,1,0.32,nan,2026-10-01
緑,食堂,名詞,1,0.32,nan,2026-10-01
緑,数式,名詞,1,0.32,nan,2026-10-01
緑,およぶ,動詞,1,0.32,nan,2026-10-01
緑,パンチ,名詞,1,0.32,nan,2026-10-01
緑,数学,名詞,1,0.32,nan,2026-10-01
緑,子細,名詞,1,0.32,nan,2026-10-01
緑,セッジムーア,名詞,1,0.32,nan,2026-10-01
緑,トラッジ,名詞,1,0.32,nan,2026-10-01
緑,終結,名詞,1,0.32,nan,2026-10-01
緑,原点,名詞,1,0.32,nan,2026-10-01
緑,革新,名詞,1,0.32,-0.67,2026-10-01
緑,紛争,名詞,1,0.32,nan,2026-10-01
緑,舞,名詞,1,0.32,nan,2026-10-01
緑,シガルダ,名詞,1,0.32,-0.79,2026-10-01
緑,工場,名詞,1,0.32,nan,2026-10-01
緑,向上,名詞,1,0.32,nan,2026-10-01
緑,巣窟,名詞,1,0.32,nan,2026-10-01
緑,埋め合わせ,名詞,1,0.32,nan,2026-10-01
緑,ぜんぜん,副詞,1,0.32,nan,2026-10-01
緑,損害,名詞,1,0.32,nan,2026-10-01
緑,収入,名詞,1,0.32,nan,2026-10-01
緑,富者,名詞,1,0.32,nan,2026-10-01
緑,昇天,名詞,1,0.32,nan,2026-10-01
緑,悪臭,名詞,1,0.32,-0.79,2026-10-01
緑,保証,名詞,1,0.32,-0.54,2026-10-01
緑,近接,名詞,1,0.32,nan,2026-10-01
緑,ティラニッド,名詞,1,0.32,nan,2026-10-01
緑,サイキック,名詞,1,0.32,nan,2026-10-01
緑,キチン,名詞,1,0.32,nan,2026-10-01
緑,銃,名詞,1,0.32,nan,2026-10-01
緑,殺意,名詞,1,0.32,nan,2026-10-01
緑,鉤爪,名詞,1,0.32,-0.4,2026-10-01
緑,キロ,名詞,1,0.32,nan,2026-10-01
緑,艦隊,名詞,1,0.32,-0.23,2026-10-01
緑,エンジェル,名詞,1,0.32,nan,2026-10-01
緑,都心,名詞,1,0.32,nan,2026-10-01
緑,肉片,名詞,1,0.32,nan,2026-10-01
緑,フォディア,名詞,1,0.32,nan,2026-10-01
緑,まして,副詞,1,0.32,-0.23,2026-10-01
緑,垣間見える,動詞,1,0.32,nan,2026-10-01
緑,儀礼,名詞,1,0.32,nan,2026-10-01
緑,食べもの,名詞,1,0.32,nan,2026-10-01
緑,レンバス,名詞,1,0.32,nan,2026-10-01
緑,開錠,名詞,1,0.32,nan,2026-10-01
緑,こじる,動詞,1,0.32,nan,2026-10-01
緑,旗印,名詞,1,0.32,nan,2026-10-01
緑,威風,名詞,1,0.32,nan,2026-10-01
緑,アルウェン,名詞,1,0.32,nan,2026-10-01
緑,足高,名詞,1,0.32,nan,2026-10-01
緑,殿,名詞,1,0.32,nan,2026-10-01
緑,奥方,名詞,1,0.32,nan,2026-10-01
緑,フーラール,名詞,1,0.32,nan,2026-10-01
緑,ダーラールフーム,名詞,1,0.32,nan,2026-10-01
緑,ダーラールフームフーム,名詞,1,0.32,nan,2026-10-01
緑,ルンフーム,名詞,1,0.32,nan,2026-10-01
緑,川沿い,名詞,1,0.32,nan,2026-10-01
緑,ブランディ,名詞,1,0.32,nan,2026-10-01
緑,習慣,名詞,1,0.32,nan,2026-10-01
緑,帰れる,動詞,1,0.32,nan,2026-10-01
緑,奉じる,動詞,1,0.32,nan,2026-10-01
緑,ケイラメトラ,名詞,1,0.32,nan,2026-10-01
緑,徴,名詞,1,0.32,nan,2026-10-01
緑,トゥワー,名詞,1,0.32,nan,2026-10-01
緑,追悼,名詞,1,0.32,nan,2026-10-01
緑,弔い,名詞,1,0.32,nan,2026-10-01
緑,っ高い,形容詞,1,0.32,nan,2026-10-01
緑,ステゴザウルス,名詞,1,0.32,nan,2026-10-01
緑,伊達男,名詞,1,0.32,nan,2026-10-01
緑,道化,名詞,1,0.32,nan,2026-10-01
緑,後釜,名詞,1,0.32,nan,2026-10-01
緑,広める,動詞,1,0.32,-1.3,2026-10-01
緑,笑える,動詞,1,0.32,nan,2026-10-01
緑,つらい,形容詞,1,0.32,nan,2026-10-01
緑,いっしょ,名詞,1,0.32,nan,2026-10-01
緑,運任せ,名詞,1,0.32,nan,2026-10-01
緑,高所,名詞,1,0.32,-0.02,2026-10-01
緑,アクロゾズ,名詞,1,0.32,-0.4,2026-10-01
緑,マスター,名詞,1,0.32,-0.02,2026-10-01
緑,名付ける,動詞,1,0.32,nan,2026-10-01
緑,fev,名詞,1,0.32,nan,2026-10-01
緑,ウイルス,名詞,1,0.32,nan,2026-10-01
緑,遂に,副詞,1,0.32,nan,2026-10-01
緑,狭苦しい,形容詞,1,0.32,nan,2026-10-01
緑,ウィナク,名詞,1,0.32,nan,2026-10-01
緑,コモン,名詞,1,0.32,nan,2026-10-01
緑,協調,名詞,1,0.32,nan,2026-10-01
緑,酷似,名詞,1,0.32,nan,2026-10-01
緑,地響き,名詞,1,0.32,nan,2026-10-01
緑,はためく,動詞,1,0.32,-0.23,2026-10-01
緑,羽,名詞,1,0.32,-1.7,2026-10-01
緑,道のり,名詞,1,0.32,nan,2026-10-01
緑,クレーター,名詞,1,0.32,nan,2026-10-01
緑,素手,名詞,1,0.32,nan,2026-10-01
緑,痣,名詞,1,0.32,-0.02,2026-10-01
緑,フィスト,名詞,1,0.32,nan,2026-10-01
緑,はく,動詞,1,0.32,nan,2026-10-01
緑,戴冠,名詞,1,0.32,nan,2026-10-01
緑,急,名詞,1,0.32,-0.67,2026-10-01
緑,呟く,動詞,1,0.32,-0.02,2026-10-01
緑,不味い,形容詞,1,0.32,nan,2026-10-01
緑,ゆすぶる,動詞,1,0.32,nan,2026-10-01
緑,ガラクタ,名詞,1,0.32,-0.67,2026-10-01
緑,部類,名詞,1,0.32,nan,2026-10-01
緑,ベッド,名詞,1,0.32,-0.23,2026-10-01
緑,搔く,動詞,1,0.32,nan,2026-10-01
緑,品質,名詞,1,0.32,nan,2026-10-01
緑,小僧,名詞,1,0.32,-0.23,2026-10-01
緑,上質,名詞,1,0.32,nan,2026-10-01
緑,映す,動詞,1,0.32,-0.4,2026-10-01
緑,絵,名詞,1,0.32,nan,2026-10-01
緑,教主,名詞,1,0.32,nan,2026-10-01
緑,意図,名詞,1,0.32,-0.23,2026-10-01
緑,鏡,名詞,1,0.32,-0.79,2026-10-01
緑,名声,名詞,1,0.32,-0.54,2026-10-01
緑,モフモフ,副詞,1,0.32,nan,2026-10-01
緑,ハサワリ,名詞,1,0.32,nan,2026-10-01
緑,榛の木,名詞,1,0.32,nan,2026-10-01
緑,環状,名詞,1,0.32,nan,2026-10-01
緑,クロフサ,名詞,1,0.32,nan,2026-10-01
緑,スツムジ,名詞,1,0.32,nan,2026-10-01
緑,メシッポ,名詞,1,0.32,nan,2026-10-01
緑,アシピカ,名詞,1,0.32,nan,2026-10-01
緑,ごはん,名詞,1,0.32,nan,2026-10-01
緑,っぱな,名詞,1,0.32,nan,2026-10-01
緑,くろ,名詞,1,0.32,nan,2026-10-01
緑,ぬすむ,動詞,1,0.32,nan,2026-10-01
緑,はっぱ,名詞,1,0.32,nan,2026-10-01
緑,すまい,名詞,1,0.32,nan,2026-10-01
緑,さがす,動詞,1,0.32,nan,2026-10-01
緑,けが,名詞,1,0.32,nan,2026-10-01
緑,すみ,名詞,1,0.32,nan,2026-10-01
緑,ぶらん,副詞,1,0.32,nan,2026-10-01
緑,かぜ,名詞,1,0.32,nan,2026-10-01
緑,しっぽ,名詞,1,0.32,nan,2026-10-01
緑,すまう,動詞,1,0.32,nan,2026-10-01
緑,かんじょう,名詞,1,0.32,nan,2026-10-01
緑,毛,名詞,1,0.32,-0.4,2026-10-01
緑,チェーンソー,名詞,1,0.32,nan,2026-10-01
緑,流血,名詞,1,0.32,-0.89,2026-10-01
緑,一段,名詞,1,0.32,nan,2026-10-01
緑,だいぶ,副詞,1,0.32,nan,2026-10-01
緑,よし,名詞,1,0.32,nan,2026-10-01
緑,めざましい,形容詞,1,0.32,nan,2026-10-01
緑,位階,名詞,1,0.32,nan,2026-10-01
緑,登用,名詞,1,0.32,nan,2026-10-01
緑,長日,名詞,1,0.32,nan,2026-10-01
緑,グロクモウル,名詞,1,0.32,nan,2026-10-01
緑,止む,動詞,1,0.32,-0.23,2026-10-01
緑,逸る,動詞,1,0.32,nan,2026-10-01
緑,ドゥサン,名詞,1,0.32,nan,2026-10-01
緑,出場,名詞,1,0.32,nan,2026-10-01
緑,言い訳,名詞,1,0.32,nan,2026-10-01
緑,拳闘,名詞,1,0.32,nan,2026-10-01
緑,鉈,名詞,1,0.32,nan,2026-10-01
緑,かすめる,動詞,1,0.32,nan,2026-10-01
緑,直る,動詞,1,0.32,nan,2026-10-01
緑,気色,名詞,1,0.32,nan,2026-10-01
緑,陥没,名詞,1,0.32,nan,2026-10-01
緑,地象,名詞,1,0.32,nan,2026-10-01
緑,サグ,名詞,1,0.32,nan,2026-10-01
緑,カルスト,名詞,1,0.32,nan,2026-10-01
緑,反乱,名詞,1,0.32,-0.79,2026-10-01
緑,カトロス,名詞,1,0.32,nan,2026-10-01
緑,統治,名詞,1,0.32,-1.08,2026-10-01
緑,余波,名詞,1,0.32,nan,2026-10-01
緑,励ます,動詞,1,0.32,nan,2026-10-01
緑,テイガム,名詞,1,0.32,nan,2026-10-01
緑,圧政,名詞,1,0.32,-0.02,2026-10-01
緑,ソクラン,名詞,1,0.32,nan,2026-10-01
緑,遺骸,名詞,1,0.32,nan,2026-10-01
緑,精力,名詞,1,0.32,nan,2026-10-01
緑,営為,名詞,1,0.32,nan,2026-10-01
緑,加勢,名詞,1,0.32,nan,2026-10-01
緑,ぶん,名詞,1,0.32,nan,2026-10-01
緑,ニブい,形容詞,1,0.32,nan,2026-10-01
緑,ティーダ,名詞,1,0.32,nan,2026-10-01
緑,街灯,名詞,1,0.32,nan,2026-10-01
緑,支柱,名詞,1,0.32,nan,2026-10-01
緑,グアド,名詞,1,0.32,nan,2026-10-01
緑,想い,名詞,1,0.32,-0.23,2026-10-01
緑,スフィア,名詞,1,0.32,nan,2026-10-01
緑,盛り上がり,名詞,1,0.32,nan,2026-10-01
緑,あくどい,形容詞,1,0.32,nan,2026-10-01
緑,エイルドゥ,名詞,1,0.32,nan,2026-10-01
緑,アドリックス,名詞,1,0.32,nan,2026-10-01
緑,進軍,名詞,1,0.32,nan,2026-10-01
緑,こもる,動詞,1,0.32,-0.23,2026-10-01
緑,星空,名詞,1,0.32,nan,2026-10-01
緑,シルヴィレンペンナミリエルオメネルアグラエレナス,名詞,1,0.32,nan,2026-10-01
緑,ギルソニエル,名詞,1,0.32,nan,2026-10-01
緑,アエルベレス,名詞,1,0.32,nan,2026-10-01
緑,戸惑い,名詞,1,0.32,nan,2026-10-01
緑,帰り,名詞,1,0.32,nan,2026-10-01
緑,正し,形容詞,1,0.32,nan,2026-10-01
緑,懇願,名詞,1,0.32,nan,2026-10-01
緑,予報,名詞,1,0.32,nan,2026-10-01
緑,雪解け,名詞,1,0.32,-0.4,2026-10-01
緑,くたばる,動詞,1,0.32,nan,2026-10-01
緑,トゥーグ,名詞,1,0.32,nan,2026-10-01
緑,アイユーラ,名詞,1,0.32,nan,2026-10-01
緑,版図,名詞,1,0.32,nan,2026-10-01
緑,紋,名詞,1,0.32,nan,2026-10-01
緑,自我,名詞,1,0.32,-0.54,2026-10-01
緑,次々,副詞,1,0.32,-0.54,2026-10-01
緑,太刀打ち,名詞,1,0.32,nan,2026-10-01
緑,高騰,名詞,1,0.32,nan,2026-10-01
緑,刺々しい,形容詞,1,0.32,nan,2026-10-01
緑,雑貨,名詞,1,0.32,nan,2026-10-01
緑,価格,名詞,1,0.32,nan,2026-10-01
緑,日暮れ,名詞,1,0.32,nan,2026-10-01
緑,寒冷,名詞,1,0.32,nan,2026-10-01
緑,照り返し,名詞,1,0.32,nan,2026-10-01
緑,用件,名詞,1,0.32,nan,2026-10-01
緑,イラスト,名詞,1,0.32,nan,2026-10-01
緑,抽象,名詞,1,0.32,nan,2026-10-01
緑,屈折,名詞,1,0.32,-0.02,2026-10-01
緑,天敵,名詞,1,0.32,nan,2026-10-01
緑,偏向,名詞,1,0.32,nan,2026-10-01
緑,授,名詞,1,0.32,nan,2026-10-01
緑,くらむ,動詞,1,0.32,nan,2026-10-01
緑,無邪気,名詞,1,0.32,nan,2026-10-01
緑,濡らす,動詞,1,0.32,nan,2026-10-01
緑,許し,名詞,1,0.32,-0.4,2026-10-01
緑,やむ,動詞,1,0.32,nan,2026-10-01
緑,門,名詞,1,0.32,-2.22,2026-10-01
緑,フィート,名詞,1,0.32,nan,2026-10-01
緑,資料,名詞,1,0.32,nan,2026-10-01
緑,参照,名詞,1,0.32,nan,2026-10-01
緑,名手,名詞,1,0.32,nan,2026-10-01
緑,印象,名詞,1,0.32,-1.08,2026-10-01
緑,慌てる,動詞,1,0.32,nan,2026-10-01
緑,バラ,名詞,1,0.32,nan,2026-10-01
緑,悪戯,名詞,1,0.32,-1.23,2026-10-01
緑,稼ぎ,名詞,1,0.32,nan,2026-10-01
緑,値打ち,名詞,1,0.32,nan,2026-10-01
緑,亡くなる,動詞,1,0.32,nan,2026-10-01
緑,教団,名詞,1,0.32,-1.08,2026-10-01
緑,柏槙,名詞,1,0.32,nan,2026-10-01
緑,付与,名詞,1,0.32,nan,2026-10-01
緑,ノスリ,名詞,1,0.32,nan,2026-10-01
緑,強打,名詞,1,0.32,nan,2026-10-01
緑,勝ち目,名詞,1,0.32,-0.99,2026-10-01
緑,いとう,動詞,1,0.32,nan,2026-10-01
緑,毒蛇,名詞,1,0.32,nan,2026-10-01
緑,立ち,名詞,1,0.32,nan,2026-10-01
緑,食物,名詞,1,0.32,-0.67,2026-10-01
緑,連鎖,名詞,1,0.32,-0.4,2026-10-01
緑,腐葉,名詞,1,0.32,nan,2026-10-01
緑,肺,名詞,1,0.32,-0.67,2026-10-01
緑,低い,形容詞,1,0.32,-0.99,2026-10-01
緑,姿かたち,名詞,1,0.32,-0.02,2026-10-01
緑,湾曲,名詞,1,0.32,nan,2026-10-01
緑,父様,名詞,1,0.32,nan,2026-10-01
緑,保管,名詞,1,0.32,-0.67,2026-10-01
緑,表紙,名詞,1,0.32,nan,2026-10-01
緑,サムワイズ,名詞,1,0.32,nan,2026-10-01
緑,船出,名詞,1,0.32,nan,2026-10-01
緑,君主,名詞,1,0.32,-0.79,2026-10-01
緑,眉間,名詞,1,0.32,nan,2026-10-01
緑,ドゥネダイン,名詞,1,0.32,nan,2026-10-01
緑,行く末,名詞,1,0.32,nan,2026-10-01
緑,ドン,副詞,1,0.32,nan,2026-10-01
緑,ボム,名詞,1,0.32,nan,2026-10-01
緑,柳,名詞,1,0.32,nan,2026-10-01
緑,肯定,名詞,1,0.32,nan,2026-10-01
緑,相談,名詞,1,0.32,nan,2026-10-01
緑,髭,名詞,1,0.32,nan,2026-10-01
緑,ファンゴルン,名詞,1,0.32,nan,2026-10-01
緑,野,名詞,1,0.32,-0.02,2026-10-01
緑,坂,名詞,1,0.32,-0.23,2026-10-01
緑,丘,名詞,1,0.32,-1.37,2026-10-01
緑,案内,名詞,1,0.32,-0.79,2026-10-01
緑,下りる,動詞,1,0.32,-0.23,2026-10-01
緑,近所,名詞,1,0.32,nan,2026-10-01
緑,マッロルン,名詞,1,0.32,nan,2026-10-01
緑,原,名詞,1,0.32,nan,2026-10-01
緑,途端,名詞,1,0.32,nan,2026-10-01
緑,饒舌,名詞,1,0.32,nan,2026-10-01
緑,オルサンク,名詞,1,0.32,nan,2026-10-01
緑,グリップ,名詞,1,0.32,nan,2026-10-01
緑,手出し,名詞,1,0.32,nan,2026-10-01
緑,すわり,名詞,1,0.32,nan,2026-10-01
緑,シェロブ,名詞,1,0.32,nan,2026-10-01
緑,住,名詞,1,0.32,nan,2026-10-01
緑,グルドゥア,名詞,1,0.32,nan,2026-10-01
緑,朝食,名詞,1,0.32,nan,2026-10-01
緑,沈み,名詞,1,0.32,nan,2026-10-01
緑,王冠,名詞,1,0.32,nan,2026-10-01
緑,目覚,名詞,1,0.32,nan,2026-10-01
緑,凪,名詞,1,0.32,-1.08,2026-10-01
緑,ドゥリン,名詞,1,0.32,nan,2026-10-01
緑,愛す,動詞,1,0.32,-0.54,2026-10-01
緑,スメアゴル,名詞,1,0.32,nan,2026-10-01
緑,折角,副詞,1,0.32,nan,2026-10-01
緑,弓兵,名詞,1,0.32,nan,2026-10-01
緑,ギムリ,名詞,1,0.32,nan,2026-10-01
緑,頼もしい,形容詞,1,0.32,nan,2026-10-01
緑,あだ名,名詞,1,0.32,nan,2026-10-01
緑,書物,名詞,1,0.32,-0.4,2026-10-01
緑,表せる,動詞,1,0.32,nan,2026-10-01
緑,仔熊,名詞,1,0.32,nan,2026-10-01
緑,いななき,名詞,1,0.32,nan,2026-10-01
緑,到来,名詞,1,0.32,-1.43,2026-10-01
緑,下生え,名詞,1,0.32,nan,2026-10-01
緑,身じろぎ,名詞,1,0.32,nan,2026-10-01
緑,目印,名詞,1,0.32,nan,2026-10-01
緑,試作,名詞,1,0.32,nan,2026-10-01
緑,貯蔵,名詞,1,0.32,nan,2026-10-01
緑,キツネザル,名詞,1,0.32,nan,2026-10-01
緑,幼し,形容詞,1,0.32,nan,2026-10-01
緑,不正,名詞,1,0.32,nan,2026-10-01
緑,アサシン,名詞,1,0.32,nan,2026-10-01
緑,古く,名詞,1,0.32,nan,2026-10-01
緑,始祖,名詞,1,0.32,nan,2026-10-01
緑,バシェンガ,名詞,1,0.32,nan,2026-10-01
緑,担う,動詞,1,0.32,-0.23,2026-10-01
緑,ズリ,名詞,1,0.32,nan,2026-10-01
緑,ボルト,名詞,1,0.32,nan,2026-10-01
緑,テリジェン,名詞,1,0.32,nan,2026-10-01
緑,楽勝,名詞,1,0.32,nan,2026-10-01
緑,誇らしい,形容詞,1,0.32,nan,2026-10-01
緑,パパ,名詞,1,0.32,nan,2026-10-01
緑,トーチ,名詞,1,0.32,nan,2026-10-01
緑,登場,名詞,1,0.32,-0.02,2026-10-01
緑,スーパー,名詞,1,0.32,nan,2026-10-01
緑,ジモ,名詞,1,0.32,nan,2026-10-01
緑,ロクソン,名詞,1,0.32,nan,2026-10-01
緑,グルート,名詞,1,0.32,nan,2026-10-01
緑,意気,名詞,1,0.32,-0.23,2026-10-01
緑,つね,名詞,1,0.32,nan,2026-10-01
緑,ガール,名詞,1,0.32,nan,2026-10-01
緑,スクイレル,名詞,1,0.32,nan,2026-10-01
緑,素通り,名詞,1,0.32,nan,2026-10-01
緑,とっておき,名詞,1,0.32,nan,2026-10-01
緑,絶叫,名詞,1,0.32,-0.23,2026-10-01
緑,ドア,名詞,1,0.32,nan,2026-10-01
緑,跡形,名詞,1,0.32,nan,2026-10-01
緑,脳内,名詞,1,0.32,nan,2026-10-01
緑,滲む,動詞,1,0.32,nan,2026-10-01
緑,吞む,動詞,1,0.32,nan,2026-10-01
緑,ホワイト,名詞,1,0.32,nan,2026-10-01
緑,タイガー,名詞,1,0.32,nan,2026-10-01
緑,通行,名詞,1,0.32,-0.54,2026-10-01
緑,聞ける,動詞,1,0.32,-0.23,2026-10-01
緑,レイクス,名詞,1,0.32,nan,2026-10-01
緑,フラットマン,名詞,1,0.32,nan,2026-10-01
緑,バナー,名詞,1,0.32,nan,2026-10-01
緑,不壊,名詞,1,0.32,nan,2026-10-01
緑,デカボネ,名詞,1,0.32,nan,2026-10-01
緑,とてつ,名詞,1,0.32,nan,2026-10-01
緑,きく,動詞,1,0.32,nan,2026-10-01
緑,ぜんぶ,名詞,1,0.32,nan,2026-10-01
緑,荒っぽい,形容詞,1,0.32,nan,2026-10-01
緑,のぼる,動詞,1,0.32,nan,2026-10-01
緑,さまよう,動詞,1,0.32,-1.08,2026-10-01
緑,くらす,動詞,1,0.32,nan,2026-10-01
緑,くに,名詞,1,0.32,nan,2026-10-01
緑,商会,名詞,1,0.32,nan,2026-10-01
緑,もぐり,名詞,1,0.32,nan,2026-10-01
緑,弁護,名詞,1,0.32,nan,2026-10-01
緑,品々,名詞,1,0.32,nan,2026-10-01
緑,競売,名詞,1,0.32,nan,2026-10-01
緑,もっとも,副詞,1,0.32,-0.79,2026-10-01
緑,ちかい,形容詞,1,0.32,nan,2026-10-01
緑,いとこ,名詞,1,0.32,nan,2026-10-01
緑,ぞんずる,動詞,1,0.32,nan,2026-10-01
緑,訊ねる,動詞,1,0.32,nan,2026-10-01
緑,囚人,名詞,1,0.32,-0.23,2026-10-01
緑,よほど,副詞,1,0.32,nan,2026-10-01
緑,庭先,名詞,1,0.32,nan,2026-10-01
緑,明け方,名詞,1,0.32,nan,2026-10-01
緑,特大,名詞,1,0.32,nan,2026-10-01
緑,もお,副詞,1,0.32,nan,2026-10-01
緑,どなる,動詞,1,0.32,nan,2026-10-01
緑,いがむ,動詞,1,0.32,nan,2026-10-01
緑,とつぜん,副詞,1,0.32,nan,2026-10-01
緑,ありったけ,名詞,1,0.32,nan,2026-10-01
緑,悪口,名詞,1,0.32,nan,2026-10-01
緑,餓える,動詞,1,0.32,-0.02,2026-10-01
緑,阻む,動詞,1,0.32,-1.08,2026-10-01
緑,垣根,名詞,1,0.32,nan,2026-10-01
緑,麓,名詞,1,0.32,nan,2026-10-01
緑,ゆうべ,名詞,1,0.32,nan,2026-10-01
緑,くっつける,動詞,1,0.32,nan,2026-10-01
緑,不届き,名詞,1,0.32,nan,2026-10-01
緑,宴会,名詞,1,0.32,nan,2026-10-01
緑,ひらく,動詞,1,0.32,nan,2026-10-01
緑,コップ,名詞,1,0.32,nan,2026-10-01
緑,ほぼ,副詞,1,0.32,-0.54,2026-10-01
緑,欠点,名詞,1,0.32,nan,2026-10-01
緑,怖じ気,名詞,1,0.32,nan,2026-10-01
緑,集まり,名詞,1,0.32,nan,2026-10-01
緑,仕込む,動詞,1,0.32,nan,2026-10-01
緑,のろのろ,副詞,1,0.32,nan,2026-10-01
緑,糸くり,名詞,1,0.32,nan,2026-10-01
緑,木の間,名詞,1,0.32,nan,2026-10-01
緑,右手,名詞,1,0.32,nan,2026-10-01
緑,爬虫,名詞,1,0.32,nan,2026-10-01
緑,押さえる,動詞,1,0.32,-0.54,2026-10-01
緑,おかす,動詞,1,0.32,nan,2026-10-01
緑,ともなう,動詞,1,0.32,nan,2026-10-01
緑,オスワリ,名詞,1,0.32,nan,2026-10-01
緑,センメツ,名詞,1,0.32,nan,2026-10-01
緑,トッテコイ,名詞,1,0.32,nan,2026-10-01
緑,トレスト,名詞,1,0.32,nan,2026-10-01
緑,レオヴォルド,名詞,1,0.32,nan,2026-10-01
緑,使者,名詞,1,0.32,-0.89,2026-10-01
緑,圧砕,名詞,1,0.32,nan,2026-10-01
緑,野外,名詞,1,0.32,nan,2026-10-01
緑,派手,名詞,1,0.32,-0.23,2026-10-01
緑,パートナー,名詞,1,0.32,nan,2026-10-01
緑,武勇,名詞,1,0.32,-1.16,2026-10-01
緑,躍動,名詞,1,0.32,nan,2026-10-01
緑,常時,名詞,1,0.32,nan,2026-10-01
緑,地勢,名詞,1,0.32,nan,2026-10-01
緑,方角,名詞,1,0.32,nan,2026-10-01
緑,実効,名詞,1,0.32,nan,2026-10-01
緑,ムッツィオ,名詞,1,0.32,nan,2026-10-01
緑,開花,名詞,1,0.32,nan,2026-10-01
緑,感染る,動詞,1,0.32,nan,2026-10-01
緑,詳細,名詞,1,0.32,-0.67,2026-10-01
緑,課す,動詞,1,0.32,nan,2026-10-01
緑,汚染,名詞,1,0.32,-0.23,2026-10-01
緑,罰金,名詞,1,0.32,nan,2026-10-01
緑,林中,名詞,1,0.32,nan,2026-10-01
緑,汚い,形容詞,1,0.32,nan,2026-10-01
緑,不潔,名詞,1,0.32,nan,2026-10-01
緑,酷い,形容詞,1,0.32,-0.67,2026-10-01
緑,御馳走,名詞,1,0.32,nan,2026-10-01
緑,ブーディガン,名詞,1,0.32,nan,2026-10-01
緑,磨く,動詞,1,0.32,-1.37,2026-10-01
緑,両親,名詞,1,0.32,-0.23,2026-10-01
緑,精製,名詞,1,0.32,nan,2026-10-01
緑,毒針,名詞,1,0.32,nan,2026-10-01
緑,サソリ,名詞,1,0.32,nan,2026-10-01
緑,酵母,名詞,1,0.32,nan,2026-10-01
緑,暗闇,名詞,1,0.32,-1.3,2026-10-01
緑,大麦,名詞,1,0.32,nan,2026-10-01
緑,依然,副詞,1,0.32,nan,2026-10-01
緑,香水,名詞,1,0.32,nan,2026-10-01
緑,工夫,名詞,1,0.32,-0.02,2026-10-01
緑,こらす,動詞,1,0.32,nan,2026-10-01
緑,上がれる,動詞,1,0.32,nan,2026-10-01
緑,羽音,名詞,1,0.32,nan,2026-10-01
緑,ざわめく,動詞,1,0.32,nan,2026-10-01
緑,トンボ,名詞,1,0.32,nan,2026-10-01
緑,ハムスター,名詞,1,0.32,nan,2026-10-01
緑,スペース,名詞,1,0.32,nan,2026-10-01
緑,凝縮,名詞,1,0.32,nan,2026-10-01
緑,ひと握り,名詞,1,0.32,nan,2026-10-01
緑,友好,名詞,1,0.32,nan,2026-10-01
緑,マイコニド,名詞,1,0.32,nan,2026-10-01
緑,コロニー,名詞,1,0.32,nan,2026-10-01
緑,刺激,名詞,1,0.32,-0.4,2026-10-01
緑,沢山,副詞,1,0.32,nan,2026-10-01
緑,迷走,名詞,1,0.32,nan,2026-10-01
緑,バハムート,名詞,1,0.32,nan,2026-10-01
緑,集う,動詞,1,0.32,-0.99,2026-10-01
緑,不信,名詞,1,0.32,-0.02,2026-10-01
緑,部外,名詞,1,0.32,nan,2026-10-01
緑,不幸,名詞,1,0.32,-0.89,2026-10-01
緑,点検,名詞,1,0.32,nan,2026-10-01
緑,過小,名詞,1,0.32,nan,2026-10-01
緑,つんざく,動詞,1,0.32,nan,2026-10-01
緑,バナナ,名詞,1,0.32,nan,2026-10-01
緑,処理,名詞,1,0.32,nan,2026-10-01
緑,ザルファー,名詞,1,0.32,-0.02,2026-10-01
緑,ほうぼう,名詞,1,0.32,nan,2026-10-01
緑,お払い箱,名詞,1,0.32,nan,2026-10-01
緑,モーラ,名詞,1,0.32,nan,2026-10-01
緑,まんざら,副詞,1,0.32,nan,2026-10-01
緑,低空,名詞,1,0.32,nan,2026-10-01
緑,たくる,動詞,1,0.32,nan,2026-10-01
緑,生活,名詞,1,0.32,-1.6,2026-10-01
緑,補う,動詞,1,0.32,-0.4,2026-10-01
緑,灯,名詞,1,0.32,-0.89,2026-10-01
緑,洪水,名詞,1,0.32,-0.23,2026-10-01
緑,極寒,名詞,1,0.32,-0.02,2026-10-01
緑,しっかり,副詞,1,0.32,-1.54,2026-10-01
緑,法廷,名詞,1,0.32,nan,2026-10-01
緑,戦列,名詞,1,0.32,nan,2026-10-01
緑,完結,名詞,1,0.32,nan,2026-10-01
緑,自己,名詞,1,0.32,-1.65,2026-10-01
緑,ぐち,名詞,1,0.32,nan,2026-10-01
緑,林間,名詞,1,0.32,nan,2026-10-01
緑,電流,名詞,1,0.32,nan,2026-10-01
緑,憤懣,名詞,1,0.32,nan,2026-10-01
緑,生体,名詞,1,0.32,-0.02,2026-10-01
緑,ゴクッ,副詞,1,0.32,nan,2026-10-01
緑,オオウナギイヌ,名詞,1,0.32,nan,2026-10-01
緑,泳げる,動詞,1,0.32,-0.02,2026-10-01
緑,アズーラ,名詞,1,0.32,-0.02,2026-10-01
緑,墓地,名詞,1,0.32,-0.4,2026-10-01
緑,結晶,名詞,1,0.32,nan,2026-10-01
緑,富む,動詞,1,0.32,-0.23,2026-10-01
緑,果敢,名詞,1,0.32,nan,2026-10-01
緑,冠する,動詞,1,0.32,nan,2026-10-01
緑,とおり,名詞,1,0.32,-0.54,2026-10-01
緑,賢明,名詞,1,0.32,-0.89,2026-10-01
緑,カバウシ,名詞,1,0.32,nan,2026-10-01
緑,チャンス,名詞,1,0.32,-1.23,2026-10-01
緑,つかむ,動詞,1,0.32,-0.89,2026-10-01
緑,アイロー,名詞,1,0.32,nan,2026-10-01
緑,居丈,名詞,1,0.32,nan,2026-10-01
緑,老齢,名詞,1,0.32,nan,2026-10-01
緑,資金,名詞,1,0.32,nan,2026-10-01
緑,どっしり,副詞,1,0.32,nan,2026-10-01
緑,笛,名詞,1,0.32,nan,2026-10-01
緑,ゲコゲコ,名詞,1,0.32,nan,2026-10-01
緑,樹冠,名詞,1,0.32,nan,2026-10-01
緑,カエルリス,名詞,1,0.32,nan,2026-10-01
緑,食す,動詞,1,0.32,nan,2026-10-01
緑,マイト,名詞,1,0.32,nan,2026-10-01
緑,おばけ,名詞,1,0.32,nan,2026-10-01
緑,キャンディ,名詞,1,0.32,nan,2026-10-01
緑,入口,名詞,1,0.32,nan,2026-10-01
緑,地獄,名詞,1,0.32,-1.37,2026-10-01
緑,チンピラ,名詞,1,0.32,nan,2026-10-01
緑,さすが,副詞,1,0.32,nan,2026-10-01
緑,しもべ,名詞,1,0.32,-0.67,2026-10-01
緑,進める,動詞,1,0.32,-0.99,2026-10-01
緑,ツヨイ,名詞,1,0.32,nan,2026-10-01
緑,サイキョウ,名詞,1,0.32,nan,2026-10-01
緑,ヘアボール,名詞,1,0.32,nan,2026-10-01
緑,レッド,名詞,1,0.32,-1.3,2026-10-01
緑,ウィング,名詞,1,0.32,nan,2026-10-01
緑,ウェイト,名詞,1,0.32,nan,2026-10-01
緑,ラック,名詞,1,0.32,nan,2026-10-01
緑,抜き,名詞,1,0.32,nan,2026-10-01
緑,ジムスタッフ,名詞,1,0.32,nan,2026-10-01
緑,素振り,名詞,1,0.32,nan,2026-10-01
緑,なめる,動詞,1,0.32,nan,2026-10-01
緑,まっしぐら,名詞,1,0.32,nan,2026-10-01
緑,目がける,動詞,1,0.32,nan,2026-10-01
緑,原子,名詞,1,0.32,nan,2026-10-01
緑,駆動,名詞,1,0.32,nan,2026-10-01
緑,ロード,名詞,1,0.32,nan,2026-10-01
緑,ゲイター,名詞,1,0.32,nan,2026-10-01
緑,シング,名詞,1,0.32,nan,2026-10-01
緑,サンドイッチ,名詞,1,0.32,nan,2026-10-01
緑,ストリート,名詞,1,0.32,nan,2026-10-01
緑,げっぷ,名詞,1,0.32,nan,2026-10-01
緑,まける,動詞,1,0.32,nan,2026-10-01
緑,ブルース,名詞,1,0.32,nan,2026-10-01
緑,心身,名詞,1,0.32,nan,2026-10-01
緑,停止,名詞,1,0.32,nan,2026-10-01
緑,ライン,名詞,1,0.32,nan,2026-10-01
緑,タイム,名詞,1,0.32,nan,2026-10-01
緑,鉄拳,名詞,1,0.32,nan,2026-10-01
緑,片付く,動詞,1,0.32,nan,2026-10-01
緑,本家,名詞,1,0.32,nan,2026-10-01
緑,無性,名詞,1,0.32,nan,2026-10-01
緑,どおり,名詞,1,0.32,nan,2026-10-01
緑,製品,名詞,1,0.32,nan,2026-10-01
緑,我が社,名詞,1,0.32,nan,2026-10-01
緑,ちがう,動詞,1,0.32,-0.02,2026-10-01
緑,そらす,動詞,1,0.32,nan,2026-10-01
緑,ひざ蹴り,名詞,1,0.32,nan,2026-10-01
緑,伝わる,動詞,1,0.32,-0.67,2026-10-01
緑,共生,名詞,1,0.32,nan,2026-10-01
緑,廊下,名詞,1,0.32,nan,2026-10-01
緑,講習,名詞,1,0.32,nan,2026-10-01
緑,開講,名詞,1,0.32,nan,2026-10-01
緑,ヘクスヘイヴン,名詞,1,0.32,-0.4,2026-10-01
緑,簡潔,名詞,1,0.32,nan,2026-10-01
緑,学び,名詞,1,0.32,-0.67,2026-10-01
緑,信条,名詞,1,0.32,-0.79,2026-10-01
緑,はじまり,名詞,1,0.32,nan,2026-10-01
緑,若芽,名詞,1,0.32,nan,2026-10-01
緑,物資,名詞,1,0.32,-0.02,2026-10-01
緑,嘆願,名詞,1,0.32,-0.23,2026-10-01
緑,ダク,名詞,1,0.32,nan,2026-10-01
緑,医療,名詞,1,0.32,nan,2026-10-01
緑,ガズ,名詞,1,0.32,nan,2026-10-01
緑,追加,名詞,1,0.32,nan,2026-10-01
緑,皇帝,名詞,1,0.32,-0.4,2026-10-01
緑,野良犬,名詞,1,0.32,nan,2026-10-01
緑,ヴィゴーブルーム,名詞,1,0.32,nan,2026-10-01
緑,促進,名詞,1,0.32,nan,2026-10-01
緑,アゴ,名詞,1,0.32,nan,2026-10-01
緑,やすやす,副詞,1,0.32,nan,2026-10-01
緑,構築,名詞,1,0.32,-0.79,2026-10-01
緑,傀儡,名詞,1,0.32,-0.02,2026-10-01
緑,コンストラリ,名詞,1,0.32,nan,2026-10-01
緑,操,名詞,1,0.32,-0.02,2026-10-01
緑,繋,名詞,1,0.32,nan,2026-10-01
緑,ほか,名詞,1,0.32,-0.4,2026-10-01
緑,欺瞞,名詞,1,0.32,-0.89,2026-10-01
緑,質問,名詞,1,0.32,-0.79,2026-10-01
緑,疑う,動詞,1,0.32,-0.67,2026-10-01
緑,修正,名詞,1,0.32,-0.23,2026-10-01
緑,図,名詞,1,0.32,nan,2026-10-01
緑,ヴラスカ,名詞,1,0.32,-0.89,2026-10-01
緑,たから,名詞,1,0.32,nan,2026-10-01
緑,フブルスプ,名詞,1,0.32,nan,2026-10-01
緑,堆肥,名詞,1,0.32,nan,2026-10-01
緑,特製,名詞,1,0.32,nan,2026-10-01
緑,少年,名詞,1,0.32,nan,2026-10-01
緑,ヴリン,名詞,1,0.32,nan,2026-10-01
